brand,product_name,clothing_type,fabric_composition,fiber_json,most_dominant_fiber,fs_bio_share,fs_biodeg_tier,source,country_of_brand,scraped_url,scraped_at,origin
OXGN,Ringer Raglan Graphic Slim Cropped T-Shirt,t-shirt,"tails: Flat Print Fabric: Ribbed Knit Material Composition: 90% Cotton 10% Spandex Model's Body Measurements Height: 5'7"" Chest: 3","{""cotton"": 90.0, ""elastane"": 10.0}",cotton,90.0,high,philippine,PH,https://www.oxgnfashion.com/collections/oxgn-fashion-new-casualwear-clothes-for-women-shop-online/products/ringer-raglan-graphic-slim-cropped-t-shirt-993709-forest-green,2026-04-24T01:24:45.138233,live
OXGN,Graphic T-Shirt,t-shirt,"t Fabric: Jersey Knit (Single Jersey) Material Composition: 65% Polyester 35% Cotton Model's Body Measurements Height: 5'8"" Chest: 29","{""polyester"": 65.0, ""cotton"": 35.0}",polyester,35.0,low,philippine,PH,https://www.oxgnfashion.com/collections/oxgn-fashion-new-casualwear-clothes-for-women-shop-online/products/graphic-t-shirt-993714-mulberry,2026-04-24T01:24:46.252429,live
OXGN,Square Neck Sleeveless Dress,dress,etails: Side Taping Fabric: Interlock Material Composition: 55% Cotton 38% Polyester 7% Spandex Model's Body Measurements Height:,"{""cotton"": 55.0, ""polyester"": 38.0, ""elastane"": 7.0}",cotton,55.0,medium,philippine,PH,https://www.oxgnfashion.com/collections/oxgn-fashion-new-casualwear-clothes-for-women-shop-online/products/square-neck-sleeveless-dress-994381-scarlet,2026-04-24T01:24:48.672698,live
OXGN,Ringer Striped T-Shirt,t-shirt,"s Fabric: Jersey Knit (Single Jersey) Material Composition: 65% Polyester 35% Cotton Model's Body Measurements Height: 5'8"" Chest: 29","{""polyester"": 65.0, ""cotton"": 35.0}",polyester,35.0,low,philippine,PH,https://www.oxgnfashion.com/collections/oxgn-fashion-new-casualwear-clothes-for-women-shop-online/products/ringer-striped-t-shirt-995237-mulberry,2026-04-24T01:24:49.175339,live
OXGN,Raglan Polo Dress,dress,"ails: Contrast Trim Fabric: Interlock Material Composition: 65% Polyester 35% Cotton Model's Body Measurements Height: 5'7"" Chest: 32","{""polyester"": 65.0, ""cotton"": 35.0}",polyester,35.0,low,philippine,PH,https://www.oxgnfashion.com/collections/oxgn-fashion-new-casualwear-clothes-for-women-shop-online/products/raglan-polo-dress-994431-forest-green,2026-04-24T01:24:49.669585,live
OXGN,Jersey Boxy Lace Top,top,"nt, Lace overlay Fabric: Knitted Mesh Material Composition: 100% Polyester Model's Body Measurements Height: 5'7"" Chest: 32"" Waist: 24","{""polyester"": 100.0}",polyester,0.0,low,philippine,PH,https://www.oxgnfashion.com/collections/oxgn-fashion-new-casualwear-clothes-for-women-shop-online/products/jersey-boxy-lace-top-994318-butter-yellow,2026-04-24T01:24:50.708539,live
OXGN,Printed Barrel Trousers,pants,cket Fabric: Twill Weave (Bull twill) Material Composition: 100% Cotton Waist Height: High Waist Model's Body Measurements Height:,"{""cotton"": 100.0}",cotton,100.0,high,philippine,PH,https://www.oxgnfashion.com/collections/oxgn-fashion-new-casualwear-clothes-for-women-shop-online/products/printed-barrel-trousers-994422-multi-color-combination,2026-04-24T01:24:51.366041,live
OXGN,Jersey Graphic Slim T-Shirt,t-shirt,"nt, Tri-Stripe Mesh Fabric: Interlock Material Composition: 100% Polyester Model's Body Measurements Height: 5'7"" Chest: 32"" Waist: 24","{""polyester"": 100.0}",polyester,0.0,low,philippine,PH,https://www.oxgnfashion.com/collections/oxgn-fashion-new-casualwear-clothes-for-women-shop-online/products/jersey-graphic-slim-t-shirt-995041-mulberry,2026-04-24T01:24:51.915975,live
OXGN,Jersey Graphic Boxy Top,top,"ails: Flat Print Fabric: Knitted Mesh Material Composition: 100% Polyester Model's Body Measurements Height: 5'7"" Chest: 32"" Waist: 24","{""polyester"": 100.0}",polyester,0.0,low,philippine,PH,https://www.oxgnfashion.com/collections/oxgn-fashion-new-casualwear-clothes-for-women-shop-online/products/jersey-graphic-boxy-top-994677-off-white,2026-04-24T01:24:52.546608,live
OXGN,Ringer Graphic Slim T-Shirt,t-shirt,"ails: Flat Print Fabric: Knitted Mesh Material Composition: 100% Polyester Model's Body Measurements Height: 5'7"" Chest: 32"" Waist: 24","{""polyester"": 100.0}",polyester,0.0,low,philippine,PH,https://www.oxgnfashion.com/collections/oxgn-fashion-new-casualwear-clothes-for-women-shop-online/products/ringer-graphic-slim-t-shirt-994643-multi-color-combination,2026-04-24T01:24:54.255443,live
OXGN,Raglan Jersey Graphic Slim T-Shirt,t-shirt,"at Print, Cut & Sew Fabric: Interlock Material Composition: 100% Polyester Model's Body Measurements Height: 5'7"" Chest: 32"" Waist: 24","{""polyester"": 100.0}",polyester,0.0,low,philippine,PH,https://www.oxgnfashion.com/collections/oxgn-fashion-new-casualwear-clothes-for-women-shop-online/products/raglan-jersey-graphic-slim-t-shirt-994652-off-white,2026-04-24T01:24:54.888481,live
OXGN,Ringer Graphic Semi Cropped T-Shirt,t-shirt,"t Fabric: Jersey Knit (Single Jersey) Material Composition: 65% Polyester 35% Cotton Model's Body Measurements Height: 5'7"" Chest: 32","{""polyester"": 65.0, ""cotton"": 35.0}",polyester,35.0,low,philippine,PH,https://www.oxgnfashion.com/collections/oxgn-fashion-new-casualwear-clothes-for-women-shop-online/products/ringer-graphic-semi-cropped-t-shirt-995272-off-white,2026-04-24T01:24:55.382492,live
OXGN,Smocked Graphic Cropped Top,top,"mocking, Flat Print Fabric: Interlock Material Composition: 100% Polyester Model's Body Measurements Height: 5'8"" Chest: 29"" Waist: 24","{""polyester"": 100.0}",polyester,0.0,low,philippine,PH,https://www.oxgnfashion.com/collections/oxgn-fashion-new-casualwear-clothes-for-women-shop-online/products/smocked-graphic-cropped-top-993486-mulberry,2026-04-24T01:24:55.948084,live
OXGN,Textured Off-Shoulder Cropped Top,top,"elf Fabric Tie Fabric: Textured Weave Material Composition: 100% Polyester Model's Body Measurements Height: 5'9"" Chest: 32"" Waist: 24","{""polyester"": 100.0}",polyester,0.0,low,philippine,PH,https://www.oxgnfashion.com/collections/ladies-tops/products/textured-off-shoulder-cropped-top-994960-off-white,2026-04-24T01:24:57.034865,live
OXGN,Ringer Raglan Graphic Slim T-Shirt,t-shirt,"ect To Fabric Print Fabric: Interlock Material Composition: 60% Cotton 40% Polyester Model's Body Measurements Height: 5'9"" Chest:","{""cotton"": 60.0, ""polyester"": 40.0}",cotton,60.0,medium,philippine,PH,https://www.oxgnfashion.com/collections/ladies-tops/products/ringer-raglan-graphic-slim-t-shirt-993920-black,2026-04-24T01:24:58.605121,live
OXGN,Cut And Sew Cropped Polo,polo,"ry, Piping Detail Fabric: Ribbed Knit Material Composition: 90% Cotton 10% Spandex Model's Body Measurements Height: 5'9"" Chest: 3","{""cotton"": 90.0, ""elastane"": 10.0}",cotton,90.0,high,philippine,PH,https://www.oxgnfashion.com/collections/ladies-tops/products/cut-and-sew-cropped-polo-992826-amber-brown,2026-04-24T01:24:59.639455,live
OXGN,Raglan Graphic T-Shirt,t-shirt,"roidery, Taping Fabric: Single Jersey Material Composition: 65% Polyester 35% Cotton Model's Body Measurements Height: 5'8"" Chest: 29","{""polyester"": 65.0, ""cotton"": 35.0}",polyester,35.0,low,philippine,PH,https://www.oxgnfashion.com/collections/ladies-tops/products/raglan-graphic-t-shirt-994641-off-white,2026-04-24T01:25:01.321667,live
OXGN,Graphic Slim Cropped T-Shirt,t-shirt,"tails: Flat Print Fabric: Ribbed Knit Material Composition: 90% Cotton 10% Spandex Model's Body Measurements Height: 5'8"" Chest: 2","{""cotton"": 90.0, ""elastane"": 10.0}",cotton,90.0,high,philippine,PH,https://www.oxgnfashion.com/collections/ladies-tops/products/graphic-slim-cropped-t-shirt-994038-dark-oak,2026-04-24T01:25:03.125086,live
OXGN,Paisley Slim Cropped Top,top,"s: All-Over Print Fabric: Ribbed Knit Material Composition: 90% Cotton 10% Spandex Model's Body Measurements Height: 5'9"" Chest: 3","{""cotton"": 90.0, ""elastane"": 10.0}",cotton,90.0,high,philippine,PH,https://www.oxgnfashion.com/collections/ladies-tops/products/paisley-slim-cropped-top-992816-amber-brown,2026-04-24T01:25:04.659835,live
OXGN,Ringer Graphic Relaxed T-Shirt,t-shirt,"Details: Flat Print Fabric: Interlock Material Composition: 65% Polyester 35% Cotton Model's Body Measurements Height: 5'9"" Chest: 32","{""polyester"": 65.0, ""cotton"": 35.0}",polyester,35.0,low,philippine,PH,https://www.oxgnfashion.com/collections/ladies-tops/products/ringer-graphic-relaxed-t-shirt-992825-terracotta,2026-04-24T01:25:06.351907,live
OXGN,Rugby Graphic Boxy Polo,polo,"t, Contrast Trim Fabric: Knitted Mesh Material Composition: 100% Polyester Model's Body Measurements Height: 5'9"" Chest: 32"" Waist: 24","{""polyester"": 100.0}",polyester,0.0,low,philippine,PH,https://www.oxgnfashion.com/collections/ladies-tops/products/rugby-graphic-boxy-polo-993918-off-white,2026-04-24T01:25:07.465326,live
OXGN,Mesh Sport Oversized T-Shirt,t-shirt,"ails: Flat Print Fabric: Heavy Jersey Material Composition: 65% Polyester 35% Cotton Model's Body Measurements Height: 6'0"" Chest: 34","{""polyester"": 65.0, ""cotton"": 35.0}",polyester,35.0,low,philippine,PH,https://www.oxgnfashion.com/products/mesh-sport-oversized-t-shirt-993355-black,2026-04-24T01:25:09.122602,live
OXGN,Mesh Boxy Sport Polo,polo,"Print & Embroidery Fabric: Knit Mesh Material Composition: 100% Polyester Model's Body Measurements Height: 6'2"" Chest: 41"" Waist: 33","{""polyester"": 100.0}",polyester,0.0,low,philippine,PH,https://www.oxgnfashion.com/products/mesh-boxy-sport-polo-993300-multi-color-combination,2026-04-24T01:25:10.216095,live
OXGN,Graphic Boxy Shirt,shirt,"ls: Embroidery Fabric: Textured Weave Material Composition: 100% Cotton Model's Body Measurements Height: 6'0"" Chest: 34"" Waist: 27","{""cotton"": 100.0}",cotton,100.0,high,philippine,PH,https://www.oxgnfashion.com/products/graphic-boxy-shirt-993889-off-white,2026-04-24T01:25:10.832667,live
OXGN,Mesh Graphic Boxy T-Shirt,t-shirt,"int & Embroidery Fabric: Knitted Mesh Material Composition: 100% Polyester Model's Body Measurements Height: 6'2"" Chest: 41"" Waist: 33","{""polyester"": 100.0}",polyester,0.0,low,philippine,PH,https://www.oxgnfashion.com/products/mesh-graphic-boxy-t-shirt-994743-black,2026-04-24T01:25:11.950694,live
OXGN,Graphic Boxy T-Shirt,t-shirt,"t Fabric: Jersey Knit (Single Jersey) Material Composition: 65% Polyester 35% Cotton Model's Body Measurements Height: 6'2"" Chest: 41","{""polyester"": 65.0, ""cotton"": 35.0}",polyester,35.0,low,philippine,PH,https://www.oxgnfashion.com/products/graphic-boxy-t-shirt-994179-black,2026-04-24T01:25:14.249811,live
OXGN,Raglan Graphic Cropped T-Shirt,t-shirt,"Print, Cut & Sew Fabric: Ribbed Knit Material Composition: 90% Cotton 10% Spandex Model's Body Measurements Height: 5'9"" Chest: 3","{""cotton"": 90.0, ""elastane"": 10.0}",cotton,90.0,high,philippine,PH,https://www.oxgnfashion.com/collections/ladies-fashion-tops/products/raglan-graphic-cropped-t-shirt-994344-butter-yellow,2026-04-24T01:25:14.799657,live
OXGN,Graphic Mesh Slim Top,top,"blimation Print Fabric: Single Jersey Material Composition: 100% Polyester Model's Body Measurements Height: 5'9"" Chest: 32"" Waist: 24","{""polyester"": 100.0}",polyester,0.0,low,philippine,PH,https://www.oxgnfashion.com/collections/ladies-fashion-tops/products/graphic-mesh-slim-top-991669-multi-color-combination,2026-04-24T01:25:16.878452,live
OXGN,Bucket Hat,jeans,s: Embroidery Material: Textured Knit Material Composition: 80% Cotton 20% Polyester Product Dimension SIZE Head Circumference Vis,"{""cotton"": 80.0, ""polyester"": 20.0}",cotton,80.0,medium,philippine,PH,https://www.oxgnfashion.com/products/bucket-hat-993718-denim-blue,2026-04-24T01:25:17.376374,live
OXGN,Washed Graphic Boxy T-Shirt,t-shirt,"ils: Flat Print Fabric: Single Jersey Material Composition: 50% Cotton 50% Polyester Model's Body Measurements Height: 6'2"" Chest:","{""cotton"": 50.0, ""polyester"": 50.0}",cotton,50.0,medium,philippine,PH,https://www.oxgnfashion.com/products/washed-graphic-boxy-t-shirt-995043-bone,2026-04-24T01:25:20.780849,live
OXGN,Cropped Muscle T-Shirt,t-shirt,"ails: Flat Print Fabric: French Terry Material Composition: 65% Polyester 35% Cotton Model's Body Measurements Height: 5'9"" Chest: 32","{""polyester"": 65.0, ""cotton"": 35.0}",polyester,35.0,low,philippine,PH,https://www.oxgnfashion.com/collections/ladies-fashion-tops/products/cropped-muscle-t-shirt-992823-dark-oak,2026-04-24T01:25:22.939517,live
OXGN,Light Nylon Relaxed Jacket,jacket,"ntrast Side Panel Fabric: Plain Weave Material Composition: 100% Nylon Model's Body Measurements Height: 6'0"" Chest: 34"" Waist: 27","{""nylon"": 100.0}",nylon,0.0,low,philippine,PH,https://www.oxgnfashion.com/products/light-nylon-relaxed-jacket-993458-red,2026-04-24T01:25:25.111245,live
OXGN,Asymmetric Raglan Slim Cropped T-Shirt,t-shirt,"tails: Flat Print Fabric: Ribbed Knit Material Composition: 90% Cotton 10% Spandex Model's Body Measurements Height: 5'9"" Chest: 3","{""cotton"": 90.0, ""elastane"": 10.0}",cotton,90.0,high,philippine,PH,https://www.oxgnfashion.com/collections/ladies-fashion-tops/products/asymmetric-raglan-slim-cropped-t-shirt-992824-off-white,2026-04-24T01:25:25.660467,live
OXGN,Washed Graphic T-Shirt,t-shirt,"ils: Flat Print Fabric: Single Jersey Material Composition: 50% Cotton 50% Polyester Model's Body Measurements Height: 6'2"" Chest:","{""cotton"": 50.0, ""polyester"": 50.0}",cotton,50.0,medium,philippine,PH,https://www.oxgnfashion.com/products/washed-graphic-t-shirt-994684-black,2026-04-24T01:25:27.800087,live
OXGN,Denim Skater Shorts,shorts,"tch Pocket, Woven Patch Fabric: Denim Material Composition: 80% Cotton 20% Polyester Waist Height: Mid Rise Model's Body Measureme","{""cotton"": 80.0, ""polyester"": 20.0}",cotton,80.0,medium,philippine,PH,https://www.oxgnfashion.com/products/denim-skater-shorts-993422-blue,2026-04-24T01:25:31.367124,live
OXGN,Loose Runner Shorts,shorts,"Sew, Woven Patch Fabric: Plain Weave Material Composition: 100% Nylon Waist Height: Mid Waist Model's Body Measurements Height: 6","{""nylon"": 100.0}",nylon,0.0,low,philippine,PH,https://www.oxgnfashion.com/products/loose-runner-shorts-993299-red,2026-04-24T01:25:36.488163,live
OXGN,Balloon Cargo Jeans,jeans,"tch Pocket, Woven Patch Fabric: Denim Material Composition: 80% Cotton 20% Polyester Waist Height: Mid Waist Model's Body Measurem","{""cotton"": 80.0, ""polyester"": 20.0}",cotton,80.0,medium,philippine,PH,https://www.oxgnfashion.com/products/balloon-cargo-jeans-993298-blue,2026-04-24T01:25:37.020340,live
OXGN,Loose Swim Shorts,swimwear,Side Slit Pocket Fabric: Plain Weave Material Composition: 100% Nylon Waist Height: Mid Waist Model's Body Measurements Height: 6,"{""nylon"": 100.0}",nylon,0.0,low,philippine,PH,https://www.oxgnfashion.com/products/loose-swim-shorts-993357-black,2026-04-24T01:25:39.126825,live
OXGN,Wide Leg Jeans,jeans,"tch Pocket, Woven Patch Fabric: Denim Material Composition: 80% Cotton 20% Polyester Waist Height: Mid Rise Model's Body Measureme","{""cotton"": 80.0, ""polyester"": 20.0}",cotton,80.0,medium,philippine,PH,https://www.oxgnfashion.com/products/wide-leg-jeans-993421-blue,2026-04-24T01:25:39.669794,live
OXGN,Washed Graphic Oversized T-Shirt,t-shirt,"nt, Woven Patch Fabric: Single Jersey Material Composition: 50% Cotton 50% Polyester Model's Body Measurements Height: 6'0"" Chest:","{""cotton"": 50.0, ""polyester"": 50.0}",cotton,50.0,medium,philippine,PH,https://www.oxgnfashion.com/products/washed-graphic-oversized-t-shirt-995347-pink,2026-04-24T01:25:40.804271,live
OXGN,Panelled Slim T-Shirt,t-shirt,"tails: Logo Print Fabric: Ribbed Knit Material Composition: 90% Cotton 10% Spandex Model's Body Measurements Height: 5'7"" Chest: 3","{""cotton"": 90.0, ""elastane"": 10.0}",cotton,90.0,high,philippine,PH,https://www.oxgnfashion.com/collections/ladies-fashion-tops/products/panelled-slim-t-shirt-986334-black,2026-04-24T01:25:42.435521,live
OXGN,Button Down Slim Cropped Shirt,shirt,"Trim Fabric: Twill Weave (Bull twill) Material Composition: 100% Cotton Model's Body Measurements Height: 5'8"" Chest: 29"" Waist: 24","{""cotton"": 100.0}",cotton,100.0,high,philippine,PH,https://www.oxgnfashion.com/collections/ladies-shirts/products/button-down-slim-cropped-shirt-990323-beige,2026-04-24T01:25:45.934062,live
OXGN,Princess Cut Zip-Up Slim Cropped Shirt,shirt,"n Details: Zipper Fabric: Twill Weave Material Composition: 100% Cotton Model's Body Measurements Height: 5'9"" Chest: 32"" Waist: 24","{""cotton"": 100.0}",cotton,100.0,high,philippine,PH,https://www.oxgnfashion.com/collections/ladies-shirts/products/princess-cut-zip-up-slim-cropped-shirt-993112-beige,2026-04-24T01:25:46.432285,live
OXGN,Backless Shirt,shirt,"bric Tie Fabric: Plain Weave (Poplin) Material Composition: 97% Cotton 3% Spandex Model's Body Measurements Height: 5'6"" Chest: 29","{""cotton"": 97.0, ""elastane"": 3.0}",cotton,97.0,high,philippine,PH,https://www.oxgnfashion.com/collections/ladies-shirts/products/backless-shirt-990328-black,2026-04-24T01:25:48.172140,live
OXGN,Smocking Plaid Cropped Shirt,shirt,"ils: Button-Front Fabric: Plain Weave Material Composition: 97% Cotton 3% Spandex Model's Body Measurements Height: 5'9"" Chest: 32","{""cotton"": 97.0, ""elastane"": 3.0}",cotton,97.0,high,philippine,PH,https://www.oxgnfashion.com/collections/ladies-shirts/products/smocking-plaid-cropped-shirt-992415-red,2026-04-24T01:25:55.597071,live
OXGN,Textured Cropped Shirt,shirt,": Button-Front Fabric: Textured Weave Material Composition: 100% Polyester Model's Body Measurements Height: 5'9"" Chest: 32"" Waist: 24","{""polyester"": 100.0}",polyester,0.0,low,philippine,PH,https://www.oxgnfashion.com/collections/ladies-shirts/products/textured-cropped-shirt-994963-off-white,2026-04-24T01:25:57.519519,live
OXGN,Halter Backless Plaid Slim Cropped Top,top,"bric Tie, Ruching Fabric: Twill Weave Material Composition: 50% Cotton 50% Polyester Model's Body Measurements Height: 5'6"" Chest:","{""cotton"": 50.0, ""polyester"": 50.0}",cotton,50.0,medium,philippine,PH,https://www.oxgnfashion.com/collections/ladies-shirts/products/halter-backless-plaid-slim-cropped-top-990327-multi-color-combination,2026-04-24T01:25:58.035708,live
OXGN,Denim Cropped Shirt,shirt,ch Pocket Fabric: Twill Weave (Denim) Material Composition: 70% Cotton 28% Polyester 2% Spandex Model's Body Measurements Height:,"{""cotton"": 70.0, ""polyester"": 28.0, ""elastane"": 2.0}",cotton,70.0,medium,philippine,PH,https://www.oxgnfashion.com/collections/ladies-shirts/products/denim-cropped-shirt-992221-denim-blue,2026-04-24T01:25:59.150044,live
OXGN,Zip-Up Boxy Denim Vest,jeans,"Print, Zipper Fabric: Woven Jacquard Material Composition: 80% Cotton 20% Polyester Model's Body Measurements Height: 5'9"" Chest:","{""cotton"": 80.0, ""polyester"": 20.0}",cotton,80.0,medium,philippine,PH,https://www.oxgnfashion.com/collections/ladies-shirts/products/zip-up-boxy-denim-vest-993762-light-blue,2026-04-24T01:26:11.285601,live
OXGN,Backless Plaid Shirt,shirt,", Self Fabric Tie Fabric: Plain Weave Material Composition: 50% Cotton 50% Polyester Model's Body Measurements Height: 5'6"" Chest:","{""cotton"": 50.0, ""polyester"": 50.0}",cotton,50.0,medium,philippine,PH,https://www.oxgnfashion.com/collections/ladies-shirts/products/backless-plaid-shirt-993035-multi-color-combination,2026-04-24T01:26:12.182335,live
OXGN,Denim Slim Cropped Waistcoat,jeans,rast Trim Fabric: Twill Weave (Denim) Material Composition: 70% Cotton 28% Polyester 2% Spandex Model's Body Measurements Height:,"{""cotton"": 70.0, ""polyester"": 28.0, ""elastane"": 2.0}",cotton,70.0,medium,philippine,PH,https://www.oxgnfashion.com/collections/ladies-shirts/products/denim-slim-cropped-waistcoat-993022-denim-blue,2026-04-24T01:26:12.713547,live
OXGN,Boxy Shirt,shirt,"ails: Patch Pocket Fabric: Bull Twill Material Composition: 100% Cotton Model's Body Measurements Height: 5'9"" Chest: 32"" Waist: 24","{""cotton"": 100.0}",cotton,100.0,high,philippine,PH,https://www.oxgnfashion.com/collections/ladies-shirts/products/boxy-shirt-991528-off-white,2026-04-24T01:26:13.316953,live
OXGN,Polo Dress,dress,"g Detail, Cut & Sew Fabric: Interlock Material Composition: 60% Cotton 40% Polyester Model's Body Measurements Height: 5'9"" Chest:","{""cotton"": 60.0, ""polyester"": 40.0}",cotton,60.0,medium,philippine,PH,https://www.oxgnfashion.com/collections/ladies-dresses/products/polo-dress-993753-amber-brown,2026-04-24T01:26:15.066179,live
OXGN,Textured Dress,dress,"d, With Lining Fabric: Textured Weave Material Composition: 100% Polyester Model's Body Measurements Height: 5'9"" Chest: 32"" Waist: 24","{""polyester"": 100.0}",polyester,0.0,low,philippine,PH,https://www.oxgnfashion.com/collections/ladies-dresses/products/textured-dress-994839-off-white,2026-04-24T01:26:18.222091,live
OXGN,Jersey Dress,dress,"Print, Side Slit Fabric: Ribbed Knit Material Composition: 95% Cotton 5% Spandex Model's Body Measurements Height: 5'6"" Chest: 29","{""cotton"": 95.0, ""elastane"": 5.0}",cotton,95.0,high,philippine,PH,https://www.oxgnfashion.com/collections/ladies-dresses/products/jersey-dress-991653-navy-blue,2026-04-24T01:26:20.463546,live
OXGN,Smocking Plaid Dress,dress,"Details: Smocking Fabric: Plain Weave Material Composition: 97% Cotton 3% Spandex Model's Body Measurements Height: 5'9"" Chest: 32","{""cotton"": 97.0, ""elastane"": 3.0}",cotton,97.0,high,philippine,PH,https://www.oxgnfashion.com/collections/ladies-dresses/products/smocking-plaid-dress-992413-red,2026-04-24T01:26:22.405192,live
OXGN,Slim Denim Dress,dress,"m, Taping Fabric: Twill Weave (Denim) Material Composition: 80% Cotton 20% Polyester Model's Body Measurements Height: 5'8"" Chest:","{""cotton"": 80.0, ""polyester"": 20.0}",cotton,80.0,medium,philippine,PH,https://www.oxgnfashion.com/collections/ladies-dresses/products/slim-denim-dress-994307-light-blue,2026-04-24T01:26:26.573743,live
OXGN,Princess Cut Polo Dress,dress,"s: Front Zip Detail Fabric: Interlock Material Composition: 60% Cotton 40% Polyester Model's Body Measurements Height: 5'6"" Chest:","{""cotton"": 60.0, ""polyester"": 40.0}",cotton,60.0,medium,philippine,PH,https://www.oxgnfashion.com/collections/ladies-dresses/products/princess-cut-polo-dress-986690-butter-yellow,2026-04-24T01:26:27.690519,live
OXGN,Mesh Tulle Dress,dress,"d All-Over Print Fabric: Knitted Mesh Material Composition: 100% Polyester Model's Body Measurements Height: 5'8"" Chest: 31"" Waist: 24","{""polyester"": 100.0}",polyester,0.0,low,philippine,PH,https://www.oxgnfashion.com/collections/ladies-dresses/products/mesh-tulle-dress-990340-multi-color-combination,2026-04-24T01:26:31.415910,live
OXGN,Button Down Washed Slim Shirt Dress,dress,"etails: Cut & Sew Fabric: Twill Weave Material Composition: 100% Cotton Model's Body Measurements Height: 5'8"" Chest: 29"" Waist: 24","{""cotton"": 100.0}",cotton,100.0,high,philippine,PH,https://www.oxgnfashion.com/collections/ladies-dresses/products/button-down-washed-slim-shirt-dress-990321-beige,2026-04-24T01:26:37.593705,live
OXGN,Zip-Up Ribbed Slim Dress,dress,"ry, Gunmetal Zipper Fabric: Flat Knit Material Composition: 70% Rayon 30% Polyester Model's Body Measurements Height: 5'8"" Chest:","{""rayon"": 70.0, ""polyester"": 30.0}",rayon,70.0,medium,philippine,PH,https://www.oxgnfashion.com/collections/ladies-dresses/products/zip-up-ribbed-slim-dress-991263-slate-gray,2026-04-24T01:26:40.008948,live
OXGN,Denim Dress,dress,al Buckle Fabric: Twill Weave (Denim) Material Composition: 61% Cotton 33% Polyester 6% Rayon Model's Body Measurements Height: 5',"{""cotton"": 61.0, ""polyester"": 33.0, ""rayon"": 6.0}",cotton,67.0,medium,philippine,PH,https://www.oxgnfashion.com/collections/ladies-dresses/products/denim-dress-994433-light-blue,2026-04-24T01:26:40.636478,live
OXGN,Asymmetric Slim Bodycon Dress,dress,"s: Asymmetrical Fabric: Single Jersey Material Composition: 95% Rayon 5% Spandex Model's Body Measurements Height: 5'8"" Chest: 31","{""rayon"": 95.0, ""elastane"": 5.0}",rayon,95.0,high,philippine,PH,https://www.oxgnfashion.com/collections/ladies-dresses/products/asymmetric-slim-bodycon-dress-992105-black,2026-04-24T01:26:46.438290,live
OXGN,Denim Button-Down Dress,dress,Sew Panel Fabric: Twill Weave (Denim) Material Composition: 70% Cotton 28% Polyester 2% Spandex Model's Body Measurements Height:,"{""cotton"": 70.0, ""polyester"": 28.0, ""elastane"": 2.0}",cotton,70.0,medium,philippine,PH,https://www.oxgnfashion.com/collections/ladies-dresses/products/denim-button-down-dress-991526-denim-blue,2026-04-24T01:26:49.317868,live
OXGN,Tank Top,top,tails: Embroidery Fabric: Ribbed Knit Material Composition: 64% Polyester 33% Cotton 3% Spandex Model's Body Measurements Height: 6'2,"{""polyester"": 64.0, ""cotton"": 33.0, ""elastane"": 3.0}",polyester,33.0,low,philippine,PH,https://www.oxgnfashion.com/collections/oxgn-fashion-new-casualwear-clothes-for-men-shop-online/products/tank-top-994707-white,2026-04-24T01:27:48.498111,live
OXGN,Raglan T-Shirt,t-shirt,"t Fabric: Jersey Knit (Single Jersey) Material Composition: 65% Polyester 35% Cotton Model's Body Measurements Height: 6'0"" Chest: 34","{""polyester"": 65.0, ""cotton"": 35.0}",polyester,35.0,low,philippine,PH,https://www.oxgnfashion.com/collections/oxgn-fashion-new-casualwear-clothes-for-men-shop-online/products/raglan-t-shirt-994326-bottle-green,2026-04-24T01:27:50.368261,live
OXGN,Nylon Shorts,shorts,"Patch, Drawstring Fabric: Plain Weave Material Composition: 100% Nylon Model's Body Measurements Height: 6'2"" Chest: 41"" Waist: 33","{""nylon"": 100.0}",nylon,0.0,low,philippine,PH,https://www.oxgnfashion.com/collections/oxgn-fashion-new-casualwear-clothes-for-men-shop-online/products/nylon-shorts-994372-black,2026-04-24T01:27:53.118518,live
OXGN,Logo T-Shirt,t-shirt,"g Fabric: Jersey Knit (Single Jersey) Material Composition: 65% Polyester 35% Cotton Model's Body Measurements Height: 6'2"" Chest: 41","{""polyester"": 65.0, ""cotton"": 35.0}",polyester,35.0,low,philippine,PH,https://www.oxgnfashion.com/collections/oxgn-fashion-new-casualwear-clothes-for-men-shop-online/products/logo-t-shirt-994280-black,2026-04-24T01:27:56.734724,live
OXGN,Straight Leg Jeans,jeans,ch Pocket Fabric: Twill Weave (Denim) Material Composition: 75% Cotton 25% Polyester Waist Height: Mid Waist Model's Body Measurem,"{""cotton"": 75.0, ""polyester"": 25.0}",cotton,75.0,medium,philippine,PH,https://www.oxgnfashion.com/collections/oxgn-fashion-new-casualwear-clothes-for-men-shop-online/products/straight-leg-jeans-994720-blue,2026-04-24T01:27:57.926653,live
OXGN,Baggy Denim Shorts,shorts,ch Pocket Fabric: Twill Weave (Denim) Material Composition: 100% Cotton Waist Height: Mid Waist Model's Body Measurements Height: 6,"{""cotton"": 100.0}",cotton,100.0,high,philippine,PH,https://www.oxgnfashion.com/collections/oxgn-fashion-new-casualwear-clothes-for-men-shop-online/products/baggy-denim-shorts-994703-light-blue,2026-04-24T01:27:58.467967,live
Memo,Textured Knit Polo,polo,"eeve Cuff, Hem Band Fabric: Flat Knit Material Composition: 100% Viscose Model's Body Measurements Height: 5'7 Chest: 31.5 Waist: 23","{""viscose"": 100.0}",viscose,100.0,high,philippine,PH,https://www.memofashion.com/collections/womens-tops/products/textured-knit-polo-993329-sand,2026-04-24T01:28:02.548609,live
Memo,3/4 Flat Knit T-Shirt,t-shirt,"at Neck, 3/4 Sleeve Fabric: Flat Knit Material Composition: 100% Viscose Model's Body Measurements Height: 5'7 Chest: 31.5 Waist: 23","{""viscose"": 100.0}",viscose,100.0,high,philippine,PH,https://www.memofashion.com/collections/womens-tops/products/3-4-flat-knit-t-shirt-991305-cream,2026-04-24T01:28:03.950717,live
Memo,Textured T-Shirt with Openwork Detail,t-shirt,"Neck, Short Sleeves Fabric: Flat Knit Material Composition: 100% Viscose Model's Body Measurements Height: 5'7 Chest: 31.5 Waist: 23","{""viscose"": 100.0}",viscose,100.0,high,philippine,PH,https://www.memofashion.com/collections/womens-tops/products/textured-tee-with-openwork-detail-993684-white,2026-04-24T01:28:05.010472,live
Memo,V-Placket Polo with Openwork Detail,polo,"cket, Short Sleevea Fabric: Flat Knit Material Composition: 100% Viscose Model's Body Measurements Height: 5'7 Chest: 31.5 Waist: 23","{""viscose"": 100.0}",viscose,100.0,high,philippine,PH,https://www.memofashion.com/collections/womens-tops/products/v-placket-polo-with-openwork-detail-993689-white,2026-04-24T01:28:06.159259,live
Memo,Puff Sleeve Shirt,shirt,ric: Slack Tension Weave (Seersucker) Material Composition: 60% Cotton 40% Polyester Model's Body Measurements Height: 5'7 Chest:,"{""cotton"": 60.0, ""polyester"": 40.0}",cotton,60.0,medium,philippine,PH,https://www.memofashion.com/collections/womens-tops/products/puff-sleeve-shirt-992066-blush,2026-04-24T01:28:08.786443,live
Memo,Flat Knit Short Sleeve Jacket,jacket,"titch, Half-Sleeves Fabric: Flat Knit Material Composition: 100% Viscose Model's Body Measurements Height: 5'7 Chest: 31.5 Waist: 23","{""viscose"": 100.0}",viscose,100.0,high,philippine,PH,https://www.memofashion.com/collections/womens-tops/products/flat-knit-short-sleeve-jacket-994820-white,2026-04-24T01:28:09.944457,live
Memo,Textured Cardigan,top,"g Sleeves, Hem Band Fabric: Flat Knit Material Composition: 100% Viscose Model's Body Measurements Height: 5'7 Chest: 31.5 Waist: 23","{""viscose"": 100.0}",viscose,100.0,high,philippine,PH,https://www.memofashion.com/collections/womens-tops/products/textured-cardigan-993826-midnight-navy,2026-04-24T01:28:10.958127,live
Memo,Y-Placket Linen Shirt,shirt,abric: Plain Weave (Linen-like) Material Composition: like: 97% Cotton 3% Spandex Model's Body Measurements Height: 5'7 Chest: 31.,"{""cotton"": 97.0, ""elastane"": 3.0}",cotton,97.0,high,philippine,PH,https://www.memofashion.com/collections/womens-tops/products/y-placket-linen-shirt-994185-midnight-navy,2026-04-24T01:28:11.997608,live
Memo,Eyelet Shirt,shirt,Fabric: Textured Weave (Woven Eyelet) Material Composition: 100% Cotton Model's Body Measurements Height: 5'7 Chest: 31.5 Waist: 23,"{""cotton"": 100.0}",cotton,100.0,high,philippine,PH,https://www.memofashion.com/collections/womens-tops/products/eyelet-shirt-993328-white,2026-04-24T01:28:13.216953,live
Memo,Textured Striped Ringer T-Shirt,t-shirt,"bric, Side Slit Fabric: Textured Knit Material Composition: 55% Polyester 40% Cotton 5% Spandex Model's Body Measurements Height: 5'6","{""polyester"": 55.0, ""cotton"": 40.0, ""elastane"": 5.0}",polyester,40.0,low,philippine,PH,https://www.memofashion.com/collections/womens-tops/products/textured-striped-ringer-tee-991880-khaki,2026-04-24T01:28:16.576063,live
Memo,Two Pocket Shirt,shirt,"e, Inverted Pleat Fabric: Plain Weave Material Composition: 96% Polyester 4% Spandex Model's Body Measurements Height: 5'7 Chest: 31.","{""polyester"": 96.0, ""elastane"": 4.0}",polyester,0.0,low,philippine,PH,https://www.memofashion.com/collections/womens-tops/products/two-pocket-shirt-993833-ivory,2026-04-24T01:28:17.563414,live
Memo,Extended Sleeve Basic  T-Shirt,t-shirt,f Fabric: Jersey Knit (Single Jersey) Material Composition: 90% Cotton 10% Spandex Model's Body Measurements Height: 5'6 Chest: 30,"{""cotton"": 90.0, ""elastane"": 10.0}",cotton,90.0,high,philippine,PH,https://www.memofashion.com/collections/womens-tops/products/extended-sleeve-basic-t-shirt-992845-cream,2026-04-24T01:28:18.677881,live
Memo,Knit Top with Extended Sleeves,knitwear,"d Sleeves, Slim Fit Fabric: Flat Knit Material Composition: 100% Viscose Model's Body Measurements Height: 5'7 Chest: 31.5 Waist: 23","{""viscose"": 100.0}",viscose,100.0,high,philippine,PH,https://www.memofashion.com/collections/womens-tops/products/knit-top-with-extended-sleeves-991296-cream,2026-04-24T01:28:20.748162,live
Memo,Extended Sleeve T-Shirt,t-shirt,"em band, Round neck Fabric: Flat Knit Material Composition: 100% Viscose Model's Body Measurements Height: 5'7 Chest: 31.5 Waist: 23","{""viscose"": 100.0}",viscose,100.0,high,philippine,PH,https://www.memofashion.com/collections/womens-tops/products/extended-sleeve-t-shirt-993722-white,2026-04-24T01:28:24.411008,live
Memo,Relaxed Shirt,shirt,Faux Sleeve Fold Fabric: Plain Weave Material Composition: 100% Cotton Model's Body Measurements Height: 5'6 Chest: 30 Waist: 23 H,"{""cotton"": 100.0}",cotton,100.0,high,philippine,PH,https://www.memofashion.com/collections/womens-shirts/products/relaxed-shirt-990459-blush,2026-04-24T01:28:30.220027,live
Memo,Printed Extended Sleeve Top,top,k Shirring Detail Fabric: Plain Weave Material Composition: 100% Polyester Model's Body Measurements Height: 5'6 Chest: 30 Waist: 23 H,"{""polyester"": 100.0}",polyester,0.0,low,philippine,PH,https://www.memofashion.com/collections/womens-shirts/products/printed-extended-sleeve-top-991008-cream,2026-04-24T01:28:31.241080,live
Memo,Linen Our Fave Shirt,shirt,Opening Fabric: Basket Weave (Oxford) Material Composition: 100% Cotton Model's Body Measurements Height: 5'6 Chest: 30 Waist: 23 H,"{""cotton"": 100.0}",cotton,100.0,high,philippine,PH,https://www.memofashion.com/collections/womens-shirts/products/linen-our-fave-shirt-991552-blue,2026-04-24T01:28:32.425474,live
Memo,Stripe Our Fave Shirt,shirt,Opening Fabric: Basket Weave (Oxford) Material Composition: 100% Cotton Model's Body Measurements Height: 5'6 Chest: 30 Waist: 23 H,"{""cotton"": 100.0}",cotton,100.0,high,philippine,PH,https://www.memofashion.com/collections/womens-shirts/products/stripe-our-fave-shirt-993023-blue,2026-04-24T01:28:33.528318,live
Memo,Sleeveless Top with Neck Detail,top,ured Woven Fabric Fabric: Plain Weave Material Composition: 100% Polyester Model's Body Measurements Height: 5'7 Chest: 31.5 Waist: 23,"{""polyester"": 100.0}",polyester,0.0,low,philippine,PH,https://www.memofashion.com/collections/womens-shirts/products/sleeveless-top-with-neck-detail-992558-white,2026-04-24T01:28:34.687691,live
Memo,Extended Sleeve Top,top,"ening, Sleeveless Fabric: Plain Weave Material Composition: 100% Polyester Model's Body Measurements Height: 5'7 Chest: 31.5 Waist: 23","{""polyester"": 100.0}",polyester,0.0,low,philippine,PH,https://www.memofashion.com/collections/womens-shirts/products/extended-sleeve-top-991350-light-blue,2026-04-24T01:28:36.863521,live
Memo,Shirt with Pockets,shirt,Sleeve Cuff Fabric: Plain Weave Material Composition: Like: 97% Cotton 3% Spandex Model's Body Measurements Height: 5'7 Chest: 31.,"{""cotton"": 97.0, ""elastane"": 3.0}",cotton,97.0,high,philippine,PH,https://www.memofashion.com/collections/womens-shirts/products/shirt-with-pockets-994806-white,2026-04-24T01:28:37.915551,live
Memo,Linen Raglan Shirt,shirt,Back slit opening Fabric: Plain Weave Material Composition: 70% Viscose 30% Linen Model's Body Measurements Height: 5'7 Chest: 31.5,"{""viscose"": 70.0, ""linen"": 30.0}",viscose,100.0,high,philippine,PH,https://www.memofashion.com/collections/womens-shirts/products/linen-raglan-shirt-992935-white,2026-04-24T01:28:40.170330,live
Memo,Textured Our Fave Shirt,shirt,r Neck Opening Fabric: Textured Weave Material Composition: 77% Cotton 23% Polyester Model's Body Measurements Height: 5'7.5 Chest,"{""cotton"": 77.0, ""polyester"": 23.0}",cotton,77.0,medium,philippine,PH,https://www.memofashion.com/collections/womens-shirts/products/textured-our-fave-shirt-991271-cream,2026-04-24T01:28:42.225705,live
Memo,Our Fave Shirt,shirt,Opening Fabric: Basket Weave (Oxford) Material Composition: 100% Cotton Model's Body Measurements Height: 5'6 Chest: 30 Waist: 23 H,"{""cotton"": 100.0}",cotton,100.0,high,philippine,PH,https://www.memofashion.com/collections/womens-shirts/products/our-fave-shirt-991349-white,2026-04-24T01:28:43.486500,live
Memo,V-Neck Shirt,shirt,lain weave fabric Fabric: Plain Weave Material Composition: 100% Cotton Model's Body Measurements Height: 5'7 Chest: 31.5 Waist: 23,"{""cotton"": 100.0}",cotton,100.0,high,philippine,PH,https://www.memofashion.com/collections/womens-shirts/products/v-neck-shirt-992370-midnight-navy,2026-04-24T01:28:45.384057,live
Memo,Striped Seersucker Shirt,shirt,ric: Slack Tension Weave (Seersucker) Material Composition: 55% Polyester 45% Cotton Model's Body Measurements Height: 5'6 Chest: 30,"{""polyester"": 55.0, ""cotton"": 45.0}",polyester,45.0,low,philippine,PH,https://www.memofashion.com/collections/womens-shirts/products/striped-seersucker-shirt-992181-blue,2026-04-24T01:28:48.898213,live
Memo,Short Sleeve Shirt,shirt,lain Woven Fabric Fabric: Plain Weave Material Composition: 97% Polyester 3% Spandex Model's Body Measurements Height: 5'6 Chest: 31,"{""polyester"": 97.0, ""elastane"": 3.0}",polyester,0.0,low,philippine,PH,https://www.memofashion.com/collections/womens-shirts/products/short-sleeve-shirt-991324-cream,2026-04-24T01:28:50.005272,live
Memo,Slim Fit Polo Shirt with Bonded Seams,polo,l: Bonded Seams Fabric: Single Jersey Material Composition: 100% Polyester Model's Body Measurements Height: 6'0 Chest: 37 Waist: 30 H,"{""polyester"": 100.0}",polyester,0.0,low,philippine,PH,https://www.memofashion.com/collections/mens-tops/products/slim-fit-polo-shirt-with-bonded-seams-994204-cream,2026-04-24T01:28:52.549097,live
Memo,Striped Seersucker Short Sleeve Shirt,shirt,ped Seersucker Fabric: Textured Weave Material Composition: 100% Cotton Model's Body Measurements Height: 6'1 Chest: 37 Waist: 30 H,"{""cotton"": 100.0}",cotton,100.0,high,philippine,PH,https://www.memofashion.com/collections/mens-tops/products/striped-seersucker-short-sleeve-shirt-993141-khaki,2026-04-24T01:28:53.589428,live
Memo,T-Shirt with Striped Ribbing,t-shirt,"g, Owl Embroidery Fabric: Jersey Knit Material Composition: 100% Cotton Model's Body Measurements Height: 6'0 Chest: 37 Waist: 30 H","{""cotton"": 100.0}",cotton,100.0,high,philippine,PH,https://www.memofashion.com/collections/mens-tops/products/anti-bacterial-t-shirt-993155-sand,2026-04-24T01:28:54.673850,live
Memo,Colorblock Pique Polo,polo,ign Details: Colorblock Fabric: Pique Material Composition: 100% Cotton Model's Body Measurements Height: 6'1 Chest: 37 Waist: 30 H,"{""cotton"": 100.0}",cotton,100.0,high,philippine,PH,https://www.memofashion.com/collections/mens-tops/products/colorblock-pique-polo-992790-blue,2026-04-24T01:28:55.776462,live
Memo,Slim  Fit Crew Neck T-Shirt,t-shirt,Owl Embroidery Fabric: Single Jersey Material Composition: 100% Polyester Model's Body Measurements Height: 6'0 Chest: 37 Waist: 30 H,"{""polyester"": 100.0}",polyester,0.0,low,philippine,PH,https://www.memofashion.com/collections/mens-tops/products/slim-fit-crew-neck-t-shirt-994253-navy-blue,2026-04-24T01:28:56.839413,live
Memo,T-Shirt with Textured Neck Ribbing,t-shirt,Owl Embroidery Fabric: Single Jersey Material Composition: 60% Cotton 40% Polyester Model's Body Measurements Height: 6'0 Chest:,"{""cotton"": 60.0, ""polyester"": 40.0}",cotton,60.0,medium,philippine,PH,https://www.memofashion.com/collections/mens-tops/products/t-shirt-with-textured-neck-ribbing-995990-sand,2026-04-24T01:28:58.157050,live
Memo,Regular Fit Polo Shirt with Tipping,polo,Collar and Cuff Fabric: Knitted Pique Material Composition: 55% Polyester 39% Cotton 6% Spandex Model's Body Measurements Height: 6'1,"{""polyester"": 55.0, ""cotton"": 39.0, ""elastane"": 6.0}",polyester,39.0,low,philippine,PH,https://www.memofashion.com/collections/mens-tops/products/regular-fit-polo-shirt-with-tipping-993496-white,2026-04-24T01:29:00.371569,live
Memo,Soft Touch Polo Shirt,polo,pping on Collar Fabric: Single Jersey Material Composition: 85% Nylon 15% Elastane Model's Body Measurements Height: 6'0 Chest: 3,"{""nylon"": 85.0, ""elastane"": 15.0}",nylon,0.0,low,philippine,PH,https://www.memofashion.com/collections/mens-tops/products/soft-touch-polo-shirt-995308-white,2026-04-24T01:29:02.763826,live
Memo,Pique Polo with Jacquard Collar,polo,etails: Jacquard Collar Fabric: Pique Material Composition: 100% Cotton Model's Body Measurements Height: 6'1 Chest: 37 Waist: 30 H,"{""cotton"": 100.0}",cotton,100.0,high,philippine,PH,https://www.memofashion.com/collections/mens-tops/products/pique-polo-with-jacquard-collar-992864-cream,2026-04-24T01:29:06.703565,live
Memo,Open Collar Polo With Stripe Placket Detail,polo,Tipping Detail Fabric: Knitted Pique Material Composition: 87% Cotton 13% Polyester Model's Body Measurements Height: 6'0 Chest:,"{""cotton"": 87.0, ""polyester"": 13.0}",cotton,87.0,high,philippine,PH,https://www.memofashion.com/collections/mens-tops/products/open-collar-polo-with-stripe-placket-detail-994320-camel,2026-04-24T01:29:07.770739,live
Memo,Open Collar Polo with Stripe Placket Detail,polo,Tipping Detail Fabric: Knitted Pique Material Composition: 87% Cotton 13% Polyester Model's Body Measurements Height: 6'0 Chest:,"{""cotton"": 87.0, ""polyester"": 13.0}",cotton,87.0,high,philippine,PH,https://www.memofashion.com/collections/mens-tops/products/open-collar-polo-with-stripe-placket-detail-994320-cream,2026-04-24T01:29:10.089105,live
Memo,Seersucker Short Sleeve Shirt,shirt,t Patch Pocket Fabric: Textured Weave Material Composition: 100% Polyester Model's Body Measurements Height: 6'1 Chest: 37 Waist: 30 H,"{""polyester"": 100.0}",polyester,0.0,low,philippine,PH,https://www.memofashion.com/collections/mens-shirts/products/seersucker-short-sleeve-shirt-993147-midnight-navy,2026-04-24T01:29:17.283339,live
Memo,Ultimate Basics Easy Fit Short Sleeve Shirt,shirt,s: Owl Embroidery Fabric: Plain Weave Material Composition: 97% Cotton 3% Elastane Model's Body Measurements Height: 6'2 Chest: 37,"{""cotton"": 97.0, ""elastane"": 3.0}",cotton,97.0,high,philippine,PH,https://www.memofashion.com/collections/mens-shirts/products/ultimate-basics-easy-fit-short-sleeve-shirt-965132,2026-04-24T01:29:18.334725,live
Memo,Slim Fit Short Sleeve Shirt with Hidden Placket,shirt,Placket Fabric: Basket Weave (Oxford) Material Composition: 100% Cotton Model's Body Measurements Height: 6'1 Chest: 37 Waist: 30 H,"{""cotton"": 100.0}",cotton,100.0,high,philippine,PH,https://www.memofashion.com/collections/mens-shirts/products/slim-fit-short-sleeve-shirt-with-hidden-placket-993125-light-blue,2026-04-24T01:29:19.539274,live
Memo,Textured Band Collar Shirt,shirt,ide Clip Label Fabric: Textured Weave Material Composition: 100% Cotton Model's Body Measurements Height: 6'1 Chest: 37 Waist: 30 H,"{""cotton"": 100.0}",cotton,100.0,high,philippine,PH,https://www.memofashion.com/collections/mens-shirts/products/textured-band-collar-shirt-992581-navy-blue,2026-04-24T01:29:20.596159,live
Memo,Textured Short Sleeve Shirt,shirt,Textured Fabric Fabric: Textured Knit Material Composition: 98% Polyester 2% Spandex Model's Body Measurements Height: 6'0 Chest: 37,"{""polyester"": 98.0, ""elastane"": 2.0}",polyester,0.0,low,philippine,PH,https://www.memofashion.com/collections/mens-shirts/products/textured-short-sleeve-shirt-992882-midnight-navy,2026-04-24T01:29:22.062750,live
Memo,Boxy Fit Seersucker Short Sleeve Shirt,shirt,Patch Pockets Fabric: Textured Weave Material Composition: 97% Cotton 3% Spandex Model's Body Measurements Height: 6'1 Chest: 37,"{""cotton"": 97.0, ""elastane"": 3.0}",cotton,97.0,high,philippine,PH,https://www.memofashion.com/collections/mens-shirts/products/boxy-fit-seersucker-short-sleeve-shirt-993256-midnight-navy,2026-04-24T01:29:23.108562,live
Memo,Regular Fit Open Collar Short Sleeve Shirt,shirt,ails: Open Collar Fabric: Plain Weave Material Composition: 67% Polyester 28% Viscose 5% Elastane Model's Body Measurements Height: 6,"{""polyester"": 67.0, ""viscose"": 28.0, ""elastane"": 5.0}",polyester,28.0,low,philippine,PH,https://www.memofashion.com/collections/mens-shirts/products/regular-fit-open-collar-short-sleeve-shirt-993173-dark-taupe,2026-04-24T01:29:24.099078,live
Memo,Vertical Textured Stripe Shirt,shirt,etail: Stripes Fabric: Textured Weave Material Composition: 55% Cotton 45% Polyester Model's Body Measurements Height: 6'1 Chest:,"{""cotton"": 55.0, ""polyester"": 45.0}",cotton,55.0,medium,philippine,PH,https://www.memofashion.com/collections/mens-shirts/products/vertical-textured-stripe-shirt-992653-khaki,2026-04-24T01:29:27.420209,live
Memo,Open Collar Linen Short Sleeve Shirt,shirt,atch Pocket Fabric: Plain Weave Material Composition: Like: 97% Cotton 3% Spandex Model's Body Measurements Height: 6'1 Chest: 37,"{""cotton"": 97.0, ""elastane"": 3.0}",cotton,97.0,high,philippine,PH,https://www.memofashion.com/collections/mens-shirts/products/open-collar-linen-short-sleeve-shirt-993883,2026-04-24T01:29:30.327442,live
Memo,Ultimate Basics Easy Fit Long Sleeve Shirt,shirt,"Owl Embroidery Fabric: Poplin, Woven Material Composition: 97% Cotton 3% Elastane Model's Body Measurements Height: 6'2"" Chest: 3","{""cotton"": 97.0, ""elastane"": 3.0}",cotton,97.0,high,philippine,PH,https://www.memofashion.com/collections/mens-shirts/products/ultimate-basics-easy-fit-long-sleeve-shirt-965020,2026-04-24T01:29:31.613672,live
Memo,Short Sleeve Textured Shirt,shirt,ail: Front Patch Pocket Fabric: Dobby Material Composition: 100% Cotton Model's Body Measurements Height: 6'3 Chest: 36 Waist: 30 H,"{""cotton"": 100.0}",cotton,100.0,high,philippine,PH,https://www.memofashion.com/collections/mens-shirts/products/short-sleeve-textured-shirt-992134-dark-red,2026-04-24T01:29:33.145102,live
Memo,Boxy Fit Linen Short Sleeve Shirt,shirt,ont Patch Pockets Fabric: Plain Weave Material Composition: 70% Cotton 30% Polyester Model's Body Measurements Height: 6'1 Chest:,"{""cotton"": 70.0, ""polyester"": 30.0}",cotton,70.0,medium,philippine,PH,https://www.memofashion.com/collections/mens-shirts/products/boxy-fit-linen-short-sleeve-shirt-993257-midnight-navy,2026-04-24T01:29:34.301012,live
Memo,Seersucker Checkered Short Sleeve Shirt,shirt,Seersucker checks Fabric: Plain Weave Material Composition: 55% Cotton 45% Polyester Model's Body Measurements Height: 6'1 Chest:,"{""cotton"": 55.0, ""polyester"": 45.0}",cotton,55.0,medium,philippine,PH,https://www.memofashion.com/collections/mens-shirts/products/seersucker-checkered-short-sleeve-shirt-992924-light-blue,2026-04-24T01:29:37.476995,live
Memo,Linen Band Collar Short Sleeve Shirt,shirt,lar Fabric: Plain Weave (Linen-blend) Material Composition: 38% Polyester 34% Viscose 26% Linen 2% Cotton Model's Body Measurements H,"{""polyester"": 38.0, ""viscose"": 34.0, ""linen"": 26.0, ""cotton"": 2.0}",polyester,62.0,medium,philippine,PH,https://www.memofashion.com/collections/mens-shirts/products/linen-band-collar-short-sleeve-shirt-993275-khaki,2026-04-24T01:29:42.391250,live
Memo,Long Sleeve Striped Shirt,shirt,Striped Detail Fabric: Textured Weave Material Composition: 100% Cotton Model's Body Measurements Height: 6'3 Chest: 36 Waist: 30 H,"{""cotton"": 100.0}",cotton,100.0,high,philippine,PH,https://www.memofashion.com/collections/mens-shirts/products/long-sleeve-striped-shirt-991009-off-white,2026-04-24T01:29:43.586570,live
Memo,Straight Leg Denim,jeans,t Pockets Fabric: Twill Weave (Denim) Material Composition: 60% Cotton 33% Polyester 5% Rayon 2% Spandex Waist Height: High Waist,"{""cotton"": 60.0, ""polyester"": 33.0, ""rayon"": 5.0, ""elastane"": 2.0}",cotton,65.0,medium,philippine,PH,https://www.memofashion.com/collections/women/products/straight-leg-denim-993446-denim-blue,2026-04-24T01:29:52.785370,live
Memo,Stripe Shirt Dress,dress,Side Slit Pockets Fabric: Plain Weave Material Composition: 60% Polyester 40% Cotton Model's Body Measurements Height: 5'7 Chest: 31.,"{""polyester"": 60.0, ""cotton"": 40.0}",polyester,40.0,low,philippine,PH,https://www.memofashion.com/collections/women/products/stripe-shirt-dress-994379-camel,2026-04-24T01:29:53.827891,live
Memo,Stripe A-Line Skirt,skirt,"s, Striped Fabric Fabric: Plain Weave Material Composition: 60% Polyester 40% Cotton Model's Body Measurements Height: 5'7 Chest: 31.","{""polyester"": 60.0, ""cotton"": 40.0}",polyester,40.0,low,philippine,PH,https://www.memofashion.com/collections/women/products/stripe-a-line-skirt-994425-camel,2026-04-24T01:29:57.223008,live
Memo,Eyelet A-Line Skirt,skirt,Fabric: Textured Weave (Woven Eyelet) Material Composition: 100% Cotton Waist Height: High Waist Model's Body Measurements Height:,"{""cotton"": 100.0}",cotton,100.0,high,philippine,PH,https://www.memofashion.com/collections/women/products/eyelet-a-line-skirt-994324-white,2026-04-24T01:29:59.341098,live
Memo,Covered Placket Shirt Dress,dress,lit pockets Fabric: Plain Weave Material Composition: Like: 97% Cotton 3% Spandex Model's Body Measurements Height: 5'7 Chest: 31.,"{""cotton"": 97.0, ""elastane"": 3.0}",cotton,97.0,high,philippine,PH,https://www.memofashion.com/collections/women/products/covered-placket-shirt-dress-994040-pink,2026-04-24T01:30:01.425808,live
Memo,Straight Leg Trousers,pants,rtered back Fabric: Plain Weave Material Composition: Like: 97% Cotton 3% Spandex Stretch Detail: Stretchable Model's Body Measure,"{""cotton"": 97.0, ""elastane"": 3.0}",cotton,97.0,high,philippine,PH,https://www.memofashion.com/collections/women/products/tapered-trousers-994211-ivory,2026-04-24T01:30:02.736350,live
Memo,Midi Skirt,skirt,lit Pockets Fabric: Plain Weave Material Composition: Like: 97% Cotton 3% Spandex Waist Height: High Waist Stretch Detail: Stretch,"{""cotton"": 97.0, ""elastane"": 3.0}",cotton,97.0,high,philippine,PH,https://www.memofashion.com/collections/women/products/midi-skirt-994976-white,2026-04-24T01:30:05.270723,live
Memo,Sleeveless Top with Tipping,top,"m, Flat Knit Fabric Fabric: Flat Knit Material Composition: 100% Viscose Model's Body Measurements Height: 5'7 Chest: 31.5 Waist: 23","{""viscose"": 100.0}",viscose,100.0,high,philippine,PH,https://www.memofashion.com/collections/womens-tees/products/sleeveless-top-with-tipping-991255-midnight-navy,2026-04-24T01:30:09.839233,live
Memo,Flat Knit Sleeveless Top,knitwear,Button Down Placket Fabric: Flat Knit Material Composition: 100% Viscose Model's Body Measurements Height: 5'6 Chest: 30 Waist: 23 H,"{""viscose"": 100.0}",viscose,100.0,high,philippine,PH,https://www.memofashion.com/collections/womens-tees/products/flat-knit-sleeveless-top-990250-sand,2026-04-24T01:30:12.320581,live
Memo,Knit T-Shirt with Tipping,t-shirt,ast Tipping Details Fabric: Flat Knit Material Composition: 70% Viscose 30% Polyester Model's Body Measurements Height: 5'7 Chest:,"{""viscose"": 70.0, ""polyester"": 30.0}",viscose,70.0,medium,philippine,PH,https://www.memofashion.com/collections/womens-tees/products/knit-t-shirt-with-tipping-991523-white,2026-04-24T01:30:13.897535,live
Memo,Slash Neck Striped T-Shirt,t-shirt,"Band, Slashed Neck Fabric: Flat Knit Material Composition: 100% Viscose Model's Body Measurements Height: 5'7 Chest: 31.5 Waist: 23","{""viscose"": 100.0}",viscose,100.0,high,philippine,PH,https://www.memofashion.com/collections/womens-tees/products/slash-neck-striped-t-shirt-991267-midnight-navy,2026-04-24T01:30:14.934162,live
Memo,Textured Striped T-Shirt,t-shirt,ve Cuff And Hemband Fabric: Flat Knit Material Composition: 100% Viscose Model's Body Measurements Height: 5'7 Chest: 31.5 Waist: 23,"{""viscose"": 100.0}",viscose,100.0,high,philippine,PH,https://www.memofashion.com/collections/womens-tees/products/textured-striped-t-shirt-992951-navy-blue,2026-04-24T01:30:17.218480,live
Memo,Textured Stripe T-Shirt,t-shirt,"leeveless, Hem Band Fabric: Flat Knit Material Composition: 100% Polyester Model's Body Measurements Height: 5'7 Chest: 31.5 Waist: 23","{""polyester"": 100.0}",polyester,0.0,low,philippine,PH,https://www.memofashion.com/collections/womens-tees/products/textured-stripe-t-shirt-992083-navy-blue,2026-04-24T01:30:33.082482,live
Memo,Extended Sleeve Polo,polo,"c, Extended Sleeves Fabric: Flat Knit Material Composition: 100% Viscose Model's Body Measurements Height: 5'6 Chest: 30 Waist: 23 H","{""viscose"": 100.0}",viscose,100.0,high,philippine,PH,https://www.memofashion.com/collections/womens-polo/products/extended-sleeve-polo-991091,2026-04-24T01:30:35.448258,live
Memo,Striped Textured Polo,polo,"abric, Half Placket Fabric: Flat Knit Material Composition: 60% Cotton 40% Acrylic Model's Body Measurements Height: 5'6 Chest: 30","{""cotton"": 60.0, ""acrylic"": 40.0}",cotton,60.0,medium,philippine,PH,https://www.memofashion.com/collections/womens-polo/products/striped-textured-polo-991551,2026-04-24T01:30:38.587477,live
Memo,Extended Sleeve Polo With Tipping,polo,"t, Pique Fabric Fabric: Knitted Pique Material Composition: 86% Polyester 14% Cotton Model's Body Measurements Height: 5'7 Chest: 31.","{""polyester"": 86.0, ""cotton"": 14.0}",polyester,14.0,low,philippine,PH,https://www.memofashion.com/collections/womens-polo/products/extended-sleeve-polo-with-tipping-993419-white,2026-04-24T01:30:39.820440,live
Memo,Textured Polo,polo,extured Knit Fabric Fabric: Flat Knit Material Composition: 100% Viscose Model's Body Measurements Height: 5'7 Chest: 31.5 Waist: 23,"{""viscose"": 100.0}",viscose,100.0,high,philippine,PH,https://www.memofashion.com/collections/womens-polo/products/textured-polo-992631-light-yellow,2026-04-24T01:30:40.847977,live
Memo,Sleeveless Polo with Blanket Stitch Detail,polo,et Stitch On Collar Fabric: Flat Knit Material Composition: 100% Viscose Model's Body Measurements Height: 5'7 Chest: 31.5 Waist: 23,"{""viscose"": 100.0}",viscose,100.0,high,philippine,PH,https://www.memofashion.com/collections/womens-polo/products/sleeveless-polo-with-blanket-stitch-detail-993641-yellow,2026-04-24T01:30:42.015318,live
Memo,Textured Polo with Band,polo,-button Placket Fabric: Textured Knit Material Composition: 90% Cotton 10% Polyester Model's Body Measurements Height: 5'7.5 Chest,"{""cotton"": 90.0, ""polyester"": 10.0}",cotton,90.0,high,philippine,PH,https://www.memofashion.com/collections/womens-polo/products/textured-polo-with-band-987326,2026-04-24T01:30:47.786733,live
Memo,Stripe Smart Polo,polo,Memo Owl Embroidery Fabric: Flat Knit Material Composition: 100% Viscose Model's Body Measurements Height: 5'7 Chest: 31.5 Waist: 23,"{""viscose"": 100.0}",viscose,100.0,high,philippine,PH,https://www.memofashion.com/collections/womens-polo/products/stripe-smart-polo-993198-white,2026-04-24T01:30:48.853221,live
Memo,Multi Stripe Polo,polo,ails: Multi Stripes Fabric: Flat Knit Material Composition: 100% Viscose Model's Body Measurements Height: 5'7 Chest: 31.5 Waist: 23,"{""viscose"": 100.0}",viscose,100.0,high,philippine,PH,https://www.memofashion.com/collections/womens-polo/products/multi-stripe-polo-993199-sand,2026-04-24T01:30:49.988140,live
Memo,Relaxed Polo,polo,"c, Extended Sleeves Fabric: Flat Knit Material Composition: 100% Viscose Model's Body Measurements Height: 5'6 Chest: 30 Waist: 23 H","{""viscose"": 100.0}",viscose,100.0,high,philippine,PH,https://www.memofashion.com/collections/womens-polo/products/relaxed-polo-990776-sand,2026-04-24T01:30:53.766081,live
Memo,The Smart Polo,polo,"ils: Collar Tipping Fabric: Flat Knit Material Composition: 100% Viscose Model's Body Measurements Height: 5'8"" Chest: 28"" Waist: 23","{""viscose"": 100.0}",viscose,100.0,high,philippine,PH,https://www.memofashion.com/collections/womens-polo/products/knit-polo-with-collar-tipping-980490,2026-04-24T01:30:55.101023,live
Memo,Y-Neck Sleeveless Polo,polo,"Fabric, Sleeveless Fabric: Flat Knit Material Composition: 100% Viscose Model's Body Measurements Height: 5'6 Chest: 30 Waist: 23 H","{""viscose"": 100.0}",viscose,100.0,high,philippine,PH,https://www.memofashion.com/collections/womens-polo/products/y-neck-sleeveless-polo-991063-blush,2026-04-24T01:30:58.409939,live
Memo,Zip Up Knit Jacket,jacket,lbow Length Sleeves Fabric: Flat Knit Material Composition: 100% Viscose Model's Body Measurements Height: 5'7.5 Chest: 33 Waist: 25,"{""viscose"": 100.0}",viscose,100.0,high,philippine,PH,https://www.memofashion.com/collections/womens-jackets/products/zip-up-knit-jacket-991855,2026-04-24T01:31:05.099856,live
Memo,Raglan Sleeve Pullover,knitwear,"eeve Cuff, Hem Band Fabric: Flat Knit Material Composition: 100% Viscose Model's Body Measurements Height: 5'7.5 Chest: 33 Waist: 25","{""viscose"": 100.0}",viscose,100.0,high,philippine,PH,https://www.memofashion.com/collections/womens-jackets/products/raglan-sleeve-pullover-991151,2026-04-24T01:31:07.273873,live
Memo,Short Sleeve Stripe Jacket,jacket,Cuff (Solid Color) Fabric: Flat Knit Material Composition: 100% Polyester Model's Body Measurements Height: 5'7.5 Chest: 33 Waist: 25,"{""polyester"": 100.0}",polyester,0.0,low,philippine,PH,https://www.memofashion.com/collections/womens-jackets/products/short-sleeve-stripe-jacket-991458-midnight-navy,2026-04-24T01:31:08.340989,live
Memo,Knit Cardigan,knitwear,utton Down Cardigan Fabric: Flat Knit Material Composition: 100% Viscose Model's Body Measurements Height: 5'7.5 Chest: 33 Waist: 25,"{""viscose"": 100.0}",viscose,100.0,high,philippine,PH,https://www.memofashion.com/collections/womens-jackets/products/knit-cardigan-990980-maroon,2026-04-24T01:31:09.425308,live
Memo,Collarless Jacket,jacket,ront Welt Pockets Fabric: Plain Weave Material Composition: 96% Polyester 4% Spandex Model's Body Measurements Height: 5'6 Chest: 31,"{""polyester"": 96.0, ""elastane"": 4.0}",polyester,0.0,low,philippine,PH,https://www.memofashion.com/collections/womens-jackets/products/collarless-jacket-990603-cream,2026-04-24T01:31:12.998643,live
The Big Silence,Progress is My Process Crop L/S Tee,t-shirt,"laxed Fit Fashionable versatility Seasonal transition piece 100% cotton For environmental and human friendly reason, this product i","{""cotton"": 100.0}",cotton,100.0,high,philippine,PH,https://thebigsilence.com/collections/t-shirts/products/progress-is-my-process-crop-l-s-tee,2026-04-24T01:31:24.573796,live
The Big Silence,May We All Heal - Tee,t-shirt,n the movement! Find the soft lilac version here. material: 100% cotton luxuriously soft feel for all-day comfort reinforced durabi,"{""cotton"": 100.0}",cotton,100.0,high,philippine,PH,https://thebigsilence.com/products/may-we-all-heal-2?variant=45499868184835,2026-04-24T01:31:25.894786,live
The Big Silence,Speak with Love Tee,t-shirt,"you spend every moment with — you . Made from high-quality 100% cotton, it’s soft, breathable, and perfect for everyday wear. Whet","{""cotton"": 100.0}",cotton,100.0,high,philippine,PH,https://thebigsilence.com/products/speak-with-love-front-tee?variant=46758327550211,2026-04-24T01:31:26.939828,live
The Big Silence,Emotions: Limited Edition Tee,t-shirt,alth resources! Comfy Details: Limited edition! Soft & cozy 100% cotton Unisex fit Your purchase supports local artists and helps u,"{""cotton"": 100.0}",cotton,100.0,high,philippine,PH,https://thebigsilence.com/products/jh-vintage-t-shirt?variant=46136647024899,2026-04-24T01:31:31.120771,live
The Big Silence,Smiley Tee Summer Yellow,t-shirt,s! Be a part of the movement and make a difference with us. 100% cotton (may shrink slightly after drying) - slim fit with nice dra,"{""cotton"": 100.0}",cotton,100.0,high,philippine,PH,https://thebigsilence.com/collections/t-shirts/products/smiley-tee-summer-yellow,2026-04-24T01:31:32.389788,live
Tropa Store,Rosie Reversible Top,top,"ld out Rosie Reversible Top features a comfortable blend of 95% polyester and 5% elastane, offering stretch and durability. The rever","{""polyester"": 95.0, ""elastane"": 5.0}",polyester,0.0,low,philippine,PH,https://tropastore.com/collections/womens/products/rosie-reversible-top,2026-04-24T01:32:45.125341,live
Tropa Store,Isabela Indigo Top,top,"h of flamenco elegance to your daily wardrobe. Crafted from 95% polyester and 5% elastane, this unique piece is designed by Susmies a","{""polyester"": 95.0, ""elastane"": 5.0}",polyester,0.0,low,philippine,PH,https://tropastore.com/collections/womens/products/isabela-indigo-top,2026-04-24T01:32:45.604975,live
Tropa Store,Lottie Reversible Top,top,"d out Lottie Reversible Top features a comfortable blend of 95% polyester and 5% elastane, offering stretch and durability. The rever","{""polyester"": 95.0, ""elastane"": 5.0}",polyester,0.0,low,philippine,PH,https://tropastore.com/collections/womens/products/lottie-reversible-top,2026-04-24T01:32:46.270253,live
Tropa Store,Jane Butter Skirt,skirt,"- ₱5,400.00 Add to cart The Jane Brown Skirt combines 95% viscose with 5% elastane for a silky, breathable feel that moves wi","{""viscose"": 95.0, ""elastane"": 5.0}",viscose,95.0,high,philippine,PH,https://tropastore.com/collections/womens/products/jane-butter-skirt,2026-04-24T01:32:46.773026,live
Tropa Store,Diana Brown Dress,dress,"rt Crafted from a luxurious viscose and elastane blend. The 95% viscose provides a smooth, breathable drape while 5% elastane ensur","{""viscose"": 95.0, ""elastane"": 5.0}",viscose,95.0,high,philippine,PH,https://tropastore.com/collections/womens/products/diana-brown-dress,2026-04-24T01:32:47.283097,live
Tropa Store,Diana Cream Dress,dress,"rt Crafted from a luxurious viscose and elastane blend. The 95% viscose provides a smooth, breathable drape while 5% elastane ensur","{""viscose"": 95.0, ""elastane"": 5.0}",viscose,95.0,high,philippine,PH,https://tropastore.com/collections/womens/products/diana-cream-dress,2026-04-24T01:32:48.473118,live
Tropa Store,Diana Blue Dress,dress,"rt Crafted from a luxurious viscose and elastane blend. The 95% viscose provides a smooth, breathable drape while 5% elastane ensur","{""viscose"": 95.0, ""elastane"": 5.0}",viscose,95.0,high,philippine,PH,https://tropastore.com/collections/womens/products/diana-blue-dress,2026-04-24T01:32:51.818639,live
Tropa Store,Ranch Jacket Used Tan,jacket,"offers practical storage for everyday wear. The heavyweight 100% cotton canvas body provides lasting durability, while the 100% cot","{""cotton"": 100.0}",cotton,100.0,high,philippine,PH,https://tropastore.com/collections/mens/products/ranch-jacket-used-tan,2026-04-24T01:33:00.710308,live
Tropa Store,Industries Tee Natural,t-shirt,"less style with uncompromising durability. Constructed from 100% cotton jersey, this midweight tee combines comfort with longevity","{""cotton"": 100.0}",cotton,100.0,high,philippine,PH,https://tropastore.com/collections/mens/products/industries-tee-natural,2026-04-24T01:33:01.705378,live
Tropa Store,Ranch Jacket Used Black,jacket,"with practical functionality. Constructed from heavyweight 100% cotton canvas, this jacket features a distinctive corduroy collar","{""cotton"": 100.0}",cotton,100.0,high,philippine,PH,https://tropastore.com/collections/mens/products/untitled-oct14_17-29,2026-04-24T01:33:02.844931,live
Tropa Store,Chinoiserie Tablea Long Sleeve Linen Shirt Pumpkin,shirt,work with hand-sewn blanket stitching details. Crafted from 100% linen for breathable comfort and natural elegance. A refined piec,"{""linen"": 100.0}",linen,100.0,high,philippine,PH,https://tropastore.com/collections/mens/products/main-line-chinoiserie-tablea-long-sleeve-linen-shirt-tablea,2026-04-24T01:33:03.589173,live
Tropa Store,Araw Top Sand,top,"ing, body-hugging fit. Crafted from a buttery-soft blend of 95% bamboo and 5% spandex, it features elastic-lined seams for enhance","{""bamboo"": 95.0, ""elastane"": 5.0}",bamboo,95.0,high,philippine,PH,https://tropastore.com/collections/all/products/ahon-araw-top,2026-04-24T01:33:08.363539,live
Tropa Store,Araw Top Cerulean,top,"ing, body-hugging fit. Crafted from a buttery-soft blend of 95% bamboo and 5% spandex, it features elastic-lined seams for enhance","{""bamboo"": 95.0, ""elastane"": 5.0}",bamboo,95.0,high,philippine,PH,https://tropastore.com/collections/all/products/ahon-araw-top-cerulean,2026-04-24T01:33:09.003375,live
Tropa Store,Daisy Dress Lilac,dress,"Dress Lilac is a fitted mini dress crafted from a blend of 94% polyester and 6% elastane, ensuring both comfort and flexibility. Its","{""polyester"": 94.0, ""elastane"": 6.0}",polyester,0.0,low,philippine,PH,https://tropastore.com/collections/all/products/daisy-dress-lilac,2026-04-24T01:33:09.633142,live
Tropa Store,Araw Top Charcoal,top,"ing, body-hugging fit. Crafted from a buttery-soft blend of 95% bamboo and 5% spandex, it features elastic-lined seams for enhance","{""bamboo"": 95.0, ""elastane"": 5.0}",bamboo,95.0,high,philippine,PH,https://tropastore.com/collections/all/products/ahon-araw-top-charcoal,2026-04-24T01:33:11.609318,live
Tropa Store,OG Logo Youth Tee Dark Teal,t-shirt,sizing • Made In U.S.A. • 6.5 oz/yd • 18/1 open end cotton 100% Cotton View full details Contact Us +63 917 541 7007 info@tropasto,"{""cotton"": 100.0}",cotton,100.0,high,philippine,PH,https://tropastore.com/collections/kids/products/og-logo-youth-tee-dark-teal,2026-04-24T01:33:17.883462,live
Tropa Store,Storm Textured Wrap Skirt,skirt,"shell button closures for a customizable fit. Crafted from 100% cotton jersey, its unique tie-dye and appliqué techniques create a","{""cotton"": 100.0}",cotton,100.0,high,philippine,PH,https://tropastore.com/collections/sale/products/storm-textured-wrap-skirt,2026-04-24T01:33:45.738031,live
Patton Studio,Poplin Long Sleeve Tie Shirt,shirt,"mes with an adjustable necktie. This item is on final sale. 65% Cotton 35% Polyester Designed in Italy, Made in Manila Intended fo","{""cotton"": 65.0, ""polyester"": 35.0}",cotton,65.0,medium,philippine,PH,https://pattonstudio.com/collections/tops-women/products/poplin-long-sleeve-tie-shirt,2026-04-24T01:33:54.767544,live
Patton Studio,Poplin Hooded Long Sleeve Top,top,"oded scarf, and a jacron label. This item is on final sale. 65% Cotton 35% Polyester Designed in Italy, Made in Manila Intended fo","{""cotton"": 65.0, ""polyester"": 35.0}",cotton,65.0,medium,philippine,PH,https://pattonstudio.com/collections/tops-women/products/poplin-hooded-long-sleeve-top,2026-04-24T01:33:55.759191,live
Patton Studio,Hooded Cowl Neck Top,top,"design that can be worn as a hood, and a metal button logo. 73% Polyester, 23% Rayon, 4% Spandex Designed in Italy, Made in Manila In","{""polyester"": 73.0, ""rayon"": 23.0, ""elastane"": 4.0}",polyester,23.0,low,philippine,PH,https://pattonstudio.com/collections/tops-women/products/hooded-cowl-neck-top,2026-04-24T01:33:56.235577,live
Patton Studio,Oversized Short Sleeve Zip Polo,polo,"assic collar, chest patch pockets, and an embroidered logo. 100% Polyester Designed in Italy, Made in Manila Intended for an oversized","{""polyester"": 100.0}",polyester,0.0,low,philippine,PH,https://pattonstudio.com/collections/tops-women/products/oversized-short-sleeve-polo,2026-04-24T01:33:58.803534,live
Patton Studio,Oversized Short Sleeve Polo,polo,"c collar and rubber patch logo. This item is on final sale. 98% Polyester, 2% Spandex Designed in Italy, Made in Manila Intended for","{""polyester"": 98.0, ""elastane"": 2.0}",polyester,0.0,low,philippine,PH,https://pattonstudio.com/collections/tops-women/products/oversized-short-sleeve-polo-men-in-desert,2026-04-24T01:33:59.302076,live
Patton Studio,Short Sleeve Tie Shirt,shirt,"hing, and a jacron label. Comes with an adjustable necktie. 73% Polyester, 23% Rayon, 4% Spandex Designed in Italy, Made in Manila In","{""polyester"": 73.0, ""rayon"": 23.0, ""elastane"": 4.0}",polyester,23.0,low,philippine,PH,https://pattonstudio.com/collections/tops-women/products/short-sleeve-tie-shirt,2026-04-24T01:34:00.300008,live
Patton Studio,Pleated Long Sleeve Shirt,shirt,"the back to cinch the waist and metal logo-buttoned cuffs. 73% Polyester, 23% Rayon, 4% Spandex Designed in Italy, Made in Manila In","{""polyester"": 73.0, ""rayon"": 23.0, ""elastane"": 4.0}",polyester,23.0,low,philippine,PH,https://pattonstudio.com/collections/tops-women/products/pleated-long-sleeve-shirt,2026-04-24T01:34:05.994266,live
Patton Studio,Poplin Long Sleeve Shirt,shirt,"ckets, and a rubber patch logo. This item is on final sale. 65% Cotton, 35% Polyester Designed in Italy, Made in Manila Intended f","{""cotton"": 65.0, ""polyester"": 35.0}",cotton,65.0,medium,philippine,PH,https://pattonstudio.com/collections/tops-women/products/poplin-long-sleeve-shirt-men,2026-04-24T01:34:06.505499,live
Patton Studio,Oversized V-Neck Polo,polo,"ckline, drop shoulders, classic collar, and a jacron label. 67% Polyester, 28% Rayon, 5% Spandex Designed in Italy, Made in Manila In","{""polyester"": 67.0, ""rayon"": 28.0, ""elastane"": 5.0}",polyester,28.0,low,philippine,PH,https://pattonstudio.com/collections/tops-women/products/oversized-v-neck-polo,2026-04-24T01:34:09.643417,live
Patton Studio,Cropped Long Sleeve Polo,polo,"cuffs, and an embroidered logo. This item is on final sale. 100% Polyester Made in Manila Intended for a relaxed fit. Height of model:","{""polyester"": 100.0}",polyester,0.0,low,philippine,PH,https://pattonstudio.com/collections/tops-women/products/cropped-long-sleeve-polo,2026-04-24T01:34:10.412068,live
Patton Studio,Oversized Logo Tee,t-shirt,"line and a pressed rubber logo. This item is on final sale. 100% Cotton Designed in Manila, Made in China Intended for an oversized","{""cotton"": 100.0}",cotton,100.0,high,philippine,PH,https://pattonstudio.com/collections/tops-women/products/oversized-logo-tee-mens,2026-04-24T01:34:11.435294,live
Patton Studio,Hooded Long Sleeve Shirt,shirt,"patch pockets with contrast stitching, and a jacron label. 73% Polyester, 23% Rayon, 4% Spandex Designed in Italy, Made in Manila In","{""polyester"": 73.0, ""rayon"": 23.0, ""elastane"": 4.0}",polyester,23.0,low,philippine,PH,https://pattonstudio.com/collections/tops-women/products/hooded-long-sleeve-shirt,2026-04-24T01:34:13.174067,live
Patton Studio,Wool Sleeveless Top,top,"d-fit, sleeveless top with a U-neckline and a jacron label. 72% Polyester, 16% Rayon, 10% Wool, 2% Spandex, Lining: 100% Polyester De","{""polyester"": 72.0, ""rayon"": 16.0, ""wool"": 10.0, ""elastane"": 2.0}",polyester,26.0,low,philippine,PH,https://pattonstudio.com/collections/tops-women/products/wool-sleeveless-top,2026-04-24T01:34:14.127204,live
Patton Studio,Lace-Up Long Sleeve Polo,polo,"d classic collar, metal buttoned cuffs, and a jacron label. 73% Polyester, 23% Rayon, 4% Spandex Designed in Italy, Made in Manila In","{""polyester"": 73.0, ""rayon"": 23.0, ""elastane"": 4.0}",polyester,23.0,low,philippine,PH,https://pattonstudio.com/collections/tops-women/products/lace-up-long-sleeve-polo,2026-04-24T01:34:16.185634,live
Patton Studio,Garter Neck Top,top,"kline with snap button opening. This item is on final sale. 100% Polyester Designed in Italy, Made in Manila Intended for a relaxed fi","{""polyester"": 100.0}",polyester,0.0,low,philippine,PH,https://pattonstudio.com/collections/tops-women/products/garter-neck-top,2026-04-24T01:34:16.685296,live
Patton Studio,Oversized Logo Sweatshirt,hoodie,"ffs, and a pressed rubber logo. This item is on final sale. 100% Cotton Designed in Manila, Made in China Intended for an oversized","{""cotton"": 100.0}",cotton,100.0,high,philippine,PH,https://pattonstudio.com/collections/tops-women/products/oversized-logo-sweatshirt-mens,2026-04-24T01:34:17.195945,live
Patton Studio,Poplin Cropped V Top,top,"neck, and an embroidered logo. This item is on final sale. 65% Cotton, 35% Polyester Designed in Italy, Made in Manila Intended f","{""cotton"": 65.0, ""polyester"": 35.0}",cotton,65.0,medium,philippine,PH,https://pattonstudio.com/collections/tops-women/products/poplin-cropped-v-top,2026-04-24T01:34:17.730506,live
Patton Studio,Poplin Cut Out Tee,t-shirt,"at the back, and a metal logo. This item is on final sale. 65% Cotton, 35% Polyester Designed in Italy, Made in Manila Intended f","{""cotton"": 65.0, ""polyester"": 35.0}",cotton,65.0,medium,philippine,PH,https://pattonstudio.com/collections/tops-women/products/poplin-cut-out-tee,2026-04-24T01:34:18.240254,live
Patton Studio,Poplin Short Sleeve Shirt,shirt,"ocket, and a rubber patch logo. This item is on final sale. 65% Cotton, 35% Polyester Designed in Italy, Made in Manila Intended f","{""cotton"": 65.0, ""polyester"": 35.0}",cotton,65.0,medium,philippine,PH,https://pattonstudio.com/collections/tops-women/products/poplin-short-sleeve-shirt,2026-04-24T01:34:18.763704,live
Patton Studio,Oversized Collared Tee,t-shirt,"sleeve top with an open-placket collar, and a jacron label. 65% Rayon, 30% Nylon & 5% Spandex Designed in Italy, Made in Manila I","{""rayon"": 65.0, ""nylon"": 30.0, ""elastane"": 5.0}",rayon,65.0,medium,philippine,PH,https://pattonstudio.com/collections/tops-women/products/oversized-collared-tee,2026-04-24T01:34:19.362308,live
Patton Studio,Classic Short Sleeve Polo,polo,"ollar, an asymmetric chest pocket, and an embroidered logo. 100% Polyester Designed in Italy, Made in Manila Intended for a relaxed fi","{""polyester"": 100.0}",polyester,0.0,low,philippine,PH,https://pattonstudio.com/collections/tops-women/products/classic-short-sleeve-polo,2026-04-24T01:34:19.864868,live
Patton Studio,Wool Oversized Blazer with Carabiner,blazer,", an adjustable drawstring hem, and a detachable carabiner. 65% Polyester, 24% Rayon, 9% Wool, 2% Spandex Designed in Italy, Made in","{""polyester"": 65.0, ""rayon"": 24.0, ""wool"": 9.0, ""elastane"": 2.0}",polyester,33.0,low,philippine,PH,https://pattonstudio.com/collections/women/products/wool-oversized-blazer-with-carabiner,2026-04-24T01:34:21.385541,live
Patton Studio,Wool Wide Leg Trousers,pants,"s, hook and zipper closure, belt loops, and a jacron label. 65% Polyester, 24% Rayon, 9% Wool, 2% Spandex Designed in Italy, Made in","{""polyester"": 65.0, ""rayon"": 24.0, ""wool"": 9.0, ""elastane"": 2.0}",polyester,33.0,low,philippine,PH,https://pattonstudio.com/collections/women/products/wool-wide-leg-trousers,2026-04-24T01:34:24.450896,live
Patton Studio,Wool Tapered Trousers,pants,"pockets, back welt pockets, belt loops, and a jacron label. 65% Polyester, 24% Rayon, 9% Wool, 2% Spandex Designed in Italy, Made in","{""polyester"": 65.0, ""rayon"": 24.0, ""wool"": 9.0, ""elastane"": 2.0}",polyester,33.0,low,philippine,PH,https://pattonstudio.com/collections/women/products/wool-tapered-trousers,2026-04-24T01:34:25.555109,live
Patton Studio,Sleeveless Polo Playsuit,polo,"ng a necktie effect, side pockets, and an embroidered logo. 100% Polyester Designed in Italy, Made in Manila Intended for a relaxed fi","{""polyester"": 100.0}",polyester,0.0,low,philippine,PH,https://pattonstudio.com/collections/women/products/sleeveless-polo-playsuit,2026-04-24T01:34:26.045163,live
Patton Studio,Dad Trousers,pants,"ipper closure, hidden side pockets, and a back welt pocket. 97% Cotton, 3% Spandex Designed in Italy, Made in Manila Fits true to","{""cotton"": 97.0, ""elastane"": 3.0}",cotton,97.0,high,philippine,PH,https://pattonstudio.com/collections/women/products/dad-trousers,2026-04-24T01:34:28.077218,live
Patton Studio,Barrel Trousers,pants,"e an update once your item is ready or if any delays occur. 50% Cotton, 50% Polyester Designed in Italy, Made in Manila Fits true","{""cotton"": 50.0, ""polyester"": 50.0}",cotton,50.0,medium,philippine,PH,https://pattonstudio.com/collections/women/products/barrel-trousers,2026-04-24T01:34:28.711280,live
Patton Studio,Lace-Up Midi Skirt,skirt,"hidden back zipper closure, side pockets, and a metal logo. 73% Polyester, 23% Rayon, 4% Spandex Designed in Italy, Made in Manila In","{""polyester"": 73.0, ""rayon"": 23.0, ""elastane"": 4.0}",polyester,23.0,low,philippine,PH,https://pattonstudio.com/collections/women/products/lace-up-midi-skirt,2026-04-24T01:34:29.319823,live
Patton Studio,Garter Waist Trousers,pants,"ack pockets, exposed elastic waistband, and a jacron label. 73% Polyester, 23% Rayon, 4% Spandex Designed in Italy, Made in Manila In","{""polyester"": 73.0, ""rayon"": 23.0, ""elastane"": 4.0}",polyester,23.0,low,philippine,PH,https://pattonstudio.com/collections/women/products/garter-waist-trousers,2026-04-24T01:34:30.764029,live
Patton Studio,Utility Hooded Jacket,jacket,"side pockets and a rubber logo. This item is on final sale. 100% Polyester Designed in Italy, Made in Manila Intended for an oversized","{""polyester"": 100.0}",polyester,0.0,low,philippine,PH,https://pattonstudio.com/collections/women/products/utility-hooded-jacket,2026-04-24T01:34:31.292252,live
Patton Studio,Pleated Polo Dress,dress,"d waist for a cinched effect and metal logo-buttoned cuffs. 73% Polyester, 23% Rayon, 4% Spandex Designed in Italy, Made in Manila In","{""polyester"": 73.0, ""rayon"": 23.0, ""elastane"": 4.0}",polyester,23.0,low,philippine,PH,https://pattonstudio.com/collections/women/products/pleated-polo-dress,2026-04-24T01:34:32.842348,live
Patton Studio,Wool Sailor Jacket,jacket,"r, buttoned cuffs, a chest welt pocket, and a jacron label. 65% Polyester, 24% Rayon, 9% Wool, 2% Spandex Designed in Italy, Made in","{""polyester"": 65.0, ""rayon"": 24.0, ""wool"": 9.0, ""elastane"": 2.0}",polyester,33.0,low,philippine,PH,https://pattonstudio.com/collections/women/products/wool-sailor-jacket,2026-04-24T01:34:35.446942,live
Patton Studio,Short Sleeve Zip Jacket,jacket,"r, an adjustable drawstring waist, and a metal button logo. 97% Cotton, 3% Spandex Designed in Italy, Made in Manila Intended for","{""cotton"": 97.0, ""elastane"": 3.0}",cotton,97.0,high,philippine,PH,https://pattonstudio.com/collections/women/products/short-sleeve-zip-jacket,2026-04-24T01:34:39.532467,live
Patton Studio,Wool Sleeveless Square Neck Dress,dress,"isible side zipper, front flap pockets, and a jacron label. 65% Polyester, 24% Rayon, 9% Wool, 2% Spandex Designed in Italy, Made in","{""polyester"": 65.0, ""rayon"": 24.0, ""wool"": 9.0, ""elastane"": 2.0}",polyester,33.0,low,philippine,PH,https://pattonstudio.com/collections/women/products/wool-sleeveless-square-neck-dress,2026-04-24T01:34:41.508473,live
Patton Studio,Pleated Hem Trousers,pants,"side and back welt pockets, belt loops, and a jacron label. 67% Polyester, 28% Rayon, 5% Spandex Designed in Italy, Made in Manila In","{""polyester"": 67.0, ""rayon"": 28.0, ""elastane"": 5.0}",polyester,28.0,low,philippine,PH,https://pattonstudio.com/collections/women/products/pleated-hem-trousers,2026-04-24T01:34:43.474353,live
Patton Studio,Cargo Trousers,pants,"zipper closure, side pockets and an oversized patch pocket. 73% Polyester, 23% Rayon, 4% Spandex Designed in Italy, Made in Manila In","{""polyester"": 73.0, ""rayon"": 23.0, ""elastane"": 4.0}",polyester,23.0,low,philippine,PH,https://pattonstudio.com/collections/women/products/cargo-trousers,2026-04-24T01:34:45.427917,live
Patton Studio,High Neck Pullover,knitwear,"e an update once your item is ready or if any delays occur. 50% Cotton, 50% Polyester Designed in Italy, Made in Manila Intended f","{""cotton"": 50.0, ""polyester"": 50.0}",cotton,50.0,medium,philippine,PH,https://pattonstudio.com/collections/women/products/high-neck-pullover,2026-04-24T01:34:47.481644,live
Patton Studio,Corduroy Cargo Pants,pants,"pockets, and back welt pockets. This item is on final sale. 100% Cotton Designed in Italy, Made in Manila Intended for a relaxed fi","{""cotton"": 100.0}",cotton,100.0,high,philippine,PH,https://pattonstudio.com/collections/bottoms-women/products/corduroy-cargo-pants-women,2026-04-24T01:35:11.192275,live
Patton Studio,Wool Pleated Trousers,pants,"kets and back welt pockets, belt loops, and a jacron label. 72% Polyester, 16% Rayon, 10% Wool, 2% Spandex Designed in Italy, Made in","{""polyester"": 72.0, ""rayon"": 16.0, ""wool"": 10.0, ""elastane"": 2.0}",polyester,26.0,low,philippine,PH,https://pattonstudio.com/collections/bottoms-women/products/wool-pleated-trousers,2026-04-24T01:35:13.274013,live
Patton Studio,Poplin Cargo Pants,pants,"ckets, and a rubber patch logo. This item is on final sale. 65% Cotton, 35% Polyester Designed in Italy, Made in Manila Intended f","{""cotton"": 65.0, ""polyester"": 35.0}",cotton,65.0,medium,philippine,PH,https://pattonstudio.com/collections/bottoms-women/products/poplin-cargo-pants-men,2026-04-24T01:35:14.321112,live
Patton Studio,Logo Waist Trousers,pants,"stband and a rubber patch logo. This item is on final sale. 98% Polyester, 2% Spandex Designed in Italy, Made in Manila. Intended for","{""polyester"": 98.0, ""elastane"": 2.0}",polyester,0.0,low,philippine,PH,https://pattonstudio.com/collections/bottoms-women/products/logo-waist-trousers-in-sand,2026-04-24T01:35:14.827171,live
Patton Studio,Relaxed Sweat Shorts,shorts,"rtered waistband, side pockets, and a detachable carabiner. 100% Polyester Designed in Italy, Made in Manila Intended for a relaxed fi","{""polyester"": 100.0}",polyester,0.0,low,philippine,PH,https://pattonstudio.com/collections/bottoms-women/products/relaxed-sweat-shorts,2026-04-24T01:35:15.386200,live
Patton Studio,Corduroy High-Waist Shorts,shorts,"pockets and back patch pockets. This item is on final sale. 100% Cotton Designed in Italy, Made in Manila Intended for a relaxed fi","{""cotton"": 100.0}",cotton,100.0,high,philippine,PH,https://pattonstudio.com/collections/bottoms-women/products/corduroy-high-waist-shorts,2026-04-24T01:35:16.424448,live
Patton Studio,Twill Shirt Jacket,jacket,"ockets and a rubber patch logo. This item is on final sale. 70% Cotton 30% Polyester Designed in Italy, Made in Manila Intended fo","{""cotton"": 70.0, ""polyester"": 30.0}",cotton,70.0,medium,philippine,PH,https://pattonstudio.com/collections/bottoms-women/products/twill-classic-jacket,2026-04-24T01:35:16.923979,live
Patton Studio,Poplin Runner Shorts,shorts,"ckets, and a rubber patch logo. This item is on final sale. 65% Cotton, 35% Polyester Designed in Italy, Made in Manila Intended f","{""cotton"": 65.0, ""polyester"": 35.0}",cotton,65.0,medium,philippine,PH,https://pattonstudio.com/collections/bottoms-women/products/poplin-runner-shorts-men,2026-04-24T01:35:17.418602,live
Patton Studio,Twill Balloon Trousers,pants,"ckets, and a rubber patch logo. This item is on final sale. 70% Cotton 30% Polyester Designed in Italy, Made in Manila Intended fo","{""cotton"": 70.0, ""polyester"": 30.0}",cotton,70.0,medium,philippine,PH,https://pattonstudio.com/collections/bottoms-women/products/twill-balloon-trousers,2026-04-24T01:35:18.929330,live
Patton Studio,Poplin Box Shorts,shorts,"atch pocket and a jacron label. This item is on final sale. 65% Cotton 35% Polyester Designed in Italy, Made in Manila Intended fo","{""cotton"": 65.0, ""polyester"": 35.0}",cotton,65.0,medium,philippine,PH,https://pattonstudio.com/collections/bottoms-women/products/poplin-box-shorts,2026-04-24T01:35:19.453242,live
Patton Studio,Twill Relaxed Trousers,pants,"ckets, and a rubber patch logo. This item is on final sale. 70% Cotton, 30% Polyester Designed in Italy, Made in Manila Intended f","{""cotton"": 70.0, ""polyester"": 30.0}",cotton,70.0,medium,philippine,PH,https://pattonstudio.com/collections/bottoms-women/products/twill-relaxed-trousers,2026-04-24T01:35:20.476638,live
Patton Studio,Twill Runner Shorts,shorts,"ockets and a rubber patch logo. This item is on final sale. 70% Cotton 30% Polyester Designed in Italy, Made in Manila Intended fo","{""cotton"": 70.0, ""polyester"": 30.0}",cotton,70.0,medium,philippine,PH,https://pattonstudio.com/collections/bottoms-women/products/twill-runner-shorts,2026-04-24T01:35:22.436347,live
Patton Studio,Pleated Wrap Skirt,skirt,"utton closures, hidden side pockets, and back welt pockets. 67% Polyester , 28% Rayon , 5% Spandex Designed in Italy, Made in Manila","{""polyester"": 67.0, ""rayon"": 28.0, ""elastane"": 5.0}",polyester,28.0,low,philippine,PH,https://pattonstudio.com/collections/bottoms-women/products/pleated-wrap-skirt,2026-04-24T01:35:24.418335,live
Patton Studio,Twill Classic Jacket,jacket,"ckets, and a rubber patch logo. This item is on final sale. 70% Cotton 30% Polyester Designed in Italy, Made in Manila Intended fo","{""cotton"": 70.0, ""polyester"": 30.0}",cotton,70.0,medium,philippine,PH,https://pattonstudio.com/collections/bottoms-women/products/twill-classic-jacket-1,2026-04-24T01:35:26.577234,live
Patton Studio,Utility Shirt Jacket,jacket,"front pocket and a rubber logo. This item is on final sale. 100% Polyester Designed in Italy, Made in Manila Intended for a oversized","{""polyester"": 100.0}",polyester,0.0,low,philippine,PH,https://pattonstudio.com/collections/outerwear-women/products/utility-shirt-jacket,2026-04-24T01:35:35.899035,live
Patton Studio,Corduroy Classic Jacket,jacket,"ckets, and a rubber patch logo. This item is on final sale. 100% Cotton Designed in Italy, Made in Manila Intended for an oversized","{""cotton"": 100.0}",cotton,100.0,high,philippine,PH,https://pattonstudio.com/collections/outerwear-women/products/corduroy-classic-jacket-women,2026-04-24T01:35:36.385070,live
Patton Studio,Poplin Hooded Shirt Jacket,jacket,"cap, and an adjustable hem tie. This item is on final sale. 65% Cotton, 35% Polyester Designed in Italy, Made in Manila Intended f","{""cotton"": 65.0, ""polyester"": 35.0}",cotton,65.0,medium,philippine,PH,https://pattonstudio.com/collections/outerwear-women/products/poplin-hooded-shirt-jacket-men,2026-04-24T01:35:38.138949,live
Patton Studio,Poplin Track Jacket,jacket,"ckets, and a rubber patch logo. This item is on final sale. 65% Cotton, 35% Polyester Designed in Italy, Made in Manila Intended f","{""cotton"": 65.0, ""polyester"": 35.0}",cotton,65.0,medium,philippine,PH,https://pattonstudio.com/collections/outerwear-women/products/poplin-track-jacket,2026-04-24T01:35:39.338368,live
Patton Studio,Corduroy Zip Jacket,jacket,"d hem, and a rubber patch logo. This item is on final sale. 100% Cotton Designed in Italy, Made in Manila Intended for an oversized","{""cotton"": 100.0}",cotton,100.0,high,philippine,PH,https://pattonstudio.com/collections/outerwear-women/products/corduroy-zip-jacket-for-men,2026-04-24T01:35:40.809384,live
Patton Studio,Poplin Oversized Hooded Cut Out Jacket,jacket,"d with cap, and a jacron label. This item is on final sale. 65% Cotton, 35% Polyester Designed in Italy, Made in Manila Intended f","{""cotton"": 65.0, ""polyester"": 35.0}",cotton,65.0,medium,philippine,PH,https://pattonstudio.com/collections/outerwear-women/products/poplin-oversized-hooded-cut-out-jacket-mens,2026-04-24T01:35:41.346640,live
Patton Studio,Wool Hooded Blazer,blazer,", partial lining, false 3-button cuffs, and a jacron label. 72% Polyester, 16% Rayon, 10% Wool, 2% Spandex, Lining: 100% Polyester De","{""polyester"": 72.0, ""rayon"": 16.0, ""wool"": 10.0, ""elastane"": 2.0}",polyester,26.0,low,philippine,PH,https://pattonstudio.com/collections/outerwear-women/products/wool-hooded-blazer,2026-04-24T01:35:41.830348,live
Patton Studio,Utility Classic Jacket,jacket,"side pockets and a rubber logo. This item is on final sale. 100% Polyester Designed in Italy, Made in Manila Intended for a oversized","{""polyester"": 100.0}",polyester,0.0,low,philippine,PH,https://pattonstudio.com/collections/outerwear-women/products/utility-classic-jacket,2026-04-24T01:35:43.868486,live
Patton Studio,Poplin Hooded Zip Pullover,knitwear,"ocket, and a rubber patch logo. This item is on final sale. 65% Cotton, 35% Polyester Designed in Italy, Made in Manila Intended f","{""cotton"": 65.0, ""polyester"": 35.0}",cotton,65.0,medium,philippine,PH,https://pattonstudio.com/collections/outerwear-women/products/poplin-hooded-zip-pullover-men,2026-04-24T01:35:44.387329,live
Patton Studio,Utility Hooded Zip Up Jacket,jacket,"side pockets and a rubber logo. This item is on final sale. 100% Polyester Designed in Italy, Made in Manila Intended for a oversized","{""polyester"": 100.0}",polyester,0.0,low,philippine,PH,https://pattonstudio.com/collections/outerwear-women/products/utility-hooded-zip-up-jacket,2026-04-24T01:35:44.903019,live
Patton Studio,Padded Bomber Jacket,jacket,"rtered cuffs and hem, full lining, and an embroidered logo. 100% Polyester, Lining: 100% Polyester Designed in Italy, Made in Manila I","{""polyester"": 100.0}",polyester,0.0,low,philippine,PH,https://pattonstudio.com/collections/outerwear-women/products/padded-bomber-jacket,2026-04-24T01:35:46.028010,live
Levi's,Levi's® Women's Original Trucker Jacket,jacket,""" waist. They're wearing a size 24 x 30. Composition & Care 99% Cotton, 1% Elastane (Lycra®) Wash your Trucker Jacket sparingly an","{""cotton"": 99.0, ""elastane"": 1.0}",cotton,99.0,high,philippine,PH,https://levi.com.ph/products/levis-womens-original-trucker-jacket-299450013,2026-04-24T01:36:41.158261,live
Levi's,Levi's® Women's Nola Shirt,shirt,"or: Bright White How it Fits Relaxed fit Composition & Care 100% Cotton Machine Wash Cold Delicate Cycle, Do Not Bleach, Tumble Dry","{""cotton"": 100.0}",cotton,100.0,high,philippine,PH,https://levi.com.ph/products/levis-womens-nola-shirt-a91790000,2026-04-24T01:36:41.815508,live
Levi's,Levi's® Women's Harlie Boyfriend Shirt,shirt,"l is 5'7"", Waist 26"", Wearing size small Composition & Care 100% Cotton Machine wash cold delicate cycle, Do not bleach, Tumble dry","{""cotton"": 100.0}",cotton,100.0,high,philippine,PH,https://levi.com.ph/products/levis-womens-harlie-boyfriend-shirt-001hm0003,2026-04-24T01:36:42.418117,live
Levi's,Levi's® Blue Tab™ Women's Tuxedo Shirt,shirt,"on-down collar Standard fit Long sleeves Composition & Care 100% Cotton Machine wash cold, Do not bleach, Tumble dry medium, Hot ir","{""cotton"": 100.0}",cotton,100.0,high,philippine,PH,https://levi.com.ph/products/levis-blue-tab-womens-tuxedo-shirt-001lu0000,2026-04-24T01:36:44.155613,live
Levi's,Levi’s® Women's Original Trucker Jacket,jacket,"l Mine How it Fits Long sleeves Slim fit Composition & Care 79% Cotton, 21% Lyocell (Lenzing TENCEL™ Lyocell) Machine wash cold, D","{""cotton"": 79.0, ""lyocell"": 21.0}",cotton,100.0,high,philippine,PH,https://levi.com.ph/products/levis-womens-original-trucker-jacket-299450100,2026-04-24T01:36:44.755242,live
Levi's,Levi's® Women's Tamara Long-Sleeve Blouse,shirt,"4 How it Fits Standard fit Long sleeves Composition & Care 17% modal (Lenzing), 16% cotton, 67% lyocell (Lenzing Tencel™) - Rele","{""modal"": 17.0, ""cotton"": 16.0, ""lyocell"": 67.0}",lyocell,100.0,high,philippine,PH,https://levi.com.ph/products/levis-womens-tamara-long-sleeve-blouse-a71720005,2026-04-24T01:36:45.418145,live
Levi's,Levi's® Women's Winona Shirt,shirt,"aist 27"", Wearing size small Long Sleeve Composition & Care 100% Cotton Machine wash cold delicate cycle, Do not bleach, Tumble dry","{""cotton"": 100.0}",cotton,100.0,high,philippine,PH,https://levi.com.ph/products/levis-womens-winona-shirt-002ag0000,2026-04-24T01:36:48.341934,live
Levi's,Levi's® Women's Darlene Utility Shirt,shirt,"r: Bright White How it Fits Point collar Composition & Care 100% Viscose (ECOVERO™) Machine wash cold - delicate cycle, Do not bleac","{""viscose"": 100.0}",viscose,100.0,high,philippine,PH,https://levi.com.ph/products/levis-womens-darlene-utility-shirt-a87450002,2026-04-24T01:36:49.145030,live
Levi's,BEYONCÉ X LEVI’S® Graphic Essential Sporty Ringer Tee,t-shirt,"del is 6'1"", Waist 31"", Wearing a Size S Composition & Care 100% Cotton × Supports Contact Us FAQ Returns Find A Store Track Order","{""cotton"": 100.0}",cotton,100.0,high,philippine,PH,https://levi.com.ph/products/beyonce-x-levis-graphic-essential-sporty-ringer-tee-001qy0005,2026-04-24T01:36:50.676542,live
Levi's,Levi's® Women's Teodora Western Shirt,shirt,"ts Point collar Long sleeves Relaxed fit Composition & Care 60% Lyocell (Lenzing TENCEL™ Lyocell), 40% Cotton × Supports Contact Us","{""lyocell"": 60.0, ""cotton"": 40.0}",lyocell,100.0,high,philippine,PH,https://levi.com.ph/products/levis-womens-teodora-western-shirt-a72440075,2026-04-24T01:36:53.208345,live
Levi's,Levi's® Women's Gina Blouse,shirt,"l is 5'9"", Waist 27"", Wearing size small Composition & Care 10% Linen, 50% Viscose (ECOVERO™), 40% Cotton Machine wash cold, Do n","{""linen"": 10.0, ""viscose"": 50.0, ""cotton"": 40.0}",viscose,100.0,high,philippine,PH,https://levi.com.ph/products/levis-womens-gina-blouse-001rp0002,2026-04-24T01:36:53.973773,live
Levi's,Levi’s® Blue Tab™ Women’s Type II Trucker Jacket,jacket,"l is 5'9"", Waist 25"", Wearing size small Composition & Care 100% Cotton Machine wash cold, Do not bleach, Tumble dry medium, Hot ir","{""cotton"": 100.0}",cotton,100.0,high,philippine,PH,https://levi.com.ph/products/levis-blue-tab-womens-type-ii-trucker-jacket-a58840000,2026-04-24T01:36:54.617281,live
Levi's,Levi's® Women's Joyce Resort Shirt,shirt,"r: Cool Poole 3 How it Fits Short Sleeve Composition & Care 17% modal (Lenzing), 16% cotton, 67% lyocell (Lenzing Tencel™) - Rele","{""modal"": 17.0, ""cotton"": 16.0, ""lyocell"": 67.0}",lyocell,100.0,high,philippine,PH,https://levi.com.ph/products/levis-women-joyce-resort-shirt-a71750001,2026-04-24T01:36:55.325319,live
Levi's,Levi's® Women's Gianna Long-Sleeve Blouse,shirt,"on-down collar Standard fit Long sleeves Composition & Care 100% Cotton Machine wash cold - delicate cycle, Do not bleach, Tumble d","{""cotton"": 100.0}",cotton,100.0,high,philippine,PH,https://levi.com.ph/products/levis-womens-gianna-long-sleeve-blouse-a86880012,2026-04-24T01:36:55.988920,live
Levi's,Levi's® Women's Slim Polo Shirt,polo,"26"" waist. They're wearing a size small. Composition & Care 95% Cotton, 5% Elastane (Lycra®) Wash and dry inside out with like col","{""cotton"": 95.0, ""elastane"": 5.0}",cotton,95.0,high,philippine,PH,https://levi.com.ph/products/levis-womens-slim-polo-shirt-525990000,2026-04-24T01:36:56.618510,live
Levi's,Levi's® Women's Tabor T-Shirt,t-shirt,"l is 5'7"", Waist 24"", Wearing size small Composition & Care 100% Cotton Machine wash cold, Do not bleach, Tumble dry low, Warm iron","{""cotton"": 100.0}",cotton,100.0,high,philippine,PH,https://levi.com.ph/products/levis-womens-tabor-t-shirt-001hi0004,2026-04-24T01:36:57.624194,live
Levi's,Levi's® Women's Satellite Polo Sweater,polo,"is 5'10"", Waist 26"", Wearing size small Composition & Care 100% Cotton Machine wash cold - delicate cycle, Do not bleach, Tumble d","{""cotton"": 100.0}",cotton,100.0,high,philippine,PH,https://levi.com.ph/products/levis-womens-satellite-polo-sweater-0012n0009,2026-04-24T01:37:00.498530,live
Levi's,Levi's® Women's Graphic Mini Ringer T-Shirt,t-shirt,""" waist. They're wearing a size 31 x 32. Composition & Care 100% Cotton Machine wash cold, Do not bleach, Tumble dry low, Warm iron","{""cotton"": 100.0}",cotton,100.0,high,philippine,PH,https://levi.com.ph/products/levis-womens-graphic-mini-ringer-t-shirt-a35230101,2026-04-24T01:37:01.443364,live
Levi's,Levi's® Women's Perfect T-Shirt,t-shirt,""" waist. They're wearing a size 25 x 30. Composition & Care 100% Cotton Wash and dry inside out with like colors, Liquid detergent","{""cotton"": 100.0}",cotton,100.0,high,philippine,PH,https://levi.com.ph/products/levis-womens-perfect-t-shirt-391850008,2026-04-24T01:37:02.888361,live
Levi's,Levi's® Women's Essential Housemark Short-Sleeve Tee,t-shirt,"l is 5'9"", Waist 27"", Wearing size small Composition & Care 100% Cotton Machine wash cold, Do not bleach, Tumble dry low, Warm iron","{""cotton"": 100.0}",cotton,100.0,high,philippine,PH,https://levi.com.ph/products/levis-womens-essential-housemark-short-sleeve-tee-000kk0001,2026-04-24T01:37:05.108337,live
Levi's,Levi's® Women's Essential Sporty T-Shirt,t-shirt,"26"" waist. They're wearing a size small. Composition & Care 100% Cotton Machine Wash Cold, Do Not Bleach, Tumble Dry Low, Warm Iron","{""cotton"": 100.0}",cotton,100.0,high,philippine,PH,https://levi.com.ph/products/levis-womens-essential-sporty-t-shirt-a74190001,2026-04-24T01:37:05.953673,live
Levi's,Levi's® Blue Tab™ Women's Relaxed Blazer,blazer,"ton-down collar Relaxed fit Long sleeves Composition & Care 100% Cotton Do not wash, Do not bleach, Do not tumble dry, Cool iron if","{""cotton"": 100.0}",cotton,100.0,high,philippine,PH,https://levi.com.ph/products/levis-blue-tab-womens-relaxed-blazer-001lv0000,2026-04-24T01:37:07.378441,live
Levi's,Levi's® Women's Doreen Utility Shirt,shirt,"24"" waist. They're wearing a size small. Composition & Care 100% Lyocell (Lenzing TENCEL Lyocell) Machine Wash Cold - Delicate Cycl","{""lyocell"": 100.0}",lyocell,100.0,high,philippine,PH,https://levi.com.ph/products/levis-womens-doreen-utility-shirt-a74670009,2026-04-24T01:37:08.852178,live
Levi's,Levi's® Women's Margot Long-Sleeve T-Shirt,t-shirt,"t Fits Crewneck Relaxed fit Long sleeves Composition & Care 100% Cotton Machine wash cold, Do not bleach, Tumble dry low, Warm iron","{""cotton"": 100.0}",cotton,100.0,high,philippine,PH,https://levi.com.ph/products/levis-womens-margot-long-sleeve-t-shirt-a72480015,2026-04-24T01:37:09.609457,live
Levi's,Levi's® Blue Tab™ Women's Lined Seamed Trucker Jacket,jacket,"utton-down collar Loose fit Long sleeves Composition & Care 100% Cotton Machine wash cold, Do not bleach, Tumble dry medium, Hot ir","{""cotton"": 100.0}",cotton,100.0,high,philippine,PH,https://levi.com.ph/products/levis-blue-tab-womens-lined-seamed-trucker-jacket-001lt0000,2026-04-24T01:37:10.513358,live
Levi's,Levi's® Women's Lunar New Year Button-Up Shirt,shirt,ow it Fits Regular Slim fit Long sleeves Composition & Care 100% Cotton × Supports Contact Us FAQ Returns Find A Store Track Order,"{""cotton"": 100.0}",cotton,100.0,high,philippine,PH,https://levi.com.ph/products/levis-womens-lunar-new-year-button-up-shirt-002v70000,2026-04-24T01:37:11.236314,live
Levi's,Levi's® Women's Graphic Essential T-Shirt,t-shirt,"it Fits Crewneck Slim fit Short sleeves Composition & Care 100% Cotton Machine wash cold, Do not bleach, Tumble dry low, Warm iron","{""cotton"": 100.0}",cotton,100.0,high,philippine,PH,https://levi.com.ph/products/levis-womens-graphic-essential-t-shirt-001my0000,2026-04-24T01:37:11.932504,live
Levi's,Levi's® Women's Ultimate Western Shirt,shirt,"28"" waist. They're wearing a size small. Composition & Care 100% cotton Machine wash cold, wash and dry inside out with like colors","{""cotton"": 100.0}",cotton,100.0,high,philippine,PH,https://levi.com.ph/products/levis-womens-ultimate-western-shirt-868320018,2026-04-24T01:37:13.433748,live
Levi's,Levi's® Women's Carinna Blouse,shirt,"r: In Patches 2 How it Fits Standard fit Composition & Care 100% lyocell (Lenzing Tencel) Machine Wash Warm, Do Not Bleach, Tumble","{""lyocell"": 100.0}",lyocell,100.0,high,philippine,PH,https://levi.com.ph/products/levis-womens-carinna-blouse-a84310000,2026-04-24T01:37:14.178211,live
Levi's,Levi's® Blue Tab™ Women's Club Shirt,shirt,"on-down collar Standard fit Long sleeves Composition & Care 100% Cotton Machine wash cold, Do not bleach, Tumble dry medium, Hot ir","{""cotton"": 100.0}",cotton,100.0,high,philippine,PH,https://levi.com.ph/products/levis-blue-tab-womens-club-shirt-001lp0000,2026-04-24T01:37:15.833410,live
Levi's,Levi's® Women's Long Sleeve Perfect Tee,t-shirt,eight (feet): 5.8 Model height (cm): 176 Composition & Care 100% Cotton ECOVERO™ is a trademark of Lenzing AG. × Supports Contact U,"{""cotton"": 100.0}",cotton,100.0,high,philippine,PH,https://levi.com.ph/products/levis-womens-long-sleeve-perfect-tee-a30520000,2026-04-24T01:37:16.470031,live
Levi's,Levi's® Women's Classic Shirt,shirt,"9"" waist. They're wearing a size medium. Composition & Care 100% Cotton Machine wash warm, Do not bleach, Tumble dry low, Warm iron","{""cotton"": 100.0}",cotton,100.0,high,philippine,PH,https://levi.com.ph/products/levis-womens-classic-shirt-345740044,2026-04-24T01:37:18.919907,live
Levi's,Levi's® Women's Graphic Short Stack T-Shirt,t-shirt,"it Fits Crewneck Loose fit Short sleeves Composition & Care 100% Cotton Machine wash cold, Do not bleach, Tumble dry low, Warm iron","{""cotton"": 100.0}",cotton,100.0,high,philippine,PH,https://levi.com.ph/products/levis-womens-graphic-short-stack-t-shirt-a49240079,2026-04-24T01:37:19.708274,live
Levi's,Levi's® Women's Karly Blouse,shirt,"hambray How it Fits Standard Long Sleeve Composition & Care 55% cotton, 45% viscose (ECOVERO™) Machine Wash Warm, Do Not Bleach, T","{""cotton"": 55.0, ""viscose"": 45.0}",cotton,100.0,high,philippine,PH,https://levi.com.ph/products/levis-womens-karly-blouse-a76020002,2026-04-24T01:37:21.745975,live
Levi's,Levi's® Blue Tab™ Women's Mariner Skirt,skirt,e How it Fits Denim High rise 003JI-0000 Composition & Care 100% Cotton × Supports Contact Us FAQ Returns Find A Store Track Order,"{""cotton"": 100.0}",cotton,100.0,high,philippine,PH,https://levi.com.ph/products/levis-blue-tab-womens-mariner-skirt-003ji0000,2026-04-24T01:37:23.055017,live
Levi's,Levi's® Women's Godet Knee-Length Skirt,skirt,"yling Regular through the thigh Mid rise Composition & Care 55% Cotton, 45% Lyocell (Lenzing TENCEL™ Lyocell) × Supports Contact U","{""cotton"": 55.0, ""lyocell"": 45.0}",cotton,100.0,high,philippine,PH,https://levi.com.ph/products/levis-womens-godet-knee-length-skirt-005n80002,2026-04-24T01:37:24.308618,live
Levi's,Levi's® Women's Quincey Long-Sleeve Maxi Dress,dress,"lar Long sleeves Standard fit 004H3-0000 Composition & Care 60% Lyocell (Lenzing TENCEL™ Lyocell), 40% Cotton × Supports Contact Us","{""lyocell"": 60.0, ""cotton"": 40.0}",lyocell,100.0,high,philippine,PH,https://levi.com.ph/products/levis-womens-quincey-long-sleeve-maxi-dress-004h30000,2026-04-24T01:37:25.972324,live
Levi's,Levi's® Women's High-Rise A-Line Deconstructed Skirt,skirt,"1/2"",Measurements based on size 27 waist Composition & Care 100% Cotton Wash your jeans once every 10 wears at most; this increases","{""cotton"": 100.0}",cotton,100.0,high,philippine,PH,https://levi.com.ph/products/levis-womens-high-rise-a-line-deconstructed-skirt-a93160001,2026-04-24T01:37:26.589212,live
Levi's,Levi's® Women's Alessie Bustier Dress,dress,"is 5'10"", Waist 26"", Wearing size small Composition & Care 100% Cotton Machine wash cold, Do not bleach, Tumble dry medium, Hot ir","{""cotton"": 100.0}",cotton,100.0,high,philippine,PH,https://levi.com.ph/products/levis-womens-alessie-bustier-dress-001wb0000,2026-04-24T01:37:28.111392,live
Levi's,Levi's® Women's Decon Skirt,skirt,"surements based on size 27 waist""}]}]}]} Composition & Care 100% Cotton × Supports Contact Us FAQ Returns Find A Store Track Order","{""cotton"": 100.0}",cotton,100.0,high,philippine,PH,https://levi.com.ph/products/levis-womens-decon-skirt-a93160019,2026-04-24T01:37:31.779135,live
Levi's,Levi's® Blue Tab™ Women's Seamed Skirt,skirt,yling Regular through the thigh Mid rise Composition & Care 100% Cotton Wash your jeans once every 10 wears at most; this increases,"{""cotton"": 100.0}",cotton,100.0,high,philippine,PH,https://levi.com.ph/products/levis-blue-tab-womens-seamed-skirt-001lw0000,2026-04-24T01:37:33.325438,live
Levi's,Levi's® Women's Ellie Denim Dress,dress,eight (feet): 5.7 Model height (cm): 173 Composition & Care 100% cotton Machine wash cold - normal cycle. wash inside out with like,"{""cotton"": 100.0}",cotton,100.0,high,philippine,PH,https://levi.com.ph/products/levis-womens-ellie-denim-dress-389500004,2026-04-24T01:37:33.908072,live
Levi's,Levi's® Women's Godet Mini Skirt,skirt,"p fly Regular through the thigh Mid rise Composition & Care 55% Cotton, 45% Lyocell (Lenzing TENCEL™ Lyocell) × Supports Contact U","{""cotton"": 55.0, ""lyocell"": 45.0}",cotton,100.0,high,philippine,PH,https://levi.com.ph/products/levis-womens-godet-mini-skirt-005dv0005,2026-04-24T01:37:34.790865,live
Levi's,Levi's® Women's Jolene Maxi Dress,dress,"is 5'10"", Waist 26"", Wearing size small Composition & Care 100% Cotton Machine wash cold, Do not bleach, Tumble dry medium, Hot ir","{""cotton"": 100.0}",cotton,100.0,high,philippine,PH,https://levi.com.ph/products/levis-womens-jolene-maxi-dress-001hs0001,2026-04-24T01:37:36.195250,live
Levi's,Levi's® Blue Tab™ Women's Roper Skirt,skirt,p fly Regular through the thigh Mid rise Composition & Care 100% Cotton × Supports Contact Us FAQ Returns Find A Store Track Order,"{""cotton"": 100.0}",cotton,100.0,high,philippine,PH,https://levi.com.ph/products/levis-blue-tab-womens-roper-skirt-004ta0000,2026-04-24T01:37:37.760383,live
Levi's,Levi's® Women's Otto Western Mini Denim Dress,dress,": Square Deal 2 How it Fits Standard fit Composition & Care 60% lyocell (Lenzing Tencel), 40% cotton Machine Wash Warm, Do Not Ble","{""lyocell"": 60.0, ""cotton"": 40.0}",lyocell,100.0,high,philippine,PH,https://levi.com.ph/products/levis-womens-otto-western-mini-denim-dress-a75650000,2026-04-24T01:37:38.828086,live
Levi's,Levi's® Women's Vintage Boxy Sweatshirt,hoodie,neck Long sleeves Relaxed fit 006DW-0002 Composition & Care 100% Cotton × Supports Contact Us FAQ Returns Find A Store Track Order,"{""cotton"": 100.0}",cotton,100.0,high,philippine,PH,https://levi.com.ph/products/levis-womens-vintage-boxy-sweatshirt-006dw0002,2026-04-24T01:37:41.564818,live
Levi's,Levi's® Women's Everyday Hoodie,hoodie,"Fleece Hoodie Long sleeves Standard fit Composition & Care 58% Cotton, 42% Polyester × Supports Contact Us FAQ Returns Find A Sto","{""cotton"": 58.0, ""polyester"": 42.0}",cotton,58.0,medium,philippine,PH,https://levi.com.ph/products/levis-womens-everyday-hoodie-a88010043,2026-04-24T01:37:42.304365,live
Levi's,Levi's® Women's Graphic Leo Hoodie,hoodie,ch Terry Hoodie Long sleeves Relaxed fit Composition & Care 100% Cotton × Supports Contact Us FAQ Returns Find A Store Track Order,"{""cotton"": 100.0}",cotton,100.0,high,philippine,PH,https://levi.com.ph/products/levis-womens-graphic-leo-hoodie-a94140009,2026-04-24T01:37:52.790610,live
Levi's,Levi's® Women's Leilah Cable Crewneck Sweater,knitwear,Cotton Crewneck Long sleeves Relaxed fit Composition & Care 100% Cotton × Supports Contact Us FAQ Returns Find A Store Track Order,"{""cotton"": 100.0}",cotton,100.0,high,philippine,PH,https://levi.com.ph/products/levis-womens-leilah-cable-crewneck-sweater-0063a0001,2026-04-24T01:37:56.521194,live
Levi's,Levi's® Women's Ottie Long-Sleeve Blouse,shirt,"t Fits Viscose Long sleeves Standard fit Composition & Care 60% Viscose (ECOVERO™), 40% Cotton × Supports Contact Us FAQ Returns Fi","{""viscose"": 60.0, ""cotton"": 40.0}",viscose,100.0,high,philippine,PH,https://levi.com.ph/products/levis-womens-ottie-long-sleeve-blouse-005zt0002,2026-04-24T01:38:02.110156,live
Levi's,Levi's® Women's Elaine Utility Shirt,shirt,ll Point collar Long sleeves Relaxed fit Composition & Care 100% Lyocell (Lenzing TENCEL™ Lyocell) × Supports Contact Us FAQ Returns,"{""lyocell"": 100.0}",lyocell,100.0,high,philippine,PH,https://levi.com.ph/products/levis-womens-elaine-utility-shirt-005nj0011,2026-04-24T01:38:03.021125,live
Levi's,Levi's® Women's Blair Boatneck Top,top,"Fits Jersey Boatneck Sleeveless Slim fit Composition & Care 57% Cotton, 5% Elastane, 38% Modal (Generic) × Supports Contact Us FAQ","{""cotton"": 57.0, ""elastane"": 5.0, ""modal"": 38.0}",cotton,95.0,high,philippine,PH,https://levi.com.ph/products/levis-womens-blair-boatneck-top-005iz0005,2026-04-24T01:38:03.866677,live
Levi's,Levi's® Women's 315 Shaping Bootcut Jeans,jeans,"17"",Measurements based on size 27 waist Composition & Care 80% Cotton, 19% Polyester, 1% Elastane (LYCRA®) × Supports Contact Us","{""cotton"": 80.0, ""polyester"": 19.0, ""elastane"": 1.0}",cotton,80.0,medium,philippine,PH,https://levi.com.ph/products/levis-womens-315-shaping-bootcut-jeans-196320171,2026-04-24T01:38:05.040587,live
Levi's,Levi's® Women's Logan Short-Sleeve Denim Shirt,shirt,"Denim Point collar Short sleeves Cropped Composition & Care 55% Cotton, 45% Lyocell (Lenzing TENCEL™ Lyocell) × Supports Contact U","{""cotton"": 55.0, ""lyocell"": 45.0}",cotton,100.0,high,philippine,PH,https://levi.com.ph/products/levis-womens-logan-short-sleeve-denim-shirt-005cr0003,2026-04-24T01:38:06.440580,live
Levi's,Levi's® Women's Ribcage Wide-Leg Jeans,jeans,"22"", Measurements based on size 27 waist Composition & Care 55% Cotton, 45% Lyocell (Lenzing TENCEL™ Lyocell) × Supports Contact U","{""cotton"": 55.0, ""lyocell"": 45.0}",cotton,100.0,high,philippine,PH,https://levi.com.ph/products/levis-womens-ribcage-wide-leg-jeans-a60810079,2026-04-24T01:38:08.163577,live
Levi's,Levi's® Women's Graphic Favorite Tee,t-shirt,tton Crewneck Short sleeves Standard fit Composition & Care 100% Cotton × Supports Contact Us FAQ Returns Find A Store Track Order,"{""cotton"": 100.0}",cotton,100.0,high,philippine,PH,https://levi.com.ph/products/levis-womens-graphic-favorite-tee-005gv0008,2026-04-24T01:38:11.477786,live
Levi's,Levi's® Women's Logan Shirt,shirt,m Point collar Long sleeves Standard fit Composition & Care 100% Cotton × Supports Contact Us FAQ Returns Find A Store Track Order,"{""cotton"": 100.0}",cotton,100.0,high,philippine,PH,https://levi.com.ph/products/levis-womens-logan-shirt-005dw0005,2026-04-24T01:38:12.666123,live
Levi's,Levi's® Women's Favorite Cotton Tee,t-shirt,rsey Crewneck Short sleeves Standard fit Composition & Care 100% Cotton × Supports Contact Us FAQ Returns Find A Store Track Order,"{""cotton"": 100.0}",cotton,100.0,high,philippine,PH,https://levi.com.ph/products/levis-womens-favorite-cotton-tee-005j20012,2026-04-24T01:38:17.804288,live
Levi's,Levi's® Women's Dry Goods Tee,t-shirt,"s Cotton Crewneck Short sleeves Slim fit Composition & Care 95% Cotton, 5% Elastane × Supports Contact Us FAQ Returns Find A Store","{""cotton"": 95.0, ""elastane"": 5.0}",cotton,95.0,high,philippine,PH,https://levi.com.ph/products/levis-womens-dry-goods-tee-005im0002,2026-04-24T01:38:18.585613,live
Levi's,Levi's® Women's Blouson Trucker Jacket,jacket,ton-down collar Long sleeves Relaxed fit Composition & Care 100% Cotton × Supports Contact Us FAQ Returns Find A Store Track Order,"{""cotton"": 100.0}",cotton,100.0,high,philippine,PH,https://levi.com.ph/products/levis-womens-blouson-trucker-jacket-005nq0001,2026-04-24T01:38:22.180889,live
Levi's,Levi's® Blue Tab™ Women's Bandit Blouse,shirt,"n-down collar Short sleeves Standard fit Composition & Care 55% Cotton, 45% Viscose × Supports Contact Us FAQ Returns Find A Store","{""cotton"": 55.0, ""viscose"": 45.0}",cotton,100.0,high,philippine,PH,https://levi.com.ph/products/levis-blue-tab-womens-bandit-blouse-004tr0000,2026-04-24T01:38:24.826499,live
Levi's,Levi's® Women's Cinch Wide-Leg Jeans,jeans,"axed through the seat and thigh Mid rise Composition & Care 65% Cotton, 35% Lyocell (Lenzing TENCEL™ Lyocell) × Supports Contact U","{""cotton"": 65.0, ""lyocell"": 35.0}",cotton,100.0,high,philippine,PH,https://levi.com.ph/products/levis-womens-cinch-wide-leg-jeans-0073b0003,2026-04-24T01:38:26.255535,live
Levi's,Levi's® Women's Clara Off Shoulder Long-Sleeve Top,top,"ow it Fits Viscose Long sleeves Slim fit Composition & Care 92% Viscose, 8% Elastane × Supports Contact Us FAQ Returns Find A Store","{""viscose"": 92.0, ""elastane"": 8.0}",viscose,92.0,high,philippine,PH,https://levi.com.ph/products/levis-womens-clara-off-shoulder-long-sleeve-top-005it0002,2026-04-24T01:38:26.859496,live
Levi's,Le Indigo Tencel Western Shirt,shirt,"Down Collar Long Sleeve Standard/Regular Composition & Care 10%Cotton, 69%Tencell Lyocell, 15%Polyester, 6% Linen × Supports Cont","{""cotton"": 10.0, ""tencel"": 69.0, ""polyester"": 15.0, ""linen"": 6.0}",tencel,85.0,high,philippine,PH,https://levi.com.ph/products/le-indigo-tencel-western-shirt-006qh0001,2026-04-24T01:38:27.572012,live
Levi's,Levi's® Women's Novelty Harlie BF Shirt,shirt,it Fits Poplin Point collar Long sleeves Composition & Care 100% Cotton × Supports Contact Us FAQ Returns Find A Store Track Order,"{""cotton"": 100.0}",cotton,100.0,high,philippine,PH,https://levi.com.ph/products/levis-womens-novelty-harlie-bf-shirt-005dx0000,2026-04-24T01:38:31.754786,live
Levi's,Levi's® Women's Baggy Dad Jeans,jeans,"1/4"",Measurements based on size 27 waist Composition & Care 100% Cotton Wash your jeans once every 10 wears at most; this increases","{""cotton"": 100.0}",cotton,100.0,high,philippine,PH,https://levi.com.ph/products/levis-womens-baggy-dad-jeans-a34940036,2026-04-24T01:38:33.977845,live
Levi's,Levi's® Women's Loose Boot Jeans,jeans,ugh the seat and thigh Boot Cut Mid rise Composition & Care 100% Cotton × Supports Contact Us FAQ Returns Find A Store Track Order,"{""cotton"": 100.0}",cotton,100.0,high,philippine,PH,https://levi.com.ph/products/levis-womens-loose-boot-jeans-005do0000,2026-04-24T01:38:37.922014,live
Levi's,Levi's® Men's Long-Sleeve Authentic Pocket T-Shirt,t-shirt,"t Fits Crewneck Relaxed fit Long sleeves Composition & Care 100% Cotton Machine wash cold, Do not bleach, Tumble dry low, Warm iron","{""cotton"": 100.0}",cotton,100.0,high,philippine,PH,https://levi.com.ph/products/levis-mens-long-sleeve-authentic-pocket-t-shirt-a92470001,2026-04-24T01:38:39.846727,live
Levi's,Levi's® Men's Graphic Vintage Fit T-Shirt,t-shirt,"e decided to revive it for the 21st century. With supersoft 100% cotton jersey and a relaxed fit, this Graphic Vintage Fit T-Shirt","{""cotton"": 100.0}",cotton,100.0,high,philippine,PH,https://levi.com.ph/products/levis-mens-graphic-vintage-fit-t-shirt-873730176,2026-04-24T01:38:40.600127,live
Levi's,Levi's® Men's Authentic Button-Down Shirt,shirt,"is 6'1"", Waist 32"", Wearing size medium Composition & Care 100% Cotton Machine wash cold, Do not bleach, Tumble dry medium, Hot ir","{""cotton"": 100.0}",cotton,100.0,high,philippine,PH,https://levi.com.ph/products/levis-mens-authentic-button-down-shirt-a72100025,2026-04-24T01:38:41.259427,live
Levi's,Levi's® Men's Red Tab Vintage T-Shirt,t-shirt,"e decided to revive it for the 21st century. With supersoft 100% cotton jersey and a relaxed fit, this is the essential tee at its","{""cotton"": 100.0}",cotton,100.0,high,philippine,PH,https://levi.com.ph/products/levis-mens-red-tab-vintage-t-shirt-a06370001,2026-04-24T01:38:42.075743,live
Levi's,Levi's® Men's Graphic Set-In Neck T-Shirt,t-shirt,"1"" waist. They're wearing a size 31 x 9. Composition & Care 100% Cotton Machine wash cold, Do not bleach, Tumble dry low, Warm iron","{""cotton"": 100.0}",cotton,100.0,high,philippine,PH,https://levi.com.ph/products/levis-mens-graphic-set-in-neck-t-shirt-177830199,2026-04-24T01:38:42.692448,live
Levi's,Levi's® Men's Original Housemark T-Shirt,t-shirt,""" waist. They're wearing a size 29 x 32. Composition & Care 100% Cotton Machine wash cold, do not bleach, tumble dry low, warm Iron","{""cotton"": 100.0}",cotton,100.0,high,philippine,PH,https://levi.com.ph/products/levis-mens-original-housemark-t-shirt-566050000,2026-04-24T01:38:44.222880,live
Levi's,Levi's® Men's Workwear T-Shirt,t-shirt,"8"" waist. They're wearing a size medium. Composition & Care 100% cotton Machine wash cold,Do not bleach,Tumble dry low,Warm iron if","{""cotton"": 100.0}",cotton,100.0,high,philippine,PH,https://levi.com.ph/products/levis-mens-workwear-t-shirt-a58500004,2026-04-24T01:38:45.919118,live
Levi's,Levi's® Men's Sunset Pocket Standard Fit Shirt,shirt,"a 28"" waist. They're wearing a size 28. Composition & Care 100% Cotton Wash and dry inside out with like colors, preferably with a","{""cotton"": 100.0}",cotton,100.0,high,philippine,PH,https://levi.com.ph/products/levis-mens-sunset-pocket-standard-fit-shirt-857460000,2026-04-24T01:38:46.554005,live
Levi's,Levi's® Men's Logo Graphic T-Shirt,t-shirt,""" waist. They're wearing a size 26 x 30. Composition & Care 100% cotton Machine wash cold - normal cycle. wash inside out with like","{""cotton"": 100.0}",cotton,100.0,high,philippine,PH,https://levi.com.ph/products/levis-mens-logo-graphic-t-shirt-396360000,2026-04-24T01:38:50.435233,live
Levi's,Levi's® Men's Red Tab™ Vintage T-Shirt,t-shirt,"e decided to revive it for the 21st century. With supersoft 100% cotton jersey and a relaxed fit, this Red Tab™ Vintage T-Shirt is","{""cotton"": 100.0}",cotton,100.0,high,philippine,PH,https://levi.com.ph/products/levis-mens-red-tab-vintage-t-shirt-a06370000,2026-04-24T01:38:51.133435,live
Levi's,Levi's® Men's Vintage Batwing Graphic T-Shirt,t-shirt,"ersey Crewneck Short sleeves Relaxed fit Composition & Care 100% Cotton Machine wash cold, Do not bleach, Tumble dry low, Warm iron","{""cotton"": 100.0}",cotton,100.0,high,philippine,PH,https://levi.com.ph/products/levis-mens-vintage-batwing-graphic-t-shirt-000ry0002,2026-04-24T01:38:51.736516,live
Levi's,Levi's® The Trucker Jacket,jacket,"26"" waist. They're wearing a size small. Composition & Care 98% Cotton, 2% Elastane (Lycra®) Wash your Trucker Jacket sparingly an","{""cotton"": 98.0, ""elastane"": 2.0}",cotton,98.0,high,philippine,PH,https://levi.com.ph/products/levis-the-trucker-jacket-723340322,2026-04-24T01:38:53.640857,live
Levi's,Levi's® Men's Graphic Set-In Neck T-shirt,t-shirt,"29"" waist. They're wearing a size small. Composition & Care 100% Cotton Machine wash cold - normal cycle. Wash inside out with like","{""cotton"": 100.0}",cotton,100.0,high,philippine,PH,https://levi.com.ph/products/levis-mens-graphic-set-in-neck-t-shirt-177830140,2026-04-24T01:38:54.695910,live
Levi's,Levi's® Men's Classic One Pocket Standard Fit Shirt,shirt,"24"" waist. They're wearing a size small. Composition & Care 100% Cotton Wash and dry inside out with like colors, preferably with a","{""cotton"": 100.0}",cotton,100.0,high,philippine,PH,https://levi.com.ph/products/levis-mens-classic-one-pocket-standard-fit-shirt-857480068,2026-04-24T01:38:56.112384,live
Levi's,Levi's® Men's Classic Pocket Standard Fit Shirt,shirt,"24"" waist. They're wearing a size small. Composition & Care 100% Cotton Machine Wash Cold, Do Not Bleach, Tumble Dry Medium, Warm I","{""cotton"": 100.0}",cotton,100.0,high,philippine,PH,https://levi.com.ph/products/levis-mens-classic-pocket-standard-fit-shirt-857480059,2026-04-24T01:38:58.138265,live
Levi's,Levi’s® Men’s Destination T-Shirt,t-shirt,"9"" waist. They're wearing a size medium. Composition & Care 100% cotton Machine wash cold,Do not bleach,Tumble dry low,Warm iron if","{""cotton"": 100.0}",cotton,100.0,high,philippine,PH,https://levi.com.ph/products/levis-mens-destination-t-shirt-219450357,2026-04-24T01:38:59.049907,live
Levi's,Levi's® Men's Heavyweight Pocket T-Shirt,t-shirt,"Fits Crewneck Relaxed fit Short sleeves Composition & Care 100% Cotton Machine wash cold, Do not bleach, Tumble dry low, Warm iron","{""cotton"": 100.0}",cotton,100.0,high,philippine,PH,https://levi.com.ph/products/levis-mens-heavyweight-pocket-t-shirt-a86050001,2026-04-24T01:39:00.952416,live
Levi's,Levi's® Men's Relaxed Fit Short-Sleeve Graphic T-Shirt,t-shirt,"gh The Seat And Thigh Sits At Your Waist Composition & Care 100% cotton Machine wash cold - normal cycle. wash with like colors, do","{""cotton"": 100.0}",cotton,100.0,high,philippine,PH,https://levi.com.ph/products/levis-mens-relaxed-fit-short-sleeve-graphic-t-shirt-161431395,2026-04-24T01:39:05.439138,live
Levi's,Levi's® Men's Housemark Polo Shirt With Performance Cool,polo,"a 28"" waist. They're wearing a size 28. Composition & Care 100% cotton Machine wash cold, do not bleach, tumble dry low, warm Iron","{""cotton"": 100.0}",cotton,100.0,high,philippine,PH,https://levi.com.ph/products/levis-mens-housemark-polo-shirt-with-performance-cool-358830005,2026-04-24T01:39:06.145265,live
Levi's,Levi's® Men's Relaxed Fit Short Sleeve Graphic T-Shirt,t-shirt,"Model is 6'1"", Waist 28"", Wearing size M Composition & Care 100% Cotton Machine wash cold, Do not bleach, Tumble dry low, Warm iron","{""cotton"": 100.0}",cotton,100.0,high,philippine,PH,https://levi.com.ph/products/levis-mens-relaxed-fit-short-sleeve-graphic-t-shirt-161431925,2026-04-24T01:39:06.841233,live
Levi's,Levi's® Men's Short Sleeve Classic 1 Pocket Standard Fit Shirt,shirt,"29"" waist. They're wearing a size small. Composition & Care 100% Cotton Wash and dry inside out with like colors, preferably with a","{""cotton"": 100.0}",cotton,100.0,high,philippine,PH,https://levi.com.ph/products/levis-mens-short-sleeve-classic-1-pocket-standard-fit-shirt-866270000,2026-04-24T01:39:07.441723,live
Levi's,Levi's® Men's Housemark Polo Shirt,polo,"a 24"" waist. They're wearing a size 24. Composition & Care 100% cotton Machine wash cold, do not bleach, tumble dry low, warm iron","{""cotton"": 100.0}",cotton,100.0,high,philippine,PH,https://levi.com.ph/products/levis-mens-housemark-polo-shirt-358830007,2026-04-24T01:39:10.470855,live
Levi's,Levi's® Men's Classic Standard Fit Western Shirt,shirt,"a 24"" waist. They're wearing a size 25. Composition & Care 100% Cotton Wash and dry inside out with like colors, preferably with a","{""cotton"": 100.0}",cotton,100.0,high,philippine,PH,https://levi.com.ph/products/levis-mens-classic-standard-fit-western-shirt-857450002,2026-04-24T01:39:12.903113,live
Levi's,Levi's® Blue Tab™ Men's Relaxed Tee,t-shirt,"Fits Crewneck Relaxed fit Short sleeves Composition & Care 100% Cotton Machine wash cold, Do not bleach, Tumble dry low, Warm iron","{""cotton"": 100.0}",cotton,100.0,high,philippine,PH,https://levi.com.ph/products/levis-blue-tab-mens-relaxed-tee-001lj0001,2026-04-24T01:39:13.528236,live
Levi's,Levi's® Men's Relaxed Fit Western Shirt,shirt,"26"" waist. They're wearing a size small. Composition & Care 100% Cotton Machine wash cold, Do not bleach, Tumble dry medium, Hot ir","{""cotton"": 100.0}",cotton,100.0,high,philippine,PH,https://levi.com.ph/products/levis-mens-relaxed-fit-western-shirt-a19190030,2026-04-24T01:39:17.568132,live
Levi's,Levi's® Men's Short-Sleeve Classic Standard Fit Shirt,shirt,"is 6'1"", Waist 30"", Wearing size medium Composition & Care 100% Cotton Machine wash cold, Do not bleach, Tumble dry medium, Hot ir","{""cotton"": 100.0}",cotton,100.0,high,philippine,PH,https://levi.com.ph/products/levis-mens-short-sleeve-classic-standard-fit-shirt-866270267,2026-04-24T01:39:20.950708,live
Levi's,Levi's® Men's Short-Sleeve Pacifica Loose Shirt,shirt,ord Point collar Short sleeves Loose fit Composition & Care 100% Cotton × Supports Contact Us FAQ Returns Find A Store Track Order,"{""cotton"": 100.0}",cotton,100.0,high,philippine,PH,https://levi.com.ph/products/levis-mens-short-sleeve-pacifica-loose-shirt-005gi0001,2026-04-24T01:39:25.967682,live
Levi's,Levi's® Men's Short-Sleeve Authentic Button-Down Shirt,shirt,lar Short sleeves Relaxed fit A9161-0020 Composition & Care 100% Cotton × Supports Contact Us FAQ Returns Find A Store Track Order,"{""cotton"": 100.0}",cotton,100.0,high,philippine,PH,https://levi.com.ph/products/levis-mens-short-sleeve-authentic-button-down-shirt-a91610020,2026-04-24T01:39:27.364861,live
Levi's,Levi's® Men's Camp Shirt,shirt,PC9 # 004PF0000 Color: Elowen Stripe Vapor Grey How it Fits 100% Cotton Composition & Care Point collar Short sleeves Relaxed fit ×,"{""cotton"": 100.0}",cotton,100.0,high,philippine,PH,https://levi.com.ph/products/levis-mens-camp-shirt-004pf0000,2026-04-24T01:39:31.644881,live
Levi's,Levi's® Men's Barstow Standard Fit Western Shirt,shirt,d Point collar Long sleeves Standard fit Composition & Care 100% Cotton × Supports Contact Us FAQ Returns Find A Store Track Order,"{""cotton"": 100.0}",cotton,100.0,high,philippine,PH,https://levi.com.ph/products/levis-mens-barstow-standard-fit-western-shirt-857440120,2026-04-24T01:39:34.987427,live
Levi's,Levi's® Men's Relaxed Western Shirt,shirt,llar Long sleeves Relaxed fit A1919-0069 Composition & Care 100% Cotton × Supports Contact Us FAQ Returns Find A Store Track Order,"{""cotton"": 100.0}",cotton,100.0,high,philippine,PH,https://levi.com.ph/products/levis-mens-relaxed-western-shirt-a19190069,2026-04-24T01:39:35.745398,live
Levi's,Levi's® Men's Zandt Cropped Shirt,shirt,ton-down collar Long sleeves Relaxed fit Composition & Care 100% Cotton × Supports Contact Us FAQ Returns Find A Store Track Order,"{""cotton"": 100.0}",cotton,100.0,high,philippine,PH,https://levi.com.ph/products/levis-mens-zandt-cropped-shirt-004gc0001,2026-04-24T01:39:37.706849,live
Levi's,Levi's® Men's Classic Camp Shirt,shirt,"219760114 Color: Jude Textured Geo Dress Blues How it Fits 100% Viscose (ECOVERO™) Machine wash cold - delicate cycle, Do not bleac","{""viscose"": 100.0}",viscose,100.0,high,philippine,PH,https://levi.com.ph/products/levis-mens-classic-camp-shirt-219760114,2026-04-24T01:39:38.345833,live
Levi's,Levi's® Men's Short-Sleeve Sunset Standard Camp Shirt,shirt,"n-down collar Short sleeves Standard fit Composition & Care 55% Viscose (ECOVERO™), 45% Linen × Supports Contact Us FAQ Returns Fin","{""viscose"": 55.0, ""linen"": 45.0}",viscose,100.0,high,philippine,PH,https://levi.com.ph/products/levis-mens-short-sleeve-sunset-standard-camp-shirt-004gd0002,2026-04-24T01:39:41.760237,live
Levi's,Levi's® Men's Blue Tab™ Relaxed Button-Up Shirt,shirt,ton-down collar Long sleeves Relaxed fit Composition & Care 100% Cotton × Supports Contact Us FAQ Returns Find A Store Track Order,"{""cotton"": 100.0}",cotton,100.0,high,philippine,PH,https://levi.com.ph/products/levis-mens-blue-tab-relaxed-button-up-shirt-001li0003,2026-04-24T01:39:45.796866,live
Levi's,Levi's® Men's Short-Sleeve Lama Boxy Shirt,shirt,"bby Point collar Short sleeves Loose fit Composition & Care 53% Lyocell (Lenzing TENCEL™ Lyocell), 47% Cotton × Supports Contact Us","{""lyocell"": 53.0, ""cotton"": 47.0}",lyocell,100.0,high,philippine,PH,https://levi.com.ph/products/levis-mens-short-sleeve-lama-boxy-shirt-005gh0002,2026-04-24T01:39:54.591064,live
Levi's,Levi's® Men's Authentic Crewneck Sweatshirt,hoodie,"e Crewneck Long sleeves Loose A9244-0000 Composition & Care 88% Cotton, 12% Polyester Machine wash cold, Do not bleach, Tumble dry","{""cotton"": 88.0, ""polyester"": 12.0}",cotton,88.0,high,philippine,PH,https://levi.com.ph/products/levis-mens-authentic-crewneck-sweatshirt-a92440000,2026-04-24T01:40:03.875877,live
Levi's,Levi's® Men's Delaney Crew Sweatshirt,hoodie,Terry Crewneck Long sleeves Relaxed fit Composition & Care 100% Cotton × Supports Contact Us FAQ Returns Find A Store Track Order,"{""cotton"": 100.0}",cotton,100.0,high,philippine,PH,https://levi.com.ph/products/levis-mens-delaney-crew-sweatshirt-005k40000,2026-04-24T01:40:06.494213,live
Levi's,Levi's® Men's Sweater Knit Shirt,knitwear,"shirt, part sweater Cut with a standard fit Made with soft, 100% cotton Style 004PD PC9 # 004PD0001 Color: White Pepper How it Fits","{""cotton"": 100.0}",cotton,100.0,high,philippine,PH,https://levi.com.ph/products/levis-mens-sweater-knit-shirt-004pd0001,2026-04-24T01:40:07.168010,live
Levi's,Levi's® Men's Seasonal Crewneck Sweatshirt,hoodie,"Model is 6'1"", Waist 28"", Wearing size M Composition & Care 100% Cotton Machine wash cold, Do not bleach, Tumble dry low, Warm iron","{""cotton"": 100.0}",cotton,100.0,high,philippine,PH,https://levi.com.ph/products/levis-mens-seasonal-crewneck-sweatshirt-a15720110,2026-04-24T01:40:09.747421,live
Levi's,Levi's® x Toy Story Men's Hoodie,hoodie,34R0000 Color: Woody Saddleman Hoodie White Red How it Fits 100% Cotton Composition & Care Cotton Hoodie Long sleeves Standard fit,"{""cotton"": 100.0}",cotton,100.0,high,philippine,PH,https://levi.com.ph/products/levis-x-toy-story-mens-hoodie-0034r0000,2026-04-24T01:40:14.257042,live
Levi's,Levi's® Men's Skipper Knit Polo,polo,# 003RA0001 Color: Birds Eye Stitch Dark Green How it Fits 100% Cotton Composition & Care Cotton Spread collar Short sleeves Stand,"{""cotton"": 100.0}",cotton,100.0,high,philippine,PH,https://levi.com.ph/products/levis-mens-skipper-knit-polo-003ra0001,2026-04-24T01:40:15.013341,live
Undershirtguy,All American Clothing Co. - Men's VIP Boxer Brief Underwear - Made in USA,underwear,e and odor away! This item cannot be returned or exchanged. 95% Rayon Bamboo / 5% Spandex Adaptive to body temperature Moisture w,"{""rayon"": 95.0, ""elastane"": 5.0}",rayon,95.0,high,international,GLOBAL,https://www.allamericanclothing.com/collections/men/products/all-american-mens-vip-boxer-brief-underwear-made-in-usa-vipbb?aff=7,2026-04-24T01:42:15.640922,live
Rokman,Red Retro T-Shirt,t-shirt,"0 Cart Account Rokman Waterproof Red Retro T-Shirt $25.00 • 60% Cotton / 40% Polyester Premium Fabric • Neck Ribbing, Side Seamed,","{""cotton"": 60.0, ""polyester"": 40.0}",cotton,60.0,medium,international,GLOBAL,https://rokmanwaterproof.com/products/red-retro-t-shirt,2026-04-24T01:42:38.215378,live
Rokman,Green Hunter T-Shirt,t-shirt,"art Account Rokman Waterproof Green Hunter T-Shirt $25.00 • 60% Cotton / 40% Polyester Premium Fabric • Neck Ribbing, Side Seamed,","{""cotton"": 60.0, ""polyester"": 40.0}",cotton,60.0,medium,international,GLOBAL,https://rokmanwaterproof.com/products/green-hunter-t-shirt,2026-04-24T01:42:39.263636,live
Rokman,Retro Hoodie,hoodie,"h Shop 0 Cart Account Rokman Waterproof Retro Hoodie $45.00 80% Cotton / 20% Polyester Premium Fabric • Neck Ribbing, Side Seamed,","{""cotton"": 80.0, ""polyester"": 20.0}",cotton,80.0,medium,international,GLOBAL,https://rokmanwaterproof.com/products/retro-hoodie,2026-04-24T01:42:39.765854,live
Rokman,Black Stackable Adaptable Hoodie,hoodie,"t Rokman Waterproof Black Stackable Adaptable Hoodie $45.00 80% Cotton / 20% Polyester Premium Fabric • Neck Ribbing, Side Seamed,","{""cotton"": 80.0, ""polyester"": 20.0}",cotton,80.0,medium,international,GLOBAL,https://rokmanwaterproof.com/products/black-stackable-adaptable-hoodie,2026-04-24T01:42:41.415781,live
Rokman,Rokman America T-Shirt,t-shirt,"t Account Rokman Waterproof Rokman America T-Shirt $25.00 • 60% Cotton / 40% Polyester Premium Fabric • Neck Ribbing, Side Seamed,","{""cotton"": 60.0, ""polyester"": 40.0}",cotton,60.0,medium,international,GLOBAL,https://rokmanwaterproof.com/products/rokman-america-t-shirt,2026-04-24T01:42:42.069745,live
Noti But We,Unbalanced Knit Sweater,knitwear,"ery single stitch. The Details Thistle + Medium Aquamarine: 72% Polyester, 23% Rayon, 5% Spandex Blue Cadet + Moss: 95% Rayon, 5% Spa","{""polyester"": 72.0, ""rayon"": 23.0, ""elastane"": 5.0}",polyester,23.0,low,philippine,PH,https://notibutwe.com/collections/clothing/products/unbalanced-knit-sweater,2026-04-24T01:43:24.508385,live
Noti But We,Sisterhood Dress,dress,"ls Springtime: 100% Organic Cotton Forest Flow + Lemonade:  100% Viscose Sustainability: Oeko-Tex® Standard 100, Organic Cotton (OCS","{""viscose"": 100.0}",viscose,100.0,high,philippine,PH,https://notibutwe.com/collections/clothing/products/sisterhood-dress,2026-04-24T01:43:25.024240,live
Noti But We,Knit Pants,knitwear,"ery single stitch. The Details Thistle + Medium Aquamarine: 72% Polyester, 23% Rayon, 5% Spandex Blue Cadet + Moss: 95% Rayon, 5% Spa","{""polyester"": 72.0, ""rayon"": 23.0, ""elastane"": 5.0}",polyester,23.0,low,philippine,PH,https://notibutwe.com/collections/clothing/products/knit-pants,2026-04-24T01:43:25.529684,live
Noti But We,Knit Crop Sweater,knitwear,"ery single stitch. The Details Thistle + Medium Aquamarine: 72% Polyester, 23% Rayon, 5% Spandex Blue Cadet + Moss: 95% Rayon, 5% Spa","{""polyester"": 72.0, ""rayon"": 23.0, ""elastane"": 5.0}",polyester,23.0,low,philippine,PH,https://notibutwe.com/collections/clothing/products/knit-crop-sweater,2026-04-24T01:43:26.887212,live
Apara Studio,Poplin Halter Top in Black,top,"g wrap ties at the front for an adjustable fit. Material is 100% cotton poplin. Model is 5'9"" and wears a size XS. @apara.studio he","{""cotton"": 100.0}",cotton,100.0,high,international,GLOBAL,https://www.apara-studio.com/collections/shop-all/products/poplin-halter-top-in-black,2026-04-24T01:44:01.880915,live
Apara Studio,Poplin Pants in Indigo,pants,"fit mid- to low-waist for versatility of wear. Material is 100% cotton poplin. Model is 5'9"" and wears a size XS. @apara.studio he","{""cotton"": 100.0}",cotton,100.0,high,international,GLOBAL,https://www.apara-studio.com/collections/shop-all/products/poplin-pant-in-navy,2026-04-24T01:44:02.801527,live
Apara Studio,Poplin Cocoon Dress in White,dress,"al cocoon silhouette. Features a V-shaped back. Material is 100% cotton poplin. Model is 5'9"" and wears a size S. @apara.studio hel","{""cotton"": 100.0}",cotton,100.0,high,international,GLOBAL,https://www.apara-studio.com/collections/shop-all/products/poplin-cocoon-dress-in-white,2026-04-24T01:44:04.167637,live
Apara Studio,Poplin Halter Top in Brown,top,"g wrap ties at the front for an adjustable fit. Material is 100% cotton poplin. Model is 5'9"" and wears a size XS. @apara.studio he","{""cotton"": 100.0}",cotton,100.0,high,international,GLOBAL,https://www.apara-studio.com/collections/shop-all/products/poplin-halter-top-in-brown,2026-04-24T01:44:05.188142,live
Apara Studio,Poplin Halter Top in White,top,"g wrap ties at the front for an adjustable fit. Material is 100% cotton poplin. Model is 5'9"" and wears a size XS. @apara.studio he","{""cotton"": 100.0}",cotton,100.0,high,international,GLOBAL,https://www.apara-studio.com/collections/shop-all/products/poplin-halter-top-in-white,2026-04-24T01:44:05.664816,live
Apara Studio,Poplin Cocoon Dress in Indigo,dress,"al cocoon silhouette. Features a V-shaped back. Material is 100% cotton poplin. Model is 5'9"" and wears a size S. @apara.studio hel","{""cotton"": 100.0}",cotton,100.0,high,international,GLOBAL,https://www.apara-studio.com/collections/shop-all/products/poplin-cocoon-dress-in-navy,2026-04-24T01:44:06.105651,live
Apara Studio,Poplin Ruched Top in Brown,top,"ront detail that softly cinches the silhouette. Material is 100% cotton poplin. Model is 5'9"" and wears a size S. @apara.studio hel","{""cotton"": 100.0}",cotton,100.0,high,international,GLOBAL,https://www.apara-studio.com/collections/shop-all/products/ruched-top-in-brown,2026-04-24T01:44:06.984028,live
Apara Studio,Poplin Cocoon Dress in Black,dress,"al cocoon silhouette. Features a V-shaped back. Material is 100% cotton poplin. Model is 5'9"" and wears a size S. @apara.studio hel","{""cotton"": 100.0}",cotton,100.0,high,international,GLOBAL,https://www.apara-studio.com/collections/shop-all/products/poplin-cocoon-dress-in-black,2026-04-24T01:44:07.448145,live
Apara Studio,Poplin Skirt in White,skirt,"e, topstitch detail, and discreet side pockets. Material is 100% cotton poplin. Model is 5'9"" and wears a size XS. @apara.studio he","{""cotton"": 100.0}",cotton,100.0,high,international,GLOBAL,https://www.apara-studio.com/collections/shop-all/products/poplin-skirt-in-white,2026-04-24T01:44:08.775739,live
Apara Studio,Poplin Ruched Top in White,top,"ront detail that softly cinches the silhouette. Material is 100% cotton poplin. Model is 5'9"" and wears a size S. @apara.studio hel","{""cotton"": 100.0}",cotton,100.0,high,international,GLOBAL,https://www.apara-studio.com/collections/shop-all/products/poplin-ruched-top-in-white,2026-04-24T01:44:09.294781,live
Apara Studio,Poplin Pants in Black,pants,"fit mid- to low-waist for versatility of wear. Material is 100% cotton poplin. Model is 5'9"" and wears a size XS. @apara.studio he","{""cotton"": 100.0}",cotton,100.0,high,international,GLOBAL,https://www.apara-studio.com/collections/shop-all/products/poplin-pant-in-black,2026-04-24T01:44:10.539987,live
Apara Studio,Poplin Halter Top in Indigo,top,"g wrap ties at the front for an adjustable fit. Material is 100% cotton poplin. Model is 5'9"" and wears a size XS. @apara.studio he","{""cotton"": 100.0}",cotton,100.0,high,international,GLOBAL,https://www.apara-studio.com/collections/shop-all/products/poplin-halter-top-in-navy,2026-04-24T01:44:11.750079,live
Apara Studio,Poplin Ruched Top in Black,top,"ront detail that softly cinches the silhouette. Material is 100% cotton poplin. Model is 5'9"" and wears a size S. @apara.studio hel","{""cotton"": 100.0}",cotton,100.0,high,international,GLOBAL,https://www.apara-studio.com/collections/shop-all/products/ruched-top-in-black,2026-04-24T01:44:13.108012,live
Apara Studio,Poplin Pants in Brown,pants,"fit mid- to low-waist for versatility of wear. Material is 100% cotton poplin. Model is 5'9"" and wears a size XS. @apara.studio he","{""cotton"": 100.0}",cotton,100.0,high,international,GLOBAL,https://www.apara-studio.com/collections/shop-all/products/poplin-pant-in-brown,2026-04-24T01:44:13.557025,live
Apara Studio,Poplin Pants in White,pants,"fit mid- to low-waist for versatility of wear. Material is 100% cotton poplin. Model is 5'9"" and wears a size XS. @apara.studio he","{""cotton"": 100.0}",cotton,100.0,high,international,GLOBAL,https://www.apara-studio.com/collections/shop-all/products/poplin-pant-in-white,2026-04-24T01:44:16.712003,live
Guess,Rosie 4G Knit Top,knitwear,"neckline Short sleeves Stripe-tipped cuffs and hem Pull on 78% Rayon, 22% Nylon Share Tweet Pin it Wear with Abigail Gauze Short","{""rayon"": 78.0, ""nylon"": 22.0}",rayon,78.0,medium,philippine,PH,https://guess.com.ph/collections/women-apparel/products/rosie-4g-sweater,2026-04-24T01:45:16.848133,live
Guess,Paige Quattro Rhinestone Dress,dress,"es Dresses Neckline: Scoop Neck Season: Summer 24 Material: 72% Viscose Rayon, 28% Polyester Share Tweet Pin it Wear with Abigail G","{""viscose"": 72.0, ""polyester"": 28.0}",viscose,72.0,medium,philippine,PH,https://guess.com.ph/collections/women-apparel/products/mwdktn010,2026-04-24T01:45:17.504222,live
Guess,Eco Crewneck Sequin Tee,t-shirt,"S Round neck Short sleeves Guess logo appliqué on the front 95% Cotton, 5% Elastane"" Share Tweet Pin it Wear with Abigail Gauze Sh","{""cotton"": 95.0, ""elastane"": 5.0}",cotton,95.0,high,philippine,PH,https://guess.com.ph/collections/women-apparel/products/logo-segquins-tee,2026-04-24T01:45:20.554896,live
Guess,Sherry Lace Dress,dress,"ter Back To Hem: 30"" Measurements Taken From A Size 6 Self: 100% Polyester. Lining: 65% Polyester, 25% Recycled Polyester, 10% Elastan","{""polyester"": 100.0}",polyester,0.0,low,philippine,PH,https://guess.com.ph/collections/women-apparel/products/mwdntn005,2026-04-24T01:45:32.022114,live
Guess,Abby Second-Skin Top,top,"p V-neckline Bust styles lines Short sleeves Pull-on design 78% Nylon, 22% Elastane Share Tweet Pin it Wear with Abigail Gauze Sh","{""nylon"": 78.0, ""elastane"": 22.0}",nylon,0.0,low,philippine,PH,https://guess.com.ph/collections/tops-women/products/short-sleeves-abby-knot-neck-top,2026-04-24T01:45:35.252456,live
Guess,Vilma Suede Trench,top,"flaps Back vented hem Double breasted button front closure 90% Polyester, 10% Elastane/Spandex Share Tweet Pin it Wear with Abigail","{""polyester"": 90.0, ""elastane"": 10.0}",polyester,0.0,low,philippine,PH,https://guess.com.ph/collections/tops-women/products/vilma-suede-trench,2026-04-24T01:45:35.819080,live
Guess,Embellished Logo  Tank Top,top,"ngth: 58 cm / 22.9 inch. True to size. SHELL (main fabric): 98% Cotton, 2% Spandex/Elastane. WASH LABEL: Wash max 30°C - Mild proc","{""cotton"": 98.0, ""elastane"": 2.0}",cotton,98.0,high,philippine,PH,https://guess.com.ph/collections/tops-women/products/embellished-logo-tank-top,2026-04-24T01:45:39.993659,live
Guess,Nicole Striped Top,top,"ed side panels Regular fit and length Front button closures 95% Cotton, 5% Elastane/Spandex Share Tweet Pin it Wear with Abigail G","{""cotton"": 95.0, ""elastane"": 5.0}",cotton,95.0,high,philippine,PH,https://guess.com.ph/collections/tops-women/products/long-sleeves-nicole-stripe-top,2026-04-24T01:45:41.753503,live
Guess,GUESS Originals Chest Stripe Bomber,top,"With long sleeves, a zip-up closure, and a baggy fit, this 100% cotton jacket will keep you feeling cool and comfortable. Plus, th","{""cotton"": 100.0}",cotton,100.0,high,philippine,PH,https://guess.com.ph/collections/guess-originals-tops-for-women/products/guess-go-chest-stripe-bomber,2026-04-24T01:45:49.952416,live
Guess,GUESS Originals Suede Fur Zip Up,top,"uffs and hem. Front Full zip closures. SHELL (main fabric): 58% Polyester, 42% Viscose. WASH LABEL: Hand wash in cold water Share Twe","{""polyester"": 58.0, ""viscose"": 42.0}",polyester,42.0,low,philippine,PH,https://guess.com.ph/collections/guess-originals-tops-for-women/products/guess-originals-suede-fur-zip-up,2026-04-24T01:45:51.377030,live
Guess,GUESS Originals Smocked Button Up,top,rance. Folded collar Short sleeves Front button up closures 100% Cotton Share Tweet Pin it Wear with Abigail Gauze Shorts Regular p,"{""cotton"": 100.0}",cotton,100.0,high,philippine,PH,https://guess.com.ph/collections/guess-originals-tops-for-women/products/guess-originals-smocked-button-up,2026-04-24T01:45:53.000095,live
Guess,GUESS Originals Belted Denim Dress,dress,"t Center back to hem: 32.5” Measurement taken from a size S 99% Cotton, 1% Elastane/Spandex Share Tweet Pin it Wear with Abigail G","{""cotton"": 99.0, ""elastane"": 1.0}",cotton,99.0,high,philippine,PH,https://guess.com.ph/collections/womens-guess-originals-dresses/products/guess-originals-belted-denim-dress,2026-04-24T01:45:54.213776,live
Guess,Sleeveless 4G Rhinestones Tank Top Sweater,knitwear,"ee our Size chart above. True to size. SHELL (main fabric): 72% Viscose/Rayon, 28% Polyester WASH LABEL: Hand wash in cold water -","{""viscose"": 72.0, ""polyester"": 28.0}",viscose,72.0,medium,philippine,PH,https://guess.com.ph/collections/new-arrivals-women/products/sleeveless-4g-rhinestones-tank-top-sweater,2026-04-24T01:45:56.134391,live
Guess,Sleeveless Daniele Dress,dress,"ee our Size chart above. True to size. SHELL (main fabric): 100% Polyester; LINING: 90% Polyester, 10% Spandex/Elastane; BELT: 100% Po","{""polyester"": 100.0}",polyester,0.0,low,philippine,PH,https://guess.com.ph/collections/new-arrivals-women/products/sleeveless-daniele-dress,2026-04-24T01:45:58.553277,live
Guess,Longsleeves Laurence Dress,dress,"/ 20,5 inch. ● See our Size chart above. ● True to size. ● 100% Polyester ● WASH LABEL: Hand wash in cold water - Do not dry clean. S","{""polyester"": 100.0}",polyester,0.0,low,philippine,PH,https://guess.com.ph/collections/new-arrivals-women/products/longsleeves-laurence-dress,2026-04-24T01:45:59.878281,live
Guess,Shortsleeves Crewneck Script Crop Tee,t-shirt,ee our Size chart above. True to size. SHELL (main fabric): 100% Cotton. WASH LABEL: Wash max 30°C – Very mild process. Share Tweet,"{""cotton"": 100.0}",cotton,100.0,high,philippine,PH,https://guess.com.ph/collections/new-arrivals-women/products/shortsleeves-crewneck-script-crop-tee,2026-04-24T01:46:02.407527,live
Guess,Longsleeves Magali Flare Mini Dress,dress,ee our Size chart above. True to size. SHELL (main fabric): 100% Polyester; LINING: 100% Polyester WASH LABEL: Hand wash in cold water,"{""polyester"": 100.0}",polyester,0.0,low,philippine,PH,https://guess.com.ph/collections/new-arrivals-women/products/longsleeves-magali-flare-mini-dress,2026-04-24T01:46:04.372763,live
Guess,Longsleeves Vneck Summer Sweater,knitwear,h: 53 cm / 21 inch. See our Size chart above. True to size. 100% Polyester. WASH LABEL:Hand wash cold. Share Tweet Pin it Wear with Ab,"{""polyester"": 100.0}",polyester,0.0,low,philippine,PH,https://guess.com.ph/collections/new-arrivals-women/products/longsleeves-vneck-summer-sweater,2026-04-24T01:46:07.046284,live
Guess,Sleeveless Cherry Top,top,h: 51 cm / 20 inch. See our Size chart above. True to size. 72% modal 28% Polyester. WASH LABEL: Hand wash cold. Share Tweet Pin,"{""modal"": 72.0, ""polyester"": 28.0}",modal,72.0,medium,philippine,PH,https://guess.com.ph/collections/new-arrivals-women/products/sleeveless-cherry-top,2026-04-24T01:46:08.278185,live
Guess,Shortsleeves Charline Serafino Top,top,"ee our Size chart above. True to size. SHELL (main fabric): 60% Cotton, 40% Polyester WASH LABEL: Wash max 30°C – Very mild proces","{""cotton"": 60.0, ""polyester"": 40.0}",cotton,60.0,medium,philippine,PH,https://guess.com.ph/collections/new-arrivals-women/products/shortsleeves-charline-serafino-top,2026-04-24T01:46:08.874249,live
Guess,GUESS Originals Cargo Denim Capri,jeans,leg opening. 21' inseam. Measurements taken from a size 27. 100% Cotton Share Tweet Pin it Wear with Abigail Gauze Shorts Regular p,"{""cotton"": 100.0}",cotton,100.0,high,philippine,PH,https://guess.com.ph/collections/jeans-denim-women/products/guess-originals-cargo-denim-capri,2026-04-24T01:46:12.764054,live
Guess,Eden Jacquard Denim Dress,dress,"houlder to hem: 25.5"". Measurement taken from a size small. 52% Cotton, 24% Polyester, 20% Rayon, 4% Nylon Share Tweet Pin it Wear","{""cotton"": 52.0, ""polyester"": 24.0, ""rayon"": 20.0, ""nylon"": 4.0}",cotton,72.0,medium,philippine,PH,https://guess.com.ph/collections/jeans-denim-women/products/eden-jacquard-denim-dress,2026-04-24T01:46:14.146225,live
Guess,Polo Sweater,polo,"to hem: 15.5"". The measurement is taken from a size small. 78% Rayon, 22% Nylon Share Tweet Pin it Wear with Abigail Gauze Short","{""rayon"": 78.0, ""nylon"": 22.0}",rayon,78.0,medium,philippine,PH,https://guess.com.ph/collections/womens-sweaters-hoodies-pullovers/products/polo-sweater,2026-04-24T01:46:16.535217,live
Guess,Andree Crop Blazer,blazer,"t welt pockets Double-breasted button-front closure Lining: 100% Polyester. Shell: 50% Recycled Polyester, 41% Polyester, 9% Elastane.","{""polyester"": 100.0}",polyester,0.0,low,philippine,PH,https://guess.com.ph/collections/women-coats-jackets/products/andree-crop-blazer,2026-04-24T01:46:28.674035,live
Phoebe Philo,CROPPED SLEEVE TEEin black cotton,t-shirt,"tion Select your usual size. Made in Portugal. Main Fabric: 100% Cotton, Rib: 100% Cotton DT225-CO3523-900BK All purchases include:","{""cotton"": 100.0}",cotton,100.0,high,international,GLOBAL,https://www.phoebephilo.com/products/cropped-sleeve-tee-black-cotton,2026-04-24T01:46:31.238353,live
Phoebe Philo,CREW NECK TOPin cream cotton,top,"size. Information Select your usual size. Made in Portugal. 33% Cotton, 67% Lyocell DT253-CO3128-104IV All purchases include: Secu","{""cotton"": 33.0, ""lyocell"": 67.0}",lyocell,100.0,high,international,GLOBAL,https://www.phoebephilo.com/products/crew-neck-top-cream-cotton,2026-04-24T01:46:33.482251,live
Phoebe Philo,CREW NECK TOPin black cotton,top,"size. Information Select your usual size. Made in Portugal. 33% Cotton, 67% Lyocell DT253-CO3128-900BK All purchases include: Secu","{""cotton"": 33.0, ""lyocell"": 67.0}",lyocell,100.0,high,international,GLOBAL,https://www.phoebephilo.com/products/crew-neck-top-black-cotton,2026-04-24T01:46:34.134119,live
Phoebe Philo,LITE UTILITY SHIRTin black habotai silk,shirt,rmation Select your usual size. Made in Italy. Main Fabric: 100% Silk DC125-SE3515-900BK All purchases include: Secure payment me,"{""silk"": 100.0}",silk,100.0,high,international,GLOBAL,https://www.phoebephilo.com/products/lite-utility-shirt-black-habotai-silk,2026-04-24T01:46:35.414904,live
Phoebe Philo,GRAPHIC TRAIN TEEin black silk,t-shirt,"ould not be considered defects. Made in Italy. Main Fabric: 93% Silk 7% Elastane, Lining: 100% Silk DT248-SE0228-900BK All purch","{""silk"": 93.0, ""elastane"": 7.0}",silk,93.0,high,international,GLOBAL,https://www.phoebephilo.com/products/graphic-train-tee-black-silk,2026-04-24T01:46:36.982679,live
Phoebe Philo,LIQUID UTILITY SHIRTin black silk satin,shirt,"tion Select your usual size. Dry clean only. Made in Italy. 93% silk, 7% elastane CC003-SE0270-900BK All purchases include: Secu","{""silk"": 93.0, ""elastane"": 7.0}",silk,93.0,high,international,GLOBAL,https://www.phoebephilo.com/products/liquid-utility-shirt-black-silk-satin,2026-04-24T01:46:37.627130,live
Phoebe Philo,LIQUID SOFT RIDGE TOPin black silk,top,"our usual size. Dry clean only. Made in the United Kingdom. 93% silk, 7% elastane CT111-SE0270-900BK All purchases include: Secu","{""silk"": 93.0, ""elastane"": 7.0}",silk,93.0,high,international,GLOBAL,https://www.phoebephilo.com/products/liquid-soft-ridge-top-black-silk,2026-04-24T01:46:38.284904,live
Phoebe Philo,RELAXED TAILORED SHIRTin white/beige cotton,shirt,al size. Information Select your usual size. Made in Italy. 100% Cotton DC126-CO3111-168WB All purchases include: Secure payment me,"{""cotton"": 100.0}",cotton,100.0,high,international,GLOBAL,https://www.phoebephilo.com/products/relaxed-tailored-shirt-white-beige-cotton,2026-04-24T01:46:39.002070,live
Phoebe Philo,UPRIGHT-COLLAR SHIRTin cream cotton,shirt,al size. Information Select your usual size. Made in Italy. 100% Cotton DC115-CO3314-104IV All purchases include: Secure payment me,"{""cotton"": 100.0}",cotton,100.0,high,international,GLOBAL,https://www.phoebephilo.com/products/upright-collar-shirt-cream-cotton,2026-04-24T01:46:40.264205,live
Phoebe Philo,UNDERPINNING TANK TOPin black cotton,top,"size. Information Select your usual size. Made in Portugal. 67% lyocell, 33% cotton CT122-CO3128-900BK All purchases include: Secur","{""lyocell"": 67.0, ""cotton"": 33.0}",lyocell,100.0,high,international,GLOBAL,https://www.phoebephilo.com/products/underpinning-tank-top-black-cotton,2026-04-24T01:46:44.181256,live
Phoebe Philo,BUD TOPin black jersey,top,"ormation Made in Portugal. 100% responsibly sourced cotton, 95% cotton collar, 5% elastane collar CT60-CO2448-900BK All purchases","{""cotton"": 95.0, ""elastane"": 5.0}",cotton,95.0,high,international,GLOBAL,https://www.phoebephilo.com/products/bud-top-black-jersey,2026-04-24T01:46:47.001106,live
Phoebe Philo,T-SHIRT TRAIN TOPin white jersey,t-shirt,size. Information Select your usual size. Made in Portugal. 100% cotton BT101-CO0044-100WT All purchases include: Secure payment me,"{""cotton"": 100.0}",cotton,100.0,high,international,GLOBAL,https://www.phoebephilo.com/products/t-shirt-train-top-white-jersey,2026-04-24T01:46:48.895933,live
Phoebe Philo,SILK SCARF T-SHIRTin cream silk,t-shirt,"rmation Select your usual size. Made in Italy. Main Fabric: 92% Silk 8% Elastane, Scarf: 92% Silk 8% Elastane DT197-SE3484-103CR","{""silk"": 92.0, ""elastane"": 8.0}",silk,92.0,high,international,GLOBAL,https://www.phoebephilo.com/products/silk-scarf-t-shirt-cream-silk,2026-04-24T01:46:50.432495,live
Phoebe Philo,LITE UTILITY SHIRTin vanilla habotai silk,shirt,rmation Select your usual size. Made in Italy. Main Fabric: 100% Silk DC125-SE3515-102VA All purchases include: Secure payment me,"{""silk"": 100.0}",silk,100.0,high,international,GLOBAL,https://www.phoebephilo.com/products/lite-utility-shirt-vanilla-habotai-silk,2026-04-24T01:46:51.725940,live
Phoebe Philo,CUSTOM TUX SHIRTin white cotton,shirt,rmation Select your usual size. Made in Italy. Main Fabric: 70% Cotton 30% Polyester DC114-CO2262-100WT All purchases include: Sec,"{""cotton"": 70.0, ""polyester"": 30.0}",cotton,70.0,medium,international,GLOBAL,https://www.phoebephilo.com/products/custom-tux-shirt-white-cotton,2026-04-24T01:46:52.223498,live
Phoebe Philo,ELONGATED SHIRTin charcoal wool,shirt,tion Select your usual size. Dry clean only. Made in Italy. 100% wool CC032-WO2985-906CH All purchases include: Secure payment me,"{""wool"": 100.0}",wool,100.0,high,international,GLOBAL,https://www.phoebephilo.com/products/elongated-shirt-charcoal-wool,2026-04-24T01:46:52.875973,live
Phoebe Philo,GRAPHIC Tin black silk,t-shirt,"rmation Select your usual size. Made in Italy. Main Fabric: 93% Silk 7% Elastane, Lining: 100% Silk DT213-SE0228-900BK All purch","{""silk"": 93.0, ""elastane"": 7.0}",silk,93.0,high,international,GLOBAL,https://www.phoebephilo.com/products/graphic-tee-black-silk,2026-04-24T01:46:53.624007,live
Phoebe Philo,ELONGATED SHIRTin trench cotton,shirt,tion Select your usual size. Dry clean only. Made in Italy. 100% polyester CC032-PL3121-886TR All purchases include: Secure payment me,"{""polyester"": 100.0}",polyester,0.0,low,international,GLOBAL,https://www.phoebephilo.com/products/elongated-shirt-trench-poly-twill,2026-04-24T01:46:54.148024,live
Phoebe Philo,UNDERPINNING TANK TOPin ivory cotton,top,"size. Information Select your usual size. Made in Portugal. 67% lyocell, 33% cotton CT122-CO3128-104IV All purchases include: Secur","{""lyocell"": 67.0, ""cotton"": 33.0}",lyocell,100.0,high,international,GLOBAL,https://www.phoebephilo.com/products/underpinning-tank-top-ivory-cotton,2026-04-24T01:46:54.777937,live
Phoebe Philo,ELONGATED SHIRTin black-blue wool,shirt,tion Select your usual size. Dry clean only. Made in Italy. 100% wool CC032-WO3027-944BU All purchases include: Secure payment me,"{""wool"": 100.0}",wool,100.0,high,international,GLOBAL,https://www.phoebephilo.com/products/elongated-shirt-black-blue-wool,2026-04-24T01:46:55.275592,live
Phoebe Philo,CUSTOM TUX SHIRTin b/w check viscose,shirt,rmation Select your usual size. Made in Italy. Main Fabric: 100% Viscose DC114-VI3238-915BW All purchases include: Secure payment me,"{""viscose"": 100.0}",viscose,100.0,high,international,GLOBAL,https://www.phoebephilo.com/products/custom-tux-shirt-b-w-check-viscose,2026-04-24T01:46:56.768521,live
Phoebe Philo,BUTTON COLLAR SHIRTin trench cotton,shirt,tion Select your usual size. Dry clean only. Made in Italy. 100% cotton CC025-CO2902-886TR All purchases include: Secure payment me,"{""cotton"": 100.0}",cotton,100.0,high,international,GLOBAL,https://www.phoebephilo.com/products/button-collar-shirt-trench-cotton,2026-04-24T01:46:57.352365,live
Phoebe Philo,CUSTOM TUX SHIRTin b/b check viscose,shirt,ect your usual size. Dry clean. Made in Italy. Main Fabric: 100% Viscose DC114-VI3329-881BB All purchases include: Secure payment me,"{""viscose"": 100.0}",viscose,100.0,high,international,GLOBAL,https://www.phoebephilo.com/products/custom-tux-shirt-b-b-check-viscose,2026-04-24T01:46:58.689514,live
Phoebe Philo,SHORT SLEEVE SHIRTin black cotton,shirt,al size. Information Select your usual size. Made in Italy. 100% cotton CC020-CO2741-900BK All purchases include: Secure payment me,"{""cotton"": 100.0}",cotton,100.0,high,international,GLOBAL,https://www.phoebephilo.com/products/short-sleeve-shirt-black-cotton,2026-04-24T01:46:59.903644,live
Phoebe Philo,LIQUID KNOT COLLAR TOPin cream silk,top,"ould not be considered defects. Made in the United Kingdom. 92% silk, 8% elastane CT130-SE3484-103CR All purchases include: Secu","{""silk"": 92.0, ""elastane"": 8.0}",silk,92.0,high,international,GLOBAL,https://www.phoebephilo.com/products/liquid-knot-collar-top-cream-silk,2026-04-24T01:47:00.605337,live
Phoebe Philo,A TANK TOPin black silk,top,"ould not be considered defects. Made in Italy. Main Fabric: 93% Silk 7% Elastane, Lining: 100% Silk, Pocket, Lining: 100% Cotton","{""silk"": 93.0, ""elastane"": 7.0}",silk,93.0,high,international,GLOBAL,https://www.phoebephilo.com/products/a-tank-top-black-silk,2026-04-24T01:47:01.364641,live
Phoebe Philo,LIQUID KNOT COLLAR TOPin black silk,top,"tion Select your usual size. Dry clean only. Made in Italy. 92% silk, 8% elastane CT130-SE0270-900BK All purchases include: Secu","{""silk"": 92.0, ""elastane"": 8.0}",silk,92.0,high,international,GLOBAL,https://www.phoebephilo.com/products/liquid-knot-collar-top-black-silk,2026-04-24T01:47:02.027881,live
Phoebe Philo,SLIP SKIRTin black silk,skirt,"rmation Select your usual size. Made in Italy. Main Fabric: 93% Silk 7% Elastane, Contrast: 100% Responsibly Sourced Viscose, Li","{""silk"": 93.0, ""elastane"": 7.0}",silk,93.0,high,international,GLOBAL,https://www.phoebephilo.com/products/slip-skirt-black-silk,2026-04-24T01:47:05.541147,live
Phoebe Philo,LIQUID HIGH NECK DRESSin black silk,dress,"tion Select your usual size. Dry clean only. Made in Italy. 93% silk, 7% elastane CR039-SE0270-900BK All purchases include: Secu","{""silk"": 93.0, ""elastane"": 7.0}",silk,93.0,high,international,GLOBAL,https://www.phoebephilo.com/products/liquid-high-neck-dress-black-silk,2026-04-24T01:47:06.390857,live
Phoebe Philo,FRINGED SLIP SKIRTin black silk,skirt,"rmation Select your usual size. Made in Italy. Main Fabric: 93% Silk 7% Elastane, Lining: 100% Silk, Pocket, Lining: 93% Silk 7%","{""silk"": 93.0, ""elastane"": 7.0}",silk,93.0,high,international,GLOBAL,https://www.phoebephilo.com/products/fringed-slip-skirt-black-silk,2026-04-24T01:47:08.444657,live
Phoebe Philo,CARGO TROUSERSin black silk,pants,"rmation Select your usual size. Made in Italy. Main Fabric: 100% Silk, Lining: 100% Silk, Pocket, Lining: 100% Silk DP111-SE3515-","{""silk"": 100.0}",silk,100.0,high,international,GLOBAL,https://www.phoebephilo.com/products/cargo-trousers-black-silk,2026-04-24T01:47:11.843356,live
Phoebe Philo,CARPENTER SHORTSin pale blush Cotton,shorts,"nd valued aspect of the design. Made in Italy. Main Fabric: 100% Cotton, Pocket, Lining: 100% Cotton DP180-CO3131-326PB All purchas","{""cotton"": 100.0}",cotton,100.0,high,international,GLOBAL,https://www.phoebephilo.com/products/carpenter-shorts-pale-blush-cotton,2026-04-24T01:47:13.522740,live
Phoebe Philo,SCOOP NECK RIB T-shirtin ivory cotton,t-shirt,rmation Select your usual size. Made in Italy. Main Fabric: 68% Cotton 32% Silk DK103-KC0042-106EC All purchases include: Secure p,"{""cotton"": 68.0, ""silk"": 32.0}",cotton,100.0,high,international,GLOBAL,https://www.phoebephilo.com/products/scoop-neck-rib-t-shirt-ivory-cotton,2026-04-24T01:47:14.331621,live
Phoebe Philo,TRACK SHORTSin dark khaki satin viscose,shorts,mation Select your usual size. Side pockets. Made in Italy. 100% viscose CP21-VI2143-709DK All purchases include: Secure payment met,"{""viscose"": 100.0}",viscose,100.0,high,international,GLOBAL,https://www.phoebephilo.com/products/track-shorts-dark-khaki-satin-viscose,2026-04-24T01:47:17.353391,live
Phoebe Philo,TUXEDO JACKETin anthracite wool,jacket,"l, lining: 100% responsibly sourced viscose, pocket lining: 100% cotton CV039-WO3003-902AN All purchases include: Secure payment me","{""cotton"": 100.0}",cotton,100.0,high,international,GLOBAL,https://www.phoebephilo.com/products/tuxedo-jacket-anthracite-wool,2026-04-24T01:47:27.942888,live
Phoebe Philo,STUD JACKETin black leather,jacket,"in Italy. 100% responsibly sourced lamb leather, contrast: 93% wool 7% cashmere CV041-LE2472-900BK All purchases include: Secur","{""wool"": 93.0, ""cashmere"": 7.0}",wool,100.0,high,international,GLOBAL,https://www.phoebephilo.com/products/stud-jacket-black-leather,2026-04-24T01:47:34.717386,live
Phoebe Philo,AVIATOR JACKETin dark emerald leather,jacket,"de in Italy. main fabric: 100% lamb leather, pocket lining: 100% cotton DV141-LE3363-700KH All purchases include: Secure payment me","{""cotton"": 100.0}",cotton,100.0,high,international,GLOBAL,https://www.phoebephilo.com/products/aviator-jacket-dark-emerald-leather,2026-04-24T01:47:43.908082,live
Phoebe Philo,GOLF JACKETin trench cotton,jacket,"r usual size. Information Dry clean only. Made in Slovakia. 100% cotton, lining: 100% responsibly sourced viscose CV018-CO2902-886T","{""cotton"": 100.0}",cotton,100.0,high,international,GLOBAL,https://www.phoebephilo.com/products/golf-jacket-trench-cotton,2026-04-24T01:47:49.536588,live
Phoebe Philo,GOLF JACKETin burgundy linen canvas,jacket,"r usual size. Information Dry clean only. Made in Slovakia. 100% linen, lining: 100% responsibly sourced viscose CV018-LI2972-211B","{""linen"": 100.0}",linen,100.0,high,international,GLOBAL,https://www.phoebephilo.com/products/golf-jacket-burgundy-linen-canvas,2026-04-24T01:47:52.842111,live
Phoebe Philo,CARGO TROUSERSin vanilla silk,pants,"rmation Select your usual size. Made in Italy. Main Fabric: 100% Silk, Lining: 100% Silk, Pocket, Lining: 100% Silk DP111-SE3515-","{""silk"": 100.0}",silk,100.0,high,international,GLOBAL,https://www.phoebephilo.com/products/cargo-trousers-vanilla-silk,2026-04-24T01:47:57.853732,live
Phoebe Philo,STRAIGHT LEG TROUSERSin black/off white woven viscose,pants,"rmation Select your usual size. Made in Italy. Main Fabric: 76% Viscose 24% Silk, Lining: 100% Viscose, Pocket, Lining: 100% Cotton","{""viscose"": 76.0, ""silk"": 24.0}",viscose,100.0,high,international,GLOBAL,https://www.phoebephilo.com/products/bi-colour-boyish-trousers-black-white-woven-viscose,2026-04-24T01:47:59.640012,live
Phoebe Philo,RELAXED ZIP JEANSin pale ice blue cotton,jeans,"nd valued aspect of the design. Made in Italy. Main Fabric: 100% Cotton, Pocket, Lining: 100% Cotton DP172-CO3131-520IB All purchas","{""cotton"": 100.0}",cotton,100.0,high,international,GLOBAL,https://www.phoebephilo.com/products/relaxed-zip-jeans-ice-blue-cotton,2026-04-24T01:48:00.914006,live
Phoebe Philo,APRON TROUSERSin black/white woven viscose,pants,"rmation Select your usual size. Made in Italy. Main Fabric: 76% Viscose 24% Silk, Lining: 100% Viscose, Pocket, Lining: 100% Cotton","{""viscose"": 76.0, ""silk"": 24.0}",viscose,100.0,high,international,GLOBAL,https://www.phoebephilo.com/products/apron-trousers-black-white-woven-viscose,2026-04-24T01:48:01.571075,live
Phoebe Philo,SPLIT ZIP TROUSERSin dark brown mélange wool,pants,"taly. 100% responsibly sourced viscose wool, pocket lining: 100% cotton CP071-WO3125-169WD All purchases include: Secure payment me","{""cotton"": 100.0}",cotton,100.0,high,international,GLOBAL,https://www.phoebephilo.com/products/split-zip-trousers-white-dark-brown-wool,2026-04-24T01:48:03.858225,live
Phoebe Philo,CARPENTER JEANSin cream cotton,jeans,"nd valued aspect of the design. Made in Italy. Main Fabric: 100% Cotton, Pocket, Lining: 100% Cotton DP152-CO3273-106EC All purchas","{""cotton"": 100.0}",cotton,100.0,high,international,GLOBAL,https://www.phoebephilo.com/products/carpenter-jeans-cream-cotton,2026-04-24T01:48:06.946596,live
Phoebe Philo,RAZOR PLEAT TROUSERSin black polyester,pants,rmation Select your usual size. Made in Italy. Main Fabric: 100% Polyester CP087-PL3193-900BK All purchases include: Secure payment me,"{""polyester"": 100.0}",polyester,0.0,low,international,GLOBAL,https://www.phoebephilo.com/products/razor-pleat-trousers-black-polyester,2026-04-24T01:48:11.468214,live
Phoebe Philo,ZIP JEANSin pistachio cotton,jeans,"nd valued aspect of the design. Made in Italy. Main Fabric: 100% Cotton, Pocket, Lining: 100% Cotton BP103-CO3131-713PS All purchas","{""cotton"": 100.0}",cotton,100.0,high,international,GLOBAL,https://www.phoebephilo.com/products/zip-jeans-pistachio-cotton,2026-04-24T01:48:13.675935,live
Phoebe Philo,DROP JEANSin chewing gum cotton,jeans,"in Italy. Main fabric: 100% organic cotton, pocket, lining: 65% polyester, 35% cotton AP31-CO3131-122CK All purchases include: Secure","{""polyester"": 65.0, ""cotton"": 35.0}",polyester,35.0,low,international,GLOBAL,https://www.phoebephilo.com/products/drop-jeans-chewing-gum-cotton,2026-04-24T01:48:14.924225,live
Phoebe Philo,DROP TROUSERSin shroom wool,pants,"Main fabric: 100% responsibly sourced wool, pocket, lining: 100% cotton AP30-WO3508-813MU All purchases include: Secure payment met","{""cotton"": 100.0}",cotton,100.0,high,international,GLOBAL,https://www.phoebephilo.com/products/drop-trousers-shroom-wool,2026-04-24T01:48:16.830953,live
Phoebe Philo,LIQUID CARGO TROUSERSin black silk,pants,"mation Select your usual size. Side pockets. Made in Italy. 93% silk, 7% elastane CP037-SE0270-900BK All purchases include: Secu","{""silk"": 93.0, ""elastane"": 7.0}",silk,93.0,high,international,GLOBAL,https://www.phoebephilo.com/products/liquid-cargo-trousers-in-black-silk,2026-04-24T01:48:17.547826,live
Phoebe Philo,BACKED V-NECK SWEATERin light grey wool,knitwear,"al size. Information Select your usual size. Made in Italy. 97% wool, 3% elastane CK142-KW0020-927LG All purchases include: Secu","{""wool"": 97.0, ""elastane"": 3.0}",wool,97.0,high,international,GLOBAL,https://www.phoebephilo.com/products/backed-v-neck-sweater-light-grey-wool,2026-04-24T01:48:21.781296,live
Phoebe Philo,FINE RIB HIGH NECK TOPin dark khaki wool,top,al size. Information Select your usual size. Made in Italy. 100% wool CK51-YW4501-705DK All purchases include: Secure payment met,"{""wool"": 100.0}",wool,100.0,high,international,GLOBAL,https://www.phoebephilo.com/products/fine-rib-high-neck-top-dark-khaki-wool,2026-04-24T01:48:23.799048,live
Phoebe Philo,EASY V-NECK SWEATERin beige wool cashmere,knitwear,"tion Select a size larger for a relaxed fit. Made in Italy. 61% wool, 26% cashmere, 13% polyester CK133-YW4520-805BE All purchas","{""wool"": 61.0, ""cashmere"": 26.0, ""polyester"": 13.0}",wool,87.0,high,international,GLOBAL,https://www.phoebephilo.com/products/easy-v-neck-sweater-beige-wool-cashmere,2026-04-24T01:48:24.465108,live
Phoebe Philo,ZIP POLOin grey blue wool,polo,"rmation Select your usual size. Made in Italy. Main Fabric: 100% Wool, Rib Collar: 79% Wool 19% Polyamide 2% Elastane, Rib Cuff:","{""wool"": 100.0}",wool,100.0,high,international,GLOBAL,https://www.phoebephilo.com/products/zip-polo-grey-melange-wool,2026-04-24T01:48:30.146845,live
The Editor's Market,Tastrid Ruffle Neck Shirt,shirt,ity Check in-store availability Details Fabric Composition: 100% Cotton Lining: Fully lined Sheerness: Not sheer Pockets: None Stat,"{""cotton"": 100.0}",cotton,100.0,high,philippine,PH,https://ph.theeditorsmarket.com/product/women/womenswear/tops/tastrid-ruffle-neck-shirt/white,2026-04-24T01:49:27.486469,live
Regatta,Textured Knit Top,knitwear,The Textured Knit Top is a versatile essential crafted from 100% viscose in a flat knit construction. Designed with a regular fit th,"{""viscose"": 100.0}",viscose,100.0,high,philippine,PH,https://www.regattalifestyle.com/collections/womens-clothing/products/textured-knit-top-994749-sage-green,2026-04-24T01:49:32.093315,live
Regatta,Y-Placket Button Down Shirt,shirt,"ghts Fit: Regular Fabric: Plain Weave Material Composition: 65% Linen 35% Cotton Model's Body Measurements Height: 5'8"" Chest: 33","{""linen"": 65.0, ""cotton"": 35.0}",linen,100.0,high,philippine,PH,https://www.regattalifestyle.com/collections/womens-clothing/products/y-placket-button-down-shirt-993321-light-blue,2026-04-24T01:49:32.836345,live
Regatta,Pique Graphic T-Shirt,t-shirt,"tile Pique Graphic T-Shirt. Crafted from a premium blend of 70% polyester and 30% cotton, the knitted pique fabric offers a refined t","{""polyester"": 70.0, ""cotton"": 30.0}",polyester,30.0,low,philippine,PH,https://www.regattalifestyle.com/collections/womens-clothing/products/pique-graphic-t-shirt-996535-bone,2026-04-24T01:49:33.522566,live
Regatta,Classic Polo Shirt,polo,"ighlights Fit: Semi Fit Fabric: Pique Material Composition: 60% Cotton 40% Polyester Model's Body Measurements Height: 6'2"" Chest:","{""cotton"": 60.0, ""polyester"": 40.0}",cotton,60.0,medium,philippine,PH,https://www.regattalifestyle.com/products/classic-polo-shirt-915383-white,2026-04-24T01:49:35.341279,live
Regatta,Button Down Shirt,shirt,"ersatile button down shirt. Crafted from a premium blend of 50% cotton and 50% modal, the plain weave poplin fabric offers a soft,","{""cotton"": 50.0, ""modal"": 50.0}",cotton,100.0,high,philippine,PH,https://www.regattalifestyle.com/collections/womens-clothing/products/button-down-shirt-994771-sage-green,2026-04-24T01:49:36.874091,live
Regatta,Pleated Midi Skirt In Twill,skirt,"ith this timeless Pleated Midi Skirt in Twill. Crafted from 100% cotton with a classic plain weave poplin fabric, this skirt featur","{""cotton"": 100.0}",cotton,100.0,high,philippine,PH,https://www.regattalifestyle.com/collections/womens-clothing/products/pleated-midi-skirt-in-twill-994662-camel,2026-04-24T01:49:38.412338,live
Regatta,Embossed Graphic T-Shirt,t-shirt,"ry details. Crafted from a comfortable jersey knit blend of 60% cotton and 40% polyester, this tee offers the perfect balance of b","{""cotton"": 60.0, ""polyester"": 40.0}",cotton,60.0,medium,philippine,PH,https://www.regattalifestyle.com/collections/womens-clothing/products/embossed-graphic-t-shirt-994755-beige,2026-04-24T01:49:39.099062,live
Regatta,Striped Button Down Shirt,shirt,"y comfort with this Striped Button Down Shirt. Crafted from 100% cotton in a classic basket weave Oxford fabric, it features a rela","{""cotton"": 100.0}",cotton,100.0,high,philippine,PH,https://www.regattalifestyle.com/collections/womens-clothing/products/striped-button-down-shirt-995304-light-blue,2026-04-24T01:49:39.771387,live
Regatta,Embroidered Graphic T-Shirt,t-shirt,"red design. Crafted from a comfortable jersey knit blend of 60% cotton and 40% polyester, this versatile piece offers breathabilit","{""cotton"": 60.0, ""polyester"": 40.0}",cotton,60.0,medium,philippine,PH,https://www.regattalifestyle.com/collections/womens-clothing/products/embroidered-graphic-t-shirt-995716-off-white,2026-04-24T01:49:40.443089,live
Regatta,Pull On Slim Fit Trousers,pants,"m Fit Trousers. Crafted from a premium twill weave blend of 98% cotton and 2% spandex, they offer the perfect balance of structure","{""cotton"": 98.0, ""elastane"": 2.0}",cotton,98.0,high,philippine,PH,https://www.regattalifestyle.com/collections/womens-clothing/products/pull-on-slim-fit-trousers-996067-sand,2026-04-24T01:49:41.115657,live
Regatta,Twill Shorts With Belt,shorts,"ese versatile twill shorts. Crafted from a premium blend of 98% cotton and 2% spandex, they offer the perfect balance of durabilit","{""cotton"": 98.0, ""elastane"": 2.0}",cotton,98.0,high,philippine,PH,https://www.regattalifestyle.com/collections/womens-clothing/products/twill-shorts-with-belt-993983-off-white,2026-04-24T01:49:42.415910,live
Regatta,Floral Embroidered Graphic T-Shirt,t-shirt,"y Fabric: Jersey Knit (Single Jersey) Material Composition: 60% Cotton 40% Polyester Model's Body Measurements Height: 5'8"" Chest:","{""cotton"": 60.0, ""polyester"": 40.0}",cotton,60.0,medium,philippine,PH,https://www.regattalifestyle.com/collections/womens-clothing/products/floral-embroidered-graphic-t-shirt-994762-deep-brown,2026-04-24T01:49:43.193321,live
Regatta,Dolman Button Down Shirt,shirt,om a soft cotton-blend plain weave that moves with you. The 97% cotton and 3% spandex blend offers gentle stretch for all-day wear,"{""cotton"": 97.0, ""elastane"": 3.0}",cotton,97.0,high,philippine,PH,https://www.regattalifestyle.com/collections/womens-clothing/products/dolman-button-down-shirt-993911-off-white,2026-04-24T01:49:44.765056,live
Regatta,Floral Graphic T-Shirt,t-shirt,y Fabric: Jersey Knit (Single Jersey) Material Composition: 60% Cotton 40% Polyester Product Dimension SIZE Body Width Shoulder Wi,"{""cotton"": 60.0, ""polyester"": 40.0}",cotton,60.0,medium,philippine,PH,https://www.regattalifestyle.com/collections/womens-clothing/products/floral-graphic-t-shirt-995717-off-white,2026-04-24T01:49:46.095629,live
Regatta,1989 Graphic T-Shirt,t-shirt,"t Fabric: Jersey Knit (Single Jersey) Material Composition: 60% Cotton 40% Polyester Model's Body Measurements Height: 6'1"" Chest:","{""cotton"": 60.0, ""polyester"": 40.0}",cotton,60.0,medium,philippine,PH,https://www.regattalifestyle.com/products/1989-graphic-t-shirt-990149-off-white,2026-04-24T01:49:46.746720,live
Regatta,Button Down Knit Top,knitwear,"robe with this versatile Button Down Knit Top. Crafted from 100% viscose in a luxurious flat knit, this piece offers a comfortable r","{""viscose"": 100.0}",viscose,100.0,high,philippine,PH,https://www.regattalifestyle.com/collections/womens-clothing/products/button-down-knit-top-995305-camel,2026-04-24T01:49:47.392461,live
Regatta,Seersucker Striped Vest,shirt,"be with this timeless Seersucker Striped Vest. Crafted from 100% cotton with a distinctive slack tension weave, this piece offers b","{""cotton"": 100.0}",cotton,100.0,high,philippine,PH,https://www.regattalifestyle.com/collections/womens-shirts/products/seersucker-striped-vest-993913-light-blue,2026-04-24T01:49:49.569071,live
Regatta,Linen Button Down Shirt,shirt,"phistication. Featuring a carefully curated fabric blend of 86% rayon, 7% linen, and 7% polyester, the twill weave construction d","{""rayon"": 86.0, ""linen"": 7.0, ""polyester"": 7.0}",rayon,93.0,high,philippine,PH,https://www.regattalifestyle.com/collections/womens-shirts/products/linen-button-down-shirt-992769-natural,2026-04-24T01:49:50.240610,live
Regatta,Floral Button Down Shirt,shirt,ghts Fit: Regular Fabric: Plain Weave Material Composition: 53% Viscose 38% Cotton 9% Polyester Model's Body Measurements Height: 5,"{""viscose"": 53.0, ""cotton"": 38.0, ""polyester"": 9.0}",viscose,91.0,high,philippine,PH,https://www.regattalifestyle.com/collections/womens-shirts/products/floral-button-down-shirt-992118-off-white,2026-04-24T01:49:52.193432,live
Regatta,Printed Button Down Shirt,shirt,"ghts Fit: Regular Fabric: Plain Weave Material Composition: 80% Viscose 20% Polyester Model's Body Measurements Height: 5'7"" Chest:","{""viscose"": 80.0, ""polyester"": 20.0}",viscose,80.0,medium,philippine,PH,https://www.regattalifestyle.com/collections/womens-shirts/products/printed-button-down-shirt-990744-green,2026-04-24T01:49:54.094635,live
Regatta,Printed Notch Collar Shirt,shirt,"ghts Fit: Regular Fabric: Plain Weave Material Composition: 80% Viscose 20% Polyester Model's Body Measurements Height: 5'9"" Chest:","{""viscose"": 80.0, ""polyester"": 20.0}",viscose,80.0,medium,philippine,PH,https://www.regattalifestyle.com/collections/womens-shirts/products/printed-notch-collar-shirt-990202-plum,2026-04-24T01:49:55.608536,live
Regatta,Shirt With Button Detail,shirt,"Regular Fabric: Basket Weave (Oxford) Material Composition: 70% Cotton 30% Polyester Model's Body Measurements Height: 5'7"" Chest:","{""cotton"": 70.0, ""polyester"": 30.0}",cotton,70.0,medium,philippine,PH,https://www.regattalifestyle.com/collections/womens-shirts/products/shirt-with-button-detail-992997-off-white,2026-04-24T01:49:56.335079,live
Regatta,Round Neck Striped Shirt,shirt,"tails: Striped Fabric: Textured Weave Material Composition: 100% Polyester Model's Body Measurements Height: 5'7"" Chest: 29"" Waist: 23","{""polyester"": 100.0}",polyester,0.0,low,philippine,PH,https://www.regattalifestyle.com/collections/womens-shirts/products/round-neck-striped-shirt-989536-light-blue,2026-04-24T01:49:57.282435,live
Regatta,Notched Collar Shirt,shirt,"ghts Fit: Regular Fabric: Plain Weave Material Composition: 56% Rayon 44% Polyester Model's Body Measurements Height: 5'9"" Chest:","{""rayon"": 56.0, ""polyester"": 44.0}",rayon,56.0,medium,philippine,PH,https://www.regattalifestyle.com/collections/womens-shirts/products/notched-collar-shirt-990742-dark-green,2026-04-24T01:49:57.917191,live
Regatta,Button Down Shirt With Tie Detail,shirt,"detail adds visual interest, while the linen-blend fabric (55% viscose, 30% linen, 15% polyester) delivers breathability and comfo","{""viscose"": 55.0, ""linen"": 30.0, ""polyester"": 15.0}",viscose,85.0,high,philippine,PH,https://www.regattalifestyle.com/collections/womens-shirts/products/button-down-shirt-with-tie-detail-993912-deep-brown,2026-04-24T01:49:59.201325,live
Regatta,Striped Long Sleeves Shirt,shirt,"Details: Stripes Fabric: Plain Weave Material Composition: 100% Cotton Model's Body Measurements Height: 5'7"" Chest: 29"" Waist: 23","{""cotton"": 100.0}",cotton,100.0,high,philippine,PH,https://www.regattalifestyle.com/collections/womens-shirts/products/striped-long-sleeves-shirt-990743-powder-blue,2026-04-24T01:50:01.894980,live
Regatta,A-Line Dress,dress,"abric: Plain Weave (Linen-like) Material Composition: like: 97% Cotton 3% Spandex Model's Body Measurements Height: 5'7"" Chest: 29","{""cotton"": 97.0, ""elastane"": 3.0}",cotton,97.0,high,philippine,PH,https://www.regattalifestyle.com/collections/womens-dresses/products/a-line-dress-991244-off-white,2026-04-24T01:50:04.540167,live
Regatta,Printed Eyelet Button Down Dress,dress,"his charming Printed Eyelet Button Down Dress. Crafted from 100% cotton with a delicate woven eyelet texture, this piece features a","{""cotton"": 100.0}",cotton,100.0,high,philippine,PH,https://www.regattalifestyle.com/collections/womens-dresses/products/printed-eyelet-button-down-dress-993895-cobalt-blue,2026-04-24T01:50:05.265927,live
Regatta,Striped Maxi Dress,dress,"gn Details: Striped Fabric: Interlock Material Composition: 95% Cotton 5% Spandex Model's Body Measurements Height: 5'7"" Chest: 31","{""cotton"": 95.0, ""elastane"": 5.0}",cotton,95.0,high,philippine,PH,https://www.regattalifestyle.com/collections/womens-dresses/products/striped-maxi-dress-993776-navy-blue,2026-04-24T01:50:06.150714,live
Regatta,Shirt Dress With Tie Detail,dress,"g tie detail. Crafted from a breathable linen-blend fabric (80% cotton, 20% linen), this fit-and-flare silhouette flatters your fi","{""cotton"": 80.0, ""linen"": 20.0}",cotton,100.0,high,philippine,PH,https://www.regattalifestyle.com/collections/womens-dresses/products/shirt-dress-with-tie-detail-994637-beige,2026-04-24T01:50:07.359410,live
Regatta,Sleeveless Dress With Pleats,dress,"d-flare dress. Crafted from a breathable linen-blend fabric—55% viscose, 30% linen, and 15% polyester—it features flattering pleats","{""viscose"": 55.0, ""linen"": 30.0, ""polyester"": 15.0}",viscose,85.0,high,philippine,PH,https://www.regattalifestyle.com/collections/womens-dresses/products/sleeveless-dress-with-pleats-993899-deep-brown,2026-04-24T01:50:09.084876,live
Regatta,Breton Striped Midi Dress,dress,"gn Details: Striped Fabric: Flat Knit Material Composition: 100% Viscose Model's Body Measurements Height: 5'7"" Chest: 33"" Waist: 24","{""viscose"": 100.0}",viscose,100.0,high,philippine,PH,https://www.regattalifestyle.com/collections/womens-dresses/products/breton-striped-midi-dress-994625-off-white,2026-04-24T01:50:09.832100,live
Regatta,T-Shirt Dress,dress,"lights Fit: Regular Fabric: Interlock Material Composition: 90% Cotton 10% Spandex Model's Body Measurements Height: 5'7"" Chest: 2","{""cotton"": 90.0, ""elastane"": 10.0}",cotton,90.0,high,philippine,PH,https://www.regattalifestyle.com/collections/womens-dresses/products/t-shirt-dress-991321-navy-blue,2026-04-24T01:50:10.486768,live
Regatta,Dolman Shirt Dress,dress,"Regular Fabric: Basket Weave (Oxford) Material Composition: 100% Cotton Model's Body Measurements Height: 5'7"" Chest: 33"" Waist: 24","{""cotton"": 100.0}",cotton,100.0,high,philippine,PH,https://www.regattalifestyle.com/collections/womens-dresses/products/dolman-shirt-dress-992768-off-white,2026-04-24T01:50:11.185107,live
Regatta,Interlock T-Shirt Dress,dress,"lights Fit: Regular Fabric: Interlock Material Composition: 90% Cotton 10% Spandex Model's Body Measurements Height: 5'7"" Chest: 3","{""cotton"": 90.0, ""elastane"": 10.0}",cotton,90.0,high,philippine,PH,https://www.regattalifestyle.com/collections/womens-dresses/products/interlock-t-shirt-dress-993332-red,2026-04-24T01:50:12.272634,live
Regatta,Eyelet Sleeveless Dress,dress,"Fabric: Textured Weave (Woven Eyelet) Material Composition: 55% Cotton 45% Polyester Model's Body Measurements Height: 5'7"" Chest:","{""cotton"": 55.0, ""polyester"": 45.0}",cotton,55.0,medium,philippine,PH,https://www.regattalifestyle.com/collections/womens-dresses/products/eyelet-sleeveless-dress-993785-light-blue,2026-04-24T01:50:13.039115,live
Regatta,Linen Vest Dress,dress,"r figure while the twill weave fabric—a thoughtful blend of 86% rayon, 7% linen, and 7% polyester—provides breathable comfort and","{""rayon"": 86.0, ""linen"": 7.0, ""polyester"": 7.0}",rayon,93.0,high,philippine,PH,https://www.regattalifestyle.com/collections/womens-dresses/products/linen-vest-dress-992766-natural,2026-04-24T01:50:13.678238,live
Regatta,Pique Polo Dress,dress,", a wardrobe essential designed for modern living. Blending 70% cotton with 30% polyester, this dress delivers comfort and durabil","{""cotton"": 70.0, ""polyester"": 30.0}",cotton,70.0,medium,philippine,PH,https://www.regattalifestyle.com/collections/womens-dresses/products/pique-polo-dress-994496-navy-blue,2026-04-24T01:50:14.475685,live
Regatta,Button Down Dress With Belt,dress,"ront Fabric: Plain Weave (Linen-like) Material Composition: 97% Cotton 3% Spandex Model's Body Measurements Height: 5'8"" Chest: 32","{""cotton"": 97.0, ""elastane"": 3.0}",cotton,97.0,high,philippine,PH,https://www.regattalifestyle.com/collections/womens-dresses/products/button-down-dress-with-belt-993896-off-white,2026-04-24T01:50:15.150968,live
Regatta,Sleeveless Fit & Flare Dress,dress,"meless style. Crafted from a breathable linen-blend fabric (55% viscose, 30% linen, 15% polyester), it features a flattering silhou","{""viscose"": 55.0, ""linen"": 30.0, ""polyester"": 15.0}",viscose,85.0,high,philippine,PH,https://www.regattalifestyle.com/collections/womens-dresses/products/sleeveless-fit-flare-dress-993897-cobalt-blue,2026-04-24T01:50:15.839440,live
Regatta,Button Down Dress,dress,"t and flare Fabric: Plain Weave Material Composition: Like: 97% Cotton 3% Spandex Model's Body Measurements Height: 5'7"" Chest: 33","{""cotton"": 97.0, ""elastane"": 3.0}",cotton,97.0,high,philippine,PH,https://www.regattalifestyle.com/collections/womens-dresses/products/button-down-dress-992116-navy-blue,2026-04-24T01:50:16.553341,live
Regatta,Seersucker Half Placket Dress,dress,"h this charming Seersucker Half Placket Dress. Crafted from 100% cotton with a distinctive slack tension weave, this piece offers b","{""cotton"": 100.0}",cotton,100.0,high,philippine,PH,https://www.regattalifestyle.com/collections/womens-dresses/products/seersucker-half-placket-dress-993898-light-blue,2026-04-24T01:50:17.255319,live
Regatta,Combination Pleated Dress,dress,"and flare Fabric: Satin Weave (Satin) Material Composition: 97% Polyester 3% Nylon Model's Body Measurements Height: 5'7"" Chest: 29""","{""polyester"": 97.0, ""nylon"": 3.0}",polyester,0.0,low,philippine,PH,https://www.regattalifestyle.com/collections/womens-dresses/products/combination-pleated-dress-990712-navy-blue,2026-04-24T01:50:17.940868,live
Regatta,Floral Sleeveless Dress,dress,n Details: Floral Fabric: Plain Weave Material Composition: 53% Viscose 38% Cotton 9% Polyester Model's Body Measurements Height: 5,"{""viscose"": 53.0, ""cotton"": 38.0, ""polyester"": 9.0}",viscose,91.0,high,philippine,PH,https://www.regattalifestyle.com/collections/womens-dresses/products/floral-sleeveless-dress-992117-off-white,2026-04-24T01:50:19.540129,live
Regatta,Pleated Dress,dress,"s timeless Pleated Dress. Crafted from a luxurious blend of 50% cotton and 50% modal, this piece combines comfort with sophisticat","{""cotton"": 50.0, ""modal"": 50.0}",cotton,100.0,high,philippine,PH,https://www.regattalifestyle.com/collections/womens-dresses/products/pleated-dress-994921-camel,2026-04-24T01:50:20.220978,live
Regatta,Striped Knit Polo,polo,"fortless style and comfort. Crafted from a premium blend of 70% polyester and 30% nylon, the flat knit fabric offers durability and a","{""polyester"": 70.0, ""nylon"": 30.0}",polyester,0.0,low,philippine,PH,https://www.regattalifestyle.com/collections/regatta-lifestyle-new-casual-wear-arrivals-for-women-shop-online/products/striped-knit-polo-993902-off-white,2026-04-24T01:50:24.514939,live
Regatta,Relaxed Knit Top,knitwear,"lights Fit: Relaxed Fabric: Flat Knit Material Composition: 100% Viscose Model's Body Measurements Height: 5'7"" Chest: 31"" Waist: 24","{""viscose"": 100.0}",viscose,100.0,high,philippine,PH,https://www.regattalifestyle.com/collections/womens-tees/products/relaxed-knit-top-993694-off-white,2026-04-24T01:50:37.443074,live
Regatta,Cable Knit Top,knitwear,"ighlights Fit: Slim Fabric: Flat Knit Material Composition: 100% Viscose Model's Body Measurements Height: 5'7"" Chest: 29"" Waist: 23","{""viscose"": 100.0}",viscose,100.0,high,philippine,PH,https://www.regattalifestyle.com/collections/womens-tees/products/cable-knit-top-992542-off-white,2026-04-24T01:50:38.129357,live
Regatta,All Over Print Floral Graphic T-Shirt,t-shirt,"t Fabric: Jersey Knit (Single Jersey) Material Composition: 60% Cotton 40% Polyester Model's Body Measurements Height: 5'7"" Chest:","{""cotton"": 60.0, ""polyester"": 40.0}",cotton,60.0,medium,philippine,PH,https://www.regattalifestyle.com/collections/womens-tees/products/all-over-print-floral-graphic-t-shirt-994030-off-white,2026-04-24T01:50:38.810804,live
Regatta,Soft Rib Crew Neck T-Shirt,t-shirt,"hlights Fit: Slim Fabric: Ribbed Knit Material Composition: 91% Cotton 9% Spandex Model's Body Measurements Height: 5'9"" Chest: 33","{""cotton"": 91.0, ""elastane"": 9.0}",cotton,91.0,high,philippine,PH,https://www.regattalifestyle.com/collections/womens-tees/products/soft-rib-crew-neck-t-shirt-988480-navy-blue,2026-04-24T01:50:40.240708,live
Regatta,Raglan Knit Top With Button Detail,knitwear,"and charming button detail. Crafted from a premium blend of 50% viscose, 27% polyester, and 23% nylon, this flat knit top offers a","{""viscose"": 50.0, ""polyester"": 27.0, ""nylon"": 23.0}",viscose,50.0,medium,philippine,PH,https://www.regattalifestyle.com/collections/womens-tees/products/raglan-knit-top-with-button-detail-993907-navy-blue,2026-04-24T01:50:41.615742,live
Regatta,Breton Striped T-Shirt,t-shirt,"d Fabric: Jersey Knit (Single Jersey) Material Composition: 60% Cotton 40% Polyester Model's Body Measurements Height: 5'7"" Chest:","{""cotton"": 60.0, ""polyester"": 40.0}",cotton,60.0,medium,philippine,PH,https://www.regattalifestyle.com/collections/womens-tees/products/breton-striped-t-shirt-993004-navy-blue,2026-04-24T01:50:43.944167,live
Regatta,Breton Striped Knit Top,knitwear,"ce with this Breton Striped Knit Top, expertly crafted from 100% viscose with a smooth flat knit finish. The slim fit creates a refi","{""viscose"": 100.0}",viscose,100.0,high,philippine,PH,https://www.regattalifestyle.com/collections/womens-tees/products/breton-striped-knit-top-993904-cobalt-blue,2026-04-24T01:50:45.840012,live
Regatta,Stripes Raglan Knit Top,knitwear,"gn Details: Striped Fabric: Flat Knit Material Composition: 100% Viscose Model's Body Measurements Height: 5'7"" Chest: 29"" Waist: 23","{""viscose"": 100.0}",viscose,100.0,high,philippine,PH,https://www.regattalifestyle.com/collections/womens-tees/products/stripes-raglan-knit-top-993318-red,2026-04-24T01:50:47.223573,live
Regatta,Embroidered T-Shirt,t-shirt,"t-shirt. Crafted from a comfortable cotton-polyester blend (60% cotton, 40% polyester), it features a classic regular fit and intr","{""cotton"": 60.0, ""polyester"": 40.0}",cotton,60.0,medium,philippine,PH,https://www.regattalifestyle.com/collections/womens-tees/products/embroidered-t-shirt-992764-off-white,2026-04-24T01:50:47.874152,live
Regatta,Knit Top With Contrast Cuff Detail,knitwear,"ve contrast cuff detailing. Crafted from a premium blend of 70% polyester and 30% nylon, the flat knit fabric delivers a smooth, refi","{""polyester"": 70.0, ""nylon"": 30.0}",polyester,0.0,low,philippine,PH,https://www.regattalifestyle.com/collections/womens-tees/products/knit-top-with-contrast-cuff-detail-993905-off-white,2026-04-24T01:50:48.516008,live
Regatta,Interlock T-Shirt With Side Slit,t-shirt,"Details: Side Slit Fabric: Interlock Material Composition: 94% Cotton 6% Spandex Model's Body Measurements Height: 5'9"" Chest: 33","{""cotton"": 94.0, ""elastane"": 6.0}",cotton,94.0,high,philippine,PH,https://www.regattalifestyle.com/collections/womens-tees/products/interlock-t-shirt-with-side-slit-986780-chocolate-brown,2026-04-24T01:50:50.495648,live
Regatta,V-Neck Regular Fit Polo Pique,polo,"Highlights Fit: Regular Fabric: Pique Material Composition: 63% Cotton 37% Polyester Model's Body Measurements Height: 5'7"" Chest:","{""cotton"": 63.0, ""polyester"": 37.0}",cotton,63.0,medium,philippine,PH,https://www.regattalifestyle.com/collections/womens-polos/products/v-neck-regular-fit-polo-pique-994323-black,2026-04-24T01:50:52.794044,live
Regatta,Striped Polo,polo,"ign Details: Button-Fly Fabric: Pique Material Composition: 50% Cotton 50% Polyester Model's Body Measurements Height: 5'7"" Chest:","{""cotton"": 50.0, ""polyester"": 50.0}",cotton,50.0,medium,philippine,PH,https://www.regattalifestyle.com/collections/womens-polos/products/striped-polo-991564-mint-green,2026-04-24T01:50:53.524121,live
Regatta,Striped Dolman Polo,polo,"e who value both comfort and versatility. Made from premium 100% cotton heavy jersey knit, this piece offers a soft, breathable fee","{""cotton"": 100.0}",cotton,100.0,high,philippine,PH,https://www.regattalifestyle.com/collections/womens-polos/products/striped-dolman-polo-993720-off-white,2026-04-24T01:50:57.476668,live
Regatta,Half Placket Polo,polo,for the modern lifestyle. This sophisticated piece combines 70% viscose with 30% polyester in a smooth flat knit construction that,"{""viscose"": 70.0, ""polyester"": 30.0}",viscose,70.0,medium,philippine,PH,https://www.regattalifestyle.com/collections/womens-polos/products/half-placket-polo-993900-deep-brown,2026-04-24T01:50:58.885690,live
Regatta,Two-Fer Polo,polo,"ils: Two-Fer Detail Fabric: Flat Knit Material Composition: 70% Rayon 30% Polyester Model's Body Measurements Height: 5'7"" Chest:","{""rayon"": 70.0, ""polyester"": 30.0}",rayon,70.0,medium,philippine,PH,https://www.regattalifestyle.com/collections/womens-polos/products/two-fer-polo-991245-navy-blue,2026-04-24T01:51:00.913429,live
Regatta,V-Placket Sleeveless Polo,polo,"with this V-Placket Sleeveless Polo, designed in luxurious 100% viscose with a refined flat knit texture. The relaxed regular fit a","{""viscose"": 100.0}",viscose,100.0,high,philippine,PH,https://www.regattalifestyle.com/collections/womens-polos/products/v-placket-sleeveless-polo-993901-cobalt-blue,2026-04-24T01:51:02.910409,live
Regatta,Sleeveless Polo,polo,ighlights Fit: Slim Fabric: Flat Knit Material Composition: 50% Viscose 27% Polyester 23% Nylon Model's Body Measurements Height: 5,"{""viscose"": 50.0, ""polyester"": 27.0, ""nylon"": 23.0}",viscose,50.0,medium,philippine,PH,https://www.regattalifestyle.com/collections/womens-polos/products/sleeveless-polo-993216-blush,2026-04-24T01:51:03.560471,live
Regatta,Stripes Dolman Polo,polo,"lights Fit: Relaxed Fabric: Flat Knit Material Composition: 100% Viscose Model's Body Measurements Height: 5'7"" Chest: 29"" Waist: 23","{""viscose"": 100.0}",viscose,100.0,high,philippine,PH,https://www.regattalifestyle.com/collections/womens-polos/products/stripes-dolman-polo-992115-off-white,2026-04-24T01:51:04.211906,live
Regatta,The Modern Polo,polo,Highlights Fit: Regular Fabric: Pique Material Composition: 60% Cotton 35% Polyester 5% Spandex Model's Body Measurements Height:,"{""cotton"": 60.0, ""polyester"": 35.0, ""elastane"": 5.0}",cotton,60.0,medium,philippine,PH,https://www.regattalifestyle.com/collections/womens-polos/products/the-modern-polo-984357-cream,2026-04-24T01:51:06.068844,live
Regatta,Button Down Knit Jacket,jacket,"tails: Button-Front Fabric: Flat Knit Material Composition: 100% Viscose Model's Body Measurements Height: 5'7"" Chest: 33"" Waist: 24","{""viscose"": 100.0}",viscose,100.0,high,philippine,PH,https://www.regattalifestyle.com/collections/womens-jackets/products/button-down-knit-jacket-993981-off-white,2026-04-24T01:51:07.896901,live
Regatta,Jacket With Drawstring Detail,jacket,is crafted from luxuriously soft micropeach twill weave in 100% polyester. The relaxed silhouette flatters all body types while maint,"{""polyester"": 100.0}",polyester,0.0,low,philippine,PH,https://www.regattalifestyle.com/collections/womens-jackets/products/jacket-with-drawstring-detail-994565-navy-blue,2026-04-24T01:51:09.138417,live
Regatta,Button Down Knit Cardigan,knitwear,"tails: Button-Front Fabric: Flat Knit Material Composition: 100% Viscose Model's Body Measurements Height: 5'7"" Chest: 31"" Waist: 24","{""viscose"": 100.0}",viscose,100.0,high,philippine,PH,https://www.regattalifestyle.com/collections/womens-jackets/products/button-down-knit-cardigan-992447-off-white,2026-04-24T01:51:09.879247,live
Regatta,Striped Knit Vest Cardigan,knitwear,"riped Knit Vest Cardigan. Crafted from a luxurious blend of 70% viscose and 30% nylon, this flat knit piece features classic stripe","{""viscose"": 70.0, ""nylon"": 30.0}",viscose,70.0,medium,philippine,PH,https://www.regattalifestyle.com/collections/womens-jackets/products/striped-knit-vest-cardigan-993982-off-white,2026-04-24T01:51:11.040271,live
Regatta,Flared Linen Skirt With Tie Detail,skirt,ails: Elastic Waistband Fabric: Linen Material Composition: 38% Polyester 34% Viscose 26% Linen 2% Cotton Waist Height: Mid Waist Mod,"{""polyester"": 38.0, ""viscose"": 34.0, ""linen"": 26.0, ""cotton"": 2.0}",polyester,62.0,medium,philippine,PH,https://www.regattalifestyle.com/collections/womens-shorts-and-skirts/products/flared-linen-skirt-with-tie-detail-993986-brown,2026-04-24T01:51:12.949878,live
Regatta,Chino Shorts,shorts,Elastic Waistband Fabric: Fine Twill Material Composition: 98% Cotton 2% Spandex Waist Height: Mid Rise Model's Body Measurements,"{""cotton"": 98.0, ""elastane"": 2.0}",cotton,98.0,high,philippine,PH,https://www.regattalifestyle.com/collections/womens-shorts-and-skirts/products/chino-shorts-992640-navy-blue,2026-04-24T01:51:13.636239,live
Regatta,Overlap Skort,skirt,tails: Side Zip Fabric: Textured Knit Material Composition: 85% Polyester 15% Cotton Waist Height: Mid Waist Model's Body Measurement,"{""polyester"": 85.0, ""cotton"": 15.0}",polyester,15.0,low,philippine,PH,https://www.regattalifestyle.com/collections/womens-shorts-and-skirts/products/overlap-skort-991345-beige,2026-04-24T01:51:14.339086,live
Regatta,Light Wash Denim Shorts,shorts,ils: Patch Pocket Fabric: Twill Weave Material Composition: 98% Cotton 2% Spandex Waist Height: Mid Rise Stretch Detail: Stretchab,"{""cotton"": 98.0, ""elastane"": 2.0}",cotton,98.0,high,philippine,PH,https://www.regattalifestyle.com/collections/womens-shorts-and-skirts/products/light-wash-denim-shorts-993925-light-blue,2026-04-24T01:51:14.959284,live
Regatta,Mid-Wash Denim Skort,jeans,ils: Front Flap Closure Fabric: Denim Material Composition: 75% Cotton 23% Polyester 2% Spandex Waist Height: Mid Waist Model's Bo,"{""cotton"": 75.0, ""polyester"": 23.0, ""elastane"": 2.0}",cotton,75.0,medium,philippine,PH,https://www.regattalifestyle.com/collections/womens-shorts-and-skirts/products/mid-wash-denim-skort-992158-light-blue,2026-04-24T01:51:15.685463,live
Regatta,Pull Up Shorts,shorts,"meets casual style with these Pull Up Shorts. Crafted from 100% cotton in a plain weave linen-like fabric, they feature a mid-rise","{""cotton"": 100.0}",cotton,100.0,high,philippine,PH,https://www.regattalifestyle.com/collections/womens-shorts-and-skirts/products/pull-up-shorts-993167-navy-blue,2026-04-24T01:51:16.338399,live
Regatta,Skort,skirt,"fort and style. Crafted from a premium twill weave blend of 98% cotton and 2% spandex, it offers the perfect balance of structure","{""cotton"": 98.0, ""elastane"": 2.0}",cotton,98.0,high,philippine,PH,https://www.regattalifestyle.com/collections/womens-shorts-and-skirts/products/skort-964018-blush,2026-04-24T01:51:17.102589,live
Regatta,Pull On Shorts,shorts,"t Height: Mid Rise Fabric: Fine Twill Material Composition: 98% Cotton 2% Spandex Model's Body Measurements Height: 5'7"" Chest: 31","{""cotton"": 98.0, ""elastane"": 2.0}",cotton,98.0,high,philippine,PH,https://www.regattalifestyle.com/collections/womens-shorts-and-skirts/products/pull-on-shorts-994281-sand,2026-04-24T01:51:19.508175,live
Regatta,White Twill Skort,skirt,ils: Front Flap Closure Fabric: Twill Material Composition: 100% Cotton Waist Height: Mid Waist Model's Body Measurements Height: 5,"{""cotton"": 100.0}",cotton,100.0,high,philippine,PH,https://www.regattalifestyle.com/collections/womens-shorts-and-skirts/products/white-twill-skort-992125-white,2026-04-24T01:51:20.234888,live
Regatta,Denim Skort,jeans,"oth worlds with this timeless denim skort. Constructed from 100% cotton twill weave, it combines the comfort of shorts with the ele","{""cotton"": 100.0}",cotton,100.0,high,philippine,PH,https://www.regattalifestyle.com/collections/womens-shorts-and-skirts/products/denim-skort-994721-black,2026-04-24T01:51:20.858050,live
Regatta,Striped Seersucker Skirt,skirt,"e with this charming Striped Seersucker Skirt. Crafted from 100% cotton with a distinctive slack tension weave, this skirt offers b","{""cotton"": 100.0}",cotton,100.0,high,philippine,PH,https://www.regattalifestyle.com/collections/womens-shorts-and-skirts/products/striped-seersucker-skirt-994540-off-white,2026-04-24T01:51:21.593587,live
Regatta,Dark Wash Denim Skort,jeans,ils: Front Flap Closure Fabric: Denim Material Composition: 75% Cotton 23% Polyester 2% Spandex Waist Height: Mid Waist Model's Bo,"{""cotton"": 75.0, ""polyester"": 23.0, ""elastane"": 2.0}",cotton,75.0,medium,philippine,PH,https://www.regattalifestyle.com/collections/womens-shorts-and-skirts/products/dark-wash-denim-skort-992165-denim-blue,2026-04-24T01:51:23.026864,live
Regatta,Pull-Up Skort,skirt,"gned for comfort and style. Crafted from a premium blend of 92% cotton, 6% polyester, and 2% spandex, the textured weave fabric of","{""cotton"": 92.0, ""polyester"": 6.0, ""elastane"": 2.0}",cotton,92.0,high,philippine,PH,https://www.regattalifestyle.com/collections/womens-shorts-and-skirts/products/pull-up-skort-993170-oatmilk,2026-04-24T01:51:25.246640,live
Regatta,Midi Skirt With Back Slit,skirt,Fit Fabric: Twill Weave (Fine Twill) Material Composition: 100% Cotton Waist Height: Mid Waist Model's Body Measurements Height: 5,"{""cotton"": 100.0}",cotton,100.0,high,philippine,PH,https://www.regattalifestyle.com/collections/womens-shorts-and-skirts/products/midi-skirt-with-back-slit-990238-beige,2026-04-24T01:51:26.652319,live
ForMe,Sublimation Print Graphic T-Shirt,t-shirt,"y Fabric: Jersey Knit (Single Jersey) Material Composition: 60% Cotton 40% Polyester Model's Body Measurements Height: 5'7"" Chest:","{""cotton"": 60.0, ""polyester"": 40.0}",cotton,60.0,medium,philippine,PH,https://www.formeclothing.com/products/sublimation-print-graphic-t-shirt-995055-cream,2026-04-24T01:51:31.823267,live
ForMe,Graphic T-Shirt,t-shirt,"y Fabric: Jersey Knit (Single Jersey) Material Composition: 100% Cotton Model's Body Measurements Height: 5'7"" Chest: 31 Waist: 24""","{""cotton"": 100.0}",cotton,100.0,high,philippine,PH,https://www.formeclothing.com/products/graphic-t-shirt-995052-off-white,2026-04-24T01:51:33.330535,live
ForMe,Drawstring Scoop Neck Volume Sleeve Blouse,shirt,"-Front Fabric: Plain Weave (Crumpled) Material Composition: 65% Rayon 30% Cotton 5% Nylon Model's Body Measurements Height: 5'6""","{""rayon"": 65.0, ""cotton"": 30.0, ""nylon"": 5.0}",rayon,95.0,high,philippine,PH,https://www.formeclothing.com/collections/shirts/products/drawstring-scoop-neck-volume-sleeve-blouse-993207-off-white,2026-04-24T01:51:34.693171,live
ForMe,Flutter Sleeves Blouse,shirt,"Panel Fabric: Plain Weave (Crumpled) Material Composition: 67% Rayon 30% Cotton 3% Nylon Model's Body Measurements Height: 5'6""","{""rayon"": 67.0, ""cotton"": 30.0, ""nylon"": 3.0}",rayon,97.0,high,philippine,PH,https://www.formeclothing.com/collections/shirts/products/flutter-sleeves-blouse-993205,2026-04-24T01:51:36.177936,live
ForMe,Textured Blouse with Bubble Sleeves,shirt,"egular Fabric: Plain Weave (Crumpled) Material Composition: 67% Rayon 30% Cotton 3% Nylon Model's Body Measurements Height: 5'7""","{""rayon"": 67.0, ""cotton"": 30.0, ""nylon"": 3.0}",rayon,97.0,high,philippine,PH,https://www.formeclothing.com/products/textured-blouse-with-bubble-sleeves-993472,2026-04-24T01:51:37.715807,live
ForMe,Tee with Side Slits,t-shirt,"Details: Side Slit Fabric: Interlock Material Composition: 60% Cotton 40% Polyester Model's Body Measurements Height: 5'7"" Chest:","{""cotton"": 60.0, ""polyester"": 40.0}",cotton,60.0,medium,philippine,PH,https://www.formeclothing.com/products/tee-with-side-slits-994055-light-blue,2026-04-24T01:51:39.362810,live
ForMe,Button Down Tee,t-shirt,"lights Fit: Regular Fabric: Flat Knit Material Composition: 100% Viscose Model's Body Measurements Height: 5'7"" Chest: 31 Waist: 24""","{""viscose"": 100.0}",viscose,100.0,high,philippine,PH,https://www.formeclothing.com/products/button-down-tee-994786-light-blue,2026-04-24T01:51:40.869590,live
ForMe,Textured Puff Sleeves Tee,t-shirt,"ts Fit: Regular Fabric: Jacquard Knit Material Composition: 100% Polyester Model's Body Measurements Height: 5'7"" Chest: 31 Waist: 24""","{""polyester"": 100.0}",polyester,0.0,low,philippine,PH,https://www.formeclothing.com/products/textured-puff-sleeves-tee-994063-navy-blue,2026-04-24T01:51:42.327877,live
ForMe,Puff Sleeve Striped Blouse with Drawstring,shirt,": Self Fabric Tie Fabric: Plain Weave Material Composition: 100% Polyester Model's Body Measurements Height: 5'6"" Chest: 31 Waist: 25""","{""polyester"": 100.0}",polyester,0.0,low,philippine,PH,https://www.formeclothing.com/collections/shirts/products/puff-sleeve-striped-blouse-with-drawstring-993223-yellow,2026-04-24T01:51:43.994500,live
ForMe,Floral All Over Print Blouse,shirt,"Print Fabric: Plain Weave (Crumpled) Material Composition: 75% Rayon 25% Nylon Model's Body Measurements Height: 5'7"" Chest: 31","{""rayon"": 75.0, ""nylon"": 25.0}",rayon,75.0,medium,philippine,PH,https://www.formeclothing.com/collections/shirts/products/floral-all-over-print-blouse-993658-multi-color-combination,2026-04-24T01:51:45.520922,live
ForMe,All Hybrid Tee,t-shirt,"r Fabric: Jersey Knit (Single Jersey) Material Composition: 60% Cotton 40% Polyester Model's Body Measurements Height: 5'7"" Chest:","{""cotton"": 60.0, ""polyester"": 40.0}",cotton,60.0,medium,philippine,PH,https://www.formeclothing.com/products/all-hybrid-tee-995067-light-blue,2026-04-24T01:51:48.750398,live
ForMe,Knitted Sleeveless Top,top,"ighlights Fit: Slim Fabric: Flat Knit Material Composition: 100% Viscose Model's Body Measurements Height: 5'7"" Chest: 31 Waist: 24""","{""viscose"": 100.0}",viscose,100.0,high,philippine,PH,https://www.formeclothing.com/products/knitted-sleeveless-top-991237,2026-04-24T01:51:50.240858,live
ForMe,Button Down Striped Long Sleeve Shirt,shirt,"ils: Button-Front Fabric: Plain Weave Material Composition: 100% Polyester Model's Body Measurements Height: 5'6"" Chest: 31 Waist: 25""","{""polyester"": 100.0}",polyester,0.0,low,philippine,PH,https://www.formeclothing.com/collections/shirts/products/button-down-striped-long-sleeve-shirt-993222-yellow,2026-04-24T01:51:51.580486,live
ForMe,Cozy: Tapered Trousers,pants,"ights Fit: Tapered Fabric: Fine Twill Material Composition: 98% Cotton 2% Spandex Model's Body Measurements Height: 5'7"" Chest: 31","{""cotton"": 98.0, ""elastane"": 2.0}",cotton,98.0,high,philippine,PH,https://www.formeclothing.com/products/cozy-tapered-trousers-994335-taupe,2026-04-24T01:51:54.579182,live
ForMe,Linen Sleeveless Top with Trimming Detail,top,"etails: Lace Trim Fabric: Plain Weave Material Composition: 97% Cotton 3% Spandex Model's Body Measurements Height: 5'7"" Chest: 31","{""cotton"": 97.0, ""elastane"": 3.0}",cotton,97.0,high,philippine,PH,https://www.formeclothing.com/collections/shirts/products/linen-sleeveless-top-with-trimming-detail-993528-off-white,2026-04-24T01:51:57.514586,live
ForMe,Denim Midi Skirt,skirt,"d Size Guide Highlights Fabric: Denim Materia Composition: (100% Cotton) Model's Body Measurements Height: 5'7"" Chest: 31 Waist: 24","{""cotton"": 100.0}",cotton,100.0,high,philippine,PH,https://www.formeclothing.com/products/denim-midi-skirt-994334,2026-04-24T01:51:58.924214,live
ForMe,Split Neck Linen Shirt,shirt,"tails: Cuffed Hem Fabric: Plain Weave Material Composition: 97% Cotton 3% Spandex Model's Body Measurements Height: 5'7"" Chest: 31","{""cotton"": 97.0, ""elastane"": 3.0}",cotton,97.0,high,philippine,PH,https://www.formeclothing.com/collections/shirts/products/split-neck-linen-shirt-993966-off-white,2026-04-24T01:52:01.558098,live
ForMe,Linen Vest Top,top,"ront Fabric: Plain Weave (Linen-like) Material Composition: 97% Cotton 3% Spandex Model's Body Measurements Height: 5'7"" Chest: 31","{""cotton"": 97.0, ""elastane"": 3.0}",cotton,97.0,high,philippine,PH,https://www.formeclothing.com/collections/shirts/products/linen-vest-top-993526,2026-04-24T01:52:02.999702,live
ForMe,Flat Knit T-Shirt,t-shirt,"lights Fit: Regular Fabric: Flat Knit Material Composition: 100% Viscose Model's Body Measurements Height: 5'7"" Chest: 31 Waist: 24""","{""viscose"": 100.0}",viscose,100.0,high,philippine,PH,https://www.formeclothing.com/products/flat-knit-t-shirt-993452,2026-04-24T01:52:04.844655,live
ForMe,Striped Button Down Tee,t-shirt,": Engineered Stripe Fabric: Flat Knit Material Composition: 60% Cotton 40% Polyester Model's Body Measurements Height: 5'7"" Chest:","{""cotton"": 60.0, ""polyester"": 40.0}",cotton,60.0,medium,philippine,PH,https://www.formeclothing.com/products/striped-button-down-tee-994062-aqua,2026-04-24T01:52:06.553270,live
ForMe,Sleeveless Striped Collared Tee,t-shirt,": Engineered Stripe Fabric: Flat Knit Material Composition: 100% Cotton Model's Body Measurements Height: 5'7"" Chest: 31 Waist: 24""","{""cotton"": 100.0}",cotton,100.0,high,philippine,PH,https://www.formeclothing.com/products/sleeveless-striped-collared-tee-994066-taupe,2026-04-24T01:52:08.160697,live
ForMe,Extended Sleeved Eyelet Shirt,shirt,"ls: Button-Front Fabric: Woven Eyelet Material Composition: 100% Cotton Model's Body Measurements Height: 5'7"" Chest: 31 Waist: 24""","{""cotton"": 100.0}",cotton,100.0,high,philippine,PH,https://www.formeclothing.com/products/extended-sleeved-eyelet-shirt-993941,2026-04-24T01:52:09.612785,live
ForMe,Floral All Over Print Collared Top with Drawstring Detail,top,"-Front Fabric: Plain Weave (Crumpled) Material Composition: 75% Rayon 25% Nylon Model's Body Measurements Height: 5'7"" Chest: 31","{""rayon"": 75.0, ""nylon"": 25.0}",rayon,75.0,medium,philippine,PH,https://www.formeclothing.com/collections/shirts/products/floral-all-over-print-collared-top-with-drawstring-detail-993529-pink,2026-04-24T01:52:11.009484,live
ForMe,Floral Hybrid Tee,t-shirt,"ghts Fit: Boxy Fabric: Single Jersey Material Composition: (60% Cotton 40% Polyester) Model's Body Measurements Height: 5'7"" Chest","{""cotton"": 60.0, ""polyester"": 40.0}",cotton,60.0,medium,philippine,PH,https://www.formeclothing.com/products/floral-hybrid-tee-995351-navy-blue,2026-04-24T01:52:12.337774,live
ForMe,Textured Collared Top,top,"-Front Fabric: Plain Weave (Crumpled) Material Composition: 67% Rayon 30% Cotton 3% Nylon Model's Body Measurements Height: 5'7""","{""rayon"": 67.0, ""cotton"": 30.0, ""nylon"": 3.0}",rayon,97.0,high,philippine,PH,https://www.formeclothing.com/products/textured-collared-top-993531-lilac,2026-04-24T01:52:15.173048,live
ForMe,Straight Leg Trousers,pants,abric: Plain Weave (Linen-like) Material Composition: like: 97% Cotton 3% Spandex Stretch Detail: Stretchable Model's Body Measure,"{""cotton"": 97.0, ""elastane"": 3.0}",cotton,97.0,high,philippine,PH,https://www.formeclothing.com/products/straight-leg-trousers-993499,2026-04-24T01:52:22.602198,live
ForMe,Textured Collared Top with Drawstring Detail,top,"string Fabric: Plain Weave (Textured) Material Composition: 85% Rayon 9% Tencel 6% Nylon Model's Body Measurements Height: 5'7"" C","{""rayon"": 85.0, ""tencel"": 9.0, ""nylon"": 6.0}",rayon,94.0,high,philippine,PH,https://www.formeclothing.com/collections/shirts/products/textured-collared-top-with-drawstring-detail-993530-cream,2026-04-24T01:52:24.100471,live
ForMe,Eyelet Midi Skirt,skirt,"Fabric: Textured Weave (Woven Eyelet) Material Composition: 100% Cotton Model's Body Measurements Height: 5'7"" Chest: 31 Waist: 24""","{""cotton"": 100.0}",cotton,100.0,high,philippine,PH,https://www.formeclothing.com/products/eyelet-midi-skirt-993506-light-blue,2026-04-24T01:52:28.838501,live
ForMe,Collared Button Down Top,top,"abric: Plain Weave (Linen-like) Material Composition: like: 97% Cotton 3% Spandex Model's Body Measurements Height: 5'7"" Chest: 31","{""cotton"": 97.0, ""elastane"": 3.0}",cotton,97.0,high,philippine,PH,https://www.formeclothing.com/collections/shirts/products/collared-button-down-top-994369,2026-04-24T01:52:30.338496,live
ForMe,Extended Sleeved Embroidered Plaid Shirt,shirt,"ils: Button-Front Fabric: Plain Weave Material Composition: 100% Cotton Model's Body Measurements Height: 5'6"" Chest: 31 Waist: 25""","{""cotton"": 100.0}",cotton,100.0,high,philippine,PH,https://www.formeclothing.com/collections/shirts/products/extended-sleeved-embroidered-plaid-shirt-993212-off-white,2026-04-24T01:52:33.550954,live
ForMe,Textured Button Down Shirt with Shirring,shirt,"xtured Plain Weave (Crumpled Texture) Material Composition: 65% Rayon 30% Cotton 5% Nylon Model's Body Measurements Height: 5'6""","{""rayon"": 65.0, ""cotton"": 30.0, ""nylon"": 5.0}",rayon,95.0,high,philippine,PH,https://www.formeclothing.com/collections/shirts/products/textured-button-down-shirt-with-shirring-992500-tan,2026-04-24T01:52:35.246493,live
ForMe,Embroidered Extended Sleeve Tee,t-shirt,"y Fabric: Jersey Knit (Single Jersey) Material Composition: 60% Cotton 40% Polyester Model's Body Measurements Height: 5'7"" Chest:","{""cotton"": 60.0, ""polyester"": 40.0}",cotton,60.0,medium,philippine,PH,https://www.formeclothing.com/products/embroidered-extended-sleeve-tee-995049-lilac,2026-04-24T01:52:36.620924,live
ForMe,Crochet Midi Skirt,skirt,"Highlights Fit: Slim Fabric: Crochet Material Composition: 100% Polyester Model's Body Measurements Height: 5'7"" Chest: 31 Waist: 24""","{""polyester"": 100.0}",polyester,0.0,low,philippine,PH,https://www.formeclothing.com/products/crochet-midi-skirt-993503-taupe,2026-04-24T01:52:39.715074,live
ForMe,Tile Hybrid Tee,t-shirt,"t Fabric: Jersey Knit (Single Jersey) Material Composition: 60% Cotton 40% Polyester Model's Body Measurements Height: 5'7"" Chest:","{""cotton"": 60.0, ""polyester"": 40.0}",cotton,60.0,medium,philippine,PH,https://www.formeclothing.com/products/tile-hybrid-tee-995074-off-white,2026-04-24T01:52:41.240218,live
ForMe,Eyelet Shorts,shorts,"Fabric: Textured Weave (Woven Eyelet) Material Composition: 100% Cotton Model's Body Measurements Height: 5'7"" Chest: 31 Waist: 24""","{""cotton"": 100.0}",cotton,100.0,high,philippine,PH,https://www.formeclothing.com/products/eyelet-shorts-993505-light-blue,2026-04-24T01:52:42.733771,live
ForMe,Linen Blouse with Trimming Detail,shirt,": Lace Trim Fabric: Plain Weave Material Composition: Like: 97% Cotton 3% Spandex Model's Body Measurements Height: 5'7"" Chest: 31","{""cotton"": 97.0, ""elastane"": 3.0}",cotton,97.0,high,philippine,PH,https://www.formeclothing.com/collections/shirts/products/linen-blouse-with-trimming-detail-993527-off-white,2026-04-24T01:52:44.455598,live
ForMe,Striped Elbow Sleeved Shirt,shirt,"t: All-Over Print Fabric: Plain Weave Material Composition: 100% Polyester Model's Body Measurements Height: 5'6"" Chest: 31 Waist: 25""","{""polyester"": 100.0}",polyester,0.0,low,philippine,PH,https://www.formeclothing.com/collections/shirts/products/striped-elbow-sleeved-shirt-993219-sand,2026-04-24T01:52:45.972651,live
ForMe,Sleeveless Collared Tee,t-shirt,"lights Fit: Regular Fabric: Flat Knit Material Composition: 60% Cotton 40% Polyester Model's Body Measurements Height: 5'7"" Chest:","{""cotton"": 60.0, ""polyester"": 40.0}",cotton,60.0,medium,philippine,PH,https://www.formeclothing.com/products/sleeveless-collared-tee-994818-navy-blue,2026-04-24T01:52:47.334507,live
ForMe,Tapered Jeans,jeans,"ighlights Fabric: Twill Weave (Denim) Material Composition: 60% Cotton 40% Polyester Model's Body Measurements Height: 5'7"" Chest:","{""cotton"": 60.0, ""polyester"": 40.0}",cotton,60.0,medium,philippine,PH,https://www.formeclothing.com/products/tapered-jeans-994331,2026-04-24T01:52:48.701049,live
ForMe,Floral All Over Print Shirt Dress,dress,"Print Fabric: Plain Weave (Crumpled) Material Composition: 75% Rayon 25% Nylon Model's Body Measurements Height: 5'7"" Chest: 31","{""rayon"": 75.0, ""nylon"": 25.0}",rayon,75.0,medium,philippine,PH,https://www.formeclothing.com/products/floral-all-over-print-shirt-dress-993464-pink,2026-04-24T01:52:54.709688,live
ForMe,Extended Sleeved Striped Shirt,shirt,"ghts Fit: Regular Fabric: Plain Weave Material Composition: 100% Polyester Model's Body Measurements Height: 5'6"" Chest: 31 Waist: 25""","{""polyester"": 100.0}",polyester,0.0,low,philippine,PH,https://www.formeclothing.com/collections/shirts/products/extended-sleeved-striped-shirt-993221-sand,2026-04-24T01:52:56.481400,live
ForMe,Linen Sleeveless Button Down Dress,dress,"-Front Fabric: Plain Weave (Crumpled) Material Composition: 67% Rayon 30% Cotton 3% Nylon Model's Body Measurements Height: 5'7""","{""rayon"": 67.0, ""cotton"": 30.0, ""nylon"": 3.0}",rayon,97.0,high,philippine,PH,https://www.formeclothing.com/products/linen-sleeveless-button-down-dress-993508-lilac,2026-04-24T01:52:57.858305,live
ForMe,Ribbed Knit T-Shirt,t-shirt,"hlights Fit: Slim Fabric: Ribbed Knit Material Composition: 93% Polyester 7% Spandex Model's Body Measurements Height: 5'7"" Chest: 31","{""polyester"": 93.0, ""elastane"": 7.0}",polyester,0.0,low,philippine,PH,https://www.formeclothing.com/products/ribbed-knit-t-shirt-994923,2026-04-24T01:53:00.766073,live
ForMe,Extended Sleeve Button Down Midi Dress,dress,"abric: Plain Weave (Linen-like) Material Composition: like: 97% Cotton 3% Spandex Model's Body Measurements Height: 5'7"" Chest: 31","{""cotton"": 97.0, ""elastane"": 3.0}",cotton,97.0,high,philippine,PH,https://www.formeclothing.com/products/extended-sleeve-button-down-midi-dress-993935-light-blue,2026-04-24T01:53:02.344461,live
ForMe,Hybrid Boxy Tee,t-shirt,"r Fabric: Jersey Knit (Single Jersey) Material Composition: 95% Cotton 5% Spandex Model's Body Measurements Height: 5'7"" Chest: 31","{""cotton"": 95.0, ""elastane"": 5.0}",cotton,95.0,high,philippine,PH,https://www.formeclothing.com/products/hybrid-boxy-tee-995057-pink,2026-04-24T01:53:05.563402,live
ForMe,Floral All Over Print Graphic T-Shirt,t-shirt,"s Fit: Regular Fabric: Single Jersey Material Composition: (60% Cotton 40% Polyester) Model's Body Measurements Height: 5'7"" Chest","{""cotton"": 60.0, ""polyester"": 40.0}",cotton,60.0,medium,philippine,PH,https://www.formeclothing.com/products/floral-all-over-print-graphic-t-shirt-995050-pink,2026-04-24T01:53:10.155186,live
ForMe,Straight Leg Jeans,jeans,"ights Fit: Straight Leg Fabric: Denim Material Composition: 84% Cotton 16% Polyester Model's Body Measurements Height: 5'7"" Chest:","{""cotton"": 84.0, ""polyester"": 16.0}",cotton,84.0,medium,philippine,PH,https://www.formeclothing.com/products/straight-leg-jeans-993460-denim-blue,2026-04-24T01:53:13.692510,live
ForMe,Cozy: Straight Leg Trousers,pants,Leg Fabric: Twill Weave (Fine Twill) Material Composition: 98% Cotton 2% Spandex Stretch Detail: Stretchable Model's Body Measure,"{""cotton"": 98.0, ""elastane"": 2.0}",cotton,98.0,high,philippine,PH,https://www.formeclothing.com/products/cozy-straight-leg-trousers-994674-beige,2026-04-24T01:53:15.112142,live
ForMe,Extended Sleeves Collared Black Dress,dress,"Highlights Fit: A-Line Fabric: Satin Material Composition: 100% Polyester Model's Body Measurements Height: 5'7"" Chest: 32"" Waist: 25","{""polyester"": 100.0}",polyester,0.0,low,philippine,PH,https://www.formeclothing.com/collections/dresses/products/extended-sleeves-collared-black-dress-990998-black,2026-04-24T01:54:20.664730,live
ForMe,Textured Shirt Dress,dress,"Shift Fabric: Plain Weave (Textured) Material Composition: 85% Rayon 9% Tencel 6% Nylon Model's Body Measurements Height: 5'7"" C","{""rayon"": 85.0, ""tencel"": 9.0, ""nylon"": 6.0}",rayon,94.0,high,philippine,PH,https://www.formeclothing.com/collections/dresses/products/textured-shirt-dress-993510-cream,2026-04-24T01:54:24.399914,live
ForMe,Striped Extended Sleeved Easy Shirt Dress,dress,"t: All-Over Print Fabric: Plain Weave Material Composition: 100% Polyester Model's Body Measurements Height: 5'6"" Chest: 31 Waist: 25""","{""polyester"": 100.0}",polyester,0.0,low,philippine,PH,https://www.formeclothing.com/collections/dresses/products/striped-extended-sleeved-easy-shirt-dress-993117-yellow,2026-04-24T01:54:26.490678,live
ForMe,Textured Button Down Dress with Garterized Waist,dress,stband Fabric: Plain Weave (Crumpled) Material Composition: 67% Rayon 30% Cotton 3% Nylon Model's Body Measurements Height: 5'6.5,"{""rayon"": 67.0, ""cotton"": 30.0, ""nylon"": 3.0}",rayon,97.0,high,philippine,PH,https://www.formeclothing.com/collections/dresses/products/textured-button-down-dress-with-garterized-waist-993119-pink,2026-04-24T01:54:32.459564,live
ForMe,Extended Sleeves Wrap Shirt Dress,dress,"etails: Wrap Front Fabric: Linen-like Material Composition: 80% Polyester 20% Rayon Model's Body Measurements Height: 5'6"" Chest: 31","{""polyester"": 80.0, ""rayon"": 20.0}",polyester,20.0,low,philippine,PH,https://www.formeclothing.com/collections/dresses/products/extended-sleeves-wrap-shirt-dress-992479-red,2026-04-24T01:54:36.513738,live
ForMe,Sleeveless Midi Dress with Pleating Details,dress,"abric: Plain Weave (Linen-like) Material Composition: Like: 60% Cotton 40% Polyester Model's Body Measurements Height: 5'6"" Chest:","{""cotton"": 60.0, ""polyester"": 40.0}",cotton,60.0,medium,philippine,PH,https://www.formeclothing.com/collections/dresses/products/sleeveless-midi-dress-with-pleating-details-992476-tan,2026-04-24T01:54:47.233012,live
ForMe,Sleeveless Linen Trapeze Maxi Dress,dress,ift Fabric: Plain Weave (Linen-blend) Material Composition: 55% Viscose 30% Linen 15% Polyester Model's Body Measurements Height: 5,"{""viscose"": 55.0, ""linen"": 30.0, ""polyester"": 15.0}",viscose,85.0,high,philippine,PH,https://www.formeclothing.com/collections/dresses/products/sleeveless-linen-trapeze-maxi-dress-993121-taupe,2026-04-24T01:54:49.453439,live
ForMe,Embroidered Plaid Sleeveless Midi Dress,dress,it: Fit and flare Fabric: Plain Weave Material Composition: 30% Cotton 30% Polyester 25% Viscose 15% Linen Model's Body Measuremen,"{""cotton"": 30.0, ""polyester"": 30.0, ""viscose"": 25.0, ""linen"": 15.0}",cotton,70.0,medium,philippine,PH,https://www.formeclothing.com/collections/dresses/products/embroidered-plaid-sleeveless-midi-dress-993120-off-white,2026-04-24T01:54:53.072348,live
ForMe,Linen Sleeveless Shirt Dress with Trimming Detail,dress,"abric: Plain Weave (Linen-like) Material Composition: like: 97% Cotton 3% Spandex Model's Body Measurements Height: 5'7"" Chest: 31","{""cotton"": 97.0, ""elastane"": 3.0}",cotton,97.0,high,philippine,PH,https://www.formeclothing.com/collections/dresses/products/linen-sleeveless-shirt-dress-with-trimming-detail-993566-off-white,2026-04-24T01:54:56.771136,live
ForMe,Embroidered Plaid Shirt Dress,dress,"hts Fit: Shift Fabric: Textured Weave Material Composition: 92% Cotton 8% Rayon Model's Body Measurements Height: 5'6"" Chest: 31 W","{""cotton"": 92.0, ""rayon"": 8.0}",cotton,100.0,high,philippine,PH,https://www.formeclothing.com/collections/dresses/products/embroidered-plaid-shirt-dress-993116-off-white,2026-04-24T01:55:03.191232,live
ForMe,Tiered Sleeveless Polka Dress,dress,"Details: Layered Fabric: Plain Weave Material Composition: 100% Polyester Model's Body Measurements Height: 5'7"" Chest: 32"" Waist: 25","{""polyester"": 100.0}",polyester,0.0,low,philippine,PH,https://www.formeclothing.com/collections/dresses/products/tiered-sleeveless-polka-dress-992965-sand,2026-04-24T01:55:09.586475,live
ForMe,Flutter Sleeve Wrap Dress,dress,"Front Fabric: Plain Weave (Crumpled) Material Composition: 67% Rayon 30% Cotton 3% Nylon Model's Body Measurements Height: 5'6""","{""rayon"": 67.0, ""cotton"": 30.0, ""nylon"": 3.0}",rayon,97.0,high,philippine,PH,https://www.formeclothing.com/collections/dresses/products/flutter-sleeve-wrap-dress-993122,2026-04-24T01:55:13.676971,live
ForMe,Striped Button Shirt Dress,dress,t: All-Over Print Fabric: Plain Weave Material Composition: 30% Cotton 30% Polyester 25% Viscose 15% Linen Model's Body Measuremen,"{""cotton"": 30.0, ""polyester"": 30.0, ""viscose"": 25.0, ""linen"": 15.0}",cotton,70.0,medium,philippine,PH,https://www.formeclothing.com/collections/dresses/products/striped-button-shirt-dress-993118-sand,2026-04-24T01:55:15.158355,live
ForMe,Skirt with Side Slit Detail,skirt,"Height: High Waist Fabric: Fine Twill Material Composition: 95% Polyester 5% Spandex Model's Body Measurements Height: 5'7"" Chest: 31","{""polyester"": 95.0, ""elastane"": 5.0}",polyester,0.0,low,philippine,PH,https://www.formeclothing.com/collections/sale/products/skirt-with-side-slit-detail-990428-beige,2026-04-24T01:55:23.205488,live
ForMe,Crochet Flower Graphic Tee,t-shirt,"ts Fit: Regular Fabric: Single Jersey Material Composition: 60% Cotton 40% Polyester Model's Body Measurements Height: 5'7"" Chest:","{""cotton"": 60.0, ""polyester"": 40.0}",cotton,60.0,medium,philippine,PH,https://www.formeclothing.com/collections/sale/products/crochet-flower-graphic-tee-991940-tan,2026-04-24T01:55:28.819780,live
ForMe,Floral Midi Skirt,skirt,"aist Fabric: Plain Weave (Linen-Like) Material Composition: 100% Polyester Model's Body Measurements Height: 5'7.5"" Chest: 33"" Waist:","{""polyester"": 100.0}",polyester,0.0,low,philippine,PH,https://www.formeclothing.com/collections/sale/products/floral-midi-skirt-990696-stone,2026-04-24T01:55:31.592114,live
ForMe,Pleated Wide Leg Trousers,pants,"eight: High Waist Fabric: Plain Weave Material Composition: 95% Polyester 5% Spandex Model's Body Measurements Height: 5'6"" Chest: 30","{""polyester"": 95.0, ""elastane"": 5.0}",polyester,0.0,low,philippine,PH,https://www.formeclothing.com/collections/sale/products/pleated-wide-leg-trousers-990421-sand,2026-04-24T01:55:33.208164,live
ForMe,Sleeveless V-Neck Blouse,shirt,"ights Fit: Regular Fabric: Fine Twill Material Composition: 95% Polyester 5% Spandex Model's Body Measurements Height: 5'6.5"" Chest:","{""polyester"": 95.0, ""elastane"": 5.0}",polyester,0.0,low,philippine,PH,https://www.formeclothing.com/collections/sale/products/sleeveless-v-neck-blouse-990503-deep-teal,2026-04-24T01:55:34.893531,live
ForMe,Cable Knit Pullover Jacket,jacket,"lights Fit: Regular Fabric: Flat Knit Material Composition: 89% Viscose 11% Nylon Model's Body Measurements Height: 5'7"" Chest: 31""","{""viscose"": 89.0, ""nylon"": 11.0}",viscose,89.0,high,philippine,PH,https://www.formeclothing.com/collections/sale/products/cable-knit-pullover-jacket-989675-off-white,2026-04-24T01:55:39.423285,live
ForMe,Cable Knit Button Down,knitwear,"lights Fit: Regular Fabric: Flat Knit Material Composition: 100% Polyester Model's Body Measurements Height: 5'6.5"" Chest: 30.5"" Waist","{""polyester"": 100.0}",polyester,0.0,low,philippine,PH,https://www.formeclothing.com/collections/sale/products/cable-knit-button-down-991555-sand,2026-04-24T01:55:50.117219,live
ForMe,Ruffled Sleeves A-Line Midi Dress,dress,ts Fit: A-Line Fabric: Textured Weave Material Composition: 39% Polyester 31% Viscose 28% Cotton 2% Elastane Model's Body Measurement,"{""polyester"": 39.0, ""viscose"": 31.0, ""cotton"": 28.0, ""elastane"": 2.0}",polyester,59.0,medium,philippine,PH,https://www.formeclothing.com/collections/sale/products/ruffled-sleeves-a-line-midi-dress-990396-deep-teal,2026-04-24T01:55:51.534777,live
ForMe,Textured Straight Leg Trousers,pants,: Straight Leg Fabric: Textured Weave Material Composition: 85% Polyester 15% Nylon Waist Height: High Waist Model's Body Measurement,"{""polyester"": 85.0, ""nylon"": 15.0}",polyester,0.0,low,philippine,PH,https://www.formeclothing.com/collections/sale/products/textured-straight-leg-trousers-988722-sand,2026-04-24T01:55:53.635068,live
ForMe,Pleated Flowy Shorts,shorts,"Height: High Waist Fabric: Linen-like Material Composition: 80% Polyester 20% Rayon Model's Body Measurements Height: 5'6"" Chest: 29""","{""polyester"": 80.0, ""rayon"": 20.0}",polyester,20.0,low,philippine,PH,https://www.formeclothing.com/collections/sale/products/pleated-flowy-shorts-990424-off-white,2026-04-24T01:55:56.304231,live
ForMe,Textured Dobby Trousers,pants,ighlights Fit: Wide Leg Fabric: Dobby Material Composition: 100% Cotton Waist Height: High Waist Model's Body Measurements Height:,"{""cotton"": 100.0}",cotton,100.0,high,philippine,PH,https://www.formeclothing.com/collections/sale/products/textured-dobby-trousers-990596-off-white,2026-04-24T01:55:57.822870,live
ForMe,Puff Sleeves V-Neck Blouse,shirt,"ights Fit: Regular Fabric: Fine Twill Material Composition: 94% Polyester 6% Spandex Model's Body Measurements Height: 5'7"" Chest: 31","{""polyester"": 94.0, ""elastane"": 6.0}",polyester,0.0,low,philippine,PH,https://www.formeclothing.com/collections/sale/products/puff-sleeves-v-neck-blouse-990501-off-white,2026-04-24T01:56:04.229271,live
ForMe,Bohemian Vase Hybrid Tee,t-shirt,"blimation Print Fabric: Single Jersey Material Composition: 60% Cotton 40% Polyester Model's Body Measurements Height: 5'6"" Chest:","{""cotton"": 60.0, ""polyester"": 40.0}",cotton,60.0,medium,philippine,PH,https://www.formeclothing.com/collections/sale/products/bohemian-vase-hybrid-tee-992519-pink,2026-04-24T01:56:06.190518,live
ForMe,Textured Knit Tee,t-shirt,"lights Fit: Regular Fabric: Flat Knit Material Composition: 100% Cotton Model's Body Measurements Height: 5'7"" Chest: 31"" Waist: 24","{""cotton"": 100.0}",cotton,100.0,high,philippine,PH,https://www.formeclothing.com/collections/sale/products/textured-knit-tee-990941-deep-teal,2026-04-24T01:56:07.744674,live
ForMe,A-Line Maxi Skirt with Button Placket Detail,skirt,"Height: High Waist Fabric: Linen-like Material Composition: 80% Polyester 20% Rayon Model's Body Measurements Height: 5'7"" Chest: 31""","{""polyester"": 80.0, ""rayon"": 20.0}",polyester,20.0,low,philippine,PH,https://www.formeclothing.com/collections/sale/products/a-line-maxi-skirt-with-button-placket-detail-990426-tan,2026-04-24T01:56:14.581325,live
ForMe,Tapered Knit Trousers,knitwear,ght: High Waist Fabric: Ponte de Roma Material Composition: 61% Rayon 34% Nylon 5% Spandex Model's Body Measurements Height: 5'6.,"{""rayon"": 61.0, ""nylon"": 34.0, ""elastane"": 5.0}",rayon,61.0,medium,philippine,PH,https://www.formeclothing.com/collections/sale/products/tapered-knit-trousers-989449-sand,2026-04-24T01:56:17.230183,live
ForMe,Front Tie Easy Blouse,shirt,"hts Fit: Loose Fabric: Textured Woven Material Composition: 100% Polyester Model's Body Measurements Height: 5'7"" Chest: 31"" Waist: 24","{""polyester"": 100.0}",polyester,0.0,low,philippine,PH,https://www.formeclothing.com/collections/sale/products/front-tie-easy-blouse-990400-tan,2026-04-24T01:56:20.190468,live
ForMe,Interlock T-Shirt with Trimming Detail,t-shirt,"Details: Lace Trim Fabric: Interlock Material Composition: 66% Rayon 28% Nylon 6% Spandex Model's Body Measurements Height: 5'7""","{""rayon"": 66.0, ""nylon"": 28.0, ""elastane"": 6.0}",rayon,66.0,medium,philippine,PH,https://www.formeclothing.com/collections/best-sellers/products/interlock-t-shirt-with-trimming-detail-993451-off-white,2026-04-24T01:57:41.655376,live
ForMe,Straight Leg Jeans with Folded Hem Detail,jeans,"ights Fit: Straight Leg Fabric: Denim Material Composition: 84% Cotton 16% Polyester Model's Body Measurements Height: 5'6.5"" Ches","{""cotton"": 84.0, ""polyester"": 16.0}",cotton,84.0,medium,philippine,PH,https://www.formeclothing.com/collections/best-sellers/products/straight-leg-jeans-with-folded-hem-detail-992679-denim-blue,2026-04-24T01:57:44.120677,live
ForMe,Graphic T-Shirt with Gartered Hem,t-shirt,"r Fabric: Jersey Knit (Single Jersey) Material Composition: 60% Cotton 40% Polyester Model's Body Measurements Height: 5'6"" Chest:","{""cotton"": 60.0, ""polyester"": 40.0}",cotton,60.0,medium,philippine,PH,https://www.formeclothing.com/collections/best-sellers/products/3d-embroidered-shell-pocketed-regular-tee-994105-butter-yellow,2026-04-24T01:57:47.779310,live
ForMe,Square Neck Tee with Contrast Tipping,t-shirt,"Color Combination Fabric: Ribbed Knit Material Composition: 73% Polyester 23% Rayon 4% Spandex Model's Body Measurements Height: 5'6""","{""polyester"": 73.0, ""rayon"": 23.0, ""elastane"": 4.0}",polyester,23.0,low,philippine,PH,https://www.formeclothing.com/collections/best-sellers/products/square-neck-tee-with-contrast-tipping-991232-off-white,2026-04-24T01:57:49.780692,live
ForMe,Boxy Tee with Patch Pocket,t-shirt,"t Fabric: Jersey Knit (Single Jersey) Material Composition: 100% Cotton Model's Body Measurements Height: 5'6.5"" Chest: 30.5 Waist:","{""cotton"": 100.0}",cotton,100.0,high,philippine,PH,https://www.formeclothing.com/collections/best-sellers/products/boxy-tee-with-patch-pocket-993077-off-white,2026-04-24T01:57:52.415168,live
ForMe,Embroidered Lily Stripes Tee with Patch Pocket,t-shirt,"t Fabric: Jersey Knit (Single Jersey) Material Composition: 100% Cotton Model's Body Measurements Height: 5'6.5"" Chest: 30.5 Waist:","{""cotton"": 100.0}",cotton,100.0,high,philippine,PH,https://www.formeclothing.com/collections/best-sellers/products/embroidered-lily-stripes-tee-with-patch-pocket-993241-pink,2026-04-24T01:57:56.065747,live
ForMe,Cullote Pants,pants,Fit: Straight Leg Fabric: Plain Weave Material Composition: 97% Polyester 3% Spandex Stretch Detail: Stretchable Model's Body Measure,"{""polyester"": 97.0, ""elastane"": 3.0}",polyester,0.0,low,philippine,PH,https://www.formeclothing.com/collections/best-sellers/products/cullote-pants-992566,2026-04-24T01:58:04.429321,live
ForMe,Embroidered Hem Tee,t-shirt,"Fabric Combination Fabric: Interlock Material Composition: 60% Cotton 40% Polyester Model's Body Measurements Height: 5'6"" Chest:","{""cotton"": 60.0, ""polyester"": 40.0}",cotton,60.0,medium,philippine,PH,https://www.formeclothing.com/collections/best-sellers/products/embroidered-hem-tee-993261-off-white,2026-04-24T01:58:25.708801,live
ForMe,Cozy: Everyday Trousers with Seam Detail,pants,ered Fabric: Twill Weave (Fine Twill) Material Composition: 97% Cotton 3% Spandex Stretch Detail: Stretchable Model's Body Measure,"{""cotton"": 97.0, ""elastane"": 3.0}",cotton,97.0,high,philippine,PH,https://www.formeclothing.com/collections/best-sellers/products/cozy-everyday-trousers-with-seam-detail-992704-off-white,2026-04-24T01:58:29.728051,live
ForMe,Woman and Floral Hybrid Graphic Tee,t-shirt,"t Fabric: Jersey Knit (Single Jersey) Material Composition: 60% Cotton 40% Polyester Model's Body Measurements Height: 5'6.5"" Ches","{""cotton"": 60.0, ""polyester"": 40.0}",cotton,60.0,medium,philippine,PH,https://www.formeclothing.com/collections/tees/products/woman-and-floral-hybrid-graphic-tee-993246-sand,2026-04-24T01:58:48.977303,live
ForMe,Flat Knit Tee with Contrast Tipping,t-shirt,"gn Details: Tipping Fabric: Flat Knit Material Composition: 100% Viscose Model's Body Measurements Height: 5'6"" Chest: 29"" Waist: 25","{""viscose"": 100.0}",viscose,100.0,high,philippine,PH,https://www.formeclothing.com/collections/tees/products/flat-knit-tee-with-contrast-tipping-991239,2026-04-24T01:58:54.335320,live
ForMe,Embroidered Lemon Stripes Tee with Patch Pocket,t-shirt,"y Fabric: Jersey Knit (Single Jersey) Material Composition: 100% Cotton Model's Body Measurements Height: 5'6.5"" Chest: 30.5 Waist:","{""cotton"": 100.0}",cotton,100.0,high,philippine,PH,https://www.formeclothing.com/collections/tees/products/embroidered-lemon-stripes-tee-with-patch-pocket-993240-yellow,2026-04-24T01:58:58.418393,live
ForMe,Stripes Flat Knit Henley Tee,t-shirt,"tails: Micro Stripe Fabric: Flat Knit Material Composition: 100% Viscose Model's Body Measurements Height: 5'6.5"" Chest: 30.5 Waist:","{""viscose"": 100.0}",viscose,100.0,high,philippine,PH,https://www.formeclothing.com/collections/tees/products/stripes-flat-knit-henley-tee-993078-black,2026-04-24T01:59:01.359091,live
ForMe,Ribbed Split Neck Tee,t-shirt,"ghts Fit: Regular Fabric: Ribbed Knit Material Composition: 93% Polyester 7% Spandex Model's Body Measurements Height: 5'6.5"" Chest:","{""polyester"": 93.0, ""elastane"": 7.0}",polyester,0.0,low,philippine,PH,https://www.formeclothing.com/collections/tees/products/ribbed-split-neck-tee-993075-off-white,2026-04-24T01:59:03.042671,live
ForMe,Floral Hybrid Graphic Tee,t-shirt,"t Fabric: Jersey Knit (Single Jersey) Material Composition: 60% Cotton 40% Polyester Model's Body Measurements Height: 5'6.5"" Ches","{""cotton"": 60.0, ""polyester"": 40.0}",cotton,60.0,medium,philippine,PH,https://www.formeclothing.com/collections/tees/products/floral-hybrid-graphic-tee-993072-off-white,2026-04-24T01:59:05.431374,live
ForMe,Flat Knit Contrast Collar Polo,polo,"t Color Combination Fabric: Flat Knit Material Composition: 100% Viscose Model's Body Measurements Height: 5'6.5"" Chest: 30.5 Waist:","{""viscose"": 100.0}",viscose,100.0,high,philippine,PH,https://www.formeclothing.com/collections/tees/products/flat-knit-contrast-collar-polo-992660-black,2026-04-24T01:59:07.747993,live
ForMe,Floral Graphic Tee with Patch Pocket,t-shirt,"t Fabric: Jersey Knit (Single Jersey) Material Composition: 60% Cotton 40% Polyester Model's Body Measurements Height: 5'6.5"" Ches","{""cotton"": 60.0, ""polyester"": 40.0}",cotton,60.0,medium,philippine,PH,https://www.formeclothing.com/collections/tees/products/floral-graphic-tee-with-patch-pocket-993244-pink,2026-04-24T01:59:11.546041,live
ForMe,Pointelle Knit Tee,t-shirt,"lights Fit: Regular Fabric: Flat Knit Material Composition: 100% Viscose Model's Body Measurements Height: 5'6"" Chest: 31 Waist: 25""","{""viscose"": 100.0}",viscose,100.0,high,philippine,PH,https://www.formeclothing.com/collections/tees/products/pointelle-knit-tee-992651,2026-04-24T01:59:16.920304,live
ForMe,Garden Graphic Tee,t-shirt,"y Fabric: Jersey Knit (Single Jersey) Material Composition: 60% Cotton 40% Polyester Model's Body Measurements Height: 5'6.5"" Ches","{""cotton"": 60.0, ""polyester"": 40.0}",cotton,60.0,medium,philippine,PH,https://www.formeclothing.com/collections/tees/products/garden-graphic-tee-992511-tan,2026-04-24T01:59:18.581680,live
ForMe,Flat Knit Ringer Tee,t-shirt,"t Color Combination Fabric: Flat Knit Material Composition: 100% Viscose Model's Body Measurements Height: 5'6.5"" Chest: 30.5 Waist:","{""viscose"": 100.0}",viscose,100.0,high,philippine,PH,https://www.formeclothing.com/collections/tees/products/flat-knit-ringer-tee-992663-pink,2026-04-24T01:59:21.446733,live
ForMe,Butterfly Graphic Tee,t-shirt,"y Fabric: Jersey Knit (Single Jersey) Material Composition: 60% Cotton 40% Polyester Model's Body Measurements Height: 5'6.5"" Ches","{""cotton"": 60.0, ""polyester"": 40.0}",cotton,60.0,medium,philippine,PH,https://www.formeclothing.com/collections/tees/products/butterfly-graphic-tee-993243-sand,2026-04-24T01:59:25.977060,live
ForMe,Cat In Beret Cap Hybrid Tee,t-shirt,"t Fabric: Jersey Knit (Single Jersey) Material Composition: 60% Cotton 40% Polyester Model's Body Measurements Height: 5'6"" Chest:","{""cotton"": 60.0, ""polyester"": 40.0}",cotton,60.0,medium,philippine,PH,https://www.formeclothing.com/collections/tees/products/cat-in-beret-cap-hybrid-tee-993007-cream,2026-04-24T01:59:34.772429,live
ForMe,Stripes Flat Knit Tee with Contrast Tipping,t-shirt,"gn Details: Tipping Fabric: Flat Knit Material Composition: 100% Viscose Model's Body Measurements Height: 5'6.5"" Chest: 30.5 Waist:","{""viscose"": 100.0}",viscose,100.0,high,philippine,PH,https://www.formeclothing.com/collections/tees/products/stripes-flat-knit-tee-with-contrast-tipping-992664-pink,2026-04-24T01:59:36.709388,live
ForMe,Flat Knit V-Neck Tank Top,knitwear,"ze Guide Highlights Fabric: Flat Knit Material Composition: 100% Viscose Model's Body Measurements Height: 5'6.5"" Chest: 30.5 Waist:","{""viscose"": 100.0}",viscose,100.0,high,philippine,PH,https://www.formeclothing.com/collections/tees/products/flat-knit-v-neck-tank-top-993079-off-white,2026-04-24T01:59:40.706910,live
ForMe,Button Down Knit Cardigan,knitwear,"tails: Button-Front Fabric: Flat Knit Material Composition: 100% Viscose Model's Body Measurements Height: 5'6"" Chest: 30"" Waist: 24","{""viscose"": 100.0}",viscose,100.0,high,philippine,PH,https://www.formeclothing.com/collections/jackets-cardigans/products/button-down-knit-cardigan-990391-deep-teal,2026-04-24T02:00:08.321105,live
ForMe,Textured Flat Knit Cardigan,knitwear,"tails: Button-Front Fabric: Flat Knit Material Composition: 100% Viscose Model's Body Measurements Height: 5'6"" Chest: 31 Waist: 25""","{""viscose"": 100.0}",viscose,100.0,high,philippine,PH,https://www.formeclothing.com/collections/jackets-cardigans/products/textured-flat-knit-cardigan-993761-taupe,2026-04-24T02:00:21.308045,live
Bench,Women's Scoop Neck Tank Top,top,or bomber jacket when the cold sets in. Solid color Fabric: 90% Nylon; 10% Spandex Item Code: GES0032 SHIPPING & RETURNS Shipping,"{""nylon"": 90.0, ""elastane"": 10.0}",nylon,0.0,low,philippine,PH,https://shop.bench.com.ph/products/ges0032-womens-scoop-neck-tank-top?variant=42165285978246,2026-04-24T02:00:38.047279,live
Bench,Men's Long Sleeve Shirt,shirt,olor top Button down Collared neckline Long sleeves Fabric: 100% Cotton Material: Chambray Item Code: ILF0721 SHIPPING & RETURNS Sh,"{""cotton"": 100.0}",cotton,100.0,high,philippine,PH,https://shop.bench.com.ph/products/ilf0721-mens-long-sleeve-shirt,2026-04-24T02:00:40.916414,live
Bench,Women's Sports Tank Top,top,Round neckline Mesh detail Bench Active collection Fabric: 88% Polyester; 12% Spandex Material: Polyester Spandex Item Code: GTT0032,"{""polyester"": 88.0, ""elastane"": 12.0}",polyester,0.0,low,philippine,PH,https://shop.bench.com.ph/products/gtt0032-womens-sports-tank-top?variant=42131189006470,2026-04-24T02:00:43.246132,live
Bench,Women's Eyelet Resort Shirt,shirt,e top Collared neckline Button down Full eyelet top Fabric: 100% Cotton Material: Twill Item Code: YSR0705 SHIPPING & RETURNS Shipp,"{""cotton"": 100.0}",cotton,100.0,high,philippine,PH,https://shop.bench.com.ph/products/ysr0705-womens-eyelet-resort-shirt?variant=43860554612870,2026-04-24T02:00:44.854123,live
Bench,Women's Long Sleeve Shirt,shirt,lor long sleeve shirt Button down Collared neckline Fabric: 100% Cotton Material: Poplin Item Code: YLF0232 SHIPPING & RETURNS Ship,"{""cotton"": 100.0}",cotton,100.0,high,philippine,PH,https://shop.bench.com.ph/products/ylf0232-womens-long-sleeve-shirt,2026-04-24T02:00:53.521772,live
Bench,Women's 2-in-1 Pack Wired Bra,underwear,re Light pads Adjustable straps Back hook fastening Fabric: 85% Nylon; 15% Spandex Item Code: TUR0040 SHIPPING & RETURNS Shipping,"{""nylon"": 85.0, ""elastane"": 15.0}",nylon,0.0,low,philippine,PH,https://shop.bench.com.ph/products/tur0040-womens-2-in-1-pack-push-up-bra?variant=42154966188166,2026-04-24T02:01:00.846210,live
Bench,Men's Short Sleeve Shirt,shirt,lor short sleeve polo Button down Collared neckline Fabric: 90% Cotton; 10% Linen Material: Chambray Item Code: ISP0216 SHIPPING &,"{""cotton"": 90.0, ""linen"": 10.0}",cotton,100.0,high,philippine,PH,https://shop.bench.com.ph/products/isp0216-mens-short-sleeve-shirt,2026-04-24T02:01:02.149683,live
Bench,Men's Twill Shorts,shorts,rts Gartered waist Drawstring Side and back pockets Fabric: 100% Cotton Material: Twill Item Code: ISW1639 SHIPPING & RETURNS Shipp,"{""cotton"": 100.0}",cotton,100.0,high,philippine,PH,https://shop.bench.com.ph/products/isw1639-mens-twill-shorts,2026-04-24T02:01:23.229621,live
Bench,Women's Seamless Shapewear Shorts,shorts,5 DETAILS Light Support Solid color shorts Seamless Fabric: 76% Nylon; 24% Spandex Material: Nylon Spandex Item Code: GUG0031 SHI,"{""nylon"": 76.0, ""elastane"": 24.0}",nylon,0.0,low,philippine,PH,https://shop.bench.com.ph/products/gug0031-womens-seamless-shapewear-shorts?variant=42154967105670,2026-04-24T02:01:24.370109,live
Bench,Men's Straight Denim Pants,pants,d zip fastening Front and back pockets Straight cut Fabric: 90% Cotton; 10% Polyester Material: Denim Item Code: BDP0321 SHIPPING,"{""cotton"": 90.0, ""polyester"": 10.0}",cotton,90.0,high,philippine,PH,https://shop.bench.com.ph/products/bdp0321-mens-straight-denim-pants?variant=43801886589062,2026-04-24T02:01:36.258007,live
Bench,Bench x Harry Potter Women's Knit Vest,knitwear,Available ₱999.00 DETAILS Sleeveless top V-neckline Fabric: 100% Acrylic Material: Cable Knit Item Code: YHV0060 SHIPPING & RETURNS,"{""acrylic"": 100.0}",acrylic,0.0,low,philippine,PH,https://shop.bench.com.ph/products/yhv0060-bench-x-harry-potter-womens-knit-vest?variant=43860554154118,2026-04-24T02:01:37.476554,live
Bench,Men's Walking Shorts,shorts,00 DETAILS Solid color shorts Side and back pockets Fabric: 100% Cotton Material: Twill Item Code: BSW1103 SHIPPING & RETURNS Shipp,"{""cotton"": 100.0}",cotton,100.0,high,philippine,PH,https://shop.bench.com.ph/products/bsw1103-mens-walking-shorts?variant=43801887834246,2026-04-24T02:01:57.002497,live
Bench,Men's Wide Leg Denim Pants,pants,d color pants Wide leg fit Button and zip fastening Fabric: 90% Cotton; 10% Polyester Material: Denim Item Code: BPD0918 SHIPPING,"{""cotton"": 90.0, ""polyester"": 10.0}",cotton,90.0,high,philippine,PH,https://shop.bench.com.ph/products/bpd0918-mens-wide-leg-denim-pants?variant=43801887047814,2026-04-24T02:02:12.401000,live
Bench,Men's Logo Varsity Jacket,jacket,eve jacket Zip fastening Bomber jacket Side pockets Fabric: 25% Cotton; 75% Polyester Material: Shell Item Code: IWR0223 SHIPPING,"{""cotton"": 25.0, ""polyester"": 75.0}",polyester,25.0,low,philippine,PH,https://shop.bench.com.ph/products/iwr0223-mens-logo-varsity-jacket,2026-04-24T02:02:17.394095,live
Bench,Men's Mesh K-Fit T-Shirt,t-shirt,op with stripes on sleeves V-neckline Short sleeves Fabric: 100% Polyester Material: Full Mesh Item Code: ITO0369 SHIPPING & RETURNS S,"{""polyester"": 100.0}",polyester,0.0,low,philippine,PH,https://shop.bench.com.ph/products/ito0369-mens-mesh-k-fit-t-shirt?variant=43801886195846,2026-04-24T02:02:34.284122,live
Bench,Women's Sports T-Shirt,t-shirt,Short sleves Round neckline Bench Active collection Fabric: 88% Polyester; 12% Elastane Material: Polyester Elastane Item Code: YOA00,"{""polyester"": 88.0, ""elastane"": 12.0}",polyester,0.0,low,philippine,PH,https://shop.bench.com.ph/products/yoa0027-womens-sports-t-shirt?variant=42128141713542,2026-04-24T02:02:52.634533,live
Bench,Women's 2-in-1 Pack Wired Push Up Bra,underwear,r usual size Hook and eye closure Print on trimming Fabric: 85% Nylon; 15% Spandex Item Code: TUR0032 SHIPPING & RETURNS Shipping,"{""nylon"": 85.0, ""elastane"": 15.0}",nylon,0.0,low,philippine,PH,https://shop.bench.com.ph/products/tur0032-womens-2-in-1-pack-wired-push-up-bra?variant=42313993977990,2026-04-24T02:03:24.014941,live
Bench,Men's Eyelet Woven Shirt,shirt,ve polo Full lace top Collared neckline Button down Fabric: 100% Cotton Material: Twill Item Code: ISF1322 SHIPPING & RETURNS Shipp,"{""cotton"": 100.0}",cotton,100.0,high,philippine,PH,https://shop.bench.com.ph/products/isf1322-mens-eyelet-woven-shirt?variant=43801885802630,2026-04-24T02:03:25.165856,live
Bench,Men's Pinstripe Long Sleeve Shirt,shirt,nt Button down Collared neckline Front chest pocket Fabric: 100% Cotton Material: Poplin Yarn Dyed Item Code: ILL0070 SHIPPING & RE,"{""cotton"": 100.0}",cotton,100.0,high,philippine,PH,https://shop.bench.com.ph/products/ill0070-mens-pinstripe-long-sleeve-shirt,2026-04-24T02:03:30.337249,live
Bench,Women's Eyelet Tube Dress,dress,ss Sleeveless Smocked tube type dress Layered skirt Fabric: 100% Cotton Material: Cotton Embroidery Item Code: YDO0305 SHIPPING & R,"{""cotton"": 100.0}",cotton,100.0,high,philippine,PH,https://shop.bench.com.ph/products/ydo0305-womens-eyelet-tube-dress?variant=43860554023046,2026-04-24T02:04:03.690580,live
Bench,Men's Checkered Short Sleeve Shirt,shirt,d short sleeve polo Collared neckline Zip fastening Fabric: 100% Cotton Material: Twill Item Code: ISC0338 SHIPPING & RETURNS Shipp,"{""cotton"": 100.0}",cotton,100.0,high,philippine,PH,https://shop.bench.com.ph/products/isc0338-mens-checkered-short-sleeve-shirt?variant=43801885540486,2026-04-24T02:04:28.423929,live
Bench,Bench x The Powerpuff Girls Women's Baggy Pants,pants,n and zip fastening Wide leg Front and back pockets Fabric: 70% Cotton; 30% Polyester Material: Denim Item Code: YPD0888 SHIPPING,"{""cotton"": 70.0, ""polyester"": 30.0}",cotton,70.0,medium,philippine,PH,https://shop.bench.com.ph/products/ypd0888-bench-x-the-powerpuff-girls-womens-baggy-pants,2026-04-24T02:04:29.543004,live
World Balance,WBM NSD TEE 13,t-shirt,"PHP RED / 2XL - ₱899.00 PHP Description Fabric Composition 95% Cotton, 5% Spandex Fitting: Regular Fit Features This is a men’s b","{""cotton"": 95.0, ""elastane"": 5.0}",cotton,95.0,high,philippine,PH,https://worldbalance.com.ph/collections/shirts-men/products/wbm-nsd-tee-13-blk-s,2026-04-24T02:05:44.813810,live
World Balance,WBM BELIEVE WE CAN TEE 05,t-shirt,"0 PHP BLACK / XXL - Sold Out Description Fabric composition 95% cotton, 5% spandex Fitting Regular fit Features this is a men’s ba","{""cotton"": 95.0, ""elastane"": 5.0}",cotton,95.0,high,philippine,PH,https://worldbalance.com.ph/collections/shirts-men/products/wbm-believe-we-can-tee-05,2026-04-24T02:05:45.998993,live
World Balance,WBM ACTIVE POLO 02,polo,"OLIVE GREEN / XXL - Sold Out Description Fabric Composition 87% Nylon, 13% Spandex Fitting: Regular Fit Features This seamless po","{""nylon"": 87.0, ""elastane"": 13.0}",nylon,0.0,low,philippine,PH,https://worldbalance.com.ph/collections/shirts-men/products/wbm-active-polo-02,2026-04-24T02:05:46.862164,live
World Balance,WBM ST MANTRA TEE,t-shirt,"/ EXTRA LARGE - ₱949.00 PHP Description Fabric Composition 95% Cotton, 5% Spandex Fitting: Regular Fit Features This part of Scot","{""cotton"": 95.0, ""elastane"": 5.0}",cotton,95.0,high,philippine,PH,https://worldbalance.com.ph/collections/shirts-men/products/wbm-st-mantra-tee-blk-s,2026-04-24T02:05:47.871602,live
World Balance,WBM ACTIVE TEE 21,t-shirt,"HP WHITE / 2XL - ₱899.00 PHP Description Fabric Composition 92% Polyester, 8% Spandex Fitting: Regular Fit Features This men’s active","{""polyester"": 92.0, ""elastane"": 8.0}",polyester,0.0,low,philippine,PH,https://worldbalance.com.ph/collections/shirts-men/products/wbm-active-tee-21,2026-04-24T02:05:49.534313,live
World Balance,WBM ST MANTRA TEE 02,t-shirt,"HP WHITE / 2XL - ₱949.00 PHP Description Fabric Composition 95% Cotton, 5% Spandex Fitting: Regular Fit Features This piece from S","{""cotton"": 95.0, ""elastane"": 5.0}",cotton,95.0,high,philippine,PH,https://worldbalance.com.ph/collections/shirts-men/products/wbm-st-mantra-tee-02-blk-s,2026-04-24T02:05:50.301152,live
World Balance,WBM ACTIVE TEE 16,t-shirt,"UE-GREEN / 2XL - ₱899.00 PHP Description Fabric Composition 87% Nylon, 13% Spandex Fitting: Regular Fit Features This active crew","{""nylon"": 87.0, ""elastane"": 13.0}",nylon,0.0,low,philippine,PH,https://worldbalance.com.ph/collections/shirts-men/products/wbm-active-tee-16-blk-s,2026-04-24T02:05:51.216170,live
World Balance,WBM ACTIVE TEE 14,t-shirt,"0 PHP BLACK / 2XL - Sold Out Description Fabric Composition 87% Nylon, 13% Spandex Fitting: Regular Fit Features This seamless ac","{""nylon"": 87.0, ""elastane"": 13.0}",nylon,0.0,low,philippine,PH,https://worldbalance.com.ph/collections/shirts-men/products/wbm-active-tee-14-blk-s,2026-04-24T02:05:52.286352,live
World Balance,WBM ST HUSTLEMAN-9 TEE,t-shirt,"PHP RED / 2XL - ₱949.00 PHP Description Fabric Composition 95% Cotton, 5% Spandex Fitting: Regular Fit Features This part of Scot","{""cotton"": 95.0, ""elastane"": 5.0}",cotton,95.0,high,philippine,PH,https://worldbalance.com.ph/collections/shirts-men/products/wbm-st-hustleman-9-tee-blk-m,2026-04-24T02:05:53.008139,live
World Balance,WBM BELIEVE WE CAN TEE 06,t-shirt,"HP BLACK / 2XL - ₱899.00 PHP Description Fabric Composition 95% Cotton, 5% Spandex Fitting: Regular Fit Features This is a men’s b","{""cotton"": 95.0, ""elastane"": 5.0}",cotton,95.0,high,philippine,PH,https://worldbalance.com.ph/collections/shirts-men/products/wbm-believe-we-can-tee-06-wht-s,2026-04-24T02:05:53.962360,live
World Balance,WBM BELIEVE WE CAN TEE 07,t-shirt,"HP BLACK / 2XL - ₱899.00 PHP Description Fabric Composition 95% Cotton, 5% Spandex Fitting: Regular Fit Features This men’s basic","{""cotton"": 95.0, ""elastane"": 5.0}",cotton,95.0,high,philippine,PH,https://worldbalance.com.ph/collections/shirts-men/products/wbm-believe-we-can-tee-07-wht-s,2026-04-24T02:05:54.659564,live
World Balance,WBM ST HUSTLEMAN-9 TEE 02,t-shirt,"PHP RED / 2XL - ₱949.00 PHP Description Fabric Composition 95% Cotton, 5% Spandex Fitting: Regular Fit Features This part of Scot","{""cotton"": 95.0, ""elastane"": 5.0}",cotton,95.0,high,philippine,PH,https://worldbalance.com.ph/collections/shirts-men/products/wbm-st-hustleman-9-tee-02-blk-s,2026-04-24T02:05:55.493410,live
World Balance,WBM ACTIVE TEE 19,t-shirt,"PHP BLUE / 2XL - ₱899.00 PHP Description Fabric composition 58% nylon, 42% polyester Fitting: Regular fit Features This men’s act","{""nylon"": 58.0, ""polyester"": 42.0}",nylon,0.0,low,philippine,PH,https://worldbalance.com.ph/collections/shirts-men/products/wbm-active-tee-19-blk-s,2026-04-24T02:05:56.247887,live
World Balance,WBM NSD TEE 14,t-shirt,"PHP RED / 2XL - ₱899.00 PHP Description Fabric Composition 95% Cotton, 5% Spandex Fitting: Regular Fit Features This men’s basic","{""cotton"": 95.0, ""elastane"": 5.0}",cotton,95.0,high,philippine,PH,https://worldbalance.com.ph/collections/shirts-men/products/wbm-nsd-tee-14-blk-s,2026-04-24T02:05:57.124434,live
World Balance,WBM TANK TOP 01,top,"GHT GRAY / 2XL - ₱699.00 PHP Description Fabric Composition 87% Nylon, 13% Spandex Fitting: Regular Fit Features This men's runni","{""nylon"": 87.0, ""elastane"": 13.0}",nylon,0.0,low,philippine,PH,https://worldbalance.com.ph/collections/shirts-men/products/wbm-tank-top-01-blk-s,2026-04-24T02:05:58.969159,live
World Balance,WBM ACTIVE TEE 15,t-shirt,HITE-RED / 2XL - ₱899.00 PHP Description Fabric Composition 100% Polyester Fitting: Regular Fit Features This active crew neck tee for,"{""polyester"": 100.0}",polyester,0.0,low,philippine,PH,https://worldbalance.com.ph/collections/shirts-men/products/wbm-active-tee-15-wht-blu-s,2026-04-24T02:05:59.779725,live
World Balance,WBM ACTIVE TEE 22,t-shirt,"PHP BLUE / 2XL - ₱899.00 PHP Description Fabric Composition 92% Polyester, 8% Spandex Fitting: Regular Fit Features This men’s active","{""polyester"": 92.0, ""elastane"": 8.0}",polyester,0.0,low,philippine,PH,https://worldbalance.com.ph/collections/shirts-men/products/wbm-active-tee-22-blk-s,2026-04-24T02:06:00.483609,live
World Balance,WBM SCOTTIE GRAPHIC TEE,t-shirt,"d Out BLACK / XXL - Sold Out Description Fabric composition 95% cotton, 5% spandex Fitting Regular fit Features this part of Scott","{""cotton"": 95.0, ""elastane"": 5.0}",cotton,95.0,high,philippine,PH,https://worldbalance.com.ph/collections/shirts-men/products/wbm-scottie-graphic-tee,2026-04-24T02:06:01.649693,live
World Balance,WBM ACTIVE POLO 03,polo,"BLACK / 2XL - ₱1,099.00 PHP Description Fabric composition 58% nylon, 42% polyester Fitting: Regular fit Features This active po","{""nylon"": 58.0, ""polyester"": 42.0}",nylon,0.0,low,philippine,PH,https://worldbalance.com.ph/collections/shirts-men/products/wbm-active-polo-03-wht-s,2026-04-24T02:06:02.451156,live
World Balance,WBL BELIEVE WE CAN TEE 08,t-shirt,HP BLACK / 2XL - ₱799.00 PHP Description Fabric Composition 95% Cotton 5% Spandex Fitting: Boxy Features A tee essentially made fo,"{""cotton"": 95.0, ""elastane"": 5.0}",cotton,95.0,high,philippine,PH,https://worldbalance.com.ph/collections/women/products/wbl-believe-we-can-tee-08-bge-s,2026-04-24T02:06:04.331368,live
World Balance,WBL PERF JACKET 04,jacket,"T GRAY / 2XL - ₱1,599.00 PHP Description Fabric Composition 87% Nylon 13% Spandex Fitting: Regular Features Stay dry in light rai","{""nylon"": 87.0, ""elastane"": 13.0}",nylon,0.0,low,philippine,PH,https://worldbalance.com.ph/collections/women/products/wbl-perf-jacket-04-blk-s,2026-04-24T02:06:05.880208,live
World Balance,WBL ACTIVE TEE 14,t-shirt,"HP BLACK / 2XL - ₱749.00 PHP Description Fabric Composition 87% Polyester 13% Spandex Fitting: Regular Features Features fine, lightw","{""polyester"": 87.0, ""elastane"": 13.0}",polyester,0.0,low,philippine,PH,https://worldbalance.com.ph/collections/women/products/wbl-active-tee-14-bge-s,2026-04-24T02:06:12.454556,live
World Balance,WBL ACTIVE SHORTS 13,shorts,BLACK / SMALL - ₱949.00 PHP Description Fabric Composition 95% Polyester 5% Spandex Fitting: Regular Features The built-in cycling s,"{""polyester"": 95.0, ""elastane"": 5.0}",polyester,0.0,low,philippine,PH,https://worldbalance.com.ph/collections/women/products/wbl-active-shorts-13-lt-gry-s,2026-04-24T02:06:15.467942,live
World Balance,WBL SHORTS 09,shorts,PHP BLUE / 2XL - ₱699.00 PHP Description Fabric Composition 51% Cotton 44% Polyester 5%Spandex Fitting: Regular Features Made with,"{""cotton"": 51.0, ""polyester"": 44.0, ""elastane"": 5.0}",cotton,51.0,medium,philippine,PH,https://worldbalance.com.ph/collections/women/products/wbl-shorts-09-blk-s,2026-04-24T02:06:17.022466,live
World Balance,WBL BELIEVE WE CAN TEE 09,t-shirt,PHP TEAL / 2XL - ₱699.00 PHP Description Fabric Composition 95% cotton 5% spandex Fitting: Regular Features A Tee essentially made,"{""cotton"": 95.0, ""elastane"": 5.0}",cotton,95.0,high,philippine,PH,https://worldbalance.com.ph/collections/women/products/wbl-believe-we-can-tee-09-bge-s,2026-04-24T02:06:17.725790,live
World Balance,WBL EASYWEAR TEE 03,t-shirt,ROSE / MEDIUM - ₱699.00 PHP Description Fabric Composition 95% Cotton 5% Spandex Fitting: Regular Features A timeless round-neck,"{""cotton"": 95.0, ""elastane"": 5.0}",cotton,95.0,high,philippine,PH,https://worldbalance.com.ph/collections/women/products/wbl-easywear-tee-03-tea-s,2026-04-24T02:06:19.310787,live
World Balance,WBL ACTIVE TEE 15,t-shirt,T BLUE / LARGE - ₱749.00 PHP Description Fabric Composition 95% polyester 5% spandex Fitting: Regular Features A Modern performance t,"{""polyester"": 95.0, ""elastane"": 5.0}",polyester,0.0,low,philippine,PH,https://worldbalance.com.ph/collections/women/products/wbl-active-tee-15-wht-s,2026-04-24T02:06:19.980635,live
World Balance,WBL SHORTS 07,shorts,HP BEIGE / 2XL - ₱849.00 PHP Description Fabric Composition 43% Cotton 49% Polyester 8% Spandex Fitting: Regular Features Elevate,"{""cotton"": 43.0, ""polyester"": 49.0, ""elastane"": 8.0}",polyester,43.0,low,philippine,PH,https://worldbalance.com.ph/collections/women/products/wbl-shorts-07-blk-s,2026-04-24T02:06:20.697850,live
World Balance,WBL SHORTS 08,shorts,HP BLACK / 2XL - ₱699.00 PHP Description Fabric Composition 100% Polyester Fitting: Regular Features Made in textured knit fabric. An,"{""polyester"": 100.0}",polyester,0.0,low,philippine,PH,https://worldbalance.com.ph/collections/women/products/wbl-shorts-08-bge-s,2026-04-24T02:06:22.388271,live
World Balance,WBL BASIC ACTIVE TEE 01,t-shirt,itness activities and keep you looking all day! Fabrication 95% polyester 5% spandex Fitting Regular Fit Features This is a women’s b,"{""polyester"": 95.0, ""elastane"": 5.0}",polyester,0.0,low,philippine,PH,https://worldbalance.com.ph/collections/sale-women/products/wbl-basic-active-tee-01,2026-04-24T02:07:04.692783,live
Old Navy,Strappy Mini Shift Dress,dress,pending on the brightness of your screen Materials & Care • 100% Polyester Recycled • machine wash according to the care instruction l,"{""polyester"": 100.0}",polyester,0.0,low,philippine,PH,https://oldnavy.com.ph/collections/women-30-off-on-dresses-shirts-blouses-and-woven-pants/products/strappy-mini-shift-dress-886708-black-jack,2026-04-24T02:07:32.343196,live
Old Navy,Airy Smocked Jumpsuit,dress,pending on the brightness of your screen Materials & Care • 100% rayon • machine wash according to the care instruction label Fit,"{""rayon"": 100.0}",rayon,100.0,high,philippine,PH,https://oldnavy.com.ph/collections/women-30-off-on-dresses-shirts-blouses-and-woven-pants/products/airy-smocked-jumpsuit-886487-large-blue-floral,2026-04-24T02:07:33.745370,live
Old Navy,Short-Sleeve Scoop-Neck Mini Dress,dress,pending on the brightness of your screen Materials & Care • 95% Viscose Rayon Conventional • 5% Elastane Conventional Spandex • mac,"{""viscose"": 95.0, ""elastane"": 5.0}",viscose,95.0,high,philippine,PH,https://oldnavy.com.ph/collections/women-30-off-on-dresses-shirts-blouses-and-woven-pants/products/short-sleeve-scoop-neck-mini-dress-886804-blue-floral,2026-04-24T02:07:35.329618,live
Old Navy,Ruffle-Trim V-Neck Midi Dress,dress,pending on the brightness of your screen Materials & Care • 55% Cotton Better Cotton (Bci) • 45% Viscose Rayon • machine wash acco,"{""cotton"": 55.0, ""viscose"": 45.0}",cotton,100.0,high,philippine,PH,https://oldnavy.com.ph/collections/women-30-off-on-dresses-shirts-blouses-and-woven-pants/products/ruffle-trim-v-neck-midi-dress-886515-arctic-depth,2026-04-24T02:07:36.923820,live
Old Navy,Fit & Flare Smocked-Bodice Midi Dress,dress,brightness of your screen Materials & Care • cotton twill • 100% cotton • machine wash according to the care instruction label Fit,"{""cotton"": 100.0}",cotton,100.0,high,philippine,PH,https://oldnavy.com.ph/collections/women-30-off-on-dresses-shirts-blouses-and-woven-pants/products/fit-flare-smocked-bodice-midi-dress-898921-white-blue-stripe,2026-04-24T02:07:38.112638,live
Old Navy,Airy Smocked-Top Jumpsuit,top,pending on the brightness of your screen Materials & Care • 100% rayon • machine wash according to the care instruction label Fit,"{""rayon"": 100.0}",rayon,100.0,high,philippine,PH,https://oldnavy.com.ph/collections/women-30-off-on-dresses-shirts-blouses-and-woven-pants/products/airy-smocked-top-jumpsuit-886488-russet-moon,2026-04-24T02:07:41.024498,live
Old Navy,Ruffle-Sleeve Fit & Flare Midi Dress,dress,pending on the brightness of your screen Materials & Care • 74% rayon • 26% nylon • machine wash according to the care instructio,"{""rayon"": 74.0, ""nylon"": 26.0}",rayon,74.0,medium,philippine,PH,https://oldnavy.com.ph/collections/women-30-off-on-dresses-shirts-blouses-and-woven-pants/products/ruffle-sleeve-fit-flare-midi-dress-886571-white-floral,2026-04-24T02:07:42.157083,live
Old Navy,Short-Sleeve Shirt Dress,dress,pending on the brightness of your screen Materials & Care • 100% cotton • machine wash according to the care instruction label • im,"{""cotton"": 100.0}",cotton,100.0,high,philippine,PH,https://oldnavy.com.ph/collections/women-30-off-on-dresses-shirts-blouses-and-woven-pants/products/short-sleeve-shirt-dress-559484-white,2026-04-24T02:07:45.566479,live
Old Navy,V-Neck Flutter-Sleeve Midi Dress,dress,our screen Materials & Care • lightweight textured fabric • 74% rayon • 26% nylon • machine wash according to the care instructio,"{""rayon"": 74.0, ""nylon"": 26.0}",rayon,74.0,medium,philippine,PH,https://oldnavy.com.ph/collections/women-30-off-on-dresses-shirts-blouses-and-woven-pants/products/v-neck-flutter-sleeve-midi-dress-886516-calla-lily-2,2026-04-24T02:07:46.955090,live
Old Navy,Sleeveless Scoop-Neck Mini Swing Dress,dress,pending on the brightness of your screen Materials & Care • 100% Cotton Better Cotton (Bci) • machine wash according to the care in,"{""cotton"": 100.0}",cotton,100.0,high,philippine,PH,https://oldnavy.com.ph/collections/women-30-off-on-dresses-shirts-blouses-and-woven-pants/products/sleeveless-scoop-neck-mini-swing-dress-896719-blue-retro-stripe,2026-04-24T02:07:53.239575,live
Old Navy,Fit & Flare Linen Mini Dress,dress,pending on the brightness of your screen Materials & Care • 55% Linen European Flax Standard (Efs) • 45% Viscose Rayon Convention,"{""linen"": 55.0, ""viscose"": 45.0}",linen,100.0,high,philippine,PH,https://oldnavy.com.ph/collections/women-30-off-on-dresses-shirts-blouses-and-woven-pants/products/fit-flare-linen-mini-dress-872577-flax-linen,2026-04-24T02:07:54.524501,live
Old Navy,Airy Smocked Maxi Dress,dress,ending on the brightness of your screen Materials & Care •  100% rayon •  machine wash according to the care instruction label Fit,"{""rayon"": 100.0}",rayon,100.0,high,philippine,PH,https://oldnavy.com.ph/collections/women-30-off-on-dresses-shirts-blouses-and-woven-pants/products/airy-smocked-maxi-dress-886766-peppercorn,2026-04-24T02:07:56.867598,live
Old Navy,Smocked-Waist Midi Shirt Dress,dress,ending on the brightness of your screen Materials & Care •  100% cotton twill •  machine wash according to the care instruction lab,"{""cotton"": 100.0}",cotton,100.0,high,philippine,PH,https://oldnavy.com.ph/collections/women-30-off-on-dresses-shirts-blouses-and-woven-pants/products/smocked-waist-midi-shirt-dress-886544-white-blue-stripe,2026-04-24T02:08:00.463415,live
Old Navy,Flutter-Sleeve Fit & Flare Mini Dress,dress,our screen Materials & Care • lightweight textured fabric • 74% rayon • 26% nylon • machine wash according to the care instructio,"{""rayon"": 74.0, ""nylon"": 26.0}",rayon,74.0,medium,philippine,PH,https://oldnavy.com.ph/collections/women-30-off-on-dresses-shirts-blouses-and-woven-pants/products/flutter-sleeve-fit-flare-mini-dress-886424-cactus-bloom,2026-04-24T02:08:03.275640,live
Old Navy,Fit & Flare Sleeveless Linen-Blend Midi Dress,dress,ending on the brightness of your screen Materials & Care •  55% linen • 45% rayon • machine wash according to the care instructio,"{""linen"": 55.0, ""rayon"": 45.0}",linen,100.0,high,philippine,PH,https://oldnavy.com.ph/collections/women-30-off-on-dresses-shirts-blouses-and-woven-pants/products/fit-flare-sleeveless-linen-blend-midi-dress-889764-blue-white-stripe,2026-04-24T02:08:05.243326,live
Old Navy,Fit & Flare Seamed Linen-Blend Midi Dress,dress,pending on the brightness of your screen Materials & Care • 55% Linen European Flax Standard (Efs) • 45% Viscose Rayon Convention,"{""linen"": 55.0, ""viscose"": 45.0}",linen,100.0,high,philippine,PH,https://oldnavy.com.ph/collections/women-30-off-on-dresses-shirts-blouses-and-woven-pants/products/fit-flare-seamed-linen-blend-midi-dress-843983-black-jack,2026-04-24T02:08:06.562432,live
Old Navy,Fit & Flare Cami Mini Dress,dress,pending on the brightness of your screen Materials & Care • 100% Cotton Better Cotton (Bci) • machine wash according to the care in,"{""cotton"": 100.0}",cotton,100.0,high,philippine,PH,https://oldnavy.com.ph/collections/women-30-off-on-dresses-shirts-blouses-and-woven-pants/products/fit-flare-cami-mini-dress-843982-multi-floral,2026-04-24T02:08:11.580680,live
Old Navy,Crew-Neck Logo-Graphic T-Shirt,t-shirt,pending on the brightness of your screen Materials & Care • 100% Cotton Us Cotton Trust Protocol Equivalent (Us Cotton) • machine w,"{""cotton"": 100.0}",cotton,100.0,high,philippine,PH,https://oldnavy.com.ph/collections/womens-tops/products/crew-neck-logo-graphic-t-shirt-885831-pastel-pink,2026-04-24T02:08:19.089507,live
Old Navy,Crew-Neck Graphic T-Shirt,t-shirt,pending on the brightness of your screen Materials & Care • 100% cotton • machine wash according to the care instruction label Fit,"{""cotton"": 100.0}",cotton,100.0,high,philippine,PH,https://oldnavy.com.ph/collections/womens-tops/products/crew-neck-graphic-t-shirt-843383-in-the-navy,2026-04-24T02:08:20.366220,live
Old Navy,Vintage Crew-Neck T-Shirt,t-shirt,pending on the brightness of your screen Materials & Care • 100% Cotton Us Cotton Trust Protocol Equivalent (Us Cotton) • machine w,"{""cotton"": 100.0}",cotton,100.0,high,philippine,PH,https://oldnavy.com.ph/collections/womens-tops/products/vintage-crew-neck-t-shirt-537384-dahlia,2026-04-24T02:08:21.760396,live
Old Navy,Exhale Seamless Fitted Rib Tank,top,pending on the brightness of your screen Materials & Care • 94% Nylon Conventional • 6% Elastane Conventional Spandex • machine w,"{""nylon"": 94.0, ""elastane"": 6.0}",nylon,0.0,low,philippine,PH,https://oldnavy.com.ph/collections/womens-tops/products/exhale-seamless-fitted-rib-tank-892252-magnolia,2026-04-24T02:08:26.709202,live
Old Navy,Smocked Peplum Tank Top,top,pending on the brightness of your screen Materials & Care • 50% Cotton Us Cotton Trust Protocol Equivalent (Us Cotton) • 50% Cotto,"{""cotton"": 100.0}",cotton,100.0,high,philippine,PH,https://oldnavy.com.ph/collections/womens-tops/products/smocked-peplum-tank-top-886991-light-blue-stripe,2026-04-24T02:08:27.933182,live
Old Navy,Vintage Crew-Neck Cropped Lace-Trim T-Shirt,t-shirt,pending on the brightness of your screen Materials & Care • 100% Cotton Us Cotton Trust Protocol Equivalent (Us Cotton) • machine w,"{""cotton"": 100.0}",cotton,100.0,high,philippine,PH,https://oldnavy.com.ph/collections/womens-tops/products/vintage-crew-neck-cropped-lace-trim-t-shirt-885975-arctic-depth,2026-04-24T02:08:34.206721,live
Old Navy,Mesh Jersey Football Top,top,on the brightness of your screen Materials & Care •  mesh • 100% polyester • machine wash according to the care instruction label Fit,"{""polyester"": 100.0}",polyester,0.0,low,philippine,PH,https://oldnavy.com.ph/collections/womens-tops/products/mesh-jersey-football-top-861286-magnolia,2026-04-24T02:08:36.212281,live
Old Navy,Button-Down Linen Blend Top,top,pending on the brightness of your screen Materials & Care • 55% linen • 45% rayon • machine wash according to the care instructio,"{""linen"": 55.0, ""rayon"": 45.0}",linen,100.0,high,philippine,PH,https://oldnavy.com.ph/collections/womens-tops/products/button-down-linen-blend-top-886789-black-jack,2026-04-24T02:08:37.509123,live
Old Navy,Flutter-Sleeve Emboirdered Top,top,pending on the brightness of your screen Materials & Care • 100% Cotton Better Cotton (Bci) • machine wash according to the care in,"{""cotton"": 100.0}",cotton,100.0,high,philippine,PH,https://oldnavy.com.ph/collections/womens-tops/products/flutter-sleeve-emboirdered-top-886168-calla-lily-451,2026-04-24T02:08:40.235715,live
Old Navy,Ruffle Collar Button-Down Top,top,pending on the brightness of your screen Materials & Care • 100% cotton • machine wash according to the care instruction label Fit,"{""cotton"": 100.0}",cotton,100.0,high,philippine,PH,https://oldnavy.com.ph/collections/womens-tops/products/ruffle-collar-button-down-top-868132-calla-lily-451,2026-04-24T02:08:44.477977,live
Old Navy,Snug Crop Tank Top,top,pending on the brightness of your screen Materials & Care • 48% cotton • 47% polyester • 5% spandex • machine wash according to th,"{""cotton"": 48.0, ""polyester"": 47.0, ""elastane"": 5.0}",cotton,48.0,low,philippine,PH,https://oldnavy.com.ph/collections/womens-tops/products/snug-crop-tank-top-537465-sky-maintenance,2026-04-24T02:08:47.131315,live
Old Navy,Cropped Button-Down Ruffle Shirt,shirt,pending on the brightness of your screen Materials & Care • 100% cotton • machine wash according to the care instruction label Fit,"{""cotton"": 100.0}",cotton,100.0,high,philippine,PH,https://oldnavy.com.ph/collections/womens-tops/products/cropped-button-down-ruffle-shirt-869824-calla-lily-451,2026-04-24T02:08:48.545805,live
Old Navy,Linen-Blend Loose Button-Down Shirt,shirt,pending on the brightness of your screen Materials & Care • 55% linen • 45% rayon • machine wash according to the care instructio,"{""linen"": 55.0, ""rayon"": 45.0}",linen,100.0,high,philippine,PH,https://oldnavy.com.ph/collections/womens-tops/products/linen-blend-loose-button-down-shirt-844131-calla-lily-451,2026-04-24T02:08:59.305836,live
Old Navy,Sleeveless Trapeze Tank Top,top,pending on the brightness of your screen Materials & Care • 100% Cotton Better Cotton (Bci) • machine wash according to the care in,"{""cotton"": 100.0}",cotton,100.0,high,philippine,PH,https://oldnavy.com.ph/collections/womens-tops/products/sleeveless-trapeze-tank-top-896579-coco-de-mer,2026-04-24T02:09:02.433218,live
Old Navy,StudioSmooth Short-Sleeve Base Layer Top,top,pending on the brightness of your screen Materials & Care • 84% Nylon Conventional • 16% Elastane Conventional Spandex • machine,"{""nylon"": 84.0, ""elastane"": 16.0}",nylon,0.0,low,philippine,PH,https://oldnavy.com.ph/collections/womens-tops/products/studiosmooth-short-sleeve-base-layer-top-861288-rosette,2026-04-24T02:09:17.871115,live
Old Navy,EveryWear Crew-Neck Graphic T-Shirt,t-shirt,pending on the brightness of your screen Materials & Care • 100% cotton • machine wash according to the care instruction label Fit,"{""cotton"": 100.0}",cotton,100.0,high,philippine,PH,https://oldnavy.com.ph/collections/womens-tops/products/everywear-crew-neck-graphic-t-shirt-843343-red-07,2026-04-24T02:09:28.039644,live
Old Navy,Linen-Blend Vest,top,pending on the brightness of your screen Materials & Care • 55% linen • 45% rayon • machine wash according to the care instructio,"{""linen"": 55.0, ""rayon"": 45.0}",linen,100.0,high,philippine,PH,https://oldnavy.com.ph/collections/womens-tops/products/linen-blend-vest-891997-a-stones-throw,2026-04-24T02:09:29.530710,live
Old Navy,Long-Sleeve Lace Trim Top,top,pending on the brightness of your screen Materials & Care • 100% Cotton Better Cotton (Bci) • machine wash according to the care in,"{""cotton"": 100.0}",cotton,100.0,high,philippine,PH,https://oldnavy.com.ph/collections/womens-blouses-shirts/products/long-sleeve-lace-trim-top-886177-calla-lily-451,2026-04-24T02:09:37.325535,live
Old Navy,Tiered Lace Ruffle Top,top,pending on the brightness of your screen Materials & Care • 86% Nylon Conventional • 14% Elastane Conventional Spandex • machine,"{""nylon"": 86.0, ""elastane"": 14.0}",nylon,0.0,low,philippine,PH,https://oldnavy.com.ph/collections/womens-blouses-shirts/products/tiered-lace-ruffle-top-880762-flax-flower,2026-04-24T02:09:43.146068,live
Old Navy,Jacquard Side-Drape Top,top,pending on the brightness of your screen Materials & Care • 94% polyester • 6% spandex • machine wash according to the care instructi,"{""polyester"": 94.0, ""elastane"": 6.0}",polyester,0.0,low,philippine,PH,https://oldnavy.com.ph/collections/womens-blouses-shirts/products/jacquard-side-drape-top-880776-black-jack,2026-04-24T02:09:48.176553,live
Old Navy,Tie-Back Button-Down Shirt,shirt,pending on the brightness of your screen Materials & Care • 100% Cotton Better Cotton (Bci) • machine wash according to the care in,"{""cotton"": 100.0}",cotton,100.0,high,philippine,PH,https://oldnavy.com.ph/collections/womens-blouses-shirts/products/tie-back-button-down-shirt-886178-neutral-stripe,2026-04-24T02:09:49.955019,live
Old Navy,Flutter-Sleeve Fit & Flare Top,top,pending on the brightness of your screen Materials & Care • 74% Rayon Conventional • 26% Nylon Conventional • machine wash accord,"{""rayon"": 74.0, ""nylon"": 26.0}",rayon,74.0,medium,philippine,PH,https://oldnavy.com.ph/collections/womens-blouses-shirts/products/flutter-sleeve-fit-flare-top-886782-multi-floral,2026-04-24T02:09:51.279175,live
Old Navy,SoSoft Lite Pointelle Polo,polo,pending on the brightness of your screen Materials & Care • 55% Cotton Better Cotton (Bci) • 23% Polyester Recycled • 22% Polyeste,"{""cotton"": 55.0, ""polyester"": 45.0}",cotton,55.0,medium,philippine,PH,https://oldnavy.com.ph/collections/womens-blouses-shirts/products/sosoft-lite-pointelle-polo-861238-sea-salt,2026-04-24T02:09:54.295658,live
Old Navy,Relaxed Scoop-Neck Tank Top,top,ending on the brightness of your screen Materials & Care •  100% Cotton Us Cotton Trust Protocol Equivalent (Us Cotton) • machine w,"{""cotton"": 100.0}",cotton,100.0,high,philippine,PH,https://oldnavy.com.ph/collections/womens-blouses-shirts/products/relaxed-scoop-neck-tank-top-884311-russet-moon,2026-04-24T02:09:57.363458,live
Old Navy,Cropped Button-Down Shirt,shirt,pending on the brightness of your screen Materials & Care • 100% cotton poplin • machine wash according to the care instruction lab,"{""cotton"": 100.0}",cotton,100.0,high,philippine,PH,https://oldnavy.com.ph/collections/womens-blouses-shirts/products/cropped-button-down-shirt-886112-green-stripe,2026-04-24T02:10:15.566946,live
Old Navy,Bell-Sleeve Ruffle Top,top,pending on the brightness of your screen Materials & Care • 74% rayon • 26% nylon • machine wash according to the care instructio,"{""rayon"": 74.0, ""nylon"": 26.0}",rayon,74.0,medium,philippine,PH,https://oldnavy.com.ph/collections/womens-blouses-shirts/products/bell-sleeve-ruffle-top-886110-multi-floral-top,2026-04-24T02:10:20.207132,live
Old Navy,Seaside Cotton Short-Sleeve Cable-Knit Cropped Sweater,knitwear,pending on the brightness of your screen Materials & Care • 100% Cotton Better Cotton (Bci) • machine wash according to the care in,"{""cotton"": 100.0}",cotton,100.0,high,philippine,PH,https://oldnavy.com.ph/collections/womens-blouses-shirts/products/seaside-cotton-short-sleeve-cable-knit-cropped-sweater-861244-cactus-bloom,2026-04-24T02:10:21.513648,live
Old Navy,Flutter-Sleeve Poplin Top,top,pending on the brightness of your screen Materials & Care • 100% Cotton Better Cotton (Bci) • machine wash according to the care in,"{""cotton"": 100.0}",cotton,100.0,high,philippine,PH,https://oldnavy.com.ph/collections/womens-blouses-shirts/products/flutter-sleeve-poplin-top-868157-white-blue-stripe,2026-04-24T02:10:22.790636,live
Old Navy,Sleeveless Button-Down Top,top,pending on the brightness of your screen Materials & Care • 67% viscose rayon • 28% nylon • 5% spandex • machine wash according to,"{""viscose"": 67.0, ""nylon"": 28.0, ""elastane"": 5.0}",viscose,67.0,medium,philippine,PH,https://oldnavy.com.ph/collections/womens-blouses-shirts/products/sleeveless-button-down-top-873544-celestine,2026-04-24T02:10:30.184414,live
Old Navy,Flutter-Sleeve Crop Top,top,pending on the brightness of your screen Materials & Care • 100% cotton • machine wash according to the care instruction label Fit,"{""cotton"": 100.0}",cotton,100.0,high,philippine,PH,https://oldnavy.com.ph/collections/womens-blouses-shirts/products/flutter-sleeve-crop-top-868150-arctic-depth,2026-04-24T02:10:33.412008,live
Old Navy,Slim Short-Sleeve Cinched-Waist Button-Down Shirt,shirt,pending on the brightness of your screen Materials & Care • 100% cotton • machine wash according to the care instruction label Fit,"{""cotton"": 100.0}",cotton,100.0,high,philippine,PH,https://oldnavy.com.ph/collections/womens-blouses-shirts/products/slim-short-sleeve-cinched-waist-button-down-shirt-873529-navy-stripe,2026-04-24T02:10:37.902366,live
Old Navy,Heathered Rib-Knit Cropped Tank Top for Women,knitwear,pending on the brightness of your screen Materials & Care • 96% cotton • 4% spandex • Machine wash cold • tumble dry low. Fit & Si,"{""cotton"": 96.0, ""elastane"": 4.0}",cotton,96.0,high,philippine,PH,https://oldnavy.com.ph/collections/women-tank-tops/products/heathered-rib-knit-cropped-tank-top-for-women-585855,2026-04-24T02:10:55.793601,live
Old Navy,Ultra-Crop Rib-Knit Tank Top,knitwear,pending on the brightness of your screen Materials & Care • 48% Cotton Us Cotton Trust Protocol Equivalent (Us Cotton) • 47% Polye,"{""cotton"": 48.0, ""polyester"": 47.0, ""elastane"": 5.0}",cotton,48.0,low,philippine,PH,https://oldnavy.com.ph/collections/women-tank-tops/products/ultra-cropped-rib-knit-tank-top-864811-rivulet,2026-04-24T02:10:57.001040,live
Old Navy,Rib-Knit Tank Top for Women,knitwear,pending on the brightness of your screen Materials & Care • 48% cotton • 47% polyester • 5% spandex • Machine wash cold • tumble d,"{""cotton"": 48.0, ""polyester"": 47.0, ""elastane"": 5.0}",cotton,48.0,low,philippine,PH,https://oldnavy.com.ph/collections/women-tank-tops/products/rib-knit-tank-top-for-women-649926-wild-currant,2026-04-24T02:10:58.788459,live
Old Navy,Rib-Knit Strappy Tank Top,knitwear,pending on the brightness of your screen Materials & Care • 60% Rayon Conventional • 40% Polyester Recycled (Grs) Fit & Sizing •,"{""rayon"": 60.0, ""polyester"": 40.0}",rayon,60.0,medium,philippine,PH,https://oldnavy.com.ph/collections/women-tank-tops/products/rib-knit-strappy-tank-top-416990-wish-bone,2026-04-24T02:11:01.164819,live
Old Navy,90's Ribbed Tank Top,top,pending on the brightness of your screen Materials & Care • 48% Cotton Us Cotton Trust Protocol Equivalent (Us Cotton) • 47% Polye,"{""cotton"": 48.0, ""polyester"": 47.0, ""elastane"": 5.0}",cotton,48.0,low,philippine,PH,https://oldnavy.com.ph/collections/women-tank-tops/products/90s-ribbed-tank-top-693012-blossom-petal,2026-04-24T02:11:07.016004,live
Old Navy,Crop Rib-Knit Tank Top,knitwear,"pending on the brightness of your screen Materials & Care • 48% Cotton Us Cotton Trust Protocol Equivalent (Us Cotton), 47% Polyes","{""cotton"": 48.0, ""polyester"": 47.0, ""elastane"": 5.0}",cotton,48.0,low,philippine,PH,https://oldnavy.com.ph/collections/women-tank-tops/products/cropped-rib-knit-tank-top-418821-white-light-blue,2026-04-24T02:11:08.365974,live
Old Navy,Snug Striped Tank Top,top,pending on the brightness of your screen Materials & Care • 96% cotton • 4% spandex • machine wash according to the care instructi,"{""cotton"": 96.0, ""elastane"": 4.0}",cotton,96.0,high,philippine,PH,https://oldnavy.com.ph/collections/women-tank-tops/products/snug-striped-tank-top-693071-navy-stripe,2026-04-24T02:11:14.403520,live
Old Navy,Sleeveless Square-Neck Bodysuit,top,pending on the brightness of your screen Materials & Care • 95% Cotton Conventional • 5% Elastane Conventional Spandex Fit & Sizin,"{""cotton"": 95.0, ""elastane"": 5.0}",cotton,95.0,high,philippine,PH,https://oldnavy.com.ph/collections/women-tank-tops/products/sleeveless-square-neck-bodysuit-860966-black-jack,2026-04-24T02:11:18.703500,live
Old Navy,Snug Ringer Tank,top,ending on the brightness of your screen Materials & Care •  48% cotton • 47% polyester • 5% spandex • machine wash according to th,"{""cotton"": 48.0, ""polyester"": 47.0, ""elastane"": 5.0}",cotton,48.0,low,philippine,PH,https://oldnavy.com.ph/collections/women-tank-tops/products/snug-ringer-tank-884937-pink-stripe,2026-04-24T02:11:19.892196,live
Old Navy,FlowForm Cutout-Back Tank Top for Women,top,pending on the brightness of your screen Materials & Care • 88% polyester • 12% spandex • imported Fit & Sizing • Semi-fitted. • Hits,"{""polyester"": 88.0, ""elastane"": 12.0}",polyester,0.0,low,philippine,PH,https://oldnavy.com.ph/collections/women-tank-tops/products/flowform-cutout-back-tank-top-for-women-809355-in-the-navy,2026-04-24T02:11:21.300588,live
Old Navy,Ultra-Crop Rib-Knit Top,knitwear,pending on the brightness of your screen Materials & Care • 96% Cotton Better Cotton (Bci) • 4% Elastane Conventional Spandex Fit,"{""cotton"": 96.0, ""elastane"": 4.0}",cotton,96.0,high,philippine,PH,https://oldnavy.com.ph/collections/women-tank-tops/products/ultra-cropped-rib-knit-top-864830-cream-floral,2026-04-24T02:11:24.252153,live
Old Navy,Bestee Tank Top,top,"pending on the brightness of your screen Materials & Care • 57% Cotton Us Cotton Trust Protocol Equivalent (Us Cotton), 37% Modal","{""cotton"": 57.0, ""modal"": 37.0, ""elastane"": 6.0}",cotton,94.0,high,philippine,PH,https://oldnavy.com.ph/collections/women-tank-tops/products/bestee-tank-top-864808-bronzed-amber,2026-04-24T02:11:25.602643,live
Old Navy,Square-Neck Tank Top Bodysuit,top,ess of your screen Materials & Care • double-layer jersey • 95% cotton • 5% spandex • machine wash according to the care instructi,"{""cotton"": 95.0, ""elastane"": 5.0}",cotton,95.0,high,philippine,PH,https://oldnavy.com.ph/collections/women-tank-tops/products/square-neck-tank-top-bodysuit-860966-conifer,2026-04-24T02:11:29.174544,live
Old Navy,Ribbed Tank Top,top,pending on the brightness of your screen Materials & Care • 58% cotton • 38% polyester • 4% spandex • machine wash according to th,"{""cotton"": 58.0, ""polyester"": 38.0, ""elastane"": 4.0}",cotton,58.0,medium,philippine,PH,https://oldnavy.com.ph/collections/women-tank-tops/products/ribbed-tank-top-417548-storm-cloud,2026-04-24T02:11:37.784202,live
Old Navy,Luxe Sleeveless Top for Women,top,tness of your screen Materials & Care • super-soft jersey • 95% rayon • 5% spandex • imported Fit & Sizing • BodEquality means si,"{""rayon"": 95.0, ""elastane"": 5.0}",rayon,95.0,high,philippine,PH,https://oldnavy.com.ph/collections/women-tank-tops/products/luxe-sleeveless-top-for-women-790940-white-lilies,2026-04-24T02:11:43.002144,live
Old Navy,Ribbed Tank Top for Women,top,"pending on the brightness of your screen Materials & Care • 58% Cotton Better Cotton (Bci), 38% Polyester Conventional, 4% Elastan","{""cotton"": 58.0, ""polyester"": 38.0, ""elastane"": 4.0}",cotton,58.0,medium,philippine,PH,https://oldnavy.com.ph/collections/women-tank-tops/products/ribbed-tank-top-for-women-417548-northern-lights,2026-04-24T02:11:48.543366,live
Old Navy,Strappy Rib-Knit Cropped Tank Top for Women,knitwear,pending on the brightness of your screen Materials & Care • 92% cotton • 8% spandex • machine wash according to the care instructi,"{""cotton"": 92.0, ""elastane"": 8.0}",cotton,92.0,high,philippine,PH,https://oldnavy.com.ph/collections/women-tank-tops/products/strappy-rib-knit-cropped-tank-top-for-women-624122-flower-trail,2026-04-24T02:11:56.380498,live
Old Navy,Rib-Knit Cami Top,knitwear,pending on the brightness of your screen Materials & Care • 58% Cotton Better Cotton (Bci) • 38% Polyester Conventional • 4% Elast,"{""cotton"": 58.0, ""polyester"": 38.0, ""elastane"": 4.0}",cotton,58.0,medium,philippine,PH,https://oldnavy.com.ph/collections/women-tank-tops/products/rib-knit-cami-top-416998-sea-salt,2026-04-24T02:11:57.691494,live
Old Navy,Luxe Swing Tank Top for Women,top,pending on the brightness of your screen Materials & Care • 95% rayon • 5% spandex • imported Fit & Sizing • BodEquality means si,"{""rayon"": 95.0, ""elastane"": 5.0}",rayon,95.0,high,philippine,PH,https://oldnavy.com.ph/collections/women-tank-tops/products/luxe-swing-tank-top-for-women-790940-black-jack,2026-04-24T02:12:05.957234,live
Old Navy,Puff-Sleeve Jean Mini Dress,dress,pending on the brightness of your screen Materials & Care • 100% cotton • machine wash according to the care instruction label Fit,"{""cotton"": 100.0}",cotton,100.0,high,philippine,PH,https://oldnavy.com.ph/collections/womens-dresses/products/puff-sleeve-jean-mini-dress-705465-medium-wash,2026-04-24T02:12:17.130624,live
Old Navy,Puff-Sleeve Plaid Fit & Flare Taffeta Mini Dress,dress,pending on the brightness of your screen Materials & Care • 100% Polyester Recycled •  machine wash according to the care instruction,"{""polyester"": 100.0}",polyester,0.0,low,philippine,PH,https://oldnavy.com.ph/collections/womens-dresses/products/puff-sleeve-plaid-fit-flare-taffeta-mini-dress-843984-small-red-plaid,2026-04-24T02:12:18.409657,live
Old Navy,PowerSoft Athletic Dress,dress,"pending on the brightness of your screen Materials & Care • 77% Polyester Recycled, 23% Elastane Conventional Spandex Fit & Sizing •","{""polyester"": 77.0, ""elastane"": 23.0}",polyester,0.0,low,philippine,PH,https://oldnavy.com.ph/collections/womens-dresses/products/powersoft-athletic-dress-749126-black-jack,2026-04-24T02:12:33.028203,live
Old Navy,THE OCCASION by Old Navy Twist-Front Maxi Dress,dress,pending on the brightness of your screen Materials & Care • 92% Polyester Conventional • 8% Elastane Conventional Spandex Fit & Sizin,"{""polyester"": 92.0, ""elastane"": 8.0}",polyester,0.0,low,philippine,PH,https://oldnavy.com.ph/collections/womens-dresses/products/the-occasion-by-old-navy-twist-front-maxi-dress-759228-sedimentary,2026-04-24T02:12:34.531486,live
Old Navy,THE OCCASION by Old Navy Flutter-Sleeve Maxi Dress,dress,pending on the brightness of your screen Materials & Care • 98% Polyester Recycled • 2% Elastane Conventional Spandex Fit & Sizing •,"{""polyester"": 98.0, ""elastane"": 2.0}",polyester,0.0,low,philippine,PH,https://oldnavy.com.ph/collections/womens-dresses/products/the-occasion-by-old-navy-flutter-sleeve-maxi-dress-705394-bare-ground,2026-04-24T02:12:45.992409,live
Old Navy,Fit & Flare Floral Maxi Dress,dress,pending on the brightness of your screen Materials & Care • 100% viscose rayon • machine wash according to the care instruction labe,"{""viscose"": 100.0}",viscose,100.0,high,philippine,PH,https://oldnavy.com.ph/collections/womens-dresses/products/fit-flare-floral-maxi-dress-808837-black-floral,2026-04-24T02:12:52.806718,live
Old Navy,THE OCCASION by Old Navy Satin Cowl Maxi Dress,dress,brightness of your screen Materials & Care • smooth satin • 100% polyester • machine wash according to the care instruction label • im,"{""polyester"": 100.0}",polyester,0.0,low,philippine,PH,https://oldnavy.com.ph/collections/womens-dresses/products/the-occasion-by-old-navy-satin-cowl-maxi-dress-759326-dawn-light,2026-04-24T02:12:55.522693,live
Old Navy,Waist-Defined Puff-Sleeve Smocked Embroidered Midi Dress for Women,dress,pending on the brightness of your screen Materials & Care • 53% cotton • 47% rayon • Machine wash cold • gentle cycle • hang dry.,"{""cotton"": 53.0, ""rayon"": 47.0}",cotton,100.0,high,philippine,PH,https://oldnavy.com.ph/collections/womens-dresses/products/waist-defined-puff-sleeve-smocked-embroidered-midi-dress-for-women-419296,2026-04-24T02:13:05.432336,live
Old Navy,Sleeveless Ponte-Knit Mini Swing Dress,dress,en Materials & Care • ponte knit with comfortable stretch • 69% rayon • 27% nylon • 4% spandex •  machine wash according to the c,"{""rayon"": 69.0, ""nylon"": 27.0, ""elastane"": 4.0}",rayon,69.0,medium,philippine,PH,https://oldnavy.com.ph/collections/womens-dresses/products/sleeveless-ponte-knit-mini-swing-dress-843996-black-jack,2026-04-24T02:13:13.580599,live
Old Navy,THE OCCASION by Old Navy Fit & Flare Cami Mini Dress,dress,pending on the brightness of your screen Materials & Care • 100% Cotton Better Cotton (Bci) Fit & Sizing • fitted at top with a ful,"{""cotton"": 100.0}",cotton,100.0,high,philippine,PH,https://oldnavy.com.ph/collections/womens-dresses/products/the-occasion-by-old-navy-fit-flare-cami-mini-dress-705692-black-jack,2026-04-24T02:13:17.253504,live
Old Navy,Bounce Fleece Sweatshirt,hoodie,pending on the brightness of your screen Materials & Care • 55% Polyester Recycled • 29% Viscose Rayon Conventional • 11% Polyester C,"{""polyester"": 66.0, ""viscose"": 29.0, ""elastane"": 5.0}",polyester,29.0,low,philippine,PH,https://oldnavy.com.ph/collections/womens-sweatshirts-sweatpants/products/bounce-fleece-sweatshirt-784478-oatmeal-heather,2026-04-24T02:13:32.968127,live
Old Navy,Logo Zip Hoodie,hoodie,pending on the brightness of your screen Materials & Care • 95% Cotton Conventional • 5% Elastane Conventional Spandex • machine w,"{""cotton"": 95.0, ""elastane"": 5.0}",cotton,95.0,high,philippine,PH,https://oldnavy.com.ph/collections/womens-sweatshirts-sweatpants/products/logo-zip-hoodie-864993-black-jack,2026-04-24T02:13:34.254810,live
Old Navy,Vintage Logo Graphic Sweatshirt,hoodie,pending on the brightness of your screen Materials & Care • 95% Cotton Conventional • 5% Elastane Conventional Spandex Fit & Sizin,"{""cotton"": 95.0, ""elastane"": 5.0}",cotton,95.0,high,philippine,PH,https://oldnavy.com.ph/collections/womens-sweatshirts-sweatpants/products/vintage-logo-graphic-sweatshirt-865020-black-jack-3,2026-04-24T02:13:38.616891,live
Old Navy,Oversized Cozy Waffle Henley Top,top,pending on the brightness of your screen Materials & Care • 62% Cotton Better Cotton (Bci) • 35% Polyester Conventional • 3% Elast,"{""cotton"": 62.0, ""polyester"": 35.0, ""elastane"": 3.0}",cotton,62.0,medium,philippine,PH,https://oldnavy.com.ph/collections/womens-sweatshirts-sweatpants/products/oversized-cozy-waffle-henley-top-804760-mushroom,2026-04-24T02:13:47.586495,live
Old Navy,Disney© Minnie Mouse Vintage Sweatshirt,hoodie,pending on the brightness of your screen Materials & Care • 100% Cotton Better Cotton (Bci) • machine wash according to the care in,"{""cotton"": 100.0}",cotton,100.0,high,philippine,PH,https://oldnavy.com.ph/collections/womens-sweatshirts-sweatpants/products/disney-minnie-mouse-vintage-sweatshirt-843768-blush-on-you,2026-04-24T02:13:56.160412,live
Old Navy,Vintage Crew-Neck Logo-Graphic Sweatshirt,hoodie,pending on the brightness of your screen Materials & Care • 80% cotton •20% polyester •95% cotton • 5% spandex rib-knit trim • mac,"{""cotton"": 80.0, ""polyester"": 20.0}",cotton,80.0,medium,philippine,PH,https://oldnavy.com.ph/collections/womens-sweatshirts-sweatpants/products/vintage-crew-neck-logo-graphic-sweatshirt-808192-a-shore-thing,2026-04-24T02:13:59.413502,live
Old Navy,Logo Zip Hoodie Sweatshirt,hoodie,pending on the brightness of your screen Materials & Care • 95% Cotton Conventional • 5% Elastane Conventional Spandex Fit & Sizin,"{""cotton"": 95.0, ""elastane"": 5.0}",cotton,95.0,high,philippine,PH,https://oldnavy.com.ph/collections/womens-sweatshirts-sweatpants/products/logo-zip-hoodie-sweatshirt-864993-abalone-pink,2026-04-24T02:14:00.889072,live
Old Navy,Rotation Popover Hoodie,hoodie,pending on the brightness of your screen Materials & Care • 60% Cotton Better Cotton (Bci) • 40% Polyester Recycled • 0% Cotton Co,"{""cotton"": 60.0, ""polyester"": 40.0}",cotton,60.0,medium,philippine,PH,https://oldnavy.com.ph/collections/womens-sweatshirts-sweatpants/products/gender-neutral-pullover-hoodie-for-adults-710412,2026-04-24T02:14:06.059237,live
Old Navy,Bounce Fleece Half-Zip Pullover Sweatshirt,hoodie,"pending on the brightness of your screen Materials & Care • 55% Polyester Recycled, 29% Viscose Rayon Conventional, 11% Polyester Con","{""polyester"": 66.0, ""viscose"": 29.0, ""elastane"": 5.0}",polyester,29.0,low,philippine,PH,https://oldnavy.com.ph/collections/womens-sweatshirts-sweatpants/products/bounce-fleece-half-zip-pullover-sweatshirt-583079-lakeshore,2026-04-24T02:14:08.764712,live
Old Navy,Dynamic Fleece Oversized Tunic Sweatshirt,hoodie,pending on the brightness of your screen Materials & Care • 60% Cotton Better Cotton (Bci) • 40% Polyester Conventional • machine,"{""cotton"": 60.0, ""polyester"": 40.0}",cotton,60.0,medium,philippine,PH,https://oldnavy.com.ph/collections/womens-sweatshirts-sweatpants/products/dynamic-fleece-oversized-tunic-sweatshirt-784472-oatmeal-heather,2026-04-24T02:14:37.668151,live
Old Navy,StudioSmooth Full-Zip Jacket,jacket,pending on the brightness of your screen Materials & Care • 82% nylon • 18% spandex • crease lines from packing can be easily rem,"{""nylon"": 82.0, ""elastane"": 18.0}",nylon,0.0,low,philippine,PH,https://oldnavy.com.ph/collections/womens-activewear-tops/products/studiosmooth-full-zip-jacket-884906-rosette,2026-04-24T02:14:47.723229,live
Old Navy,StudioSmooth Seamed Longline Top,top,pending on the brightness of your screen Materials & Care • 82% Nylon Conventional • 18% Elastane Conventional Spandex • machine,"{""nylon"": 82.0, ""elastane"": 18.0}",nylon,0.0,low,philippine,PH,https://oldnavy.com.ph/collections/womens-activewear-tops/products/studiosmooth-seamed-longline-top-877609-coho-salmon,2026-04-24T02:14:49.436522,live
Old Navy,CloudMotion T-Shirt,t-shirt,pending on the brightness of your screen Materials & Care • 47% Polyester Recycled • 46% Polyester Conventional • 7% Elastane Convent,"{""polyester"": 93.0, ""elastane"": 7.0}",polyester,0.0,low,philippine,PH,https://oldnavy.com.ph/collections/womens-activewear-tops/products/cloudmotion-t-shirt-848772-thimble-berry,2026-04-24T02:14:54.810634,live
Old Navy,Light Support PowerSoft Longline Sports Bra,underwear,ending on the brightness of your screen Materials & Care •  77% Nylon Conventional • 23% Elastane Conventional Spandex •  machine,"{""nylon"": 77.0, ""elastane"": 23.0}",nylon,0.0,low,philippine,PH,https://oldnavy.com.ph/collections/womens-activewear-tops/products/light-support-powersoft-longline-sports-bra-723227-thimble-berry,2026-04-24T02:14:56.222981,live
Old Navy,CloudMotion Split-Back Top,top,pending on the brightness of your screen Materials & Care • 47% Polyester Recycled • 46% Polyester Conventional • 7% Elastane Convent,"{""polyester"": 93.0, ""elastane"": 7.0}",polyester,0.0,low,philippine,PH,https://oldnavy.com.ph/collections/womens-activewear-tops/products/cloudmotion-split-back-top-784481-dusk-bloom,2026-04-24T02:14:57.550611,live
Old Navy,Light Support StudioSmooth Longline Sports Bra,underwear,"pending on the brightness of your screen Materials & Care • 82% Nylon Conventional, 18% Elastane Conventional Spandex • machine w","{""nylon"": 82.0, ""elastane"": 18.0}",nylon,0.0,low,philippine,PH,https://oldnavy.com.ph/collections/womens-activewear-tops/products/light-support-studiosmooth-longline-sports-bra-694514-black-coffee,2026-04-24T02:15:05.092448,live
Old Navy,Medium Support PowerSoft Sports Bra,underwear,pending on the brightness of your screen Materials & Care • 100% Nylon Conventional • machine wash according to the care instructi,"{""nylon"": 100.0}",nylon,0.0,low,philippine,PH,https://oldnavy.com.ph/collections/womens-activewear-tops/products/medium-support-powersoft-sports-bra-785416-black-jack,2026-04-24T02:15:08.150763,live
Old Navy,CloudMotion Seamed T-Shirt,t-shirt,"pending on the brightness of your screen Materials & Care • 47% Polyester Recycled, 46% Polyester Conventional, 7% Elastane Conventio","{""polyester"": 93.0, ""elastane"": 7.0}",polyester,0.0,low,philippine,PH,https://oldnavy.com.ph/collections/womens-activewear-tops/products/cloudmotion-seamed-t-shirt-784479-dark-sepia,2026-04-24T02:15:11.565005,live
Old Navy,StudioSmooth Crop Full Zip,top,"pending on the brightness of your screen Materials & Care • 82% Nylon Conventional, 18% Elastane Conventional Spandex • machine w","{""nylon"": 82.0, ""elastane"": 18.0}",nylon,0.0,low,philippine,PH,https://oldnavy.com.ph/collections/womens-activewear-tops/products/studiosmooth-crop-full-zip-663729-salt-marsh,2026-04-24T02:15:14.486690,live
Old Navy,Fluid Seamless Fitted T-Shirt,t-shirt,ending on the brightness of your screen Materials & Care •  100% Nylon Conventional •  machine wash according to the care instruct,"{""nylon"": 100.0}",nylon,0.0,low,philippine,PH,https://oldnavy.com.ph/collections/womens-activewear-tops/products/fluid-seamless-fitted-t-shirt-848776-purple-maxine,2026-04-24T02:15:28.074023,live
Old Navy,Fluid Seamless Fitted Tank Top,top,ending on the brightness of your screen Materials & Care •  100% nylon •  machine wash according to the care instruction label Fit,"{""nylon"": 100.0}",nylon,0.0,low,philippine,PH,https://oldnavy.com.ph/collections/womens-activewear-tops/products/fluid-seamless-fitted-tank-top-848693-purple-maxine,2026-04-24T02:15:35.847439,live
Old Navy,Light Support StudioSmooth Square-Neck Sports Bra,underwear,pending on the brightness of your screen Materials & Care • 92% Polyester Conventional • 8% Elastane Conventional Spandex • machine w,"{""polyester"": 92.0, ""elastane"": 8.0}",polyester,0.0,low,philippine,PH,https://oldnavy.com.ph/collections/womens-activewear-tops/products/light-support-studiosmooth-square-neck-sports-bra-861282-rosette,2026-04-24T02:16:00.122125,live
Old Navy,Bounce Fleece Full-Zip Jacket,jacket,"pending on the brightness of your screen Materials & Care • 55% Polyester Recycled, 29% Viscose Rayon Conventional, 11% Polyester Con","{""polyester"": 66.0, ""viscose"": 29.0, ""elastane"": 5.0}",polyester,29.0,low,philippine,PH,https://oldnavy.com.ph/collections/womens-activewear-tops/products/bounce-fleece-full-zip-jacket-805759-black-coffee,2026-04-24T02:16:01.637480,live
Old Navy,EveryWear Crew-Neck T-Shirt,t-shirt,pending on the brightness of your screen Materials & Care • 100% Cotton Us Cotton Trust Protocol Equivalent (Us Cotton) • machine w,"{""cotton"": 100.0}",cotton,100.0,high,philippine,PH,https://oldnavy.com.ph/collections/women-new-arrivals/products/everywear-crew-neck-t-shirt-544338-chrysolite,2026-04-24T02:16:06.224510,live
Old Navy,EveryWear Crew-Neck Striped T-Shirt,t-shirt,pending on the brightness of your screen Materials & Care • 100% Cotton Conventional • machine wash according to the care instructi,"{""cotton"": 100.0}",cotton,100.0,high,philippine,PH,https://oldnavy.com.ph/collections/women-new-arrivals/products/everywear-crew-neck-striped-t-shirt-693007-pink-stripe,2026-04-24T02:16:17.775839,live
Old Navy,Vintage Crew-Neck Oversized Crop T-Shirt,t-shirt,brightness of your screen Materials & Care • soft jersey • 100% cotton • machine wash according to the care instruction label Fit,"{""cotton"": 100.0}",cotton,100.0,high,philippine,PH,https://oldnavy.com.ph/collections/women-new-arrivals/products/vintage-crew-neck-oversized-crop-t-shirt-692972-coho-salmon,2026-04-24T02:16:23.816076,live
Old Navy,Twill Barrel Cargo Pants,pants,pending on the brightness of your screen Materials & Care • 100% Cotton Better Cotton (Bci) • machine wash according to the care in,"{""cotton"": 100.0}",cotton,100.0,high,philippine,PH,https://oldnavy.com.ph/collections/women-new-arrivals/products/twill-barrel-cargo-pants-874921-ecru,2026-04-24T02:16:51.087453,live
Old Navy,Extra High-Waisted Wide-Leg Jeans,jeans,pending on the brightness of your screen Materials & Care • 98% Cotton Conventional • 2% Elastane • machine wash according to the,"{""cotton"": 98.0, ""elastane"": 2.0}",cotton,98.0,high,philippine,PH,https://oldnavy.com.ph/collections/women-new-arrivals/products/extra-high-waisted-wide-leg-jeans-805777-calla-lily-451,2026-04-24T02:16:55.980570,live
Old Navy,High-Waisted Linen-Blend Wide-Leg Pants,pants,pending on the brightness of your screen Materials & Care • 55% linen • 45% rayon • machine wash according to the care instructio,"{""linen"": 55.0, ""rayon"": 45.0}",linen,100.0,high,philippine,PH,https://oldnavy.com.ph/collections/women-new-arrivals/products/high-waisted-linen-blend-wide-leg-pants-890102-neutral-stripe,2026-04-24T02:17:08.464803,live
Old Navy,Extra-High Waisted PowerSoft Boundless Pocket Biker Shorts-- 6-inch inseam - No Front Seam,shorts,pending on the brightness of your screen Materials & Care • 77% Polyester Recycled Traceable • 23% Elastane Conventional Spandex • ma,"{""polyester"": 77.0, ""elastane"": 23.0}",polyester,0.0,low,philippine,PH,https://oldnavy.com.ph/collections/women-new-arrivals/products/extra-high-waisted-powersoft-boundless-pocket-biker-shorts-6-inch-inseam-no-front-seam-861777-black-white-gingham,2026-04-24T02:17:11.362318,live
GQ,Men’s Lightweight Hooded Sweatshirt Reverse Weave Light Grey,hoodie,"bric: Soft Reverse Terry Solid Colors 400 g/m² Composition: 82% Cotton, 18% Polyester Unbrushed Terry fabric Reverse Weave fabric:","{""cotton"": 82.0, ""polyester"": 18.0}",cotton,82.0,medium,philippine,PH,https://cna.st/p/34hCzmKur5YmMC99oeDXMLYvJgDeQEjzGgowZr4XkByZMC4cWycNWGjGsYrojWJVVE4zRa26XQYfAnoHNPG4qSpGmnYgDMzAked9RYtYuhQjvVu29RxzCX5Yd9YhtxNpMSVAy2XyyzD8KmZGTkBzNZN8GtVyEKybHfnF1uSygmXir3qShU8w7BAX6TZxh1Q6S4uJyiv4bTAeeeLQs1qE8yJLpw1Q7fW2B76xbccUwF4CMXYHEZ3tPg57hTMc9pt8bgaZmnBUQjKyRCLntY4Fq91zD1kLZWWgPE8Cky6mr89WzAbBD55GB7ZZGWxCZATM72bKWa7euPcgfdVyzxH85nzJ9vFhNpj9a9djMoNrgnZwVfbHhYiwsWAMDhrr3YQN8JM32pRUGrgNNt2mBJskNAETRpW97TGpV96e42YMtoKCTAnuxTgkcGDLUqLR8pGFSXgUbVE6rhtxQLey151cVTQauqP1wqAow8bmbPhuX558q28DCDn2DKLJdj87Wo1uwFMBcZ,2026-04-24T02:17:34.740632,live
GQ,Vigo - Natural Linen Double-Breasted Blazer,blazer,"ss take on formal dressing, the Vigo blazer is crafted from 100% linen in an unstructured double-breasted silhouette. It features","{""linen"": 100.0}",linen,100.0,high,philippine,PH,https://cna.st/p/A7JTwxeUFd5Ck8AyrsGGxmHtH26p5ZejnEiBqyYahdSdn7pwmJs7vCRb47cqDmrARvkWmVJqqm1ysjgci8qXGVkZtw6bDmqYwBtgo9sQDhYc41X4FnMZw1bdX2eeckNhUcMVce2b5et8zEvEpBiw11zumBCGL6VtcSku3Utva9Xw8XYgF6oP6pGCpKmPi96cP3Ax21nTJzxQtEvCNGv1T8GmCCvqMPutAREuKyvcSnztMTuW6civ6G8VU3hjfzVc7ANFvjRmuZgEGWGRY1GQUWWtVHNGE3QrS4iZqYTFXaVQiCwzNuYH6w7icXxY1ryNMzYuZDYbuMxFBoJJT6gCv1aB4T8JSc97uV5F2JDaXdYKAsWDVfE15kL1Y7HWhhCji6hPkxGSEp1YQFjEiRfuo7Gn11dhG4t3b8qYfFi24Rr4oqU61Xh1rD8BuZPXzjmXXtighPcALL8JmtK8XiTAioBhzmtqYcTta1kWc263dmAfxvAtiQmnEVd7tWqKuuRc1CpD533,2026-04-24T02:17:38.024504,live
GQ,Single Breasted Coat,jacket,"ial composition and care instructions Fabric details Shell: 51% Polyester - Recycled Fiber, 49% Polyester/ Lining: 100% Polyester/ Po","{""polyester"": 100.0}",polyester,0.0,low,philippine,PH,https://cna.st/p/44T8pouMBMznPWMkx6cq8vL4tqZL9peoysNzVSRGPQEBumUtceTzEJwuEmKiewnGgpKSJcWvCVvUK24FKzKxPFD1i6ZZBycAsbDwdcL41ZVLMDSKggZ2fT6cPcQVpk5VpquJ7X6AEsF3s8DNTW6vq5gjGaFDFLVPESrTRSZi3C8FVLDazARxGmToJmWajfG7v9y5mT4M9GajoxyXDzLhLNNhNp8n91rSsd2jo753FFxAzyxPdnuAPe7LTgj6i5p8tASrbokz6mvCa8dK8bxbQq6XDYrnfaWYYuxXk1uzER3xb7te4pJjBzKbGtaY56wXuqUg8Gvg8oKk2YRowL35m84aLGPCjxu1L614CuYdgz5UsGuhVYRb3WAQdpvjxm5cfoW3QgeWgKhy5JnVgFNNf8CSKQeYTqpPpYaYenkLqMAuGq5Zq8wxMZyEnQveHPYG2yDSPrg1wvEDuBYPXJUqddTG29nPhP5pfCP4nXGJC2iDDLf95bQHci7sQcwdms2QiVv3RPA5g9,2026-04-24T02:18:07.812320,live
GQ,White Cotton Long Point Collar Dinner Shirt,shirt,"de shirting, and is ideal for pairing with our dinner suit. 100% Cotton Made in Our Factory in Somerset, England Concealed Placket","{""cotton"": 100.0}",cotton,100.0,high,philippine,PH,https://cna.st/p/2GmHeMjwwVgCNrBegUXbVVn4RM9mUcdaJjBroENvsFnuiMjH2oTp8Yq2kkuvaHnBAC1ZjTYps4HjuwJmiS2NryvLrKvnkfwFkUSnY8CqqWo3XA5NjhGwS8eEXgVRRQEZ1FFBnpjzjWtjx8tcD1d3ssJMRpjnNoArozL9wmVTDvgNb7GT2k7nzU8s22BZw85YKmgsEv1e7wqNgGYSMgURG4LQB5FcLUh6krnfTrP6xq7nhCo1S4x1XPbEf6UPuFSH8psLUi3ofFkpc5MJFBzhkTVdzqeGPFwAAgViHgTLxUuNn2SxQ8Fa7cLZHGFf2NRFWAJGxEr4FRBMRCSFDkwsCqtb8kiBPU8mNCiHETDTQReyTt7onT6Hjpq3DpDJyEgb4rqxYg1C1JkyqZj8ooqt2Z3mYJFWhRe2bnJPzELKJ9DT1cS9zWV3fez6rHPAsdGLqcRo8k2h5kprwjyGsGJfHhqau7bpnUrFivWLjkcg8x4wDoLgNdK,2026-04-24T02:18:26.575127,live
GQ,Loopback Hoodie,hoodie,"ting layer. Product Code: MHOD1525-BKAA Fabric & Care Main: 100% Cotton Ribs: 95% Cotton, 5% Elastane Gentle wash at 30°C Do not tu","{""cotton"": 100.0}",cotton,100.0,high,philippine,PH,https://cna.st/p/wTWM9pfxmVoDiwaz1XrVoZgJThQyQ9yG1bdiamBrg2TrCWePs4uRhevzHnJ4KXUMi6rGS87FBh6WTCzo6hDRBHmFBQk6xzbao4A7CTNUKQFnnKXXMWzniyobr9ABxp46Dg3m2iEJtaedVXUoKypA3urxLZGVpwbzeKXA51xcGvoN53V7RzyumSymzGKV3E65MeH2kSrjGWiLuZnpNNohK4ezPHxQFV9oehEm1cLEvKRmwLnVxbgjAXDizX7JaYoqKCnHbvV1prCSBWah9yVZ2BLnL1sKXA5V1QaVXPpwxGLSc1jcBqU6Ya8DTjHfj4GST87KiUzoVeKkHnu6jLEWZwdWh5NXZSz475PaypibYFgR6vVw5XHhx3sPTVtWNN8rc6eUW2SgJru1Ar7eY6MxFugpX7Ks5mFZiNMCgZXjArsJbgN6tNdRD7Bx6fhbXQatinNWBMuB1ByYxSJQATED1zqp7DzprJtXD1neWqJCDFuweQxh5AXFnnDQX6TJm,2026-04-24T02:18:30.154001,live
GQ,Aubyn - Natural Linen Relaxed Fit Trousers,pants,"oach to summer tailoring, the Aubyn trouser is crafted from 100% linen for a lightweight, breathable feel. Cut with a relaxed, tap","{""linen"": 100.0}",linen,100.0,high,philippine,PH,https://cna.st/p/aZVusrPUqGnXdib1q5jdtaoVHgny6cE6pUsNxXE62sn1MbmtG4LqEPUU35783kZN2QHbGPweRHY6gnywiVuzC5wPnV4RPJFBSNHWES6jQKEck4irLKq6NYF9mmdmEeox4icwKVvPnJeHY5UxycBv58AF15ujms7CKGAjjgDqeMpD9ChRTkTQsVH8jxrnce6oSeVzi3B3rwYZSiZPtb7RhjRswc3Q1Q7FC1L1Z1nTnFzR8mdHfGCDR4s1W3iKGGVAfMyFP7Ka1x68cg7JYhuQ7VnuVBtsoA3QU6BoDinnaakbAdLLPdXE8Y7Ah3nLduKom29jMw38X3cyjfyXndj4zxNwxhEAH73de7MVEpGLufwJiZkHbGebC7QP4931jMHjmEAeE9PRNxZgadvivnpM7YBdeyGfYSUR5ULMPGXGgxvoVVB2jJwLaSSHbXALHs2MLZvdWvMnYK8qKfuhu3RM7f1UogiB9xVtx2WsxaMus3,2026-04-24T02:19:00.453137,live
GQ,Navy Perennial Tailored Fit Havana Suit,suit,"roduct Code C9669-S Material Pure Tropical Wool Composition 100% Wool Color Navy Woven by Vitale Barberis Canonico, Italy Care In","{""wool"": 100.0}",wool,100.0,high,philippine,PH,https://cna.st/p/hCp5wacPHYDYqLf3y6rRT8VXKhreo97ZpfWnsAaPkKr9L98ciZrDXoRXJkCyyytwmC2qVa1iTt2H34kUH1GjDdETjumo9Xpb9qnub3i1XmdNKT4EEg4XDnhhqFPJcsaEi2YSVvQMvMbWZk15HUqk8HdF3iFwHSbCWrf2nU4gitFnQ98ZBEHQsLdNwYSYPEtxZcpqbtXYpamyygerZdjKXHBnw7tYem8ZaxX73jfmTH8bCPRQCeQJbnfmkDgd5D4QJDz83TSqTQnneLE2xAqJqL9Ks4WoGfFNptZg34Y9ZhiFUPAs3f9V1yxJDno9G9Q11XAooZhdyQrXXFvHyEDrQ3VicRnW8aTGbduoMceuwLCR315WRod63fuXjggRzQhnF6yfhuD64soYPk2FV4cZ14eRaqQQh5JB2jmqgTGYdjTixZKehybQrJCUrRErczUKGkz93bocrsBHvcMcKWM9sMs6iVccrvwsLJJ5Pxbpo1BCMGVhnTGGgxLn378fC36GBMgBmro7,2026-04-24T02:19:13.897129,live
GQ,Come-Up-To-The-Studio Shirt,shirt,"3,600 Unit price / per Sale Sold out Add to bag Fabric Ecru 50% wool 50% cotton 108 gsm Italy 'Ecru Wool/Cotton Fine Twill' Deta","{""wool"": 50.0, ""cotton"": 50.0}",wool,100.0,high,philippine,PH,https://cna.st/p/hCp5wacPHYDYqLf3y6rRT8VXKhreo97ZpfWnsAaPkKr9L98ciZrDXoRXJkCgF5ASyqynnGwLrdwYFbUyPhSohyZRrqKhZFVbt5MY54SFvD7pKZt4xHrmLr3ktKERkYdNbsyxAdfxc7B63FwWJyDJXicSspjat1yeyg2kUAL3Zaa3XcBq8FBtmVLeVaqyVYyvFDVexdogoDV2XruvBRkCctsEKP33SCoQcvqGsQYfh3pSL2p5o1Dphxz5F2QRBXh7nUE2tm1MupH7NeuaRFEXYyevSp6P6FiwkVWWYTtLkBSxPxzfWnsJr4dZwChMn2DWRnRCFi1Mxvjm2ANBeJmXmBH6fiBRN3Bg9fRXXe7nkrUS9aYswP2hinMLSLj5kKyBkCu35yhGUzuTHfBBjT77HDmEMUZbxjGFM1LkMey7aS6FKePkmc6LfXYMx6qnuwGPo86woP2UwbwHNPD7yHARaiy4qohka6mkTd2ypXTh7PdzubYRcUeanLoDyZSy4DqbaoGwC8yK,2026-04-24T02:19:46.097573,live
GQ,247 regular work trousers,pants,"ight: 186 cm, Size Worn: 32W/32L Size chart Made with 8.3oz 100% cotton twill with an enzyme wash for a softened hand-feel Regular,","{""cotton"": 100.0}",cotton,100.0,high,philippine,PH,https://cna.st/p/DLbk5icZaC4DrNtCZHxcymZU4nQZGDTLiNSYAv4NDvM8XFRLEA3N19bSDQrPfgCUnp82jLGXzaoPShAgeVfYEr9RQLNkAXn3c4yUEcUUTmJVrz4Jc3rNq1DLH8nSiRovwSwAZKNXzEq84H799VJz8KMuVxpL2ZKEXe3rCafpgdAba9eFruCpNY9TBeznTrUBkxeq5PtwggZaJRckN9a8KPghST7ZVnR8tJGMM7XUy4XpkiV6r1KznuMpgy4CLgA484tC6rdWt5idiSSskfCveuVcaRzj3A6b5JzXGLseHNvnMcfT9usuqBgqBEWZiK86mKkQ2XKgxYX2tNRMJV26bihkMBHx7FY4pNJZyYbXEeDBNB8Bmxaf65btfa15fjgg6VFTFxuqbZmJ3D8EghecQM7ZUuRR59kzNjQYnxwHwGJSpKCvGJARgf5CUsy4QgfeaHB8HCvGumUYyecvRHp2WZ6rwd8mNXYPcEpJ92VTkBfuQ9uMVXVUjRrfzGvq,2026-04-24T02:20:02.431633,live
GQ,White Tailored Fit Essential Double Cuff Poplin Formal Shirt,shirt,"al occasion, it ensures a polished, authoritative presence. 100% Cotton Classic Poplin Weave Thomas Pink Cutaway Collar Double Cuff","{""cotton"": 100.0}",cotton,100.0,high,philippine,PH,https://cna.st/p/2privsRGdsZnsNWhgWEWQmsSm9SABQZTB5sfSj42amgjqvyqWtNubvDSW1cMjDGrG98Jp7H4qXCYawfxKEmK3SAti8K4x43sVipY9XRrixSKTwERQhjsn4TrEmTRbaV4DDPTNTumKPkkLY7z8DoBWGB5uSoEsYgAXkfiucNGKCSa3cffmm2XdEYhqRQyERWe2d2V87XzJjLszaKPmiJw7AVt2kKUZj9CrBJqu3kU4mTuSaSckaVNi8n3UAEAxEpD3VfCrinoNgVCFN3r3eZVdfo4z1yceKbeGFephqJpW8oQeXfVdR4UH52Ne3dMAVf9moijp9LLEcCgMMBRr9izD2KiQ12GLhzoqQYRmkNEtG6FzJ8T1AnZ1q4sRT3btmssLRP4nAS2ejypThre5vF6VwRjqmcjShHezJR9jw4ceR7wJqHfY1mUrpjFnHTJdKhrgPak8CzfKrjZfendPkefTj6TGjqqVD43Pd8FHEAXrsuSdSWpxQboSS99EdxQbpwm3EqKbBAN1mGZMHN1HiCzrf1Qafukz6canE2FctTv9irteyj,2026-04-24T02:21:23.944549,live
GQ,The Linen Trousers,pants,ets at the back. Release 2025 Version 2.0 Fiber composition 100% linen Fiber certification European flax Fabric construction Plain,"{""linen"": 100.0}",linen,100.0,high,philippine,PH,https://cna.st/p/24aLNwh3dUe58H6kdCwc2Uq5o1oQcqvYFLJWjpSgW8UxJYbW1oEE1SzuKgYZ5fqC516jEJta9JVzwdrD3DfVoNuh6diVnkeXdcUWL2WBNJKbv3a7ted5LKepzD2sDko8e9AQaxscrCS4xVXYuYbYMe8QDfnvLPkLWr65Fu4xNK8NaQmbkgWLoW1sFRjExAnaSrUQoLAZcs3QGbSVrDPDHhV81KVy4GCmHoYdeQMAf5iCHW4nrurnNbHwBXARcTiRffiPxcypF1LmAdL5VYKDDuyV8B1eWQVrSVRB7Yu4GidZVcECA1B8S8K9eE483qbGkksJamRoSYmKdNCcXLLynNbcMgUSuhdXNwjt7ejo5AJ6Ex9dP1kVcDAsUbPExEo87XyMLupYVQUevJHuUbmLuyajQ2LPHiG2yGw5BSzKQN4HERmgCm5Fr3HR6hVwe4pyRvG6N75kHDhNETEp21dBs,2026-04-24T02:22:46.748454,live
GQ,The Soho - Tailored-Fit Navy Wool 'A Suit To Travel In',suit,"the Suit To Travel in is crafted in Italy from a high-twist 100% wool cloth with water repellent, natural stretch and crease resi","{""wool"": 100.0}",wool,100.0,high,philippine,PH,https://cna.st/p/59MzXwwQy9Q71A7vzdMBU8XEU4qNowCbKFds4Y22vFFTW9or3uzEQ2SRHs4vHemVkHM7b18YACAQFD5Rm8sQ2qHDeeQT2zx7MVbZVDMFe4JYpDAeQdJd7VEWHgLg56LLLSWD9zUiJQRhfCY6bZuaenuR88Fcp53PN2jVPTxCbeqo7wEkBQkjoaMqg1YAnq2B8jR5S8pTHTvGWwuLfcXYMufemSkgnUztDZHk5DHu7MAvFQQj1xEHQGRddayWsJYyXWJz9f1m1HxgPZZtM51W6pyN9XjLgVJTzcB8UUgFgEvyNXWyWv738ioZpvzsFFyQypK3mDgd1Rfoy24jBQ7Jo88MmSKoomBHGctmrprdubsbPpLhehin7FAxrEonmYvHxJg85BXEyP5XZsg9MeWDT9zYtknLjj6ALpX5NEtahsucMeeyLghWmcGh5PeXbTnPo47ZKRqAZ5WJsJ3Hs2a8mCep6uRmoscz9Pur3k2ttte95Xv8yTj1kJ4FpME1KjT,2026-04-24T02:22:59.370188,live
GQ,Men's Shirts,shirt,"turn it on so you can enjoy all the functions of our site. 100% Linen Machine Washable Lightweight Laid Back Linen Lightweight, b","{""linen"": 100.0}",linen,100.0,high,philippine,PH,https://cna.st/p/HqPtkHbE1vfvv3xKvH8mUbc47WWvkLuRjs5AnXZAXQvRTCunY9NbcjnZiVUaNTgCdHGJMYTLfrm32juQNd6rcsyNU8qzFJnfdeZAD1JX4NcUEBmwCeMpzsvYm4cYERnCSqT3omXPrnhy3RR7mkf8gg9ENTtobRvgw3h6aYTuSfbUQwFZEUqhaPah9F1yBmEvs1XUnkCfojieqyGjDJupWapeAY9m7wY331rQGMeNJDgGM3RGcn2r5xkXRwPq72hihUwtXR44s6bRJZwjPvt7b7HaV9tJ5fw1XUJWTYqh8m2JRdnsvkctcCrWNa?cid=68383a458c914f5f289c195d,2026-04-24T02:30:06.987442,live
GQ,Washed Knit Vest,knitwear,Vest Regular Fit Ribbed Neckline Garment Dyed Composition: 100% Cotton Care: Cold Hand Wash Only Note: Due to the nature of the dy,"{""cotton"": 100.0}",cotton,100.0,high,philippine,PH,https://cna.st/p/fE2NNhSSqA4VcbUgw63fyZd3zFLxRBxtgbnGFX4YPdffvjuLy9CJgs7ga6VV41FkzMYMyZ4wXZ9LhYZiZYmqs7y2Rs4U82YBZj6uP6TiJbKq7KgVKZvKTp57dG8N9wwBnCpop6TuYksEjj35HWK3eUYwePuSRDMnDgbmMVXrHg19qDyd6MSZATnYE1Qd6qTdvAgJXeRhc69vNFvcMzy85zgyCn4sgpkRPaH9a8768TmjEjJyqDqoqqqpgzZwfi71fSht79iJ8E?cid=68383a458c914f5f289c195d,2026-04-24T02:31:48.923929,live
No Emotions,THE MIA TOP,top,t. fit and fabric Size up to fit a larger bust Composition: 100% polyester chiffon Made in Turkey Shipping UK Standard: Royal Mail Tra,"{""polyester"": 100.0}",polyester,0.0,low,philippine,PH,https://www.noemotions.co.uk/products/the-mia-top,2026-04-24T02:32:42.280060,live
No Emotions,THE BESSIE TOP,top,tion. fit and fabric Fits true to size Composition: premium 70% modal 30% polyester Made in Romania Modal is a semi synthetic fab,"{""modal"": 70.0, ""polyester"": 30.0}",modal,70.0,medium,philippine,PH,https://www.noemotions.co.uk/products/sage-green-asymmetric-long-sleeve-top,2026-04-24T02:32:43.892223,live
No Emotions,THE CINDY SHIRT,shirt,ine and side gathers Deep cuffs with double buttons Made in 97% cotton and 3% elastane fit and fabric Fits true to size Compositio,"{""cotton"": 97.0, ""elastane"": 3.0}",cotton,97.0,high,philippine,PH,https://www.noemotions.co.uk/products/white-mandarin-collar-blouse,2026-04-24T02:32:48.855668,live
No Emotions,THE MIA BLOUSE,shirt,ng just that. fit and fabric Fits true to size Composition: 100% polyester chiffon Made in Turkey Shipping UK Standard: Royal Mail Tra,"{""polyester"": 100.0}",polyester,0.0,low,philippine,PH,https://www.noemotions.co.uk/products/khaki-sheer-smocked-blouse,2026-04-24T02:32:50.315539,live
No Emotions,THE MIA SKIRT,skirt,n simplicity. fit and fabric Fits true to size Composition: 100% polyester chiffon Made in Turkey Shipping UK Standard: Royal Mail Tra,"{""polyester"": 100.0}",polyester,0.0,low,philippine,PH,https://www.noemotions.co.uk/products/the-mia-skirt,2026-04-24T02:32:54.259292,live
No Emotions,THE ELSA TOP,top,er. fit and fabric Fits true to size Composition: bengaline 77% viscose 20% nylon 3% elastane Made in Romania Shipping UK Standard:,"{""viscose"": 77.0, ""nylon"": 20.0, ""elastane"": 3.0}",viscose,77.0,medium,philippine,PH,https://www.noemotions.co.uk/products/the-elsa-top,2026-04-24T02:32:56.993927,live
No Emotions,THE EVA TOP,top,Gently puffed sleeves Curved bound hem for flattering shape 100% polyester taffeta Made in Romania Shipping UK Standard: Royal Mail Tr,"{""polyester"": 100.0}",polyester,0.0,low,philippine,PH,https://www.noemotions.co.uk/products/dark-brown-satin-cropped-puff-sleeve-top,2026-04-24T02:33:03.820735,live
No Emotions,THE CLAUDIA TOP,top,matching set. fit and fabric Fits true to size Composition: 100% polyester Made in Romania Shipping UK Standard: Royal Mail Tracked 48,"{""polyester"": 100.0}",polyester,0.0,low,philippine,PH,https://www.noemotions.co.uk/products/dark-grey-fitted-puff-sleeve-top,2026-04-24T02:33:06.718056,live
No Emotions,THE CLAUDIA TROUSERS,pants,d design so size up if you prefer a looser fit Composition: 100% polyester Made in Romania Shipping UK Standard: Royal Mail Tracked 48,"{""polyester"": 100.0}",polyester,0.0,low,philippine,PH,https://www.noemotions.co.uk/products/navy-tailored-straight-leg-trousers,2026-04-24T02:33:12.239981,live
No Emotions,THE JULIA TROUSERS,pants,bric Generous in size so if in doubt size down Composition: 51% wool 49% polyester Made in Turkey Shipping UK Standard: Royal Ma,"{""wool"": 51.0, ""polyester"": 49.0}",wool,51.0,medium,philippine,PH,https://www.noemotions.co.uk/products/navy-pinstripe-tailored-trousers,2026-04-24T02:33:14.917090,live
No Emotions,THE KATE KILT,skirt,ly versatile. fit and fabric Fits true to size Composition: 100% polyester Made in Romania Shipping UK Standard: Royal Mail Tracked 48,"{""polyester"": 100.0}",polyester,0.0,low,philippine,PH,https://www.noemotions.co.uk/products/olive-green-pleated-wrap-midi-skirt,2026-04-24T02:33:25.574183,live
No Emotions,THE KATE JACKET,jacket,perfect set. fit and fabric Fits true to size Composition: 100% polyester Made in Romania Shipping UK Standard: Royal Mail Tracked 48,"{""polyester"": 100.0}",polyester,0.0,low,philippine,PH,https://www.noemotions.co.uk/products/olive-green-structured-wrap-jacket,2026-04-24T02:33:29.988003,live
No Emotions,THE COCO SHIRT,shirt,form. fit and fabric Size up as comes up small Composition: 100% cotton Made in Turkey Shipping UK Standard: Royal Mail Tracked 48,"{""cotton"": 100.0}",cotton,100.0,high,philippine,PH,https://www.noemotions.co.uk/products/white-asymmetric-collar-blouse,2026-04-24T02:33:36.451394,live
No Emotions,THE JEANNE DRESS,dress,"esign, size up for a larger bust or looser fit Composition: 97% cotton 3% elastane Made in Turkey Shipping UK Standard: Royal Mail","{""cotton"": 97.0, ""elastane"": 3.0}",cotton,97.0,high,philippine,PH,https://www.noemotions.co.uk/products/slate-grey-asymmetric-midi-dress,2026-04-24T02:34:16.386656,live
No Emotions,Linen Shorts,shorts,"ons Pair with khaki linen shirt fit and fabric True to size 100% linen Machine wash cold with similar colours, hang to dry and war","{""linen"": 100.0}",linen,100.0,high,philippine,PH,https://www.noemotions.co.uk/products/khaki-linen-shorts-1,2026-04-24T02:34:33.581385,live
No Emotions,Linen Shirt,shirt,"ur button loops Pair with khaki linen shorts fit and fabric 100% Linen. Machine wash cold with similar colours, hang to dry and wa","{""linen"": 100.0}",linen,100.0,high,philippine,PH,https://www.noemotions.co.uk/products/khaki-linen-shirt,2026-04-24T02:34:36.141936,live
No Emotions,Linen Trousers,pants,", mid waisted. Model is UK8 and 5'6"" | She wears size small 100% linen Machine wash with similar colours cold and iron on reverse","{""linen"": 100.0}",linen,100.0,high,philippine,PH,https://www.noemotions.co.uk/products/black-linen-trousers,2026-04-24T02:34:41.118635,live
No Emotions,Short Linen Dress,dress,"entle A line shape Looped buttons on reverse fit and fabric 100% Linen.  Machine wash cold with similar colours, hang to dry and i","{""linen"": 100.0}",linen,100.0,high,philippine,PH,https://www.noemotions.co.uk/products/black-linen-dress,2026-04-24T02:34:55.716647,live
No Emotions,COLOURS OF NO EMOTIONS TEE,t-shirt,size up for a looser fit Machine wash on gentle temperature 95% cotton 5% elastane Made in Turkey Shipping UK Standard: Royal Mail,"{""cotton"": 95.0, ""elastane"": 5.0}",cotton,95.0,high,philippine,PH,https://www.noemotions.co.uk/products/colours-of-no-emotions-tee,2026-04-24T02:34:59.041062,live
No Emotions,BOMBER JACKET,jacket,trimmed with khaki detail fit and fabric Fits true to size 90% cotton & 10% elastane Shipping UK Standard: Royal Mail Tracked 48,"{""cotton"": 90.0, ""elastane"": 10.0}",cotton,90.0,high,philippine,PH,https://www.noemotions.co.uk/products/black-cord-jacket,2026-04-24T02:35:10.164623,live
No Emotions,SILK TROUSERS,pants,nd and pockets fitted waistband fit and fabric True to size 35%silk 65%viscose Made in Vietnam. Shipping UK Standard: Royal Mai,"{""silk"": 35.0, ""viscose"": 65.0}",viscose,100.0,high,philippine,PH,https://www.noemotions.co.uk/products/raspberry-with-navy-silks,2026-04-24T02:35:22.588429,live
No Emotions,THE NAOMI TROUSERS,pants,ile - just like their namesake. fit and fabric True to size 35% silk 65%viscose Made in China Shipping UK Standard: Royal Mail T,"{""silk"": 35.0, ""viscose"": 65.0}",viscose,100.0,high,philippine,PH,https://www.noemotions.co.uk/products/chocolate-brown-satin-wide-leg-trousers,2026-04-24T02:37:18.997915,live
Frank and Eileen,Oversized Tee,t-shirt,"Runs large by design, if in doubt size down Vintage Jersey, 100% Cotton Description Every closet needs a crewneck tee, dialed up wi","{""cotton"": 100.0}",cotton,100.0,high,philippine,PH,https://www.frankandeileen.com/products/presley-white-vintage-jersey,2026-04-24T02:39:24.860606,live
Frank and Eileen,NYC Crewneck Tee,t-shirt,"raw hem adds an understated, lived-in look. Vintage Jersey, 100% Cotton Description Co-created for House of Frank & Eileen by the i","{""cotton"": 100.0}",cotton,100.0,high,philippine,PH,https://www.frankandeileen.com/products/perry-black-vintage-jersey,2026-04-24T02:39:26.664707,live
Frank and Eileen,Relaxed Button-Up Shirt,shirt,"Designed for a relaxed fit. Fits true to size Famous Denim, 100% Cotton Description Eileen’s relaxed fit looks phenomenal on every","{""cotton"": 100.0}",cotton,100.0,high,philippine,PH,https://www.frankandeileen.com/products/eileen-vintage-stonewashed-indigo-famous-denim?variant=39329299464266,2026-04-24T02:39:28.266556,live
Frank and Eileen,Sweatshirt Mini Skirt,hoodie,"unging, or running errands. Fits true to size Triple Terry, 100% Cotton Description With an A-line silhouette that hits just above","{""cotton"": 100.0}",cotton,100.0,high,philippine,PH,https://www.frankandeileen.com/products/kennedy-white-triple-terry,2026-04-24T02:39:31.683979,live
Frank and Eileen,NYC Button-Up Tee,t-shirt,"nic yet understated look. Fits true to size Vintage Jersey, 100% Cotton Description Waverly is the cool button-up we all want, insp","{""cotton"": 100.0}",cotton,100.0,high,philippine,PH,https://www.frankandeileen.com/products/waverly-british-royal-navy-vintage-jersey?variant=43123062079562,2026-04-24T02:39:34.306382,live
Frank and Eileen,Long-Sleeve Crewneck Tee,t-shirt,"htly cropped relaxed fit. Fits true to size Vintage Jersey, 100% Cotton Description A relaxed fit and raw hem add an understated, l","{""cotton"": 100.0}",cotton,100.0,high,philippine,PH,https://www.frankandeileen.com/products/quinn-black-vintage-jersey,2026-04-24T02:39:38.726567,live
Frank and Eileen,Sweatshirt Button-Up,hoodie,"Designed for a relaxed fit. Fits true to size Triple Terry, 100% Cotton Description Eileen’s relaxed fit looks phenomenal on every","{""cotton"": 100.0}",cotton,100.0,high,philippine,PH,https://www.frankandeileen.com/products/eileen-antique-pink-triple-terry?variant=42361904496714,2026-04-24T02:39:47.324324,live
Made by Fade,Iconic Badge Slim Fit T-Shirt Black,t-shirt,"dge Slim Fit T-shirt Black .Crafted from a premium blend of 95% cotton and 5% spandex, this t-shirt offers exceptional comfort wit","{""cotton"": 95.0, ""elastane"": 5.0}",cotton,95.0,high,philippine,PH,https://madebyfade.com/collections/tops/products/fade-iconic-badge-slim-fit-t-shirt-black,2026-04-24T02:42:38.367901,live
Made by Fade,Signature Hooded Sweatshirt Grey,hoodie,"iew details THE COMPOSITION Crafted from a premium blend of 85% cotton and 15% polyester, the Fade Signature Hooded Sweatshirt in","{""cotton"": 85.0, ""polyester"": 15.0}",cotton,85.0,high,philippine,PH,https://madebyfade.com/collections/tops/products/signature-hooded-sweatshirt-grey,2026-04-24T02:42:39.672878,live
Made by Fade,Essential Slim Fit T-Shirt White,t-shirt,"MPOSITION Crafted for ultimate comfort, this blend features 95% cotton for a soft, breathable feel against the skin. Infused with","{""cotton"": 95.0, ""elastane"": 5.0}",cotton,95.0,high,philippine,PH,https://madebyfade.com/collections/tops/products/essential-slim-fit-t-shirt-white-1,2026-04-24T02:42:42.108506,live
Made by Fade,Essential Relaxed Fit T-Shirt White,t-shirt,"crisp White is the ultimate wardrobe foundation. Made from 100% cotton , it delivers maximum breathability and a soft, premium fee","{""cotton"": 100.0}",cotton,100.0,high,philippine,PH,https://madebyfade.com/collections/tops/products/essential-relaxed-fit-t-shirt-white,2026-04-24T02:42:44.112208,live
Made by Fade,Signature Sweatshirt Black,hoodie,"iew details THE COMPOSITION Crafted from a premium blend of 85% cotton and 15% polyester, the Fade Signature Sweatshirt in Black o","{""cotton"": 85.0, ""polyester"": 15.0}",cotton,85.0,high,philippine,PH,https://madebyfade.com/collections/tops/products/signature-sweatshirt-black,2026-04-24T02:42:46.348899,live
Made by Fade,Essential Hooded Sweatshirt Black,hoodie,"al Hooded Sweatshirt Black. Crafted from a premium blend of 75% cotton, 20% polyester, and 5% spandex, this sweatshirt offers a lu","{""cotton"": 75.0, ""polyester"": 20.0, ""elastane"": 5.0}",cotton,75.0,medium,philippine,PH,https://madebyfade.com/collections/tops/products/fade-essential-hooded-sweatshirt-black,2026-04-24T02:42:48.580876,live
Made by Fade,Signature Quarter Zip Black,top,"iew details THE COMPOSITION Crafted from a premium blend of 85% cotton and 15% polyester, the Fade Signature Quarter Zip Black off","{""cotton"": 85.0, ""polyester"": 15.0}",cotton,85.0,high,philippine,PH,https://madebyfade.com/collections/tops/products/signature-quarter-zip-black,2026-04-24T02:42:49.558388,live
Made by Fade,Essential Slim T-Shirt White,t-shirt,"designed for everyday wear. Crafted from a premium blend of 95% cotton and 5% spandex, it offers a comfortable, tailored fit. Fini","{""cotton"": 95.0, ""elastane"": 5.0}",cotton,95.0,high,philippine,PH,https://madebyfade.com/collections/tops/products/essential-slim-fit-t-shirt-white,2026-04-24T02:42:51.595483,live
Made by Fade,Essential Sweatshirt Black,hoodie,"red for a modern aesthetic. Crafted from a premium blend of 75% cotton, 20% polyester, and 5% spandex, the stretch cotton fabric e","{""cotton"": 75.0, ""polyester"": 20.0, ""elastane"": 5.0}",cotton,75.0,medium,philippine,PH,https://madebyfade.com/collections/tops/products/fade-essential-sweatshirt-black,2026-04-24T02:42:54.919177,live
Made by Fade,Essential Slim T-Shirt Black,t-shirt,"designed for everyday wear. Crafted from a premium blend of 95% cotton and 5% spandex, it offers a soft feel with a slim, tailored","{""cotton"": 95.0, ""elastane"": 5.0}",cotton,95.0,high,philippine,PH,https://madebyfade.com/collections/tops/products/essential-slim-fit-t-shirt-black,2026-04-24T02:42:55.874235,live
Made by Fade,Essential Sweatshirt Off-White,hoodie,"xude modern sophistication. Crafted from a premium blend of 75% cotton, 20% polyester, and 5% spandex, the stretch cotton fabric e","{""cotton"": 75.0, ""polyester"": 20.0, ""elastane"": 5.0}",cotton,75.0,medium,philippine,PH,https://madebyfade.com/collections/tops/products/fade-essential-sweatshirt-off-white,2026-04-24T02:42:57.051160,live
Made by Fade,Iconic Badge Slim Fit T-Shirt Grey,t-shirt,"entials collection for men. Crafted from a premium blend of 95% cotton and 5% spandex, this t-shirt offers exceptional comfort and","{""cotton"": 95.0, ""elastane"": 5.0}",cotton,95.0,high,philippine,PH,https://madebyfade.com/collections/tops/products/fade-iconic-badge-slim-fit-t-shirt-grey,2026-04-24T02:42:59.584810,live
Made by Fade,Iconic Boxy Fit T-Shirt Black,t-shirt,"yle from Fade's essentials collection for men. Crafted from 100% cotton, this t-shirt offers a luxurious feel and exceptional comfo","{""cotton"": 100.0}",cotton,100.0,high,philippine,PH,https://madebyfade.com/collections/tops/products/fade-iconic-boxy-fit-t-shirt-black,2026-04-24T02:43:00.975522,live
Made by Fade,Signature Washed Boxy Fit T-Shirt Grey,t-shirt,"View details THE COMPOSITION Experience the pure comfort of 100% cotton . Naturally breathable and exceptionally soft, this high-qu","{""cotton"": 100.0}",cotton,100.0,high,philippine,PH,https://madebyfade.com/collections/tops/products/signature-washed-boxy-fit-t-shirt-grey,2026-04-24T02:43:01.992521,live
Made by Fade,Essential Slim Fit T-Shirt Black,t-shirt,"ge View details THE COMPOSITION This premium blend features 95% cotton for a soft, breathable touch against the skin. With 5% elas","{""cotton"": 95.0, ""elastane"": 5.0}",cotton,95.0,high,philippine,PH,https://madebyfade.com/collections/tops/products/essential-slim-fit-t-shirt-black-1,2026-04-24T02:43:04.676687,live
Made by Fade,Signature Slim Fit T-Shirt Grey,t-shirt,"refined everyday essential, crafted from a premium blend of 95% cotton and 5% spandex for all-day comfort and a tailored silhouett","{""cotton"": 95.0, ""elastane"": 5.0}",cotton,95.0,high,philippine,PH,https://madebyfade.com/collections/tops/products/signature-slim-fit-t-shirt-grey,2026-04-24T02:43:06.947494,live
Made by Fade,Iconic Sweatshirt Black,hoodie,"entials collection for men. Crafted from a premium blend of 75% cotton, 20% polyester, and 5% spandex, this sweatshirt offers a lu","{""cotton"": 75.0, ""polyester"": 20.0, ""elastane"": 5.0}",cotton,75.0,medium,philippine,PH,https://madebyfade.com/collections/tops/products/fade-iconic-sweatshirt-black,2026-04-24T02:43:07.874052,live
Made by Fade,Iconic Boxy Fit T-Shirt Stone,t-shirt,"yle from Fade's essentials collection for men. Crafted from 100% cotton, this t-shirt offers a luxurious feel and exceptional comfo","{""cotton"": 100.0}",cotton,100.0,high,philippine,PH,https://madebyfade.com/collections/tops/products/fade-iconic-boxy-fit-t-shirt-stone,2026-04-24T02:43:09.834127,live
Made by Fade,Signature Hooded Sweatshirt Black,hoodie,"iew details THE COMPOSITION Crafted from a premium blend of 85% cotton and 15% polyester, the Fade Signature Hooded Sweatshirt in","{""cotton"": 85.0, ""polyester"": 15.0}",cotton,85.0,high,philippine,PH,https://madebyfade.com/collections/tops/products/signature-hooded-sweatshirt-black,2026-04-24T02:43:10.653189,live
Made by Fade,Signature Slim Fit T-Shirt Black,t-shirt,"this premium tee is crafted from a soft, stretchy blend of 95% cotton and 5% spandex for a tailored, comfortable fit. It features","{""cotton"": 95.0, ""elastane"": 5.0}",cotton,95.0,high,philippine,PH,https://madebyfade.com/collections/tops/products/signature-slim-fit-t-shirt-black,2026-04-24T02:43:11.765318,live
Made by Fade,Iconic Sweatshirt Grey,hoodie,"entials collection for men. Crafted from a premium blend of 75% cotton, 20% polyester, and 5% spandex, this sweatshirt offers a lu","{""cotton"": 75.0, ""polyester"": 20.0, ""elastane"": 5.0}",cotton,75.0,medium,philippine,PH,https://madebyfade.com/collections/tops/products/fade-iconic-sweatshirt-green,2026-04-24T02:43:13.680766,live
Made by Fade,Iconic Badge Slim Fit T-Shirt Stone,t-shirt,"entials collection for men. Crafted from a premium blend of 95% cotton and 5% spandex, this t-shirt offers exceptional comfort and","{""cotton"": 95.0, ""elastane"": 5.0}",cotton,95.0,high,philippine,PH,https://madebyfade.com/collections/tops/products/fade-iconic-badge-slim-fit-t-shirt-stone,2026-04-24T02:43:14.712230,live
Made by Fade,Essential Hooded Sweatshirt Grey,hoodie,"al Hooded Sweatshirt Green. Crafted from a premium blend of 75% cotton, 20% polyester, and 5% spandex, this sweatshirt offers a lu","{""cotton"": 75.0, ""polyester"": 20.0, ""elastane"": 5.0}",cotton,75.0,medium,philippine,PH,https://madebyfade.com/collections/tops/products/fade-essential-hooded-sweatshirt-green,2026-04-24T02:43:18.065054,live
Made by Fade,Signature Sweatshirt Grey,hoodie,"iew details THE COMPOSITION Crafted from a premium blend of 85% cotton and 15% polyester, the Fade Signature Sweatshirt in Grey of","{""cotton"": 85.0, ""polyester"": 15.0}",cotton,85.0,high,philippine,PH,https://madebyfade.com/collections/tops/products/signature-sweatshirt-grey,2026-04-24T02:43:19.754721,live
Made by Fade,Iconic Badge Slim Fit T-Shirt White,t-shirt,"elegance for everyday wear. Crafted from a premium blend of 95% cotton and 5% spandex, this t-shirt offers superior comfort and a","{""cotton"": 95.0, ""elastane"": 5.0}",cotton,95.0,high,philippine,PH,https://madebyfade.com/collections/tops/products/fade-iconic-badge-slim-fit-t-shirt-white,2026-04-24T02:43:20.930835,live
Made by Fade,Fadeflex Ash Slim Fit Jeans Grey,jeans,"ur Fadeflex Ash Jeans Grey. Crafted from a premium blend of 98% Cotton and 2% Elastane, these jeans feature exquisite details such","{""cotton"": 98.0, ""elastane"": 2.0}",cotton,98.0,high,philippine,PH,https://madebyfade.com/collections/winter-2026/products/iconic-supersoft-jeans-charcoal,2026-04-24T02:44:11.202504,live
Made by Fade,Fadeflex Cinder Slim Fit Jeans Black,jeans,"adeflex Cinder Jeans Black. Crafted from a premium blend of 98% Cotton and 2% Elastane, these jeans feature exquisite details such","{""cotton"": 98.0, ""elastane"": 2.0}",cotton,98.0,high,philippine,PH,https://madebyfade.com/collections/winter-2026/products/iconic-supersoft-jeans-black,2026-04-24T02:44:20.780266,live
Made by Fade,Fadeflex Moss Slim Fit Jeans Green,jeans,"Fadeflex Moss Jeans Green. Crafted from a premium blend of 98% Cotton and 2% Elastane, these jeans feature exquisite details such","{""cotton"": 98.0, ""elastane"": 2.0}",cotton,98.0,high,philippine,PH,https://madebyfade.com/collections/winter-2026/products/iconic-supersoft-jeans-green,2026-04-24T02:44:21.681563,live
Made by Fade,Essential Cargo Pants Stone,pants,"t and refined style. Crafted with precision from a blend of 98% cotton and 2% elastane, these joggers redefine the essence of ever","{""cotton"": 98.0, ""elastane"": 2.0}",cotton,98.0,high,philippine,PH,https://madebyfade.com/collections/bottoms/products/fade-essential-cargopants-stone,2026-04-24T02:44:50.271816,live
Made by Fade,Iconic Flow Slim Fit Jeans,jeans,"ce timeless sophistication. Crafted from a premium blend of 98% Cotton and 2% Elastane, these jeans offer the perfect blend of com","{""cotton"": 98.0, ""elastane"": 2.0}",cotton,98.0,high,philippine,PH,https://madebyfade.com/collections/bottoms/products/fade-iconic-flow-slim-fit-jeans,2026-04-24T02:44:51.186574,live
Made by Fade,Essential Cargo Pants Black,pants,"t and refined style. Crafted with precision from a blend of 98% cotton and 2% elastane, these joggers redefine the essence of ever","{""cotton"": 98.0, ""elastane"": 2.0}",cotton,98.0,high,philippine,PH,https://madebyfade.com/collections/bottoms/products/fade-essential-cargo-pants-black,2026-04-24T02:44:52.915708,live
Made by Fade,Iconic Matte Skinny Fit Jeans,jeans,"ith our Iconic Matte Jeans. Crafted from a premium blend of 98% Cotton and 2% Elastane, these jeans feature exquisite details like","{""cotton"": 98.0, ""elastane"": 2.0}",cotton,98.0,high,philippine,PH,https://madebyfade.com/collections/bottoms/products/iconic-matte-skinny-fit-jeans,2026-04-24T02:44:59.381915,live
Made by Fade,Iconic Smoke Slim Fit Jeans,jeans,"conic Smoke Slim Fit Jeans. Crafted from a premium blend of 98% Cotton and 2% Elastane, these jeans feature exquisite details such","{""cotton"": 98.0, ""elastane"": 2.0}",cotton,98.0,high,philippine,PH,https://madebyfade.com/collections/bottoms/products/fade-iconic-smoke-slim-fit-jeans,2026-04-24T02:45:03.258516,live
Made by Fade,Iconic Midnight Slim Fit Jeans,jeans,"ic Midnight Slim Fit Jeans. Crafted from a premium blend of 98% Cotton and 2% Elastane, these jeans feature exquisite details like","{""cotton"": 98.0, ""elastane"": 2.0}",cotton,98.0,high,philippine,PH,https://madebyfade.com/collections/bottoms/products/fade-iconic-midnight-slim-fit-jeans,2026-04-24T02:45:07.270012,live
Made by Fade,Iconic Sky Slim Fit Jeans,jeans,"Iconic Sky Slim Fit Jeans. Crafted from a premium blend of 98% Cotton and 2% Elastane, these jeans feature exquisite details such","{""cotton"": 98.0, ""elastane"": 2.0}",cotton,98.0,high,philippine,PH,https://madebyfade.com/collections/bottoms/products/fade-iconic-sky-slim-fit-jeans,2026-04-24T02:45:08.306856,live
Made by Fade,Essential Mid Wash Slim Tapered Jeans,jeans,"ed Jeans are a modern wardrobe staple, crafted from premium 98% cotton and 2% elastane for a comfortable, flexible fit. Designed w","{""cotton"": 98.0, ""elastane"": 2.0}",cotton,98.0,high,philippine,PH,https://madebyfade.com/collections/bottoms/products/essential-mid-wash-slim-tapered-jeans,2026-04-24T02:45:09.263580,live
Made by Fade,Essential Dark Wash Slim Tapered Jeans,jeans,"ay versatility with a clean, modern edge. Made from premium 98% cotton and 2% elastane, they offer comfort and flexibility with po","{""cotton"": 98.0, ""elastane"": 2.0}",cotton,98.0,high,philippine,PH,https://madebyfade.com/collections/bottoms/products/essential-dark-wash-slim-tapered-jeans,2026-04-24T02:45:10.103556,live
Made by Fade,Iconic Graphite Slim Fit Jeans,jeans,"our Iconic Graphite Jeans. Crafted from a premium blend of 98% Cotton and 2% Elastane, these jeans feature unique details like th","{""cotton"": 98.0, ""elastane"": 2.0}",cotton,98.0,high,philippine,PH,https://madebyfade.com/collections/bottoms/products/iconic-graphite-slim-fit-jeans,2026-04-24T02:45:11.030624,live
Made by Fade,Iconic Carbon Slim Fit Jeans,jeans,"th our Iconic Carbon-Jeans. Crafted from a premium blend of 98% Cotton and 2% Elastane, these jeans feature exquisite details such","{""cotton"": 98.0, ""elastane"": 2.0}",cotton,98.0,high,philippine,PH,https://madebyfade.com/collections/bottoms/products/iconic-carbon-slim-fit-jeans,2026-04-24T02:45:11.978313,live
Made by Fade,Iconic Storm Skinny Fit Jeans,jeans,"ce timeless sophistication. Crafted from a premium blend of 98% Cotton and 2% Elastane, these jeans offer the perfect blend of com","{""cotton"": 98.0, ""elastane"": 2.0}",cotton,98.0,high,philippine,PH,https://madebyfade.com/collections/bottoms/products/fade-iconic-storm-skinny-fit-jeans,2026-04-24T02:45:18.700013,live
Made by Fade,Iconic Shadow Wax Coated Slim Fit Jeans,jeans,"et timeless sophistication. Crafted from a premium blend of 98% Cotton and 2% Elastane, these jeans offer the perfect blend of com","{""cotton"": 98.0, ""elastane"": 2.0}",cotton,98.0,high,philippine,PH,https://madebyfade.com/collections/bottoms/products/fade-iconic-shadow-wax-coated-slim-fit-jeans,2026-04-24T02:45:20.402450,live
Made by Fade,Iconic Rogue Wax Coated Slim Fit Jeans,jeans,"et timeless sophistication. Crafted from a premium blend of 98% Cotton and 2% Elastane, these jeans offer the perfect blend of com","{""cotton"": 98.0, ""elastane"": 2.0}",cotton,98.0,high,philippine,PH,https://madebyfade.com/collections/bottoms/products/fade-iconic-rogue-wax-coated-slim-fit-jeans,2026-04-24T02:45:21.443570,live
Made by Fade,Iconic Dusk Slim Fit Jeans,jeans,"conic Dusk Slim Fit Jeans . Crafted from a premium blend of 98% Cotton and 2% Elastane, these jeans feature exquisite details such","{""cotton"": 98.0, ""elastane"": 2.0}",cotton,98.0,high,philippine,PH,https://madebyfade.com/collections/bottoms/products/fade-iconic-dusk-slim-fit-jeans,2026-04-24T02:45:22.412152,live
Gaui,Relaxed Baby Tee - WhiteRelaxed Baby Tee,t-shirt,"stretch, no compression, breathable, sheer (lighter colors) 95% Cotton, 5% Spandex Size and Fit: True to size Size & Fit Size and","{""cotton"": 95.0, ""elastane"": 5.0}",cotton,95.0,high,philippine,PH,https://shopgaui.com/products/relaxed-baby-tee-white,2026-04-24T02:45:40.549196,live
Gaui,The Ivy Wide-Leg Trousers - WhiteThe Ivy Wide-Leg Trousers,pants,"no stretch, no compression, slightly sheer (lighter colors) 95% polyester, 5% spandex Wash and Care: cold wash, dry on low heat, cool","{""polyester"": 95.0, ""elastane"": 5.0}",polyester,0.0,low,philippine,PH,https://shopgaui.com/products/the-ivy-wide-leg-trousers-white,2026-04-24T02:45:41.946200,live
Gaui,Mist Short Sleeve T-Shirt - BlackMist Short Sleeve T-Shirt,t-shirt,"ook Matte-Mist: high stretch, medium compression, not sheer 95% polyester, 5% spandex Wash and Care: cold wash, dry on low heat, cool","{""polyester"": 95.0, ""elastane"": 5.0}",polyester,0.0,low,philippine,PH,https://shopgaui.com/collections/tops-gaui/products/mist-short-sleeve-t-shirt-black,2026-04-24T02:45:43.488068,live
Gaui,Contour Split-Back Cami - Garden GreenContour Split-Back Cami,top,"bbed: high stretch, low compression, sheer (lighter colors) 94% rayon, 6% spandex Wash and Care: cold wash, dry on low heat, cool","{""rayon"": 94.0, ""elastane"": 6.0}",rayon,94.0,high,philippine,PH,https://shopgaui.com/collections/tops-gaui/products/contour-split-back-cami-garden-green,2026-04-24T02:45:44.849788,live
Gaui,Classic Tube Top - WhiteClassic Tube Top,top,"ook Matte-Mist: high stretch, medium compression, not sheer 95% polyester, 5% spandex Wash and Care: cold wash, dry on low heat, cool","{""polyester"": 95.0, ""elastane"": 5.0}",polyester,0.0,low,philippine,PH,https://shopgaui.com/collections/tops-gaui/products/classic-tube-top-white,2026-04-24T02:45:46.625381,live
Gaui,TwoTone Rounded Plunge Tank - Garden Green/HoneybutterTwoTone Rounded Plunge Tank,top,"h stretch, low compression, slightly sheer (lighter colors) 94% rayon, 6% spandex Wash and Care: cold wash, dry on low heat, cool","{""rayon"": 94.0, ""elastane"": 6.0}",rayon,94.0,high,philippine,PH,https://shopgaui.com/collections/tops-gaui/products/twotone-rounded-plunge-tank-garden-green-honeybutter,2026-04-24T02:45:48.531325,live
Gaui,Plunge Halter Top - WhitePlunge Halter Top,top,"uctured fit, low-medium compression, sheer (lighter colors) 96% Cotton & 4% Spandex Wash and Care: cold wash, dry on low heat, coo","{""cotton"": 96.0, ""elastane"": 4.0}",cotton,96.0,high,philippine,PH,https://shopgaui.com/collections/tops-gaui/products/plunge-halter-top-white,2026-04-24T02:45:50.093796,live
Gaui,T-Shape Tank Top - BlackT-Shape Tank Top,top,"h stretch, low compression, slightly sheer (lighter colors) 94% rayon, 6% spandex Wash and Care: cold wash, dry on low heat, cool","{""rayon"": 94.0, ""elastane"": 6.0}",rayon,94.0,high,philippine,PH,https://shopgaui.com/collections/tops-gaui/products/t-shape-tank-top-black,2026-04-24T02:45:52.241009,live
Gaui,Contour Split-Back Cami - MeadowContour Split-Back Cami,top,"bbed: high stretch, low compression, sheer (lighter colors) 94% rayon, 6% spandex Wash and Care: cold wash, dry on low heat, cool","{""rayon"": 94.0, ""elastane"": 6.0}",rayon,94.0,high,philippine,PH,https://shopgaui.com/collections/tops-gaui/products/contour-split-back-cami-meadow,2026-04-24T02:45:54.130343,live
Gaui,Quarter Zip Sweatshirt - CocoaQuarter Zip Sweatshirt,hoodie,"nter back 380Cotton:  no stretch, no compression, not sheer 100% cotton Wash and Care: cold wash, dry on low heat, cool iron if nee","{""cotton"": 100.0}",cotton,100.0,high,philippine,PH,https://shopgaui.com/collections/tops-gaui/products/cotton-quarter-zip-sweatshirt-brown,2026-04-24T02:45:56.445098,live
Gaui,T-Shape Tank Top - WhiteT-Shape Tank Top,top,"bric: high stretch, low compression, sheer (lighter colors) 94% rayon, 6% spandex Wash and Care: cold wash, dry on low heat, cool","{""rayon"": 94.0, ""elastane"": 6.0}",rayon,94.0,high,philippine,PH,https://shopgaui.com/collections/tops-gaui/products/t-shape-tank-top-white,2026-04-24T02:45:58.037405,live
Gaui,TwoTone Gaui Cami - Black/Stone GrayTwoTone Gaui Cami,top,"traps Lite-Ribbed: High stretch, low compression, not sheer 94% rayon, 6% spandex Size & Fit Size and Fit: fits true to size | fu","{""rayon"": 94.0, ""elastane"": 6.0}",rayon,94.0,high,philippine,PH,https://shopgaui.com/collections/tops-gaui/products/twotone-gaui-cami-black,2026-04-24T02:46:00.832794,live
Gaui,Drop Shoulder Sweatshirt - HoneybutterDrop Shoulder Sweatshirt,hoodie,"ior, natural cotton fibers, breathable, moisture absorption 100% Cotton Wash and Care: cold wash, dry on low heat, cool iron if nee","{""cotton"": 100.0}",cotton,100.0,high,philippine,PH,https://shopgaui.com/collections/tops-gaui/products/drop-shoulder-sweatshirt-honeybutter,2026-04-24T02:46:02.571838,live
Gaui,Reframe Long Sleeve Top - IcewaterReframe Long Sleeve Top,top,"h stretch, low compression, slightly sheer (lighter colors) 94% rayon, 6% spandex Wash and Care: cold wash, dry on low heat, cool","{""rayon"": 94.0, ""elastane"": 6.0}",rayon,94.0,high,philippine,PH,https://shopgaui.com/collections/tops-gaui/products/reframe-long-sleeve-top-icewater,2026-04-24T02:46:03.970396,live
Gaui,TwoTone Reframe Long Sleeve Top - BlackTwoTone Reframe Long Sleeve Top,top,"h stretch, low compression, slightly sheer (lighter colors) 94% rayon, 6% spandex Wash and Care: cold wash, dry on low heat, cool","{""rayon"": 94.0, ""elastane"": 6.0}",rayon,94.0,high,philippine,PH,https://shopgaui.com/collections/tops-gaui/products/two-tone-reframe-long-sleeve-top-black,2026-04-24T02:46:06.775442,live
Gaui,Classic Plunge Tank - BlackClassic Plunge Tank,top,"retch, medium compression,  slightly sheer (lighter colors) 95% polyester & 5% Spandex Wash and Care: cold wash, dry on low heat, coo","{""polyester"": 95.0, ""elastane"": 5.0}",polyester,0.0,low,philippine,PH,https://shopgaui.com/collections/tops-gaui/products/classic-plunge-tank-black,2026-04-24T02:46:08.124065,live
Gaui,TwoTone Gaui Cami - Cocoa/WhiteTwoTone Gaui Cami,top,"traps Lite-Ribbed: High stretch, low compression, not sheer 94% rayon, 6% spandex Wash and Care: cold wash, dry on low heat, cool","{""rayon"": 94.0, ""elastane"": 6.0}",rayon,94.0,high,philippine,PH,https://shopgaui.com/collections/tops-gaui/products/twotone-gaui-cami-cocoa-white,2026-04-24T02:46:09.867825,live
Gaui,TwoTone Gaui T-Shape Tank -  Black/Stone GrayTwoTone Gaui T-Shape Tank,top,"h stretch, low compression, slightly sheer (lighter colors) 94% rayon, 6% spandex Wash and Care: cold wash, dry on low heat, cool","{""rayon"": 94.0, ""elastane"": 6.0}",rayon,94.0,high,philippine,PH,https://shopgaui.com/collections/tops-gaui/products/twotone-gaui-t-shape-tank-top-black-stonegray,2026-04-24T02:46:11.724708,live
Gaui,TwoTone Plunge Halter Top - Honeybutter/WhiteTwoTone Plunge Halter Top,top,"it, low-medium compression, slightly sheer (lighter colors) 96% Cotton & 4% Spandex Wash and Care: cold wash, dry on low heat, coo","{""cotton"": 96.0, ""elastane"": 4.0}",cotton,96.0,high,philippine,PH,https://shopgaui.com/collections/tops-gaui/products/twotone-plunge-halter-top-honeybutter-white,2026-04-24T02:46:13.337290,live
Gaui,Quarter Zip Sweatshirt - HoneybutterQuarter Zip Sweatshirt,hoodie,"nter back 380Cotton:  no stretch, no compression, not sheer 100% cotton Wash and Care: cold wash, dry on low heat, cool iron if nee","{""cotton"": 100.0}",cotton,100.0,high,philippine,PH,https://shopgaui.com/collections/tops-gaui/products/cotton-quarter-zip-sweatshirt-iced-blue-copy,2026-04-24T02:46:14.929509,live
Gaui,TwoTone Gaui Cami - White/HoneybutterTwoTone Gaui Cami,top,"h stretch, low compression, slightly sheer (lighter colors) 94% rayon, 6% spandex Wash and Care: cold wash, dry on low heat, cool","{""rayon"": 94.0, ""elastane"": 6.0}",rayon,94.0,high,philippine,PH,https://shopgaui.com/collections/tops-gaui/products/twotone-gaui-cami-white-honeybutter,2026-04-24T02:46:17.467433,live
Gaui,Crew Cross-Back Tank - HoneybutterCrew Cross-Back Tank,top,"igh stretch, low-medium compression, sheer (lighter colors) 96% cotton, 4% spandex Wash and Care: cold wash, dry on low heat, cool","{""cotton"": 96.0, ""elastane"": 4.0}",cotton,96.0,high,philippine,PH,https://shopgaui.com/collections/tops-gaui/products/crew-form-ribbed-cross-back-tank-top-celeste-copy,2026-04-24T02:46:18.862204,live
Gaui,Drop Shoulder Sweatshirt - Garden GreenDrop Shoulder Sweatshirt,hoodie,"ior, natural cotton fibers, breathable, moisture absorption 100% Cotton Wash and Care: cold wash, dry on low heat, cool iron if nee","{""cotton"": 100.0}",cotton,100.0,high,philippine,PH,https://shopgaui.com/collections/tops-gaui/products/drop-shoulder-sweatshirt-garden-green,2026-04-24T02:46:20.592096,live
Gaui,Crew Cross-Back Tank - WhiteCrew Cross-Back Tank,top,"igh stretch, low-medium compression, sheer (lighter colors) 96% cotton, 4% spandex Wash and Care: cold wash, dry on low heat, cool","{""cotton"": 96.0, ""elastane"": 4.0}",cotton,96.0,high,philippine,PH,https://shopgaui.com/collections/tops-gaui/products/crew-form-ribbed-cross-back-tank-top-white,2026-04-24T02:46:21.775441,live
Gaui,TwoTone Gaui Cami - Honeybutter/WhiteTwoTone Gaui Cami,top,"traps Lite-Ribbed: High stretch, low compression, not sheer 94% rayon, 6% spandex Wash and Care: cold wash, dry on low heat, cool","{""rayon"": 94.0, ""elastane"": 6.0}",rayon,94.0,high,philippine,PH,https://shopgaui.com/collections/tops-gaui/products/twotone-gaui-cami-honeybutter-white,2026-04-24T02:46:24.883797,live
Gaui,Air-Sleep Ease Tank Top - Light Heather GrayAir-Sleep Ease Tank Top,top,"w stretch, low compression, slightly sheer (lighter colors) 93% cotton, 7% spandex Wash and Care: cold wash, dry on low heat, cool","{""cotton"": 93.0, ""elastane"": 7.0}",cotton,93.0,high,philippine,PH,https://shopgaui.com/collections/tops/products/air-sleep-ease-tank-top-light-heather-gray,2026-04-24T02:46:28.966644,live
Gaui,Air-Sleep Dream Cami - Light Heather GrayAir-Sleep Dream Cami,top,"w stretch, low compression, slightly sheer (lighter colors) 93% cotton, 7% spandex Wash and Care: cold wash, dry on low heat, cool","{""cotton"": 93.0, ""elastane"": 7.0}",cotton,93.0,high,philippine,PH,https://shopgaui.com/collections/tops/products/air-sleep-dream-cami-light-heather-gray,2026-04-24T02:46:31.147779,live
Gaui,Split-Back Tank Top - CelesteSplit-Back Tank Top,top,"re, low-medium compression, slightly sheer (lighter colors) 96% cotton, 4% spandex Wash and Care: cold wash, dry on low heat, cool","{""cotton"": 96.0, ""elastane"": 4.0}",cotton,96.0,high,philippine,PH,https://shopgaui.com/collections/tops/products/form-ribbed-split-back-tank-top-celeste,2026-04-24T02:46:33.079982,live
Gaui,The Dual Frame Tank Top - Mango CremeThe Dual Frame Tank Top,top,"h stretch, low compression, slightly sheer (lighter colors) 94% rayon, 6% spandex Wash and Care: cold wash, dry on low heat, cool","{""rayon"": 94.0, ""elastane"": 6.0}",rayon,94.0,high,philippine,PH,https://shopgaui.com/collections/tops/products/dual-frame-tank-top-mango-creme,2026-04-24T02:46:34.782586,live
Gaui,High Neck Top - OliveHigh Neck Top,top,"uctured fit, low-medium compression, sheer (lighter colors) 96% Cotton & 4% Spandex Wash and Care: cold wash, dry on low heat, coo","{""cotton"": 96.0, ""elastane"": 4.0}",cotton,96.0,high,philippine,PH,https://shopgaui.com/collections/tops/products/form-ribbed-halter-tank-top-olive,2026-04-24T02:46:36.470057,live
Gaui,Refined Sleeveless Turtleneck T-Shirt - Light OatRefined Sleeveless Turtleneck T-Shirt,t-shirt,"gnature Fabric: high stretch, medium compression, not sheer 95% polyester, 5% spandex Wash and Care: cold wash, dry on low heat, cool","{""polyester"": 95.0, ""elastane"": 5.0}",polyester,0.0,low,philippine,PH,https://shopgaui.com/collections/tops/products/refined-sleeveless-turtleneck-t-shirt-light-oat,2026-04-24T02:46:38.277958,live
Gaui,Gallerie Long Sleeve Top - OliveGallerie Long Sleeve Top,top,"uctured fit, low-medium compression, sheer (lighter colors) 96% Cotton & 4% Spandex Wash and Care: cold wash, dry on low heat, coo","{""cotton"": 96.0, ""elastane"": 4.0}",cotton,96.0,high,philippine,PH,https://shopgaui.com/collections/tops/products/form-ribbed-one-shoulder-long-sleeve-olive,2026-04-24T02:46:39.850131,live
Gaui,Button-Up Long Sleeve Top - Black CherryButton-Up Long Sleeve Top,top,"uctured fit, low-medium compression, sheer (lighter colors) 96% Cotton & 4% Spandex Wash and Care: cold wash, dry on low heat, coo","{""cotton"": 96.0, ""elastane"": 4.0}",cotton,96.0,high,philippine,PH,https://shopgaui.com/collections/tops/products/form-ribbed-button-up-long-sleeve-black-cherry,2026-04-24T02:46:41.826641,live
Gaui,Refined Long Sleeve Turtleneck T-Shirt - Vintage BerryRefined Long Sleeve Turtleneck T-Shirt,t-shirt,"gnature Fabric: high stretch, medium compression, not sheer 95% polyester, 5% spandex Wash and Care: cold wash, dry on low heat, cool","{""polyester"": 95.0, ""elastane"": 5.0}",polyester,0.0,low,philippine,PH,https://shopgaui.com/collections/tops/products/refined-long-sleeve-turtleneck-t-shirt-vintage-berry,2026-04-24T02:46:43.891469,live
Gaui,Crew Form-Ribbed Cross-Back Tank Top - CelesteCrew Form-Ribbed Cross-Back Tank Top,top,"ch, low-medium compression, slightly sheer (lighter colors) 96% cotton, 4% spandex Wash and Care: cold wash, dry on low heat, cool","{""cotton"": 96.0, ""elastane"": 4.0}",cotton,96.0,high,philippine,PH,https://shopgaui.com/collections/tops/products/form-ribbed-crew-cross-back-tank-top-celeste,2026-04-24T02:46:46.036650,live
Gaui,Refined Sleeveless Turtleneck T-Shirt - Vintage BerryRefined Sleeveless Turtleneck T-Shirt,t-shirt,"gnature Fabric: high stretch, medium compression, not sheer 95% polyester, 5% spandex Wash and Care: cold wash, dry on low heat, cool","{""polyester"": 95.0, ""elastane"": 5.0}",polyester,0.0,low,philippine,PH,https://shopgaui.com/collections/tops/products/refined-sleeveless-turtleneck-t-shirt-vintage-berry,2026-04-24T02:46:48.905650,live
Gaui,High Neck Top - WhiteHigh Neck Top,top,"uctured fit, low-medium compression, sheer (lighter colors) 96% Cotton & 4% Spandex Wash and Care: cold wash, dry on low heat, coo","{""cotton"": 96.0, ""elastane"": 4.0}",cotton,96.0,high,philippine,PH,https://shopgaui.com/collections/tops/products/form-ribbed-halter-tank-top-white,2026-04-24T02:46:51.603523,live
Gaui,Essential Tank Top - BlackEssential Tank Top,top,"uctured fit, low-medium compression, sheer (lighter colors) 96% Cotton & 4% Spandex Size & Fit Size and Fit: true to size | full l","{""cotton"": 96.0, ""elastane"": 4.0}",cotton,96.0,high,philippine,PH,https://shopgaui.com/collections/tops/products/essential-form-ribbed-tank-top-black,2026-04-24T02:46:53.105645,live
Gaui,Air-Sleep Ease Tank Top - CelesteAir-Sleep Ease Tank Top,top,"w stretch, low compression, slightly sheer (lighter colors) 93% cotton, 7% spandex Wash and Care: cold wash, dry on low heat, cool","{""cotton"": 93.0, ""elastane"": 7.0}",cotton,93.0,high,philippine,PH,https://shopgaui.com/collections/tops/products/air-sleep-ease-tank-top-celeste,2026-04-24T02:46:54.868280,live
Gaui,The Dual Frame Tank Top - NavyThe Dual Frame Tank Top,top,"h stretch, low compression, slightly sheer (lighter colors) 94% rayon, 6% spandex Wash and Care: cold wash, dry on low heat, cool","{""rayon"": 94.0, ""elastane"": 6.0}",rayon,94.0,high,philippine,PH,https://shopgaui.com/collections/tops/products/dual-frame-tank-top-navy,2026-04-24T02:46:56.802591,live
Gaui,Contour Two-Tone Split-Back Cami - White/Black CherryContour Two-Tone Split-Back Cami,top,"bbed: high stretch, low compression, sheer (lighter colors) 94% rayon, 6% spandex Wash and Care: cold wash, dry on low heat, cool","{""rayon"": 94.0, ""elastane"": 6.0}",rayon,94.0,high,philippine,PH,https://shopgaui.com/collections/tops/products/contour-two-tone-split-back-cami-white-black-cherry,2026-04-24T02:46:58.550171,live
Gaui,Mist Long Sleeve T-Shirt - BlackMist Long Sleeve T-Shirt,t-shirt,"gnature Fabric: high stretch, medium compression, not sheer 95% polyester, 5% spandex Wash and Care: cold wash, dry on low heat, cool","{""polyester"": 95.0, ""elastane"": 5.0}",polyester,0.0,low,philippine,PH,https://shopgaui.com/collections/tops/products/mist-long-sleeve-t-shirt-black,2026-04-24T02:47:00.608347,live
Gaui,Air-Sleep Dream Cami - LuneAir-Sleep Dream Cami,top,"w stretch, low compression, slightly sheer (lighter colors) 93% cotton, 7% spandex Wash and Care: cold wash, dry on low heat, cool","{""cotton"": 93.0, ""elastane"": 7.0}",cotton,93.0,high,philippine,PH,https://shopgaui.com/collections/tops/products/air-sleep-dream-cami-lune,2026-04-24T02:47:02.758123,live
Gaui,Air-Sleep Ease Tank Top - LuneAir-Sleep Ease Tank Top,top,"w stretch, low compression, slightly sheer (lighter colors) 93% cotton, 7% spandex Wash and Care: cold wash, dry on low heat, cool","{""cotton"": 93.0, ""elastane"": 7.0}",cotton,93.0,high,philippine,PH,https://shopgaui.com/collections/tops/products/air-sleep-ease-tank-top-lune,2026-04-24T02:47:04.337853,live
Gaui,Air-Sleep Dream Cami - CelesteAir-Sleep Dream Cami,top,"w stretch, low compression, slightly sheer (lighter colors) 93% cotton, 7% spandex Wash and Care: cold wash, dry on low heat, cool","{""cotton"": 93.0, ""elastane"": 7.0}",cotton,93.0,high,philippine,PH,https://shopgaui.com/collections/tops/products/air-sleep-dream-cami-celeste,2026-04-24T02:47:05.895177,live
Gaui,V-Shape Long Sleeve T-Shirt - WhiteV-Shape Long Sleeve T-Shirt,t-shirt,"gnature Fabric: high stretch, medium compression, not sheer 95% polyester, 5% spandex Wash and Care:&nbsp;cold wash, dry on low heat,","{""polyester"": 95.0, ""elastane"": 5.0}",polyester,0.0,low,philippine,PH,https://shopgaui.com/collections/tops/products/v-shape-long-sleeve-t-shirt-white,2026-04-24T02:47:07.818557,live
Gaui,Button-Up Long Sleeve Top - BlackButton-Up Long Sleeve Top,top,"uctured fit, low-medium compression, sheer (lighter colors) 96% Cotton & 4% Spandex Wash and Care: cold wash, dry on low heat, coo","{""cotton"": 96.0, ""elastane"": 4.0}",cotton,96.0,high,philippine,PH,https://shopgaui.com/collections/tops/products/form-ribbed-button-up-long-sleeve-top-black,2026-04-24T02:47:10.033807,live
Gaui,Frame Long Sleeve Top - BlackFrame Long Sleeve Top,top,"line Signature: high stretch, medium compression, not sheer 95% polyester, 5% spandex Wash and Care: cold wash, dry on low heat, cool","{""polyester"": 95.0, ""elastane"": 5.0}",polyester,0.0,low,philippine,PH,https://shopgaui.com/collections/tops/products/frame-long-sleeve-top-black,2026-04-24T02:47:11.773247,live
Gaui,V-Shape Long Sleeve T-Shirt - BlackV-Shape Long Sleeve T-Shirt,t-shirt,"gnature Fabric: high stretch, medium compression, not sheer 95% polyester, 5% spandex Wash and Care: cold wash, dry on low heat, cool","{""polyester"": 95.0, ""elastane"": 5.0}",polyester,0.0,low,philippine,PH,https://shopgaui.com/collections/tops/products/v-shape-long-sleeve-t-shirt-black,2026-04-24T02:47:13.385649,live
Gaui,Classic Tube Top - PistachioClassic Tube Top,top,"ape Matte-Mist: high stretch, medium compression, not sheer 95% polyester & 5% Spandex Wash and Care: cold wash, dry on low heat, coo","{""polyester"": 95.0, ""elastane"": 5.0}",polyester,0.0,low,philippine,PH,https://shopgaui.com/collections/tank-tops-gaui/products/classic-tube-top-pistachio,2026-04-24T02:47:22.186851,live
Gaui,T-Shape Tank Top - PistachioT-Shape Tank Top,top,"bbed: high stretch, low compression, sheer (lighter colors) 94% rayon, 6% spandex Wash and Care: cold wash, dry on low heat, cool","{""rayon"": 94.0, ""elastane"": 6.0}",rayon,94.0,high,philippine,PH,https://shopgaui.com/collections/tank-tops-gaui/products/t-shape-tank-top-pistachio,2026-04-24T02:47:26.896057,live
Gaui,Classic Plunge Tank - PistachioClassic Plunge Tank,top,"retch, medium compression,  slightly sheer (lighter colors) 95% polyester & 5% Spandex Wash and Care: cold wash, dry on low heat, coo","{""polyester"": 95.0, ""elastane"": 5.0}",polyester,0.0,low,philippine,PH,https://shopgaui.com/collections/tank-tops-gaui/products/classic-plunge-tank-pistachio,2026-04-24T02:47:29.819917,live
Gaui,TwoTone Rounded Plunge Tank - Honeybutter/Garden GreenTwoTone Rounded Plunge Tank,top,"h stretch, low compression, slightly sheer (lighter colors) 94% rayon, 6% spandex Wash and Care: cold wash, dry on low heat, cool","{""rayon"": 94.0, ""elastane"": 6.0}",rayon,94.0,high,philippine,PH,https://shopgaui.com/collections/tank-tops-gaui/products/twotone-rounded-plunge-tank-honeybutter-garden-green,2026-04-24T02:47:34.941329,live
Gaui,Rounded Plunge Tank - Light Heather GrayRounded Plunge Tank,top,"h stretch, low compression, slightly sheer (lighter colors) 94% rayon, 6% spandex Wash and Care: cold wash, dry on low heat, cool","{""rayon"": 94.0, ""elastane"": 6.0}",rayon,94.0,high,philippine,PH,https://shopgaui.com/collections/tank-tops-gaui/products/rounded-plunge-tank-light-heather-gray,2026-04-24T02:47:36.568164,live
Gaui,Classic Cami - Light Heather GrayClassic Cami,top,"bbed: high stretch, low compression, sheer (lighter colors) 94% rayon, 6% spandex Wash and Care: cold wash, dry on low heat, cool","{""rayon"": 94.0, ""elastane"": 6.0}",rayon,94.0,high,philippine,PH,https://shopgaui.com/collections/tank-tops-gaui/products/classic-cami-light-heather-gray,2026-04-24T02:47:38.811426,live
Gaui,The Gaui T-Shape Tank Top - BlackThe Gaui T-Shape Tank Top,top,"h stretch, low compression, slightly sheer (lighter colors) 94% rayon, 6% spandex Wash and Care: cold wash, dry on low heat, cool","{""rayon"": 94.0, ""elastane"": 6.0}",rayon,94.0,high,philippine,PH,https://shopgaui.com/collections/tank-tops-gaui/products/the-gaui-t-shape-tank-top-black,2026-04-24T02:47:55.239300,live
Gaui,Rounded Plunge Tank - IcewaterRounded Plunge Tank,top,"bric: high stretch, low compression, sheer (lighter colors) 94% rayon, 6% spandex Wash and Care: cold wash, dry on low heat, cool","{""rayon"": 94.0, ""elastane"": 6.0}",rayon,94.0,high,philippine,PH,https://shopgaui.com/collections/tank-tops-gaui/products/rounded-plunge-tank-icewater,2026-04-24T02:47:58.063981,live
Gaui,Classic Tube Top - BlackClassic Tube Top,top,"gnature Fabric: high stretch, medium compression, not sheer 95% polyester, 5% spandex Wash and Care: cold wash, dry on low heat, cool","{""polyester"": 95.0, ""elastane"": 5.0}",polyester,0.0,low,philippine,PH,https://shopgaui.com/collections/tank-tops-gaui/products/classic-tube-top-black,2026-04-24T02:47:59.638117,live
Gaui,Drop Shoulder Sweatshirt - BlackDrop Shoulder Sweatshirt,hoodie,"ior, natural cotton fibers, breathable, moisture absorption 100% Cotton Wash and Care: cold wash, dry on low heat, cool iron if nee","{""cotton"": 100.0}",cotton,100.0,high,philippine,PH,https://shopgaui.com/collections/the-black-capsule-spring-edition/products/drop-shoulder-sweatshirt-black,2026-04-24T02:48:57.587209,live
Gaui,Crewneck Oversized Sweatshirt - BlackCrewneck Oversized Sweatshirt,hoodie,"rovides warmth and comfort, breathable, moisture absorption 100% Cotton Ribbing: 97% Cotton & 3% spandex Wash and Care: cold wash,","{""cotton"": 100.0}",cotton,100.0,high,philippine,PH,https://shopgaui.com/collections/the-black-capsule-spring-edition/products/crewneck-oversized-sweatshirt-black,2026-04-24T02:48:59.053157,live
Gaui,Drop Shoulder Sweatshirt - IcewaterDrop Shoulder Sweatshirt,hoodie,"ior, natural cotton fibers, breathable, moisture absorption 100% Cotton Wash and Care: cold wash, dry on low heat, cool iron if nee","{""cotton"": 100.0}",cotton,100.0,high,philippine,PH,https://shopgaui.com/collections/icewater-1/products/drop-shoulder-sweatshirt-icewater,2026-04-24T02:49:09.805415,live
Gaui,The Meridian Straight-Leg Pants - IcewaterThe Meridian Straight-Leg Pants,pants,"djustable waistband Soft Cotton: no stretch, no compression 100% cotton Lining: blend creates for a very luxuriously smooth, while","{""cotton"": 100.0}",cotton,100.0,high,philippine,PH,https://shopgaui.com/collections/icewater-1/products/the-meridian-straight-leg-pants-icewater,2026-04-24T02:49:14.984132,live
Gaui,Quarter Zip Sweatshirt - IcewaterQuarter Zip Sweatshirt,hoodie,"nter back 380Cotton:  no stretch, no compression, not sheer 100% cotton Wash and Care: cold wash, dry on low heat, cool iron if nee","{""cotton"": 100.0}",cotton,100.0,high,philippine,PH,https://shopgaui.com/collections/icewater-1/products/quarter-zip-sweatshirt-icewater,2026-04-24T02:49:16.591382,live
Gaui,Relaxed Baby Tee - BlackRelaxed Baby Tee,t-shirt,"lite: slight stretch, no compression, not sheer, breathable 95% Cotton, 5% Spandex Wash and Care: cold wash, dry on low heat, cool","{""cotton"": 95.0, ""elastane"": 5.0}",cotton,95.0,high,philippine,PH,https://shopgaui.com/collections/core-essentials-spring-summer-26/products/relaxed-baby-tee-black,2026-04-24T02:49:23.449803,live
Gaui,The Modern Straight-Leg Trousers - BlackThe Modern Straight-Leg Trousers,pants,"no stretch, no compression, slightly sheer (lighter colors) 95% polyester, 5% spandex Wash and Care: cold wash, dry on low heat, cool","{""polyester"": 95.0, ""elastane"": 5.0}",polyester,0.0,low,philippine,PH,https://shopgaui.com/collections/core-essentials-spring-summer-26/products/the-modern-straight-leg-trousers-black,2026-04-24T02:49:26.328307,live
Gaui,The Ivy Wide-Leg Trousers - PistachioThe Ivy Wide-Leg Trousers,pants,"no stretch, no compression, slightly sheer (lighter colors) 95% polyester, 5% spandex Wash and Care: cold wash, dry on low heat, cool","{""polyester"": 95.0, ""elastane"": 5.0}",polyester,0.0,low,philippine,PH,https://shopgaui.com/collections/core-essentials-spring-summer-26/products/the-ivy-wide-leg-trousers-pistachio,2026-04-24T02:49:28.745515,live
Gaui,The Ivy Wide-Leg Trousers - True NavyThe Ivy Wide-Leg Trousers,pants,"no stretch, no compression, slightly sheer (lighter colors) 95% polyester, 5% spandex Wash and Care: cold wash, dry on low heat, cool","{""polyester"": 95.0, ""elastane"": 5.0}",polyester,0.0,low,philippine,PH,https://shopgaui.com/collections/core-essentials-spring-summer-26/products/the-ivy-wide-leg-trousers-true-navy,2026-04-24T02:49:33.306845,live
Gaui,T-Shape Tank Top - True NavyT-Shape Tank Top,top,"bbed: high stretch, low compression, sheer (lighter colors) 94% rayon, 6% spandex Wash and Care: cold wash, dry on low heat, cool","{""rayon"": 94.0, ""elastane"": 6.0}",rayon,94.0,high,philippine,PH,https://shopgaui.com/collections/core-essentials-spring-summer-26/products/t-shape-tank-top-true-navy,2026-04-24T02:49:37.647026,live
Gaui,The Modern Straight-Leg Trousers - True NavyThe Modern Straight-Leg Trousers,pants,"no stretch, no compression, slightly sheer (lighter colors) 95% polyester, 5% spandex Wash and Care: cold wash, dry on low heat, cool","{""polyester"": 95.0, ""elastane"": 5.0}",polyester,0.0,low,philippine,PH,https://shopgaui.com/collections/core-essentials-spring-summer-26/products/modern-straight-leg-trousers-true-navy,2026-04-24T02:49:41.109779,live
Gaui,Mist Short Sleeve T-Shirt - PistachioMist Short Sleeve T-Shirt,t-shirt,"ook Matte-Mist: high stretch, medium compression, not sheer 95% polyester, 5% spandex Wash and Care: cold wash, dry on low heat, cool","{""polyester"": 95.0, ""elastane"": 5.0}",polyester,0.0,low,philippine,PH,https://shopgaui.com/collections/core-essentials-spring-summer-26/products/mist-short-sleeve-t-shirt-pistachio,2026-04-24T02:49:46.927100,live
Gaui,Mist Short Sleeve T-Shirt - WhiteMist Short Sleeve T-Shirt,t-shirt,"ook Matte-Mist: high stretch, medium compression, not sheer 95% polyester, 5% spandex Wash and Care: cold wash, dry on low heat, cool","{""polyester"": 95.0, ""elastane"": 5.0}",polyester,0.0,low,philippine,PH,https://shopgaui.com/collections/core-essentials-spring-summer-26/products/mist-short-sleeve-t-shirt-white,2026-04-24T02:49:53.644400,live
Gaui,The Ivy Wide-Leg Trousers - BlackThe Ivy Wide-Leg Trousers,pants,"no stretch, no compression, slightly sheer (lighter colors) 95% polyester, 5% spandex Wash and Care: cold wash, dry on low heat, cool","{""polyester"": 95.0, ""elastane"": 5.0}",polyester,0.0,low,philippine,PH,https://shopgaui.com/collections/core-essentials-spring-summer-26/products/the-ivy-wide-leg-trousers-black,2026-04-24T02:49:55.175299,live
Gaui,Mist Short Sleeve T-Shirt - True NavyMist Short Sleeve T-Shirt,t-shirt,"ook Matte-Mist: high stretch, medium compression, not sheer 95% polyester, 5% spandex Wash and Care: cold wash, dry on low heat, cool","{""polyester"": 95.0, ""elastane"": 5.0}",polyester,0.0,low,philippine,PH,https://shopgaui.com/collections/core-essentials-spring-summer-26/products/mist-short-sleeve-t-shirt-true-navy,2026-04-24T02:49:56.498305,live
Gaui,High Neck Maxi Dress - OliveHigh Neck Maxi Dress,dress,"uctured fit, low-medium compression, sheer (lighter colors) 96% Cotton & 4% Spandex Wash and Care: cold wash, dry on low heat, coo","{""cotton"": 96.0, ""elastane"": 4.0}",cotton,96.0,high,philippine,PH,https://shopgaui.com/collections/archive-access/products/form-ribbed-high-neck-maxi-dress-olive,2026-04-24T02:50:04.724392,live
Gaui,"3"" Shorts - Celeste3"" Shorts",shorts,"it, low-medium compression, slightly sheer (lighter colors) 96% cotton, 4% spandex Wash and Care: cold wash, dry on low heat, cool","{""cotton"": 96.0, ""elastane"": 4.0}",cotton,96.0,high,philippine,PH,https://shopgaui.com/collections/archive-access/products/form-ribbed-3-shorts-celeste,2026-04-24T02:50:07.121944,live
Gaui,The Ivy Wide-Leg Linen Trousers - TerraThe Ivy Wide-Leg Linen Trousers,pants,", soft, breathable texture, slightly sheer (lighter colors) 100% Linen Wash and Care: cold wash, air dry, cool iron if needed, no","{""linen"": 100.0}",linen,100.0,high,philippine,PH,https://shopgaui.com/collections/archive-access/products/the-ivy-wide-leg-linen-trousers-terra,2026-04-24T02:50:11.445686,live
Gaui,The Meridian Wide-Leg Trousers - Brown SugarThe Meridian Wide-Leg Trousers,pants,"structured wide leg Soft Cotton: no stretch, no compression 100% cotton Lining: blend creates for a very luxuriously smooth, while","{""cotton"": 100.0}",cotton,100.0,high,philippine,PH,https://shopgaui.com/collections/archive-access/products/the-meridian-wide-leg-trousers-brown-sugar,2026-04-24T02:50:13.166564,live
Gaui,The Meridian Wide-Leg Trousers - Olive OilThe Meridian Wide-Leg Trousers,pants,"structured wide leg Soft Cotton: no stretch, no compression 100% cotton Lining: blend creates for a very luxuriously smooth, while","{""cotton"": 100.0}",cotton,100.0,high,philippine,PH,https://shopgaui.com/collections/archive-access/products/the-meridian-wide-leg-trousers-olive-oil,2026-04-24T02:50:18.220799,live
Gaui,The Meridian Blazer - Brown SugarThe Meridian Blazer,blazer,"6,000.00 Regular price ₱7,400.00 Unit price / per Made from 100% cotton, the Meridian Blazer blends classic tailoring with breathab","{""cotton"": 100.0}",cotton,100.0,high,philippine,PH,https://shopgaui.com/collections/archive-access/products/the-meridian-blazer-brown-sugar,2026-04-24T02:50:19.692854,live
Gaui,The Oversized Linen Button-Down Top - SandThe Oversized Linen Button-Down Top,top,": soft, breathable texture, slightly sheer (lighter colors) 100% linen Wash and Care: cold wash, dry on low heat, cool iron if nee","{""linen"": 100.0}",linen,100.0,high,philippine,PH,https://shopgaui.com/collections/archive-access/products/the-oversized-linen-button-down-top-sand,2026-04-24T02:50:21.285618,live
Gaui,The Ivy Wide-Leg Trousers - BrownThe Ivy Wide-Leg Trousers,pants,"no stretch, no compression, slightly sheer (lighter colors) 95% polyester, 5% spandex Wash and Care: cold wash, dry on low heat, cool","{""polyester"": 95.0, ""elastane"": 5.0}",polyester,0.0,low,philippine,PH,https://shopgaui.com/collections/archive-access/products/the-ivy-wide-leg-trousers-brown,2026-04-24T02:50:22.850776,live
Gaui,The Ivy Linen Shorts - TerraThe Ivy Linen Shorts,shorts,"thable texture, no stretch, slightly sheer (lighter colors) 100% linen Wash and Care: cold wash, air dry, cool iron if needed, no","{""linen"": 100.0}",linen,100.0,high,philippine,PH,https://shopgaui.com/collections/archive-access/products/the-ivy-linen-shorts-terra,2026-04-24T02:50:24.457007,live
Gaui,Heritage Linen Wide-Leg Pants - WhiteHeritage Linen Wide-Leg Pants,pants,": soft, breathable texture, slightly sheer (lighter colors) 100% linen Wash and Care: cold wash, air dry, cool iron if needed, no","{""linen"": 100.0}",linen,100.0,high,philippine,PH,https://shopgaui.com/collections/archive-access/products/heritage-linen-wide-leg-pants-white,2026-04-24T02:50:26.754149,live
Gaui,Prime Cami Tank Top - WhitePrime Cami Tank Top,top,"gnature Fabric: high stretch, medium compression, not sheer 95% polyester, 5% spandex Wash and Care: cold wash, dry on low heat, cool","{""polyester"": 95.0, ""elastane"": 5.0}",polyester,0.0,low,philippine,PH,https://shopgaui.com/collections/archive-access/products/prime-cami-tank-top-white,2026-04-24T02:50:28.372269,live
Gaui,Prime Cami Tank Top- SerenePrime Cami Tank Top- Serene,top,"gnature Fabric: high stretch, medium compression, not sheer 95% polyester, 5% spandex Wash and Care: cold wash, dry on low heat, cool","{""polyester"": 95.0, ""elastane"": 5.0}",polyester,0.0,low,philippine,PH,https://shopgaui.com/collections/archive-access/products/prime-cami-tank-top-serene,2026-04-24T02:50:30.388921,live
Gaui,The Oversized Linen Button-Down Top - WhiteThe Oversized Linen Button-Down Top,top,": soft, breathable texture, slightly sheer (lighter colors) 100% linen Wash and Care: cold wash, dry on low heat, cool iron if nee","{""linen"": 100.0}",linen,100.0,high,philippine,PH,https://shopgaui.com/collections/archive-access/products/the-oversized-linen-button-down-top-white,2026-04-24T02:50:34.896431,live
Gaui,The Ivy Wide-Leg Trousers - CypressThe Ivy Wide-Leg Trousers,pants,"no stretch, no compression, slightly sheer (lighter colors) 95% polyester, 5% spandex Wash and Care: cold wash, dry on low heat, cool","{""polyester"": 95.0, ""elastane"": 5.0}",polyester,0.0,low,philippine,PH,https://shopgaui.com/collections/archive-access/products/the-ivy-wide-leg-trousers-cypress,2026-04-24T02:50:37.747901,live
Gaui,The Ivy Wide-Leg Linen Trousers - SandThe Ivy Wide-Leg Linen Trousers,pants,", soft, breathable texture, slightly sheer (lighter colors) 100% Linen Wash and Care: cold wash, air dry, cool iron if needed, no","{""linen"": 100.0}",linen,100.0,high,philippine,PH,https://shopgaui.com/collections/archive-access/products/the-ivy-wide-leg-linen-trousers-sand,2026-04-24T02:50:41.225402,live
Gaui,Split-Back Maxi Dress - CelesteSplit-Back Maxi Dress,dress,"ribbed design Form-Ribbed Fabric: soft, breathable texture 96% cotton, 4% spandex Wash and Care: cold wash, dry on low heat, cool","{""cotton"": 96.0, ""elastane"": 4.0}",cotton,96.0,high,philippine,PH,https://shopgaui.com/collections/archive-access/products/form-ribbed-split-back-maxi-dress-celeste,2026-04-24T02:50:42.492375,live
Gaui,Prime Cami Tank Top - BlackPrime Cami Tank Top,top,"gnature Fabric: high stretch, medium compression, not sheer 95% polyester, 5% spandex Wash and Care: cold wash, dry on low heat, cool","{""polyester"": 95.0, ""elastane"": 5.0}",polyester,0.0,low,philippine,PH,https://shopgaui.com/collections/archive-access/products/prime-cami-tank-top-black,2026-04-24T02:50:43.895282,live
Gaui,The Ivy Wide-Leg Trousers- SereneThe Ivy Wide-Leg Trousers- Serene,pants,"no stretch, no compression, slightly sheer (lighter colors) 95% polyester, 5% spandex Wash and Care: cold wash, dry on low heat, cool","{""polyester"": 95.0, ""elastane"": 5.0}",polyester,0.0,low,philippine,PH,https://shopgaui.com/collections/archive-access/products/the-ivy-wide-leg-trousers-serene,2026-04-24T02:50:45.296338,live
Just G,Bree Graphic Tee with Gingham Bows,t-shirt,"en you want to feel a little extra while keeping it casual. 100% Cotton White Color Machine Wash Cold Gentle Cycle, With Like Color","{""cotton"": 100.0}",cotton,100.0,high,philippine,PH,https://justg.com.ph/products/bree-graphic-tee-with-gingham-bows,2026-04-24T02:50:48.149984,live
Just G,Amelie Tank Top in Floral Print,top,"ttoms and let the floral print and easy fit carry the look. 100% Cotton OffWhite Color Machine Wash Cold Gentle Cycle, With Like Co","{""cotton"": 100.0}",cotton,100.0,high,philippine,PH,https://justg.com.ph/products/amelie-tank-top-in-floral-print,2026-04-24T02:50:48.968411,live
Just G,Kira Top in White,top,"the crisp white and flattering neckline do all the talking. 100% Cotton White Color Machine Wash Cold Gentle Cycle, With Like Color","{""cotton"": 100.0}",cotton,100.0,high,philippine,PH,https://justg.com.ph/products/kira-top-in-white,2026-04-24T02:50:49.872382,live
Just G,Bree Graphic Tee with Satin Bow,t-shirt,"en you want to feel a little extra while keeping it casual. 100% Cotton OffWhite Color Turn Garment Inside Out, Machine Wash Cold G","{""cotton"": 100.0}",cotton,100.0,high,philippine,PH,https://justg.com.ph/products/bree-graphic-tee-with-satin-bow,2026-04-24T02:50:50.915389,live
Just G,Kate Top in Flora,top,"y bow details that add extra personality to everyday looks. 100% Cotton Peach Color Turn Garment Inside Out, Machine Wash Cold Sepa","{""cotton"": 100.0}",cotton,100.0,high,philippine,PH,https://justg.com.ph/products/kate-top-in-flora,2026-04-24T02:50:51.862043,live
Just G,Audrey Top in Ditsy Floral,top,"s in ditsy floral or pink for fresh, easy everyday outfits. 100% Cotton OffWhite Color Machine Wash Cold Gentle Cycle, With Like Co","{""cotton"": 100.0}",cotton,100.0,high,philippine,PH,https://justg.com.ph/products/audrey-top-in-ditsy-floral,2026-04-24T02:50:52.843815,live
Just G,Claudia Tank Top in Off-White,top,"delicate satin bow and is perfect for warm-weather styling. 100% Cotton OffWhite Color Machine Wash Cold Gentle Cycle, With Like Co","{""cotton"": 100.0}",cotton,100.0,high,philippine,PH,https://justg.com.ph/products/claudia-tank-top-in-off-white,2026-04-24T02:50:53.612174,live
Just G,Charly Tee in Floral Print,t-shirt,"’s closest—this is your go-to for effortless everyday wear. 100% Cotton Peach Color Machine Wash Cold Gentle Cycle, With Like Color","{""cotton"": 100.0}",cotton,100.0,high,philippine,PH,https://justg.com.ph/products/charly-tee-in-floral-print,2026-04-24T02:50:55.220312,live
Just G,Sofia Top in Gingham Floral,top,"le, with a relaxed fit that works for warm-weather outfits. 100% Cotton Pink Color Machine Wash Cold Gentle Cycle, With Like Colors","{""cotton"": 100.0}",cotton,100.0,high,philippine,PH,https://justg.com.ph/products/sofia-top-in-gingham-floral,2026-04-24T02:50:56.183473,live
Just G,Monica Midi Skirt in Floral,skirt,"day feeling comfy, polished, and effortlessly put together. 100% Cotton Peach Color Machine Wash Cold Gentle Cycle, With Like Color","{""cotton"": 100.0}",cotton,100.0,high,philippine,PH,https://justg.com.ph/products/monica-midi-skirt-in-floral,2026-04-24T02:50:57.028031,live
Just G,Krista Halter Top in Ditsy Floral,top,"ring a simple silhouette that feels light and easy to wear. 97% Cotton, 3% Elastane OffWhite Color Machine Wash Cold Gentle Cycle,","{""cotton"": 97.0, ""elastane"": 3.0}",cotton,97.0,high,philippine,PH,https://justg.com.ph/products/krista-halter-top-in-ditsy-floral,2026-04-24T02:50:57.946403,live
Just G,Charly Graphic Tee in Off White,t-shirt,"’s closest—this is your go-to for effortless everyday wear. 100% Cotton OffWhite Color Machine Wash Cold Gentle Cycle, With Like Co","{""cotton"": 100.0}",cotton,100.0,high,philippine,PH,https://justg.com.ph/products/charly-graphic-tee-in-off-white,2026-04-24T02:50:58.848682,live
Just G,Krista Halter Top in Blue,top,"ring a simple silhouette that feels light and easy to wear. 97% Cotton, 3% Elastane Blue Color Machine Wash Cold Gentle Cycle, Wit","{""cotton"": 97.0, ""elastane"": 3.0}",cotton,97.0,high,philippine,PH,https://justg.com.ph/products/krista-halter-top-in-blue,2026-04-24T02:50:59.642491,live
Just G,V Neck Cropped Padded Tank Top With Rutching,top,"urally. It’s made for moments when you feel fully yourself. 75% Nylon, 25% Spandex Pink Color Machine Wash Cold Gentle Cycle/With","{""nylon"": 75.0, ""elastane"": 25.0}",nylon,0.0,low,philippine,PH,https://justg.com.ph/products/v-neck-cropped-padded-tank-top-with-rutching-1,2026-04-24T02:51:01.273112,live
Just G,Skye Tube Top in Moonbeam,top,"It’s the kind of top you end up wearing more than planned. 95% Cotton, 5% Elastane OffWhite Color Turn Garment Inside Out, Machin","{""cotton"": 95.0, ""elastane"": 5.0}",cotton,95.0,high,philippine,PH,https://justg.com.ph/products/skye-tube-top-in-moonbeam,2026-04-24T02:51:02.045253,live
Just G,FLORAL MIDI SLIP DRESS WITH RUFFLE DETAILS,dress,"t the ruffled details bring effortless romance to your day. 100% Polyester Offwhite Color Machine Wash Cold Gentle Cycle, Wash Separat","{""polyester"": 100.0}",polyester,0.0,low,philippine,PH,https://justg.com.ph/products/floral-midi-slip-dress-with-ruffle-details,2026-04-24T02:51:03.566446,live
Just G,STRIPED CORSET MINI DRESS,dress,"p stripes, cinched corset, and major energy for any outing. 50% Cotton, 50% Polyester Blue Color Turn Garment Inside Out, Machine","{""cotton"": 50.0, ""polyester"": 50.0}",cotton,50.0,medium,philippine,PH,https://justg.com.ph/products/striped-corset-mini-dress,2026-04-24T02:51:04.336450,live
Just G,DITSY FLORAL RUFFLED ROMANTIC MIDI DRESS WITH TIE BACK DETAIL,dress,"romantic strolls, brunches, and easy weekend styling. Body: 80% Viscose, 20% Cotton Lining: 100% Cotton Multicolor Machine Wash Col","{""viscose"": 80.0, ""cotton"": 20.0}",viscose,100.0,high,philippine,PH,https://justg.com.ph/products/ditsy-floral-ruffled-romantic-midi-dress-with-tie-back-detail,2026-04-24T02:51:05.197366,live
Just G,VELVET STRAPPY MIDI DRESS WITH  VELVET BOWS,dress,"r parties, festive events, or evening outings with friends. 100% Polyester Black Color Machine Wash  Cold Gentle Cycle, Wash Separatel","{""polyester"": 100.0}",polyester,0.0,low,philippine,PH,https://justg.com.ph/products/velvet-strappy-midi-dress-with-velvet-bows,2026-04-24T02:51:06.989159,live
Just G,COMBI CROCHET-LIKE AND VINTAGE FLORAL PRINT POPLIN HALTER SHORT DRESS,dress,"or a crisp finish?it's fresh, breathable, and multicolored. 100% Cotton Multicolor Machine wash cold gentle cycle, wash separately,","{""cotton"": 100.0}",cotton,100.0,high,philippine,PH,https://justg.com.ph/products/combi-crochet-like-and-vintage-floral-print-poplin-halter-short-dress,2026-04-24T02:51:07.909706,live
Just G,POLKA DOT TUBE DRESS W/ ASYMMETRICAL RUFFLED HEM,dress,"l day out and let the playful ruffles do the talking. Body: 100% Polyester  Lining: 88% Polyester, 12% Elastane Black Color Turn Garme","{""polyester"": 100.0}",polyester,0.0,low,philippine,PH,https://justg.com.ph/products/polka-dot-tube-dress-w-asymmetrical-ruffled-hem,2026-04-24T02:51:08.833725,live
Just G,FLORAL SMOCKED MAXI DRESS WITH FLUTTER SLEEVES,dress,"uette?perfect for brunches, city strolls, and beyond. Body: 55% Cotton, 45% Viscose; Lining: 100% Cotton Multicolor Color Turn Gar","{""cotton"": 55.0, ""viscose"": 45.0}",cotton,100.0,high,philippine,PH,https://justg.com.ph/products/floral-smocked-maxi-dress-with-flutter-sleeves,2026-04-24T02:51:09.571319,live
Just G,CHECKERED CORSET-LIKE DRESS WITH SMOCKING WITH PICOTING EDGE,dress,"d stretchy smocking. A fun essential in vibrant multicolor. 100% Cotton Multicolor Machine wash cold gentle cycle, wash separately,","{""cotton"": 100.0}",cotton,100.0,high,philippine,PH,https://justg.com.ph/products/checkered-corset-like-dress-with-smocking-with-picoting-edge,2026-04-24T02:51:10.349723,live
Just G,CHECKERED BUTTON DOWN MINI DRESS WITH CONTRAST PIPING DETAIL,dress,"trast piping, it?s the perfect mix of fun and casual flair. 74% Polyester, 24% Viscose, 2% Elastane Multicolor Color Machine Wash War","{""polyester"": 74.0, ""viscose"": 24.0, ""elastane"": 2.0}",polyester,24.0,low,philippine,PH,https://justg.com.ph/products/checkered-button-down-mini-dress-with-contrast-piping-detail,2026-04-24T02:51:11.157279,live
Just G,COTTON EYELET BUSTIER MINI DRESS WITH TIERED SKIRT,dress,"ton eyelet bustier mini dress, complete with playful tiers. 100% Cotton Offwhite Color Machine Wash Warm Gentle Cycle, With Like Co","{""cotton"": 100.0}",cotton,100.0,high,philippine,PH,https://justg.com.ph/products/cotton-eyelet-bustier-mini-dress-with-tiered-skirt,2026-04-24T02:51:11.901054,live
Just G,FLORAL BUTTON-DOWN MIDI DRESS,dress,"midi dress?flowy, breezy, and perfect for every sunny day. 70% Cotton, 20% Viscose, 10% Linen Offwhite Color Turn Garment Inside","{""cotton"": 70.0, ""viscose"": 20.0, ""linen"": 10.0}",cotton,100.0,high,philippine,PH,https://justg.com.ph/products/floral-button-down-midi-dress,2026-04-24T02:51:12.981636,live
Just G,FLORAL PRINT FLOWY TIERED SHORT DRESS,dress,"xed days with just enough shape and movement in multicolor. 100% Viscose Multicolor Machine wash cold gentle cycle, with like colors","{""viscose"": 100.0}",viscose,100.0,high,philippine,PH,https://justg.com.ph/products/floral-print-flowy-tiered-short-dress,2026-04-24T02:51:13.920823,live
Just G,BOW EMBROIDERY SLIP MIDI DRESS,dress,", it offers effortless elegance for warm-weather occasions. 100% Cotton Off-white Color Machine Wash Cold Gentle Cycle, Wash Separa","{""cotton"": 100.0}",cotton,100.0,high,philippine,PH,https://justg.com.ph/products/strappy-midi-slip-dress-with-embroidere-d-bows,2026-04-24T02:51:14.680700,live
Just G,ROMANTIC FLORAL STRAPPY MIDI DRESS WITH SLIT,dress,"ummer dates, brunches, or weekend getaways in warm weather. 100% Polyester Multi Color Machine Wash Cold Gentle Cycle,  Use Gentle Det","{""polyester"": 100.0}",polyester,0.0,low,philippine,PH,https://justg.com.ph/products/romantic-floral-strappy-midi-dress-with-slit,2026-04-24T02:51:16.553284,live
Just G,CROPPED BUTTON FRONT SHIRT AND SMOCKED STRAPPY TOP SET,top,"relaxed brunches, shopping trips, or easy weekend styling. 100% Cotton Offwhite Color Machine Wash Warm Gentle Cycle, Wash Separat","{""cotton"": 100.0}",cotton,100.0,high,philippine,PH,https://justg.com.ph/products/cropped-button-front-shirt-and-smocked-strappy-top-set,2026-04-24T02:51:18.099924,live
Just G,SMOCKED TOP WITH PUFF SLEEVES AND SLOTTED RIBBON LACE,top,"e it with denim or a flowy skirt for a soft, feminine look. 100% Cotton Offwhite Color Machine Wash Warm Gentle Cycle, With Like Co","{""cotton"": 100.0}",cotton,100.0,high,philippine,PH,https://justg.com.ph/products/smocked-top-with-puff-sleeves-and-slotted-ribbon-lace,2026-04-24T02:51:19.416789,live
Just G,KNITTED BUTTON-DOWN TOP,top,"eeves, and buttons that make layering or solo styling easy. 100% Cotton Blue Color Wash By Hand, Use Only Non- Chlorine Bleach When","{""cotton"": 100.0}",cotton,100.0,high,philippine,PH,https://justg.com.ph/products/knitted-button-down-top,2026-04-24T02:51:20.113535,live
Just G,DITSY FLORAL PRINT CORSET-LIKE CAP SLEEVE TOP,top,"r brunches, cafe hopping, or relaxed weekend styling. Body: 80% Viscose 20% Cotton Lining: 100% Cotton Multi Color Machine Wash Col","{""viscose"": 80.0, ""cotton"": 20.0}",viscose,100.0,high,philippine,PH,https://justg.com.ph/products/ditsy-floral-print-corset-like-cap-sleeve-top,2026-04-24T02:51:20.957264,live
Just G,POINTELLE JERSEY PUFF SLEEVE CROP TOP WITH SIDE TIES,top,"white. Style it with denim or skirts for an easy chic look. 100% Cotton Green / Offwhite Machine Wash Cold Gentle Cycle, With Like","{""cotton"": 100.0}",cotton,100.0,high,philippine,PH,https://justg.com.ph/products/pointelle-jersey-puff-sleeve-crop-top-with-side-ties2,2026-04-24T02:51:21.809511,live
Just G,FLORAL BUSTIER TOP WITH LACE-UP FRONT AND RUFFLE TRIM,top,"lace-up details coming together for a statement-worthy top. 70% Cotton, 20% Viscose, 10% Linen Offwhite Color Turn Garment Inside","{""cotton"": 70.0, ""viscose"": 20.0, ""linen"": 10.0}",cotton,100.0,high,philippine,PH,https://justg.com.ph/products/floral-bustier-top-with-lace-up-front-and-ruffle-trim,2026-04-24T02:51:23.447786,live
Just G,OFF SHOULDER FOLDOVER L/S KNITTED TOP WITH BELT,top,"ne, and a waist-cinching belt for laid-back sophistication. 50% Viscose, 50% Nylon Beige Color Wash By Hand, Use Only Non- Chlorine","{""viscose"": 50.0, ""nylon"": 50.0}",viscose,50.0,medium,philippine,PH,https://justg.com.ph/products/off-shoulder-foldover-l-s-knitted-top-with-belt,2026-04-24T02:51:24.757026,live
Just G,KNITTED BARDOT TOP WITH TIE DETAIL AND SCALLOPED EDGE,top,"nine charm with its off-shoulder design and dainty details. 100% Cotton Beige Color Wash By Hand, Use Only Non- Chlorine Bleach Whe","{""cotton"": 100.0}",cotton,100.0,high,philippine,PH,https://justg.com.ph/products/knitted-bardot-top-with-tie-detail-and-scalloped-edge,2026-04-24T02:51:25.434678,live
Just G,POLKA DOT ROMANTIC TOP WITH SLOTTED RIBBON AND LACE NECKLINE AND STRAPS,top,ckline and delicate straps make a feminine statement. Body: 100% Polyester Lining: 88% Polyester 12% Elastane Black Color Turn Garment,"{""polyester"": 100.0}",polyester,0.0,low,philippine,PH,https://justg.com.ph/products/polka-dot-romantic-top-with-slotted-ribbon-and-lace-neckline-and-straps,2026-04-24T02:51:26.130932,live
Just G,ROMANTIC FLORAL PRINT PUFF SLEEVE TOP W/ BOW AND LACE DETAIL,top,"line, and puff sleeves for a dreamy, feminine finish. Body: 80% Polyester, 20% Nylon Lining: 88% Polyester, 12% Elastane Multicolor T","{""polyester"": 80.0, ""nylon"": 20.0}",polyester,0.0,low,philippine,PH,https://justg.com.ph/products/romantic-floral-print-puff-sleeve-top-w-bow-and-lace-detail,2026-04-24T02:51:27.165103,live
Just G,OPEN-KNIT BUTTON-DOWN CARDIGAN WITH SCALLOPED EDGE,knitwear,"cardigan adds a soft, modern touch to your casual wardrobe. 100% Cotton Offwhite Color Wash By Hand, Use Only Non- Chlorine Bleach","{""cotton"": 100.0}",cotton,100.0,high,philippine,PH,https://justg.com.ph/products/open-knit-button-down-cardigan-with-scalloped-edge,2026-04-24T02:51:28.693295,live
Just G,CROCHET-LOOK OPEN-KNIT CROPPED CARDIGAN WITH SELF-TIE CLOSURE,knitwear,"s perfect for layering over tanks, minis, and slip dresses. 70% Cotton, 30% Polyester Offwhite Color Machine Wash Warm Gentle Cycl","{""cotton"": 70.0, ""polyester"": 30.0}",cotton,70.0,medium,philippine,PH,https://justg.com.ph/products/crochet-look-open-knit-cropped-cardigan-with-self-tie-closure,2026-04-24T02:51:29.424394,live
Just G,STRIPED TUBE TOP WITH RUFFLE TRIM AND EMBROIDERY,top,"rm with zero effort. Your new go-to for mood-lifting style. 90% Cotton, 10% Linen Red Color Turn Garment Inside Out, Machine Wash","{""cotton"": 90.0, ""linen"": 10.0}",cotton,100.0,high,philippine,PH,https://justg.com.ph/products/striped-tube-top-with-ruffle-trim-and-embroidery,2026-04-24T02:51:30.062072,live
Just G,TANK TOP WITH LACE TRIM AND BOWS,top,"top for layering or solo wear, available in blue or black. 100% Cotton Blue / Black Color Machine wash cold gentle cycle, with lik","{""cotton"": 100.0}",cotton,100.0,high,philippine,PH,https://justg.com.ph/products/tank-top-with-lace-trim-and-bows,2026-04-24T02:51:31.508532,live
Just G,LOVE TO ROCK BABY TEE,t-shirt,"ropped cut. Made to rock your everyday looks, effortlessly. 100% Cotton Black Color Machine wash cold gentle cycle, with like color","{""cotton"": 100.0}",cotton,100.0,high,philippine,PH,https://justg.com.ph/products/love-to-rock-baby-tee,2026-04-24T02:51:32.172874,live
Just G,RUCHED TANK TOP WITH RUFFLE AND LETTUCE EDGE,top,"m, and delicate lettuce edging. Looks cute solo or layered. 95% Cotton, 5% Elastane Brown / Beige Color Machine wash cold gentle c","{""cotton"": 95.0, ""elastane"": 5.0}",cotton,95.0,high,philippine,PH,https://justg.com.ph/products/ruched-tank-top-with-ruffle-and-lettuce-edge,2026-04-24T02:51:33.900782,live
Just G,CRUMPLED JERSEY BABY TEE,t-shirt,"r on-the-go days. Dress it up or down?this tee does it all. 98% Polyester, 2% Elastane Black Color Machine wash cold gentle cycle, wi","{""polyester"": 98.0, ""elastane"": 2.0}",polyester,0.0,low,philippine,PH,https://justg.com.ph/products/crumpled-jersey-baby-tee,2026-04-24T02:51:34.692569,live
Just G,CORSET-LIKE TOP WITH PICOTING AND BOW,top,"d soft picoting trim. Style it your way for everyday flair. 100% Cotton Offwhite Color Turn garment inside out, machine wash cold s","{""cotton"": 100.0}",cotton,100.0,high,philippine,PH,https://justg.com.ph/products/corset-like-top-with-picoting-and-bow,2026-04-24T02:51:38.532423,live
Just G,VINTAGE CAKE REGULAR FIT TEE,t-shirt,"ngth fit?sweeten up your everyday with this graphic staple. 100% Cotton Offwhite Color Machine wash cold gentle cycle, with like co","{""cotton"": 100.0}",cotton,100.0,high,philippine,PH,https://justg.com.ph/products/vintage-cake-regular-fit-tee,2026-04-24T02:51:39.284401,live
Just G,CROPPED MUSCLE TEE WITH GARTERIZED HEM,t-shirt,"te or black, this tee is perfect for layering or solo wear. 100% Cotton Offwhite / Black Color Turn garment inside out, machine was","{""cotton"": 100.0}",cotton,100.0,high,philippine,PH,https://justg.com.ph/products/cropped-muscle-tee-with-garterized-hem,2026-04-24T02:51:40.022669,live
Just G,POINTELLE JERSEY CORSET-LIKE TANK TOP WITH CONTRAST SATIN BOWS,top,"ce trim, and ribbon details that elevate any casual outfit. 100% Cotton Blue Machine Wash, Cold Gentle Cycle, With Like Colors, Do","{""cotton"": 100.0}",cotton,100.0,high,philippine,PH,https://justg.com.ph/products/pointelle-jersey-corset-like-tank-top-with-contrast-satin-bows,2026-04-24T02:51:43.968864,live
Just G,POINTELLE JERSEY TANK TOP W/ RUFFLED STRAPS AND SMOCKED BODICE,top,"ith skirts, jeans, or shorts for an effortlessly cute look. 100% Cotton Green Turn Garment Inside  Out, Machine Wash Cold Separatel","{""cotton"": 100.0}",cotton,100.0,high,philippine,PH,https://justg.com.ph/products/ditsy-floral-print-pointelle-jersey-lettuce-edge-tank-top-w-satin-rosebud,2026-04-24T02:51:45.011542,live
Just G,PEANUT PRINTED AND DENIM SCRUNCHIE SET,jeans,k a Question Description Additional Information Description 100% Cotton Multicolor Style No. APSCR0001-2 This is also available in,"{""cotton"": 100.0}",cotton,100.0,high,philippine,PH,https://justg.com.ph/products/peanut-printed-and-denim-scrunchie-set,2026-04-24T02:51:53.327807,live
Just G,DENIM BODY BAG,jeans,"k a Question Description Additional Information Description 100% Cotton Blue Color Wash by hand separately, with like colors, do no","{""cotton"": 100.0}",cotton,100.0,high,philippine,PH,https://justg.com.ph/products/denim-body-bag,2026-04-24T02:51:57.295977,live
Just G,CABLE-LIKE KNIT COLLARED VEST TOP,knitwear,"k a Question Description Additional Information Description 41% Acrylic, 31% Nylon, 28% Polyester Offwhite Color Wash by hand, use","{""acrylic"": 41.0, ""nylon"": 31.0, ""polyester"": 28.0}",acrylic,0.0,low,philippine,PH,https://justg.com.ph/products/just-g-cable-like-knit-collared-vest-top,2026-04-24T02:52:01.692238,live
Just G,DITSY FLORAL BLOUSE WITH BALLOON SLEEVES AND SMOCKING,shirt,"k a Question Description Additional Information Description 100% Polyester Purple Color Machine wash cold gentle cycle, use gentle det","{""polyester"": 100.0}",polyester,0.0,low,philippine,PH,https://justg.com.ph/products/just-g-ditsy-floral-blouse-with-balloon-sleeves-and-smocking,2026-04-24T02:52:02.497096,live
Just G,CHECKERED PLEATED MINI SKIRT,skirt,"k a Question Description Additional Information Description 97% Polyester/ 3% Elastane Multicolor Machine wash cold gentle cycle, use","{""polyester"": 97.0, ""elastane"": 3.0}",polyester,0.0,low,philippine,PH,https://justg.com.ph/products/just-g-checkered-pleated-mini-skirt2,2026-04-24T02:52:05.019812,live
Just G,ELEMENTAL STONES REGULAR FIT TEE,t-shirt,"k a Question Description Additional Information Description 100% Cotton Beige Color Machine wash cold gentle cycle, with like color","{""cotton"": 100.0}",cotton,100.0,high,philippine,PH,https://justg.com.ph/products/just-g-elemental-stones-regular-fit-tee,2026-04-24T02:52:05.798275,live
Just G,CHECKERED CHIFFON MIDI SKIRT WITH LETTUCE HEM,skirt,"k a Question Description Additional Information Description 100% Polyester Multicolor Machine wash cold gentle cycle, use gentle deter","{""polyester"": 100.0}",polyester,0.0,low,philippine,PH,https://justg.com.ph/products/just-g-checkered-chiffon-midi-skirt-with-lettuce-hem,2026-04-24T02:52:06.790697,live
Just G,TEA CROPPED HOODIE,hoodie,"k a Question Description Additional Information Description 100% Cotton Beige Color Machine wash cold gentle cycle, with like color","{""cotton"": 100.0}",cotton,100.0,high,philippine,PH,https://justg.com.ph/products/just-g-tea-cropped-hoodie,2026-04-24T02:52:07.512330,live
Just G,STRAPPY DOGSTOOTH MINI DRESS WITH BOWS,dress,"k a Question Description Additional Information Description 100% Polyester Gray Color Machine wash cold gentle cycle, with like colors","{""polyester"": 100.0}",polyester,0.0,low,philippine,PH,https://justg.com.ph/products/just-g-strappy-dogstooth-mini-dress-with-bows,2026-04-24T02:52:08.904678,live
Just G,TWO PIECE FLORAL MESH CROPPED TEE WITH LETTUCE EDGE AND CAMISOLE TOP,t-shirt,"stion Description Additional Information Description Outer: 95% Polyester, 5% Elastane, Inner: 100% Polyester Gray Color Machine wash","{""polyester"": 95.0, ""elastane"": 5.0}",polyester,0.0,low,philippine,PH,https://justg.com.ph/products/just-g-two-piece-floral-mesh-cropped-tee-with-lettuce-edge-and-camisole-top,2026-04-24T02:52:09.675322,live
Just G,RUFFLED COLLAR CROPPED KNIT TOP,knitwear,"k a Question Description Additional Information Description 100% Cotton Brown Color Wash by hand, use only non-chlorine bleach when","{""cotton"": 100.0}",cotton,100.0,high,philippine,PH,https://justg.com.ph/products/just-g-ruffled-collar-cropped-knit-top,2026-04-24T02:52:11.175443,live
Just G,CRUMPLED JERSEY CROPPED PEASANT BLOUSE,shirt,"k a Question Description Additional Information Description 98% Polyester, 2% Elastane Black Color Machine wash cold gentle cycle, us","{""polyester"": 98.0, ""elastane"": 2.0}",polyester,0.0,low,philippine,PH,https://justg.com.ph/products/just-g-crumpled-jersey-cropped-peasant-blouse,2026-04-24T02:52:11.958195,live
Just G,LOW WAIST STRAIGHT LEG CORDUROY PANTS,pants,"k a Question Description Additional Information Description 100% Polyester Brown Color Machine wash cold gentle cycle, use gentle dete","{""polyester"": 100.0}",polyester,0.0,low,philippine,PH,https://justg.com.ph/products/just-g-low-waist-straight-leg-corduroy-pants,2026-04-24T02:52:12.751015,live
Just G,HIGH WAISTED CHECKERED WIDE LEG PANTS,pants,"k a Question Description Additional Information Description 100% Cotton Multicolor Machine wash cold gentle cycle, use gentle deter","{""cotton"": 100.0}",cotton,100.0,high,philippine,PH,https://justg.com.ph/products/just-g-high-waisted-checkered-wide-leg-pants,2026-04-24T02:52:13.845157,live
Just G,DITSY FLORAL SWEETHEART TOP WITH BOW DETAIL,top,"k a Question Description Additional Information Description 85% Viscose, 15% Nylon Blue Color Machine wash cold gentle cycle, use g","{""viscose"": 85.0, ""nylon"": 15.0}",viscose,85.0,high,philippine,PH,https://justg.com.ph/products/just-g-ditsy-floral-sweetheart-top-with-bow-detail,2026-04-24T02:52:15.490829,live
Just G,WIDE-LEG DENIM CARPENTER SHORTS WITH DRAWSTRING WAIST,shorts,"etail, ideal for summer festivals, errands, or coffee runs. 67% Cotton, 17% Viscose, 16% Polyester Blue Color Turn Garment Inside","{""cotton"": 67.0, ""viscose"": 17.0, ""polyester"": 16.0}",cotton,84.0,medium,philippine,PH,https://justg.com.ph/products/wide-leg-denim-carpenter-shorts-with-drawstring-waist,2026-04-24T02:52:19.182466,live
Just G,RELAXED PULL-ON WIDE-LEG SHORTS WITH CONTRAST STITCHING,shorts,"these wide-leg shorts basically do the summer mood for you. 100% Cotton Offwhite Color Turn Garment Inside Out, Machine Wash Cold G","{""cotton"": 100.0}",cotton,100.0,high,philippine,PH,https://justg.com.ph/products/relaxed-pull-on-wide-leg-shorts-with-contrast-stitching,2026-04-24T02:52:20.096209,live
Just G,STRIPED COTTON LINEN RELAXED PULL-ON PANTS,pants,"riped cotton linen pull-on pants?perfect for everyday ease. 90% Cotton, 10% Linen Blue Color Turn Garment Inside Out, Machine Wash","{""cotton"": 90.0, ""linen"": 10.0}",cotton,100.0,high,philippine,PH,https://justg.com.ph/products/striped-cotton-linen-relaxed-pull-on-pants,2026-04-24T02:52:20.899912,live
Just G,Ditsy Floral Midi Skirt Set with Ruffled Straps,skirt,"et pairs a sweet floral print with delicate ruffle accents. 100% Polyester Offwhite Color Machine Wash Warm Gentle Cycle, With Like Co","{""polyester"": 100.0}",polyester,0.0,low,philippine,PH,https://justg.com.ph/products/ditsy-floral-midi-skirt-set-with-ruffled-straps,2026-04-24T02:52:21.665887,live
Just G,RELAXED EMBROIDERED SWISS COTTON PULL-ON PANTS,pants,"cotton pull-on pants are an easy way to elevate your look. 100% Cotton White Color Turn Garment Inside Out, Machine Wash Cold Gent","{""cotton"": 100.0}",cotton,100.0,high,philippine,PH,https://justg.com.ph/products/relaxed-embroidered-swiss-cotton-pull-on-pants,2026-04-24T02:52:22.320774,live
Just G,RELAXED CARGO PANTS WITH ADJUSTABLE HEM,pants,"ants bring a utilitarian edge to relaxed, everyday fashion. 100% Cotton Beige Color Turn Garment Inside Out, Machine Wash Cold Gent","{""cotton"": 100.0}",cotton,100.0,high,philippine,PH,https://justg.com.ph/products/relaxed-cargo-pants-with-adjustable-hem,2026-04-24T02:52:23.161349,live
Just G,PRINTED MIDI SLIP SKIRT WITH PICOT TRIM,skirt,"midi slip skirt brings effortless charm to summer styling. 100% Polyester Red Color Machine Wash Cold Gentle Cycle, Wash Separately,","{""polyester"": 100.0}",polyester,0.0,low,philippine,PH,https://justg.com.ph/products/printed-midi-slip-skirt-with-picot-trim,2026-04-24T02:52:24.475472,live
Just G,STRIPED COTTON LINEN PULL-ON PANTS WITH PATCH POCKETS,pants,"triped cotton linen pants evoke laid-back chic for any day. 90% Cotton, 10% Linen Red Color Turn Garment Inside Out, Machine Wash","{""cotton"": 90.0, ""linen"": 10.0}",cotton,100.0,high,philippine,PH,https://justg.com.ph/products/striped-cotton-linen-pull-on-pants-with-patch-pockets,2026-04-24T02:52:25.320160,live
Just G,HIGH-WAIST TAILORED WOOL SHORTS,shorts,"for city strolls, brunch dates, and casual workdays. Body: 50% Wool, 36% Polyester, 14% Lyocell Lining, 100% Polyester Black Co","{""wool"": 50.0, ""polyester"": 36.0, ""lyocell"": 14.0}",wool,64.0,medium,philippine,PH,https://justg.com.ph/products/high-waist-tailored-wool-shorts,2026-04-24T02:52:35.170278,live
Just G,TWILL HIGHWAISTED WIDE LEG PANTS WITH CUT AND SEW AND PATCH POCKET DETAIL,pants,"bedford cord, they?re perfect for laid-back, chic outfits. 100% Cotton Khaki Green Color Machine Wash Cold Gentle Cycle, Use Gentl","{""cotton"": 100.0}",cotton,100.0,high,philippine,PH,https://justg.com.ph/products/twill-wide-leg-pants-with-front-seam-and-pockets,2026-04-24T02:52:35.819385,live
Just G,"HIGHWAISTED A LINE CHECKERED MINI SKIRT WITH SLITS, LACE, AND BOWS",skirt,"accents for a feminine edge that?s still everyday-wearable. 90% Lyocell, 6% Cotton, 4% Elastane Multicolor Turn Garment Inside Out,","{""lyocell"": 90.0, ""cotton"": 6.0, ""elastane"": 4.0}",lyocell,96.0,high,philippine,PH,https://justg.com.ph/products/highwaisted-a-line-checkered-mini-skirt-with-slits-lace-and-bows,2026-04-24T02:52:38.624190,live
Just G,ZIP UP A LINE FLORAL MINI SKIRT WITH CONTRAST PIPING DETAIL,skirt,"a must-have for fashion-forward brunches or sunny strolls. 100% Cotton Multicolor Color Machine Wash  Cold Gentle Cycle,  Use Gent","{""cotton"": 100.0}",cotton,100.0,high,philippine,PH,https://justg.com.ph/products/zip-up-a-line-floral-mini-skirt-with-contrast-piping-detail,2026-04-24T02:52:40.801457,live
Sola,Sculpting Highwaisted Shapewear Shorts,shorts,"gives lift, comfort, and support. With overlapping gusset. 76% Nylon / 24% Elastane Machine Wash Cold, Tumble Dry Low, Do Not Bl","{""nylon"": 76.0, ""elastane"": 24.0}",nylon,0.0,low,philippine,PH,https://sola.com.ph/collections/womens-sculpting-shapewear/products/sculpting-shorts-highwaisted,2026-04-24T02:52:52.579692,live
Sola,INVISEAM™ V-Neck Inner T-Shirt,t-shirt,"touch, moisture-wicking, and quick-drying fabric technology 80% Nylon / 20% Elastane Machine Wash Cold - Gentle Cycle, Do Not Dry","{""nylon"": 80.0, ""elastane"": 20.0}",nylon,0.0,low,philippine,PH,https://sola.com.ph/collections/mens-tops/products/inviseam-v-neck-inner-t-shirt,2026-04-24T02:52:59.203665,live
Sola,Hugging Shapewear Tank Top,top,"own. SOLÁ logo woven at the back Medium compression Unisex 92% Nylon / 8% Elastane Machine Wash Cold, Tumble Dry Low, Do Not Ble","{""nylon"": 92.0, ""elastane"": 8.0}",nylon,0.0,low,philippine,PH,https://sola.com.ph/collections/mens-tops/products/hugging-shapewear-tank-top,2026-04-24T02:53:00.592541,live
Sola,Sculpting Shortsleeve Shapewear Shirt,shirt,"hnology to create a seamless and durable quality shapewear. 76% Nylon / 24% Elastane Machine Wash Cold, Tumble Dry Low, Do Not Bl","{""nylon"": 76.0, ""elastane"": 24.0}",nylon,0.0,low,philippine,PH,https://sola.com.ph/collections/mens-tops/products/shortsleeve-shapewear-shirt,2026-04-24T02:53:02.185469,live
Sola,Sculpting Sleeveless Shapewear Shirt,shirt,"hnology to create a seamless and durable quality shapewear. 76% Nylon / 24% Elastane Machine Wash Cold, Tumble Dry Low, Do Not Bl","{""nylon"": 76.0, ""elastane"": 24.0}",nylon,0.0,low,philippine,PH,https://sola.com.ph/collections/mens-tops/products/sleeveless-shapewear-shirt,2026-04-24T02:53:03.262160,live
Sola,Sculpting Boxer Shapewear Shorts,shorts,"hnology to create a seamless and durable quality shapewear. 76% Nylon / 24% Elastane Machine Wash Cold, Tumble Dry Low, Do Not Bl","{""nylon"": 76.0, ""elastane"": 24.0}",nylon,0.0,low,philippine,PH,https://sola.com.ph/collections/mens/products/boxer-shapewear-shorts,2026-04-24T02:53:05.624462,live
Sola,Hugging Shapewear Cami Top,top,"n at the back Medium compression Unpadded Adjustable straps 92% Nylon / 8% Elastane Machine Wash Cold, Tumble Dry Low, Do Not Ble","{""nylon"": 92.0, ""elastane"": 8.0}",nylon,0.0,low,philippine,PH,https://sola.com.ph/collections/tops/products/hugging-shapewear-cami-top,2026-04-24T02:53:20.556766,live
Sola,Hugging Shapewear Halter Top,top,"Medium compression Unpadded Low back Non-adjustable straps 92% Nylon / 8% Elastane Machine Wash Cold, Tumble Dry Low, Do Not Ble","{""nylon"": 92.0, ""elastane"": 8.0}",nylon,0.0,low,philippine,PH,https://sola.com.ph/collections/tops/products/hugging-shapewear-halter-top,2026-04-24T02:53:23.203425,live
Sola,Basic Fitted Shortsleeve Top,top,"pper-hip length shirt Discreet external SOLÁ tag on the hem 95% Modal / 5% Spandex Machine Wash Cold with Like Colors, Only Non-C","{""modal"": 95.0, ""elastane"": 5.0}",modal,95.0,high,philippine,PH,https://sola.com.ph/collections/essentialwear-tops/products/basic-fitted-shortsleeve-top,2026-04-24T02:53:35.228293,live
Sola,Basic Asymmetric Longsleeve Top,top,"pper-hip length shirt Discreet external SOLÁ tag on the hem 95% Modal / 5% Spandex Machine Wash Cold with Like Colors, Only Non-C","{""modal"": 95.0, ""elastane"": 5.0}",modal,95.0,high,philippine,PH,https://sola.com.ph/collections/essentialwear-tops/products/basic-asymmetric-longsleeve-top,2026-04-24T02:53:36.339439,live
Sola,Basic Tube Top w/ Side Slit,top,"slit Lower-hip length Discreet external SOLÁ tag on the hem 95% Modal / 5% Spandex Machine Wash Cold with Like Colors, Only Non-C","{""modal"": 95.0, ""elastane"": 5.0}",modal,95.0,high,philippine,PH,https://sola.com.ph/collections/essentialwear-tops/products/basic-tube-top-w-side-slit,2026-04-24T02:53:37.496815,live
Gymshark,Vital Sweetheart Neck Crop Top,top,"t Cropped length Model is 5'9"" and wears S MATERIALS & CARE 96% Nylon, 4% Elastane SKU: B5C9W-KDFX Not sure what size to choose?","{""nylon"": 96.0, ""elastane"": 4.0}",nylon,0.0,low,international,GLOBAL,https://www.gymshark.com/products/gymshark-vital-sweetheart-neck-crop-top-ls-tops-pink-ss26-b5c9w-kdfx,2026-04-24T02:53:45.092064,live
Gymshark,Adapt Animal X Whitney Long Sleeve Crop Top,top,"h Light support Model is 5'10"" and wears S MATERIALS & CARE 79% Nylon, 15% Polyester, 6% Elastane SKU: B5C9X-BDRD Not sure what s","{""nylon"": 79.0, ""polyester"": 15.0, ""elastane"": 6.0}",nylon,0.0,low,international,GLOBAL,https://www.gymshark.com/products/gymshark-adapt-animal-x-whitney-long-sleeve-crop-top-ls-tops-black-ss26,2026-04-24T02:53:47.661976,live
Gymshark,Halter Neck Cami with Shelf,top,"ular length Model is 5'9"" and wears size S MATERIALS & CARE 78% Polyester, 22% Elastane SKU: B8A5T-NBZC Delivery & Returns Delivery &","{""polyester"": 78.0, ""elastane"": 22.0}",polyester,0.0,low,international,GLOBAL,https://www.gymshark.com/products/gymshark-halter-neck-cami-with-shelf-sleeveless-tops-brown-ss26,2026-04-24T02:53:49.970751,live
Gymshark,Lift Seamless Tank with Shelf,top,"th Light support Model is 5'9"" and wears S MATERIALS & CARE 61% Nylon, 31% Polyester, 8% Elastane SKU: B6B8Q-BCPV Delivery & Retu","{""nylon"": 61.0, ""polyester"": 31.0, ""elastane"": 8.0}",nylon,0.0,low,international,GLOBAL,https://www.gymshark.com/products/gymshark-lift-seamless-tank-with-shelf-sleeveless-tops-black-ss26,2026-04-24T02:53:52.397971,live
Gymshark,To From Cut Off Tee,t-shirt,"t Cropped length Model is 5'8"" and wears S MATERIALS & CARE 100% Cotton 260gsm SKU: B5C7V-WD9L Delivery & Returns Delivery & Return","{""cotton"": 100.0}",cotton,100.0,high,international,GLOBAL,https://www.gymshark.com/products/gymshark-to-from-cut-off-tee-sleeveless-tops-white-ss26,2026-04-24T02:53:54.714745,live
Gymshark,Training Oversized T-Shirt,t-shirt,"ersized fit Model is 5'9"" and wears size S MATERIALS & CARE 100% Cotton SKU: B1A7M-RBQW Delivery & Returns Delivery & Returns Stand","{""cotton"": 100.0}",cotton,100.0,high,international,GLOBAL,https://www.gymshark.com/products/gymshark-training-oversized-t-shirt-ss-tops,2026-04-24T02:53:58.036462,live
Gymshark,Collegiate Graphic T-Shirt,t-shirt,"ular length Model is 5'9"" and wears size S MATERIALS & CARE 100% Cotton 220gsm, heavyweight fabric SKU: B4C7W-BB3L Delivery & Retur","{""cotton"": 100.0}",cotton,100.0,high,international,GLOBAL,https://www.gymshark.com/products/gymshark-collegiate-graphic-t-shirt-ss-tops,2026-04-24T02:54:00.485199,live
Gymshark,Adapt Animal X Whitney Tank Top with Shelf,top,"th Light support Model is 5'8"" and wears S MATERIALS & CARE 79% Nylon, 14% Polyester, 7% Elastane SKU: B5C7O-BDQR Not sure what s","{""nylon"": 79.0, ""polyester"": 14.0, ""elastane"": 7.0}",nylon,0.0,low,international,GLOBAL,https://www.gymshark.com/products/gymshark-adapt-animal-tank-top-with-shelf-sleeveless-tops-black-ss26,2026-04-24T02:54:02.842601,live
Gymshark,Interval Seamless Midi Tank,top,"idi length Model is 5'10"" and wears size S MATERIALS & CARE 59% Nylon, 31% Polyester, 10% Elastane​ SKU: B6B1J-KDMG Not sure what","{""nylon"": 59.0, ""polyester"": 31.0, ""elastane"": 10.0}",nylon,0.0,low,international,GLOBAL,https://www.gymshark.com/products/gymshark-interval-seamless-midi-tank-sleeveless-tops-electric-pink-ss26,2026-04-24T02:54:05.322740,live
Gymshark,Lift Seamless Short Sleeve Top,top,"port Midi length Model is 5'9"" and wears S MATERIALS & CARE 90% Nylon, 10% Elastane SKU: B6B4Q-NBZG Delivery & Returns Delivery &","{""nylon"": 90.0, ""elastane"": 10.0}",nylon,0.0,low,international,GLOBAL,https://www.gymshark.com/products/gymshark-lift-seamless-short-sleeve-top-ss-tops-brown-ss26,2026-04-24T02:54:09.550990,live
Gymshark,Glutey Calls Graphic T-Shirt,t-shirt,"T Oversized fit Model is 5'10"" and wears S MATERIALS & CARE 100% Cotton SKU: B6B5Z-GBCN Delivery & Returns Delivery & Returns Stand","{""cotton"": 100.0}",cotton,100.0,high,international,GLOBAL,https://www.gymshark.com/products/gymshark-glutey-calls-graphic-t-shirt-ss-tops-grey-ss26,2026-04-24T02:54:11.814730,live
Gymshark,Vital Tank With Shelf,top,"Regular length Model is  5'9"" and wears S MATERIALS & CARE 96% Nylon, 4% Elastane SKU: B4C6D-YBTX Not sure what size to choose?","{""nylon"": 96.0, ""elastane"": 4.0}",nylon,0.0,low,international,GLOBAL,https://www.gymshark.com/products/gymshark-vital-tank-with-shelf-sleeveless-tops-yellow-ss26,2026-04-24T02:54:17.015694,live
Gymshark,Everyday Seamless Tank With Shelf,top,"Midi length Model is 5'8"" and wears size S MATERIALS & CARE 86% Nylon, 14% Elastane Note: The Everyday collection isn't designed","{""nylon"": 86.0, ""elastane"": 14.0}",nylon,0.0,low,international,GLOBAL,https://www.gymshark.com/products/gymshark-everyday-seamless-tank-with-shelf-sleeveless-tops-blue-aw25,2026-04-24T02:54:19.448420,live
Gymshark,Vital Seamless 2.0 Light T-Shirt,t-shirt,"Raglan sleeves Model is 5'9"" and wears XS MATERIALS & CARE 100% Nylon 127gsm, lightweight fabric SKU: B2A4I-UD6Z Not sure what si","{""nylon"": 100.0}",nylon,0.0,low,international,GLOBAL,https://www.gymshark.com/products/gymshark-vital-light-t-shirt-ss-tops-blue-ss26-b2a4i-ud6z,2026-04-24T02:54:22.294179,live
Gymshark,Run Club Graphic Short Sleeve T-Shirt,t-shirt,"rsized fit Model is 5'7 1/2""  and wears XS MATERIALS & CARE 100% Cotton SKU: B6B6A-WCMY Delivery & Returns Delivery & Returns Stand","{""cotton"": 100.0}",cotton,100.0,high,international,GLOBAL,https://www.gymshark.com/products/gymshark-run-club-graphic-short-sleeve-t-shirt-ss-tops-white-ss26,2026-04-24T02:54:24.822273,live
Gymshark,Power Washed Long Sleeve Top,top,"T Oversized fit Model is 5'10"" and wears S MATERIALS & CARE 100% Cotton 330gsm, heavyweight fabric Due to the nature of this produc","{""cotton"": 100.0}",cotton,100.0,high,international,GLOBAL,https://www.gymshark.com/products/gymshark-power-washed-long-sleeve-top-ls-tops,2026-04-24T02:54:37.310100,live
Gymshark,Vital Seamless Light Long Sleeve Top,top,"Raglan sleeves Model is 5'9"" and wears XS MATERIALS & CARE 100% Nylon 127gsm, lightweight fabric SKU: B4A8C-KDFX Not sure what si","{""nylon"": 100.0}",nylon,0.0,low,international,GLOBAL,https://www.gymshark.com/products/gymshark-vital-light-long-sleeve-top-ls-tops-pink-ss26-b4a8c-kdfx,2026-04-24T02:54:39.872308,live
Gymshark,Interval Seamless Short Sleeve Crop Top,top,"ped length Model is 5'10"" and wears size S MATERIALS & CARE 59% Nylon, 31% Polyester, 10% Elastane​ SKU: B6B1K-KDMG Not sure what","{""nylon"": 59.0, ""polyester"": 31.0, ""elastane"": 10.0}",nylon,0.0,low,international,GLOBAL,https://www.gymshark.com/products/gymshark-interval-seamless-short-sleeve-crop-top-ss-tops-electric-pink-ss26,2026-04-24T02:54:53.362110,live
Gymshark,Training Baby Tee,t-shirt,"ngth • Model is 5'8"" and wears a size XS MATERIALS & CARE • 78%  Polyester, 22% Elastane SKU: B3B9F-WB57 Delivery & Returns Delivery &","{""polyester"": 78.0, ""elastane"": 22.0}",polyester,0.0,low,international,GLOBAL,https://www.gymshark.com/products/gymshark-training-baby-tee-white-ss25,2026-04-24T02:54:55.245124,live
Gymshark,Everyday Seamless Tight Fit Crew Neck Tee,t-shirt,"IT Body fit Model is 5'9"" and wears size S MATERIALS & CARE 86% Nylon, 14% Elastane SKU: B3B1O-UD6S Not sure what size to choose?","{""nylon"": 86.0, ""elastane"": 14.0}",nylon,0.0,low,international,GLOBAL,https://www.gymshark.com/products/gymshark-everyday-seamless-tight-fit-crew-neck-tee-ss-tops,2026-04-24T02:54:57.584790,live
Gymshark,Everyday Seamless Ribbed Tank,top,"t Regular length Model is 5'9"" and wears S MATERIALS & CARE 92% Nylon, 8% Elastane SKU: B5C9P-BB2J Not sure what size to choose?","{""nylon"": 92.0, ""elastane"": 8.0}",nylon,0.0,low,international,GLOBAL,https://www.gymshark.com/products/gymshark-everyday-seamless-ribbed-tank-sleeveless-tops-black-ss26,2026-04-24T02:55:07.810486,live
Gymshark,Adapt Fleck x Whitney Tank With Shelf,top,"idi length Model is 5'10"" and wears size S MATERIALS & CARE 80% Nylon, 14% Polyester, 6% Elastane SKU: B5C1E-UD7Z Delivery & Retu","{""nylon"": 80.0, ""polyester"": 14.0, ""elastane"": 6.0}",nylon,0.0,low,international,GLOBAL,https://www.gymshark.com/products/gymshark-adapt-fleck-x-whitney-tank-with-shelf-sleeveless-tops-blue-ss26,2026-04-24T02:55:13.069112,live
Gymshark,GS Power Oversized T-Shirt,t-shirt,"rsized fit Model is 5'10"" and wears size S MATERIALS & CARE 64% Cotton, 33% Polyester, 3% Elastane 160 gsm SKU: B4A7O-KDFX Deliver","{""cotton"": 64.0, ""polyester"": 33.0, ""elastane"": 3.0}",cotton,64.0,medium,international,GLOBAL,https://www.gymshark.com/products/gymshark-power-oversized-t-shirt-ss-tops-pink-ss26,2026-04-24T02:55:15.547166,live
Gymshark,Everyday Seamless Long Sleeve Crop Top,top,"ped length Model is 5'8"" and wears size XS MATERIALS & CARE 86% Nylon, 14% Elastane SKU: B7A2S-PCDS Not sure what size to choose?","{""nylon"": 86.0, ""elastane"": 14.0}",nylon,0.0,low,international,GLOBAL,https://www.gymshark.com/products/gymshark-everyday-seamless-long-sleeve-crop-top-crop-tops-purple-aw25,2026-04-24T02:55:20.477795,live
Gymshark,Everyday Seamless Long Sleeve Top,top,"egular fit Model is 5'10"" and wears size S MATERIALS & CARE 100% Nylon SKU: B8A4Q-BB2J Not sure what size to choose? Check out our","{""nylon"": 100.0}",nylon,0.0,low,international,GLOBAL,https://www.gymshark.com/products/gymshark-everyday-seamless-long-sleeve-top-black-ss24,2026-04-24T02:55:27.350682,live
Gymshark,Everyday Seamless Crop Tank,top,"pped length Model is 5'9"" and wears size S MATERIALS & CARE 86% Nylon, 14% Elastane SKU: B7A3H-NBZG Not sure what size to choose?","{""nylon"": 86.0, ""elastane"": 14.0}",nylon,0.0,low,international,GLOBAL,https://www.gymshark.com/products/gymshark-everyday-seamless-crop-tank-sleeveless-tops-brown-ss26,2026-04-24T02:55:30.102652,live
Gymshark,Worn Crest Graphic Baby Tee,t-shirt,"fit Midi length Model is 5'9"" and wears S MATERIALS & CARE 95% Cotton, 5% Elastane SKU: B6B5X-UD6S Delivery & Returns Delivery &","{""cotton"": 95.0, ""elastane"": 5.0}",cotton,95.0,high,international,GLOBAL,https://www.gymshark.com/products/gymshark-worn-crest-graphic-baby-tee-ss-tops-blue-ss26,2026-04-24T02:55:32.393145,live
Gymshark,Stacked Graphic Short Sleeve T-Shirt,t-shirt,"T Oversized fit Model is 5'9"" and wears XS MATERIALS & CARE 100% Cotton SKU: B6B4V-BB2J Delivery & Returns Delivery & Returns Stand","{""cotton"": 100.0}",cotton,100.0,high,international,GLOBAL,https://www.gymshark.com/products/gymshark-stacked-graphic-short-sleeve-t-shirt-ss-tops-black-ss26,2026-04-24T02:55:35.178322,live
Gymshark,Adapt Animal X Whitney Short Sleeve Top,top,"idi length Model is 5'10"" and wears size S MATERIALS & CARE 79% Nylon, 14% Polyester, 7% Elastane SKU: B6B4N-BDQT Not sure what s","{""nylon"": 79.0, ""polyester"": 14.0, ""elastane"": 7.0}",nylon,0.0,low,international,GLOBAL,https://www.gymshark.com/products/gymshark-adapt-animal-short-sleeve-top-ss-tops-black-ss26,2026-04-24T02:56:04.743649,live
Gymshark,Luxe Tank,top,"length Body fit Model is 5'10"" and wears S MATERIALS & CARE 72% Nylon, 23% Polyester, 5% Elastane SKU: B5C5K-BB2J Delivery & Retu","{""nylon"": 72.0, ""polyester"": 23.0, ""elastane"": 5.0}",nylon,0.0,low,international,GLOBAL,https://www.gymshark.com/products/gymshark-selective-terry-tank-sleeveless-tops,2026-04-24T02:56:15.181585,live
Gymshark,Trace Graphic Oversized T-Shirt,t-shirt,"fit • Model is 5'8"" and wears a size XS MATERIALS & CARE • 100% Cotton • 180gsm SKU: B4B3P-WB57 Delivery & Returns Delivery & Retu","{""cotton"": 100.0}",cotton,100.0,high,international,GLOBAL,https://www.gymshark.com/products/gymshark-trace-graphic-oversized-t-shirt-ss-tops-white-ss25,2026-04-24T02:56:17.574503,live
Gymshark,Contrast Seamless Crop Top,top,"ength • Model Is 5'8"" and wears a size S MATERIALS & CARE • 90% Nylon, 10% Elastane SKU: B2C1F-NCNZ Delivery & Returns Delivery &","{""nylon"": 90.0, ""elastane"": 10.0}",nylon,0.0,low,international,GLOBAL,https://www.gymshark.com/products/gymshark-contrast-seamless-crop-top-crop-tops-brown-aw24,2026-04-24T02:56:27.648762,live
Gymshark,Pump Cover Structured Fleece Top,top,"ersized fit Model is 5'7"" and wears size S MATERIALS & CARE 100% Cotton 260gsm Due to the nature of this product, avoid contact wit","{""cotton"": 100.0}",cotton,100.0,high,international,GLOBAL,https://www.gymshark.com/products/gymshark-pump-cover-structured-fleece-top-ss-tops-1,2026-04-24T02:56:32.546475,live
Gymshark,Gymshark x Analis Cropped Polo - Soft White,polo,"ed length Model is 5'6"" and wears a size L MATERIALS & CARE 100% Cotton 250gsm, heavyweight fabric SKU: B4B4H-WCMY Delivery & Retur","{""cotton"": 100.0}",cotton,100.0,high,international,GLOBAL,https://www.gymshark.com/products/gymshark-gymshark-x-analis-cropped-polo-crop-tops-white-aw25,2026-04-24T02:56:35.049968,live
Gymshark,Apex Lift Seamless Long Sleeve Crop Top,top,"Midi length Model is 5'3""and wears size XS MATERIALS & CARE 75% Nylon, 18% Polyester, 7% Elastane SKU: B3C7T-PCFF Delivery & Retu","{""nylon"": 75.0, ""polyester"": 18.0, ""elastane"": 7.0}",nylon,0.0,low,international,GLOBAL,https://www.gymshark.com/products/gymshark-apex-lift-seamless-long-sleeve-crop-top-crop-tops-purple-aw25,2026-04-24T02:56:38.041662,live
Gymshark,Vital Crop Top,top,"length • Model is 5'8"" and wears size S MATERIALS & CARE • 96% Nylon, 4% Elastane • Machine wash cold with the same or similar c","{""nylon"": 96.0, ""elastane"": 4.0}",nylon,0.0,low,international,GLOBAL,https://www.gymshark.com/products/gymshark-vital-seamless-2-0-crop-top-black-marl-ss23,2026-04-24T02:56:46.056433,live
Gymshark,Soft Sculpt Halterneck Tank With Shelf,top,"port Midi length Model is 5'9"" and wears S MATERIALS & CARE 88% Nylon, 12% Elastane SKU: B4C6J-ECJF Delivery & Returns Delivery &","{""nylon"": 88.0, ""elastane"": 12.0}",nylon,0.0,low,international,GLOBAL,https://www.gymshark.com/products/gymshark-soft-sculpt-halterneck-tank-with-shelf-sleeveless-tops-green-aw25,2026-04-24T02:56:48.040148,live
Gymshark,Waffle Cropped Tank,top,"ped length Model is 5'8"" and wears size XS MATERIALS & CARE 61% Viscose, 30% Polyester, 9% Elastane 300gsm SKU: B3B2G-NC0S Delivery","{""viscose"": 61.0, ""polyester"": 30.0, ""elastane"": 9.0}",viscose,61.0,medium,international,GLOBAL,https://www.gymshark.com/products/gymshark-waffle-cropped-tank-crop-tops-brown-aw25,2026-04-24T02:56:50.651079,live
Gymshark,Adapt Animal Long Sleeve Crop Top,top,"Body fit Model is 5’5” and wears a size S MATERIALS & CARE 82% Nylon, 12% Polyester, 6% Elastane SKU: B4C2Z-UDXV Delivery & Retu","{""nylon"": 82.0, ""polyester"": 12.0, ""elastane"": 6.0}",nylon,0.0,low,international,GLOBAL,https://www.gymshark.com/products/gymshark-adapt-animal-long-sleeve-crop-top-crop-tops-blue-aw25-1,2026-04-24T02:57:00.169896,live
Gymshark,Adapt Fleck Seamless Crop Top,top,"length • Model is 5'9"" and wears size XS MATERIALS & CARE • 79% Nylon, 15% Polyester, 6% Elastane • Seamless construction SKU: B6","{""nylon"": 79.0, ""polyester"": 15.0, ""elastane"": 6.0}",nylon,0.0,low,international,GLOBAL,https://www.gymshark.com/products/gymshark-adapt-fleck-seamless-crop-top-victory-green-unit-green-aw24,2026-04-24T02:57:02.053024,live
Gymshark,Everyday Seamless Midi Tube Top,top,"Midi length Model is 5'8"" and wears size S MATERIALS & CARE 86% Nylon, 14% Elastane SKU: B2C9P-WCMY Not sure what size to choose?","{""nylon"": 86.0, ""elastane"": 14.0}",nylon,0.0,low,international,GLOBAL,https://www.gymshark.com/products/gymshark-everyday-seamless-midi-tube-top-soft-white-ss25,2026-04-24T02:57:06.452320,live
Gymshark,Juicy Peach Short Sleeve T-Shirt,t-shirt,"T Oversized fit Model is 5'9"" and wears XS MATERIALS & CARE 100% Cotton 220 gsm, heavyweight fabric SKU: B4C8A-KC2X Delivery & Retu","{""cotton"": 100.0}",cotton,100.0,high,international,GLOBAL,https://www.gymshark.com/products/gymshark-juicy-peach-short-sleeve-t-shirt-ss-tops-pink-aw25,2026-04-24T02:57:08.879764,live
Gymshark,Piping Bandeau With Shelf,top,"idi length Model is 5'8"" and wears size XS MATERIALS & CARE 78% Polyester, 22% Elastane SKU: B4C2X-NC87 Delivery & Returns Delivery &","{""polyester"": 78.0, ""elastane"": 22.0}",polyester,0.0,low,international,GLOBAL,https://www.gymshark.com/products/gymshark-piping-bandeau-with-shelf-crop-tops-brown-aw25,2026-04-24T02:57:14.285524,live
Gymshark,Juicy Peach Long Sleeve T-Shirt,t-shirt,"T Oversized fit Model is 5'9"" and wears XS MATERIALS & CARE 100% Cotton 220gsm, heavyweight fabric SKU: B4C8F-BB2J Delivery & Retur","{""cotton"": 100.0}",cotton,100.0,high,international,GLOBAL,https://www.gymshark.com/products/gymshark-juicy-peach-long-sleeve-t-shirt-ls-tops-black-aw25,2026-04-24T02:57:16.363009,live
Gymshark,Piping Long Sleeve Crop Top,top,"ped length Model is 5'8"" and wears size XS MATERIALS & CARE 78% Polyester, 22% Elastane Delivery & Returns Delivery & Returns Standar","{""polyester"": 78.0, ""elastane"": 22.0}",polyester,0.0,low,international,GLOBAL,https://www.gymshark.com/products/gymshark-piping-long-sleeve-crop-top-crop-tops-blue-aw25,2026-04-24T02:57:19.275460,live
Gymshark,SuperSoft T-Shirt,t-shirt,"fit Midi length Model is 5'9"" and wears S MATERIALS & CARE 96% Polyester, 4% Elastane 220gsm SKU: B5B4O-GBCN Delivery & Returns Deli","{""polyester"": 96.0, ""elastane"": 4.0}",polyester,0.0,low,international,GLOBAL,https://www.gymshark.com/products/gymshark-supersoft-t-shirt-ss-tops-1,2026-04-24T02:57:30.001628,live
Gymshark,Vital Halter Neck Tank With Shelf,top,"ngth • Model is 5'8"" and wears a size XS MATERIALS & CARE • 96% Nylon, 4% Elastane SKU: B2C9L-NBFB Not sure what size to choose?","{""nylon"": 96.0, ""elastane"": 4.0}",nylon,0.0,low,international,GLOBAL,https://www.gymshark.com/products/gymshark-vital-seamless-halter-neck-tank-crop-tops-brown-ss25,2026-04-24T02:57:34.927960,live
Gymshark,Adapt Houndstooth Midi Top,top,"fit Midi length Model is 5'9"" and wears XS MATERIALS & CARE 82% Nylon, 13% Polyester, 5% Elastane SKU: B5B8H-KC4M Delivery & Retu","{""nylon"": 82.0, ""polyester"": 13.0, ""elastane"": 5.0}",nylon,0.0,low,international,GLOBAL,https://www.gymshark.com/products/gymshark-adapt-houndstooth-midi-top-crop-tops-pink-aw25-1,2026-04-24T02:57:43.585537,live
Gymshark,Dark Energy Mesh Tank,top,"Regular length Model is 5'9"" and wears XS MATERIALS & CARE 89% Nylon, 11% Elastane SKU: B6B9C-BB2J Delivery & Returns Delivery &","{""nylon"": 89.0, ""elastane"": 11.0}",nylon,0.0,low,international,GLOBAL,https://www.gymshark.com/products/gymshark-dark-energy-mesh-tank-sleeveless-tops,2026-04-24T02:57:51.113342,live
Gymshark,Flow Long Sleeve Crop Top with Cups,top,"t Cropped length Model is 5'9"" and wears S MATERIALS & CARE 92% Polyester, 8% Elastane SKU: B4C3I-PCDY Delivery & Returns Delivery &","{""polyester"": 92.0, ""elastane"": 8.0}",polyester,0.0,low,international,GLOBAL,https://www.gymshark.com/products/gymshark-flow-long-sleeve-crop-top-with-cups-ls-tops,2026-04-24T02:57:53.385011,live
Gymshark,Soft Sculpt T-Shirt With Shelf,t-shirt,"port Midi length Model is 5'9"" and wears S MATERIALS & CARE 88% Nylon, 12% Elastane SKU: B4C4Q-UDR2 Delivery & Returns Delivery &","{""nylon"": 88.0, ""elastane"": 12.0}",nylon,0.0,low,international,GLOBAL,https://www.gymshark.com/products/gymshark-soft-sculpt-t-shirt-with-shelf-crop-tops-blue-aw25-1,2026-04-24T02:58:01.060591,live
Gymshark,Corset Long Sleeve Crop Top,top,"t Cropped length Model is 5'9"" and wears S MATERIALS & CARE 78% Nylon, 22% Elastane SKU: B6B9V-BB2J Delivery & Returns Delivery &","{""nylon"": 78.0, ""elastane"": 22.0}",nylon,0.0,low,international,GLOBAL,https://www.gymshark.com/products/gymshark-corset-long-sleeve-crop-top-ls-tops,2026-04-24T02:58:03.376793,live
Gymshark,Corset Tank Top,top,"t Regular length Model is 5'9"" and wears S MATERIALS & CARE 78% Nylon, 22% Elastane SKU: B6B9W-BB2J Delivery & Returns Delivery &","{""nylon"": 78.0, ""elastane"": 22.0}",nylon,0.0,low,international,GLOBAL,https://www.gymshark.com/products/gymshark-corset-tank-top-sleeveless-tops,2026-04-24T02:58:08.565958,live
Gymshark,Vital Warm Long Sleeve Top,top,"Regular length Model is 5'10"" and wears S MATERIALS & CARE 96% Nylon, 4% Elastane SKU: B4C5T-BBF3 Not sure what size to choose?","{""nylon"": 96.0, ""elastane"": 4.0}",nylon,0.0,low,international,GLOBAL,https://www.gymshark.com/products/gymshark-vital-seamless-warm-long-sleeve-top-ls-tops-black-aw25,2026-04-24T02:58:18.615646,live
Gymshark,Gymshark x Analis Cropped Polo - Midnight Blue,polo,"ed length Model is 5'0"" and wears a size S MATERIALS & CARE 100% Cotton 250gsm, heavyweight fabric SKU: B4B4H-UB9N Delivery & Retur","{""cotton"": 100.0}",cotton,100.0,high,international,GLOBAL,https://www.gymshark.com/products/gymshark-gymshark-x-analis-cropped-polo-crop-tops-blue-aw25,2026-04-24T02:58:27.073890,live
Gymshark,Vital Long Line Top,top,"ength • Model is 5'8"" and wears a size S MATERIALS & CARE • 96% Nylon, 4% Elastane SKU: B3A9E-UCW7 Not sure what size to choose?","{""nylon"": 96.0, ""elastane"": 4.0}",nylon,0.0,low,international,GLOBAL,https://www.gymshark.com/products/gymshark-vital-seamless-2-0-long-line-top-heavy-blue-marl-ss25,2026-04-24T02:58:36.895300,live
Gymshark,Conditioning Club Washed T-Shirt,t-shirt,"T Oversized fit Model is 5'10"" and wears M MATERIALS & CARE 100% Polyester SKU:  A4C5N-BDQV Not sure what size to choose? Check out ou","{""polyester"": 100.0}",polyester,0.0,low,international,GLOBAL,https://www.gymshark.com/products/gymshark-conditioning-club-washed-t-shirt-ss-tops-black-aw26,2026-04-24T02:58:42.022481,live
Gymshark,Legacy Drop Arm Tank,top,"Slim fit Model is 5'11"" and wears size XL MATERIALS & CARE 95% Cotton, 5% Elastane 180gsm SKU: A5A2Z-KC2J Delivery & Returns Deli","{""cotton"": 95.0, ""elastane"": 5.0}",cotton,95.0,high,international,GLOBAL,https://www.gymshark.com/products/gymshark-legacy-drop-arm-tank-sleeveless-tops-pink-ss26,2026-04-24T02:58:44.450343,live
Gymshark,Olde English T-Shirt,t-shirt,"Oversized fit Model is 5'11"" and wears XL MATERIALS & CARE 100% Cotton 220gsm, heavyweight fabric SKU: A3B5Y-GC3C Delivery & Retur","{""cotton"": 100.0}",cotton,100.0,high,international,GLOBAL,https://www.gymshark.com/products/gymshark-olde-english-t-shirt-ss-tops-grey-ss26,2026-04-24T02:58:48.540728,live
Gymshark,Element Baselayer T-Shirt,t-shirt,"econd skin Model is 5'10"" and wears size M MATERIALS & CARE 84% Polyester, 16% Elastane SKU: A2B4C-RB12 Delivery & Returns Delivery &","{""polyester"": 84.0, ""elastane"": 16.0}",polyester,0.0,low,international,GLOBAL,https://www.gymshark.com/products/gymshark-element-baselayer-t-shirt-ss-tops-red-ss26,2026-04-24T02:58:51.021369,live
Gymshark,Crest T-Shirt,t-shirt,"lar fit • Model is 6'0"" and wears size M MATERIALS & CARE • 100% Cotton SKU: A1A3J-WBBM Delivery & Returns Delivery & Returns Stand","{""cotton"": 100.0}",cotton,100.0,high,international,GLOBAL,https://www.gymshark.com/products/gymshark-crest-t-shirt-white-aw21,2026-04-24T02:58:53.497213,live
Gymshark,Power Stringer,top,"Regular length Model is 5'11"" and wears XL MATERIALS & CARE 100% Cotton 220gsm, heavyweight fabric SKU: A4B4A-GBBB Delivery & Retur","{""cotton"": 100.0}",cotton,100.0,high,international,GLOBAL,https://www.gymshark.com/products/gymshark-power-stringer-sleeveless-tops-grey-aw25,2026-04-24T02:58:58.520983,live
Gymshark,Vital Seamless T-Shirt,t-shirt,"T Slim fit Model is 5'10"" and wears size M MATERIALS & CARE 65% Nylon, 35% Polyester 187gsm, lightweight fabric SKU: A2B5P-UD79 D","{""nylon"": 65.0, ""polyester"": 35.0}",nylon,0.0,low,international,GLOBAL,https://www.gymshark.com/products/gymshark-vital-t-shirt-ss-tops,2026-04-24T02:59:04.328233,live
Gymshark,Element Baselayer Long Sleeve T-Shirt,t-shirt,"econd skin Model is 5'10"" and wears size M MATERIALS & CARE 84% Polyester, 16% Elastane SKU: A2B5M-BC8K Delivery & Returns Delivery &","{""polyester"": 84.0, ""elastane"": 16.0}",polyester,0.0,low,international,GLOBAL,https://www.gymshark.com/products/gymshark-element-baselayer-long-sleeve-t-shirt-ls-tops,2026-04-24T02:59:06.716739,live
Gymshark,Power Cut Off Tank,top,"ized fit Model is 5'11""  and wears size XL MATERIALS & CARE 95% Cotton, 5% Elastane 180gsm SKU: A4B9U-BCYL Delivery & Returns Deli","{""cotton"": 95.0, ""elastane"": 5.0}",cotton,95.0,high,international,GLOBAL,https://www.gymshark.com/products/gymshark-power-cut-off-tank-sleeveless-tops-black-aw25,2026-04-24T02:59:14.743407,live
Gymshark,Arrival Oversized T-Shirt,t-shirt,"ew neck • Model is 6'0"" and wears size M MATERIALS & CARE • 100% Polyester • Sweat-wicking fabric SKU: A6A4W-BB2J Delivery & Returns D","{""polyester"": 100.0}",polyester,0.0,low,international,GLOBAL,https://www.gymshark.com/products/gymshark-oversized-performance-t-shirt-black-ss24,2026-04-24T02:59:17.369818,live
Gymshark,GSCC Graphic T-Shirt,t-shirt,"T Oversized fit Model is 5'10"" and wears M MATERIALS & CARE 100% Polyester SKU: A4C8E-BB2J Delivery & Returns Delivery & Returns Stand","{""polyester"": 100.0}",polyester,0.0,low,international,GLOBAL,https://www.gymshark.com/products/gymshark-gscc-graphic-t-shirt-ss-tops-black-ss26,2026-04-24T02:59:22.177900,live
Gymshark,Crest Long Sleeve T-Shirt,t-shirt,"lar fit • Model is 6'0"" and wears size M MATERIALS & CARE • 100% Cotton SKU: A1A9E-UBCY Delivery & Returns Delivery & Returns Stand","{""cotton"": 100.0}",cotton,100.0,high,international,GLOBAL,https://www.gymshark.com/products/gymshark-crest-long-sleeve-t-shirt-navy-aw22,2026-04-24T02:59:24.931343,live
Gymshark,Power T-Shirt,t-shirt,"sized fit Model is 5'11"" and wears size XL MATERIALS & CARE 95% Cotton, 5% Elastane 180 gsm SKU:  A4B9W-BCYL Delivery & Returns De","{""cotton"": 95.0, ""elastane"": 5.0}",cotton,95.0,high,international,GLOBAL,https://www.gymshark.com/products/gymshark-power-t-shirt-ss-tops-black-aw25-4,2026-04-24T02:59:26.935112,live
Gymshark,Critical Tank,top,"Slim fit Model is 5'11"" and wears size XL MATERIALS & CARE 57% Cotton, 38% Polyester, 5% Elastane SKU: A2A1E-GB7R Delivery & Retu","{""cotton"": 57.0, ""polyester"": 38.0, ""elastane"": 5.0}",cotton,57.0,medium,international,GLOBAL,https://www.gymshark.com/products/gymshark-critical-tank-sleeveless-tops,2026-04-24T02:59:31.893381,live
Gymshark,Shadow Seamless T Shirt,shirt,"FIT Muscle fit Model is 5'11"" and wears XL MATERIALS & CARE 90% Nylon, 10% Elastane SKU: A1B2A-BC8K Delivery & Returns Delivery &","{""nylon"": 90.0, ""elastane"": 10.0}",nylon,0.0,low,international,GLOBAL,https://www.gymshark.com/products/gymshark-shadow-seamless-t-shirt-ss-tops,2026-04-24T02:59:43.211759,live
Gymshark,Critical Stringer,top,"ength • Model is 5'9"" and wears a size M MATERIALS & CARE • 57% Cotton, 38% Polyester, 5% Elastane SKU: A1A2P-BB2J Delivery & Retu","{""cotton"": 57.0, ""polyester"": 38.0, ""elastane"": 5.0}",cotton,57.0,medium,international,GLOBAL,https://www.gymshark.com/products/gymshark-critical-stringer-sleeveless-tops-black-ss25,2026-04-24T02:59:45.294129,live
Gymshark,Ribbed T-Shirt,t-shirt,"ngth • Model is 5'10"" and wears a size M MATERIALS & CARE • 90% Cotton, 5% Nylon, 5% Viscose SKU: A2B5T-BB2J Delivery & Returns De","{""cotton"": 90.0, ""nylon"": 5.0, ""viscose"": 5.0}",cotton,95.0,high,international,GLOBAL,https://www.gymshark.com/products/gymshark-ribbed-t-shirt-ss-tops-black-ss25,2026-04-24T02:59:47.601496,live
Gymshark,Geo Seamless T-Shirt,t-shirt,"Slim fit Model is 5'11"" and wears size XL MATERIALS & CARE 69% Polyester, 31% Nylon SKU: A5A2D-UD8L Delivery & Returns Delivery & Re","{""polyester"": 69.0, ""nylon"": 31.0}",polyester,0.0,low,international,GLOBAL,https://www.gymshark.com/products/gymshark-geo-seamless-t-shirt-ss-tops-blue-ss26,2026-04-24T02:59:50.674512,live
Gymshark,Lightweight Seamless T-Shirt,t-shirt,"t Regular length Model is 6'2"" and wears L MATERIALS & CARE 50% Polyester, 50% Nylon SKU: A2C7M-EDFL Delivery & Returns Delivery & Re","{""polyester"": 50.0, ""nylon"": 50.0}",polyester,0.0,low,international,GLOBAL,https://www.gymshark.com/products/gymshark-lightweight-seamless-t-shirt-ss-tops-green-ss26,2026-04-24T02:59:53.184762,live
Gymshark,Arrival T-Shirt,t-shirt,"leeves and crew neck - Heat-sealed Gymshark logo to chest - 100% Polyester - Model is 5 '11"" and wears size M - SKU: A2A1J-WBBM Delive","{""polyester"": 100.0}",polyester,0.0,low,international,GLOBAL,https://www.gymshark.com/products/gymshark-arrival-regular-fit-t-shirt-white-ss22,2026-04-24T02:59:55.359121,live
Gymshark,Built For More T-Shirt,t-shirt,"& FIT Slim fit Model is 5'10"" and wears M MATERIALS & CARE 91% Polyester, 9% Elastane SKU: A4C5C-BB2J Delivery & Returns Delivery &","{""polyester"": 91.0, ""elastane"": 9.0}",polyester,0.0,low,international,GLOBAL,https://www.gymshark.com/products/gymshark-built-for-more-t-shirt-ss-tops,2026-04-24T02:59:59.439421,live
Gymshark,Legacy T-Shirt,t-shirt,"Slim fit Model is 5'11"" and wears size XL MATERIALS & CARE 95% Cotton, 5% Elastane 180gsm SKU: A5A3B-KC2J Delivery & Returns Deli","{""cotton"": 95.0, ""elastane"": 5.0}",cotton,95.0,high,international,GLOBAL,https://www.gymshark.com/products/gymshark-legacy-t-shirt-ss-tops-pink-ss26,2026-04-24T03:00:09.513808,live
Gymshark,Charge T-Shirt,t-shirt,"FIT Muscle fit Model is 5'11"" and wears XL MATERIALS & CARE 90% Nylon, 10% Elastane SKU: A4C9Y-BDQX Delivery & Returns Delivery &","{""nylon"": 90.0, ""elastane"": 10.0}",nylon,0.0,low,international,GLOBAL,https://www.gymshark.com/products/gymshark-charge-t-shirt-ss-tops-black-ss26-a4c9y-bdqx,2026-04-24T03:00:14.576003,live
Gymshark,Weekend T-Shirt,t-shirt,"fit Model is 5'10"" and wears M MATERIALS & CARE Main body: 94% Polyester, 6% Nylon Sleeves & shoulder panels: 100% Polyester SKU: A4","{""polyester"": 94.0, ""nylon"": 6.0}",polyester,0.0,low,international,GLOBAL,https://www.gymshark.com/products/gymshark-weekend-t-shirt-ss-tops-brown-ss26,2026-04-24T03:00:19.630624,live
Gymshark,Crest Oversized T-Shirt,t-shirt,"T Oversized fit Model is 5'10"" and wears M MATERIALS & CARE 100% Cotton SKU: A4C5A-UB9P Delivery & Returns Delivery & Returns Stand","{""cotton"": 100.0}",cotton,100.0,high,international,GLOBAL,https://www.gymshark.com/products/gymshark-crest-oversized-t-shirt-ss-tops-blue-ss26,2026-04-24T03:00:26.888100,live
Gymshark,Conditioning Club Washed Tank,top,"T Oversized fit Model is 5'10"" and wears M MATERIALS & CARE 100% Polyester SKU: A4C3Z-WFXT Not sure what size to choose? Check out our","{""polyester"": 100.0}",polyester,0.0,low,international,GLOBAL,https://www.gymshark.com/products/gymshark-conditioning-club-washed-tank-sleeveless-tops-white-ss26,2026-04-24T03:00:40.092359,live
Gymshark,Arrival Long Sleeve T-Shirt,t-shirt,"sleeves - Crew neck - Heat-sealed Gymshark logo to chest - 100% Polyester - Model is 6'0"" and wears size M - SKU: A2A1H-BBBB Delivery","{""polyester"": 100.0}",polyester,0.0,low,international,GLOBAL,https://www.gymshark.com/products/gymshark-arrival-long-sleeve-t-shirt-black-ss22,2026-04-24T03:00:48.380595,live
Gymshark,Critical Cut Off Tank,top,"Slim fit Model is 5'11"" and wears size XL MATERIALS & CARE 57% Cotton, 38% Polyester, 5% Elastane SKU: A1A2S-GB7R Delivery & Retu","{""cotton"": 57.0, ""polyester"": 38.0, ""elastane"": 5.0}",cotton,57.0,medium,international,GLOBAL,https://www.gymshark.com/products/gymshark-critical-cut-off-tank-sleeveless-tops-grey-ss26,2026-04-24T03:01:03.259154,live
Gymshark,Strength T-Shirt,t-shirt,"Oversized fit Model is 5'11"" and wears XL MATERIALS & CARE 100% Cotton SKU: A3C4G-BB2J Delivery & Returns Delivery & Returns Stand","{""cotton"": 100.0}",cotton,100.0,high,international,GLOBAL,https://www.gymshark.com/products/gymshark-gymshark-strength-t-shirt-ss-tops-black-aw25,2026-04-24T03:01:40.182463,live
Gymshark,Collegiate Washed Jersey T-Shirt,t-shirt,"IT Oversized fit Model is 6'0"" and wears M MATERIALS & CARE 100% Cotton 275gsm, heavyweight fabric SKU: A3B5L-BB2J Delivery & Retur","{""cotton"": 100.0}",cotton,100.0,high,international,GLOBAL,https://www.gymshark.com/products/gymshark-collegiate-washed-jersey-t-shirt-ss-tops-black-aw25,2026-04-24T03:01:52.860722,live
Gymshark,Ribbed Tank 1PK,top,"T Slim fit Model is 5'10"" and wears size M MATERIALS & CARE 90% Cotton, 5% Viscose, 5% Elastane 170gsm SKU: A5A8H-WB86 Delivery &","{""cotton"": 90.0, ""viscose"": 5.0, ""elastane"": 5.0}",cotton,95.0,high,international,GLOBAL,https://www.gymshark.com/products/gymshark-ribbed-tank-1pk-sleeveless-tops-white-aw25,2026-04-24T03:02:20.119157,live
Gymshark,Versatile Seamless Tank,top,"ngth • Model is 5'11"" and wears a size M MATERIALS & CARE • 51% Nylon, 49% Polyester SKU: A3B2V-GB8V Delivery & Returns Delivery","{""nylon"": 51.0, ""polyester"": 49.0}",nylon,0.0,low,international,GLOBAL,https://www.gymshark.com/products/gymshark-versatile-seamless-tank-sleeveless-tops-grey-ss25,2026-04-24T03:02:33.626791,live
Gymshark,Conditioning Club Oversized T-Shirt,t-shirt,"d fit • Model is 6'1"" and wears a size M MATERIALS & CARE • 100% Polyester SKU: A2B5Y-WB57 Not sure what size to choose? Check out our","{""polyester"": 100.0}",polyester,0.0,low,international,GLOBAL,https://www.gymshark.com/products/gymshark-conditioning-club-oversized-t-shirt-white-ss25,2026-04-24T03:02:36.234453,live
Gymshark,Interval Seamless Shorts,shorts,"on size M Model is 5'10"" and wears size S MATERIALS & CARE 59% Nylon, 31% Polyester, 10% Elastane​ SKU: B6B3K-KDFY Not sure what","{""nylon"": 59.0, ""polyester"": 31.0, ""elastane"": 10.0}",nylon,0.0,low,international,GLOBAL,https://www.gymshark.com/products/gymshark-interval-seamless-short-shorts-pink-ss26,2026-04-24T03:04:01.215375,live
Gymshark,Interval Seamless Light Support Sports Bra,underwear,"IT Light support Model is 5'4"" and wears S MATERIALS & CARE 59% Nylon, 31% Polyester, 10% Elastane​ SKU: B5C9R-UD6S Not sure what","{""nylon"": 59.0, ""polyester"": 31.0, ""elastane"": 10.0}",nylon,0.0,low,international,GLOBAL,https://www.gymshark.com/products/gymshark-interval-seamless-light-support-sports-bra-sports-bras-blue-ss26,2026-04-24T03:04:03.768172,live
Gymshark,Interval Seamless Leggings,activewear,"based on size M Model is 5'4"" and wears S MATERIALS & CARE 59% Nylon, 31% Polyester, 10% Elastane​ SKU: B6B2M-UD6S Not sure what","{""nylon"": 59.0, ""polyester"": 31.0, ""elastane"": 10.0}",nylon,0.0,low,international,GLOBAL,https://www.gymshark.com/products/gymshark-interval-seamless-legging-leggings-blue-ss26,2026-04-24T03:04:13.320078,live
Gymshark,Whitney Mid-High Rise Flared Leggings,activewear,"ength Flared leg Model is 5'6"" and wears M MATERIALS & CARE 78% Nylon, 22% Elastane SKU: B6B1Z-BB2J Not sure what size to choose?","{""nylon"": 78.0, ""elastane"": 22.0}",nylon,0.0,low,international,GLOBAL,https://www.gymshark.com/products/gymshark-whitney-mid-rise-flared-legging-leggings-black-ss26,2026-04-24T03:04:27.294631,live
Gymshark,Interval Seamless Medium Support Sports Bra,underwear,"T Medium support Model is 5'4"" and wears S MATERIALS & CARE 59% Nylon, 31% Polyester, 10% Elastane​ SKU: B5C9J-BB2J Not sure what","{""nylon"": 59.0, ""polyester"": 31.0, ""elastane"": 10.0}",nylon,0.0,low,international,GLOBAL,https://www.gymshark.com/products/gymshark-interval-seamless-medium-support-sports-bra-sports-bras-black-ss26,2026-04-24T03:04:31.529204,live
Gymshark,Minimal Sports Bra,underwear,"ht support Model is 5'10"" and wears size S MATERIALS & CARE 78% Polyester, 22% Elastane SKU: B3A2J-EDC3 Not sure what size to choose?","{""polyester"": 78.0, ""elastane"": 22.0}",polyester,0.0,low,international,GLOBAL,https://www.gymshark.com/products/gymshark-minimal-sports-bra-sports-bras-green-ss26-b3a2j-edc3,2026-04-24T03:04:36.948057,live
Gymshark,Ruched Sports Bra,underwear,"ium support Model is 5'9"" and wears size S MATERIALS & CARE 78% Polyester, 22% Elastane SKU: B2A7A-KDFX Delivery & Returns Delivery &","{""polyester"": 78.0, ""elastane"": 22.0}",polyester,0.0,low,international,GLOBAL,https://www.gymshark.com/products/gymshark-ruched-sports-bra-sports-bras-pink-ss26,2026-04-24T03:04:39.849876,live
Gymshark,Twist Front Sports Bra,underwear,"Medium support Model is 5'10"" and wears S MATERIALS & CARE 91% Nylon, 9% Elastane SKU: B5C6A-BB2J Delivery & Returns Delivery &","{""nylon"": 91.0, ""elastane"": 9.0}",nylon,0.0,low,international,GLOBAL,https://www.gymshark.com/products/gymshark-twist-front-sports-bra-sports-bras-black-ss26,2026-04-24T03:04:53.281445,live
Gymshark,Whitney Mid-High Rise Leggings,activewear,"IT Mid-high rise Model is 5'6"" and wears M MATERIALS & CARE 78% Nylon, 22% Elastane SKU: B6B2A-EDC3 Not sure what size to choose?","{""nylon"": 78.0, ""elastane"": 22.0}",nylon,0.0,low,international,GLOBAL,https://www.gymshark.com/products/gymshark-whitney-mid-high-rise-leggings-leggings-green-ss26,2026-04-24T03:04:59.419057,live
Gymshark,Interval Seamless Shrug,top,"T Body fit Model is 5'10"" and wears size S MATERIALS & CARE 59% Nylon, 31% Polyester, 10% Elastane​ SKU:  B5C8D-KDFY Not sure wha","{""nylon"": 59.0, ""polyester"": 31.0, ""elastane"": 10.0}",nylon,0.0,low,international,GLOBAL,https://www.gymshark.com/products/gymshark-interval-seamless-shrug-ls-tops-pink-ss26,2026-04-24T03:05:13.012872,live
Gymshark,To From Pants,pants,"d fit Mid-rise Model is 5'10"" and wears XS MATERIALS & CARE 100% Nylon 112gsm, lightweight fabric SKU: B5C8Q-UD8R Delivery & Retur","{""nylon"": 100.0}",nylon,0.0,low,international,GLOBAL,https://www.gymshark.com/products/gymshark-to-from-pant-pants-blue-ss26,2026-04-24T03:05:46.700914,live
Gymshark,To From Shorts,shorts,"based on size M Model is 5'8"" and wears S MATERIALS & CARE 100% Cotton 400gsm, heavyweight fabric SKU: B6B8V-GC3C Delivery & Retur","{""cotton"": 100.0}",cotton,100.0,high,international,GLOBAL,https://www.gymshark.com/products/gymshark-to-from-shorts-shorts-grey-ss26,2026-04-24T03:06:02.700172,live
Gymshark,Everyday Seamless Wide Neck Long Sleeve Top,top,"ular length Model is 5'7"" and wears size S MATERIALS & CARE 86% Nylon, 14% Elastane SKU: B5B5F-BB2J Not sure what size to choose?","{""nylon"": 86.0, ""elastane"": 14.0}",nylon,0.0,low,international,GLOBAL,https://www.gymshark.com/products/gymshark-everyday-seamless-wide-neck-long-sleeve-top-ls-tops-black-aw25,2026-04-24T03:06:12.166177,live
Gymshark,Whitney Short Flared Leggings,activewear,"Flared leg Model is 5'2"" and wears size S MATERIALS & CARE 78% Nylon, 22% Elastane SKU: B4C1S-BB2J Not sure what size to choose?","{""nylon"": 78.0, ""elastane"": 22.0}",nylon,0.0,low,international,GLOBAL,https://www.gymshark.com/products/gymshark-gymshark-x-whitney-simmons-short-flared-leggings-leggings-black-ss25,2026-04-24T03:06:16.409426,live
Gymshark,Pump Straight Leg Pants,pants,"n Regular length Model is 5'9"" and wears S MATERIALS & CARE 100% Cotton 400gsm, heavyweight fabric Due to the nature of this produc","{""cotton"": 100.0}",cotton,100.0,high,international,GLOBAL,https://www.gymshark.com/products/gymshark-pump-straight-leg-pant-pants-black-ss26,2026-04-24T03:06:21.481865,live
Gymshark,Cosy Luxe Zip Through Hoodie,hoodie,"lls at the waist Model is 5'9"" and wears S MATERIALS & CARE 58% Polyester, 42% Cotton 330gsm, heavyweight fabric SKU: B5B5P-GB7N Deli","{""polyester"": 58.0, ""cotton"": 42.0}",polyester,42.0,low,international,GLOBAL,https://www.gymshark.com/products/gymshark-cosy-luxe-zip-through-hoodie-pullovers-grey-aw25-1,2026-04-24T03:06:23.446187,live
Gymshark,Vital Sports Bra,underwear,"IT Light support Model is 5'9"" and wears S MATERIALS & CARE 96% Nylon, 4% Elastane SKU: B5C7S-UD6Z Delivery & Returns Delivery &","{""nylon"": 96.0, ""elastane"": 4.0}",nylon,0.0,low,international,GLOBAL,https://www.gymshark.com/products/gymshark-vital-sports-bra-sports-bras-blue-ss26-b5c7s-ud6z,2026-04-24T03:06:30.451069,live
Gymshark,Adapt Animal X Whitney Leggings,activewear,"based on size M Model is 5'8"" and wears XS MATERIALS & CARE 79% Nylon, 14% Polyester, 7% Elastane SKU: B6B2K-BDPR Not sure what s","{""nylon"": 79.0, ""polyester"": 14.0, ""elastane"": 7.0}",nylon,0.0,low,international,GLOBAL,https://www.gymshark.com/products/gymshark-adapt-animal-leggings-leggings-black-ss26,2026-04-24T03:06:49.689288,live
Gymshark,Training Oversized Fleece Hoodie,hoodie,"ed fit • Model is 5'8"" and wears size XS MATERIALS & CARE • 80% Cotton, 20% Polyester SKU: B5A7N-BB2J Delivery & Returns Delivery","{""cotton"": 80.0, ""polyester"": 20.0}",cotton,80.0,medium,international,GLOBAL,https://www.gymshark.com/products/gymshark-training-oversized-fleece-hoodie-black-aw23,2026-04-24T03:06:56.531630,live
Gymshark,Lift Seamless Sports Bra,underwear,"IT Light support Model is 5'6"" and wears S MATERIALS & CARE 90% Nylon, 10% Elastane SKU: B5C9A-BCG7 Delivery & Returns Delivery &","{""nylon"": 90.0, ""elastane"": 10.0}",nylon,0.0,low,international,GLOBAL,https://www.gymshark.com/products/gymshark-lift-seamless-sports-bra-sports-bras-black-ss26,2026-04-24T03:07:07.367902,live
Gymshark,Adapt Animal X Whitney Shorts,shorts,"based on size M Model is 5'10"" and wears S MATERIALS & CARE 79% Nylon, 14% Polyester, 7% Elastane SKU: B6B3H-BDPR Not sure what s","{""nylon"": 79.0, ""polyester"": 14.0, ""elastane"": 7.0}",nylon,0.0,low,international,GLOBAL,https://www.gymshark.com/products/gymshark-adapt-animal-shorts-shorts-black-ss26,2026-04-24T03:07:09.892590,live
Gymshark,Vital Seamless 2.0 Leggings,activewear,"on size M Model is 5'9"" and wears size XS MATERIALS & CARE 96% Nylon, 4% Elastane SKU: B1A2B-KDHF Not sure what size to choose?","{""nylon"": 96.0, ""elastane"": 4.0}",nylon,0.0,low,international,GLOBAL,https://www.gymshark.com/products/gymshark-vital-regular-leggings-leggings-pink-ss26,2026-04-24T03:07:24.621714,live
Gymshark,Collegiate Graphic Crew Neck Pullover,knitwear,"ular length Model is 5'9"" and wears size S MATERIALS & CARE 79% Cotton, 21% Polyester 400gsm, heavyweight fabric SKU: B4C8Z-BB3L D","{""cotton"": 79.0, ""polyester"": 21.0}",cotton,79.0,medium,international,GLOBAL,https://www.gymshark.com/products/gymshark-collegiate-graphic-crew-neck-pullover-pullovers,2026-04-24T03:07:27.140428,live
Gymshark,Vital Seamless Shorts,shorts,"d on size M Model is 5'9"" and wears size S MATERIALS & CARE 93% Nylon, 7% Elastane SKU: B1A4J-UD6Z Not sure what size to choose?","{""nylon"": 93.0, ""elastane"": 7.0}",nylon,0.0,low,international,GLOBAL,https://www.gymshark.com/products/gymshark-vital-shorts-shorts-blue-ss26-b1a4j-ud6z,2026-04-24T03:07:36.567169,live
Gymshark,Running Pocket Leggings,activewear,"ngth • Model is 5'8"" and wears a size XS MATERIALS & CARE • 78% Nylon, 22% Elastane SKU: B3C7S-BB2J Delivery & Returns Delivery &","{""nylon"": 78.0, ""elastane"": 22.0}",nylon,0.0,low,international,GLOBAL,https://www.gymshark.com/products/gymshark-running-pocket-leggings-black-ss25,2026-04-24T03:07:44.619977,live
Gymshark,Whitney Regular Flared Leggings,activewear,"83cm Flared leg Model is 5'6"" and wears M MATERIALS & CARE 78% Nylon, 22% Elastane SKU: B3C8S-KDFX Not sure what size to choose?","{""nylon"": 78.0, ""elastane"": 22.0}",nylon,0.0,low,international,GLOBAL,https://www.gymshark.com/products/gymshark-whitney-flared-leggings-leggings-pink-ss26,2026-04-24T03:07:50.576512,live
Gymshark,Whitney Regular Leggingss,activewear,"d Regular length Model is 5'9"" and wears XS MATERIAL & CARE 78% Nylon, 22% Elastane SKU: B3C6K-KDFX Not sure what size to choose?","{""nylon"": 78.0, ""elastane"": 22.0}",nylon,0.0,low,international,GLOBAL,https://www.gymshark.com/products/gymshark-whitney-leggings-leggings-pink-ss26,2026-04-24T03:08:02.053703,live
Gymshark,Pumper Pants,pants,"ed fit • Model is 5'11"" and wears size M MATERIALS & CARE • 100% Cotton SKU: A6A3R-BB2J Delivery & Returns Delivery & Returns Stand","{""cotton"": 100.0}",cotton,100.0,high,international,GLOBAL,https://www.gymshark.com/products/gymshark-pumper-pants-black-ss24,2026-04-24T03:08:09.338388,live
Gymshark,Whitney Shorts,shorts,"m based on size M Model is 5'6"" and wears M MATERIAL & CARE 78% Nylon, 22% Elastane SKU: B3C8R-KDFX Not sure what size to choose?","{""nylon"": 78.0, ""elastane"": 22.0}",nylon,0.0,low,international,GLOBAL,https://www.gymshark.com/products/gymshark-whitney-shorts-shorts-pink-ss26,2026-04-24T03:08:17.959490,live
Gymshark,Training Fleece Straight Leg Joggers,pants,"lar length Model is 5'9"" and wears size XS MATERIALS & CARE 80% Cotton, 20% Polyester SKU: B3C1R-PCDS Delivery & Returns Delivery","{""cotton"": 80.0, ""polyester"": 20.0}",cotton,80.0,medium,international,GLOBAL,https://www.gymshark.com/products/gymshark-training-fleece-straight-leg-jogger-pants-purple-ss26,2026-04-24T03:08:35.970171,live
Gymshark,Power Washed Cuff Joggers,pants,"T Oversized fit Model is 5'10"" and wears S MATERIALS & CARE 78% Cotton, 22% Polyester 330gsm, heavyweight fabric Due to the nature","{""cotton"": 78.0, ""polyester"": 22.0}",cotton,78.0,medium,international,GLOBAL,https://www.gymshark.com/products/gymshark-power-washed-cuff-joggers-pants,2026-04-24T03:08:38.654514,live
Gymshark,Washed Leggings,activewear,"Regular length Model is 5'9"" and wears XS MATERIALS & SIZE 91% Nylon, 9% Elastane This product's been washed, so each one will b","{""nylon"": 91.0, ""elastane"": 9.0}",nylon,0.0,low,international,GLOBAL,https://www.gymshark.com/products/gymshark-everyday-seamless-washed-legging-leggings,2026-04-24T03:08:55.147723,live
Gymshark,Training Straight Leg Leggings,activewear,"ht leg fit Model is 5'9"" and wears size XS MATERIALS & CARE 78% Polyester, 22% Elastane SKU: B4B7Y-BB2J Delivery & Returns Delivery &","{""polyester"": 78.0, ""elastane"": 22.0}",polyester,0.0,low,international,GLOBAL,https://www.gymshark.com/products/gymshark-training-straight-leg-legging-leggings-black-aw25,2026-04-24T03:09:01.399749,live
Gymshark,Running 2-in-1 Shorts,shorts,"ize M • Model is 5'8"" and wears a size S MATERIALS & CARE • 78% Nylon, 22% Elastane SKU: B3C4D-BB2J Delivery & Returns Delivery &","{""nylon"": 78.0, ""elastane"": 22.0}",nylon,0.0,low,international,GLOBAL,https://www.gymshark.com/products/gymshark-running-2-in-1-shorts-black-ss25,2026-04-24T03:09:34.515980,live
Gymshark,Lift Seamless Shorts,shorts,"M • Model is 5'9"" and wears size S MATERIALS & CARE • Main: 61% Nylon, 31% Polyester, 8% Elastane • Seamless construction SKU: B6","{""nylon"": 61.0, ""polyester"": 31.0, ""elastane"": 8.0}",nylon,0.0,low,international,GLOBAL,https://www.gymshark.com/products/gymshark-lift-contour-seamless-shorts-black-black-marl-aw23,2026-04-24T03:09:36.531549,live
Gymshark,Light Hold Shorts,shorts,"by body shape. Model is 5'9"" and wears XS MATERIALS & SIZE 91% Nylon, 9% Elastane SKU: Not sure what size to choose? Check out o","{""nylon"": 91.0, ""elastane"": 9.0}",nylon,0.0,low,international,GLOBAL,https://www.gymshark.com/products/gymshark-light-hold-shorts-gs-black,2026-04-24T03:09:45.695369,live
Gymshark,Medium Support Running Sports Bra,underwear,"dium support Model is 5'7 1/2"" and wears S MATERIALS & CARE 78% Nylon, 22% Elastane SKU: B6B7S-BB2J Delivery & Returns Delivery &","{""nylon"": 78.0, ""elastane"": 22.0}",nylon,0.0,low,international,GLOBAL,https://www.gymshark.com/products/gymshark-medium-support-running-sports-bra-sports-bras,2026-04-24T03:09:55.035866,live
Gymshark,Light Hold Leggings,activewear,"by body shape. Model is 5'9"" and wears XS MATERIALS & SIZE 91% Nylon, 9% Elastane SKU: B5C6K-BB2J Not sure what size to choose?","{""nylon"": 91.0, ""elastane"": 9.0}",nylon,0.0,low,international,GLOBAL,https://www.gymshark.com/products/gymshark-light-hold-leggings-gs-black,2026-04-24T03:10:01.386499,live
Gymshark,Adapt Fleck Seamless Shorts,shorts,"size M • Model is 5'3"" and wears size S MATERIALS & CARE • 79% Nylon, 15% Polyester, 6% Elastane • Seamless construction SKU: B6","{""nylon"": 79.0, ""polyester"": 15.0, ""elastane"": 6.0}",nylon,0.0,low,international,GLOBAL,https://www.gymshark.com/products/gymshark-adapt-seamless-fleck-shorts-black-smokey-grey-aw23,2026-04-24T03:10:33.229603,live
Gymshark,Everyday Seamless Leggings,activewear,"gh-waisted Model is 5'10"" and wears size S MATERIALS & CARE 86% Nylon, 14% Elastane Note: Fabric can become sheer when it’s stret","{""nylon"": 86.0, ""elastane"": 14.0}",nylon,0.0,low,international,GLOBAL,https://www.gymshark.com/products/gymshark-everyday-seamless-leggings-navy-aw23,2026-04-24T03:10:37.562474,live
Gymshark,Washed Sports Bra,underwear,"T Light support Model is 5'9"" and wears XS MATERIALS & CARE 91% Nylon, 9% Elastane This product's been washed, so each one will b","{""nylon"": 91.0, ""elastane"": 9.0}",nylon,0.0,low,international,GLOBAL,https://www.gymshark.com/products/gymshark-everyday-seamless-washed-sports-bra-sports-bras-red-ss26,2026-04-24T03:10:58.685381,live
Gymshark,Everyday Seamless Racerback Sports Bra,underwear,"ght support Model is 5'9"" and wears size S MATERIALS & CARE 86% Nylon, 14% Elastane SKU: B4C1V-NBZG Not sure what size to choose?","{""nylon"": 86.0, ""elastane"": 14.0}",nylon,0.0,low,international,GLOBAL,https://www.gymshark.com/products/gymshark-everyday-seamless-racerback-sports-bra-sports-bras,2026-04-24T03:11:03.412351,live
Gymshark,Light Hold Flared Leggings,activewear,"by body shape. Model is 5'9"" and wears XS MATERIALS & SIZE 91% Nylon, 9% Elastane SKU: B6B2G-BB2J Not sure what size to choose?","{""nylon"": 91.0, ""elastane"": 9.0}",nylon,0.0,low,international,GLOBAL,https://www.gymshark.com/products/gymshark-light-hold-flared-leggings-gs-black,2026-04-24T03:11:21.058218,live
Adored Vintage,Orchard Breeze Top,top,"nim, linen trousers, or skirts for a timeless, casual look. 55% Linen, 45% Cotton Imported Fit Notes & Measurements Size 4 dress","{""linen"": 55.0, ""cotton"": 45.0}",linen,100.0,high,international,GLOBAL,https://adoredvintage.com/products/vintage-inspired-black-and-white-gingham-cotton-linen-button-front-sleeveless-top,2026-04-24T03:11:44.325786,live
Adored Vintage,Nouvelle Button Down Top,top,"verything else simple, this poetic blouse is the statement. 100% Cotton Imported Fit Notes & Measurements Size 4 dress form (34C/26","{""cotton"": 100.0}",cotton,100.0,high,international,GLOBAL,https://adoredvintage.com/products/romantic-ivory-cotton-embroidered-collar-button-down-half-sleeve-blouse,2026-04-24T03:11:45.795310,live
Adored Vintage,L'Ecole Beauvais Midi Skirt,skirt,n easily be dressed up or down with a tee or pretty blouse. 70% Cotton 27% Nylon 3% Spandex Imported Fit Notes & Measurements Size,"{""cotton"": 70.0, ""nylon"": 27.0, ""elastane"": 3.0}",cotton,70.0,medium,international,GLOBAL,https://adoredvintage.com/products/lecole-beauvais-midi-skirt,2026-04-24T03:11:46.960804,live
Adored Vintage,Springtime Keepsake Dress,dress,"t for warm days, it captures a breezy, effortless elegance. 100% Rayon Imported Fit Notes & Measurements Size 4 dress form (34C/26","{""rayon"": 100.0}",rayon,100.0,high,international,GLOBAL,https://adoredvintage.com/products/sweet-off-white-scattered-floral-midi-patch-pocket-sundress,2026-04-24T03:11:48.196076,live
Adored Vintage,Cloudfall Sundress,dress,"movement and ease, perfect for warm days or quiet evenings. 100% Cotton Imported Fit Notes & Measurements Size 4 dress form (34C/26","{""cotton"": 100.0}",cotton,100.0,high,international,GLOBAL,https://adoredvintage.com/products/vintage-inspired-white-ruffle-textured-maxi-dress,2026-04-24T03:11:50.618182,live
Adored Vintage,Bixby Knolls Overalls,jeans,"et on front bodice, diamond back, and side buttons at hips. 100% Cotton Imported Fit Notes & Measurements Size 4/6 dress form (35B/","{""cotton"": 100.0}",cotton,100.0,high,international,GLOBAL,https://adoredvintage.com/products/classic-vintage-inspired-medium-wash-denim-straight-leg-overalls,2026-04-24T03:11:51.764572,live
Adored Vintage,Pamplona Denim Shorts,shorts,nd elasticated back waistband for ease of wear and comfort. 100% Cotton Imported Fit Notes & Measurements Size 4 dress form (34C/26,"{""cotton"": 100.0}",cotton,100.0,high,international,GLOBAL,https://adoredvintage.com/products/classic-dark-wash-denim-high-waisted-shorts,2026-04-24T03:11:52.917941,live
Adored Vintage,Riverside Barrel Jeans,jeans,"ing add dimension while maintaining a clean, timeless look. 70% Cotton, 30% Polyester Imported Fit Notes & Measurements Size 4 dre","{""cotton"": 70.0, ""polyester"": 30.0}",cotton,70.0,medium,international,GLOBAL,https://adoredvintage.com/products/classic-medium-wash-mid-rise-barrel-jeans,2026-04-24T03:11:56.426699,live
Adored Vintage,Minimal Muse Tank,top,"c, it drapes beautifully while maintaining a polished look. 70% Viscose, 30% Linen Imported Fit Notes & Measurements Size 4 dress f","{""viscose"": 70.0, ""linen"": 30.0}",viscose,100.0,high,international,GLOBAL,https://adoredvintage.com/products/classic-effortless-ivory-button-down-cropped-top,2026-04-24T03:11:57.981392,live
Adored Vintage,Indigo Serenade Dress,dress,enter slit on the front towards the left side of the skirt. 100% Cotton | Lining: 100% Cotton Imported Fit Notes & Measurements Siz,"{""cotton"": 100.0}",cotton,100.0,high,international,GLOBAL,https://adoredvintage.com/products/feminine-navy-blue-floral-embroidered-handkerchief-dress,2026-04-24T03:11:59.258470,live
Adored Vintage,Leith Top,top,—whether worn slightly off the shoulder or softly centered. 100% Cotton Ethically Made in India Measurements Size 4/6 Dress form is,"{""cotton"": 100.0}",cotton,100.0,high,international,GLOBAL,https://adoredvintage.com/products/leith-top,2026-04-24T03:12:00.751361,live
Adored Vintage,Cloudlight Pintuck Top,top,"l drape, it moves beautifully and feels effortless to wear. 100% Rayon Imported Fit Notes & Measurements Size 4 dress form (34C/26","{""rayon"": 100.0}",rayon,100.0,high,international,GLOBAL,https://adoredvintage.com/products/romantic-off-white-pintuck-puff-sleeve-a-line-top,2026-04-24T03:12:02.012270,live
Adored Vintage,Coastal Breeze Dress,dress,"y with every step, making it perfect for warm, sunlit days. 65% Polyester 35% Cotton Imported Fit Notes & Measurements Size 4 dress f","{""polyester"": 65.0, ""cotton"": 35.0}",polyester,35.0,low,international,GLOBAL,https://adoredvintage.com/products/timeless-chambray-blue-pinstriped-midi-sundress,2026-04-24T03:12:04.818550,live
Adored Vintage,Roman Holiday Dress,dress,s for ease of movement and slight flare. Slips on for wear. 100% Linen Imported Fit Notes & Measurements Size 4 dress form (34C/26,"{""linen"": 100.0}",linen,100.0,high,international,GLOBAL,https://adoredvintage.com/products/classic-black-linen-v-neck-sleeveless-midi-dress,2026-04-24T03:12:06.222364,live
Adored Vintage,Sweet Nothings Blouse,shirt,"eves with subtle volume create an elegant, easy silhouette. 100% Cotton Imported Fit Notes & Measurements Size 4 dress form (34C/26","{""cotton"": 100.0}",cotton,100.0,high,international,GLOBAL,https://adoredvintage.com/products/romantic-white-cotton-lace-trim-long-sleeve-blouse,2026-04-24T03:12:07.478553,live
Adored Vintage,Market Day Top,top,"a subtle texture while keeping the look crisp and timeless. 95% Cotton, 5% Spandex Imported Fit Notes & Measurements Size 4 dress","{""cotton"": 95.0, ""elastane"": 5.0}",cotton,95.0,high,international,GLOBAL,https://adoredvintage.com/products/classic-black-and-ivory-gingham-cotton-boxy-short-sleeve-top,2026-04-24T03:12:09.000757,live
Adored Vintage,Harper Trousers,pants,"ilitarian touch, balancing function with understated style. 57% Rayon, 35% Nylon, 8% Spandex Imported Fit Notes & Measurements Si","{""rayon"": 57.0, ""nylon"": 35.0, ""elastane"": 8.0}",rayon,57.0,medium,international,GLOBAL,https://adoredvintage.com/products/classic-camel-brown-patch-pocket-wide-leg-trousers,2026-04-24T03:12:10.102237,live
Adored Vintage,Reformation Smocked Dress,dress,"waist / 24.5"" (sleeves to neckline) Tagged Size: XS Fabric: 100% Viscose Condition: Gently worn *All preloved items are FINAL SALE.","{""viscose"": 100.0}",viscose,100.0,high,international,GLOBAL,https://adoredvintage.com/products/dark-burgundy-reformation-smocked-bodice-midi-dress,2026-04-24T03:12:11.188416,live
Adored Vintage,Harbor Ridge Sundress,jeans,"while the smocked back ensures a comfortable, flexible fit. 80% Cotton, 20% Polyester / Contrast: 60% Cotton, 40% Polyester Import","{""cotton"": 80.0, ""polyester"": 20.0}",cotton,80.0,medium,international,GLOBAL,https://adoredvintage.com/products/classic-medium-wash-denim-button-down-midi-sundress,2026-04-24T03:12:12.767529,live
Adored Vintage,Corrough Wool Cardigan - Cream,knitwear,MATION This traditional Aran wool cardigan sweater comes in 100% wool and is made in a classic warm egg cream color with leather,"{""wool"": 100.0}",wool,100.0,high,international,GLOBAL,https://adoredvintage.com/products/vintage-inspired-irish-cream-cable-knit-wool-cardigan,2026-04-24T03:12:30.710196,live
Adored Vintage,Abighaile Dress,dress,"through waist, and sweet front patch pockets in the front. 100% Polyester / Unlined Recommended hand wash cold / Can also be washed i","{""polyester"": 100.0}",polyester,0.0,low,international,GLOBAL,https://adoredvintage.com/products/the-abighaile-dress-by-atelette,2026-04-24T03:12:32.009073,live
Adored Vintage,Pemberly Dress - Terre,dress,"endlessly versatile, and effortlessly feminine. Material - 100% Cotton Garment Care - Hand Wash Cold / Line Dry Production - Consc","{""cotton"": 100.0}",cotton,100.0,high,international,GLOBAL,https://adoredvintage.com/products/pemberly-dress-terre,2026-04-24T03:12:50.733903,live
Adored Vintage,Last Summer at the Cape Dress,dress,your most perfect companion for the upcoming warmer months. 100% Cotton Imported Fit Notes & Measurements Size 4 dress form (34C/26,"{""cotton"": 100.0}",cotton,100.0,high,international,GLOBAL,https://adoredvintage.com/products/feminine-blue-striped-cotton-a-line-spaghetti-strap-midi-dress,2026-04-24T03:12:54.048427,live
Adored Vintage,Bluebell Garden Dress,dress,"s, or layered with a cardigan for a classic, feminine look. 83% Polyester, 17% Spandex Imported Fit Notes & Measurements Size 4 dress","{""polyester"": 83.0, ""elastane"": 17.0}",polyester,0.0,low,international,GLOBAL,https://adoredvintage.com/products/vintage-inspired-blue-floral-print-sleeveless-midi-dress,2026-04-24T03:12:58.851004,live
Adored Vintage,Calais Dress - Navy,dress,"h. Neckline, sleeves, and waist are elasticated. Material - 100% Cotton Garment Care - Hand Wash Cold / Line Dry Production - Consc","{""cotton"": 100.0}",cotton,100.0,high,international,GLOBAL,https://adoredvintage.com/products/calai-dress-midnight-sun,2026-04-24T03:13:01.098187,live
Adored Vintage,Theodosia Dress,dress,ned style slips on overhead and moves gently with the body. 100% cotton gauze with subtle woven stripe Ethically Made in India Meas,"{""cotton"": 100.0}",cotton,100.0,high,international,GLOBAL,https://adoredvintage.com/products/theodosia-dress,2026-04-24T03:13:04.780809,live
Adored Vintage,Take Her to Paris Dress,dress,little dangly earrings you inherited from your grandmother. 100% Polyester Imported Fit Notes & Measurements Size 4 dress form (34C/26,"{""polyester"": 100.0}",polyester,0.0,low,international,GLOBAL,https://adoredvintage.com/products/romantic-black-floral-print-cowl-neck-maxi-slip-dress,2026-04-24T03:13:06.032768,live
Adored Vintage,Solstice Patchwork Dress,dress,barefoot afternoons in the grass to golden hour gatherings. 100% Rayon (Cotton Gauze Feel) Hidden side pockets Imported Fit Notes,"{""rayon"": 100.0}",rayon,100.0,high,international,GLOBAL,https://adoredvintage.com/products/feminine-patchwork-smocked-bodice-short-sleeve-midi-dress,2026-04-24T03:13:11.638425,live
Adored Vintage,Midnight Garden Dress,dress,"aytime outings to evening occasions with understated grace. 55% Viscose, 45% Rayon / Lining: 100% Rayon Imported Fit Notes & Measur","{""viscose"": 55.0, ""rayon"": 45.0}",viscose,100.0,high,international,GLOBAL,https://adoredvintage.com/products/classic-feminine-navy-blue-scattered-floral-midi-dress,2026-04-24T03:13:15.856386,live
Adored Vintage,Marguerite Lace Top,top,"wing skirt or classic denim for an effortlessly sweet look. 65% Polyester, 35% Cotton Imported Fit Notes & Measurements Size 0/2 dres","{""polyester"": 65.0, ""cotton"": 35.0}",polyester,35.0,low,international,GLOBAL,https://adoredvintage.com/products/romantic-cream-floral-lace-up-sleeveless-blouse,2026-04-24T03:13:22.789217,live
Adored Vintage,Petite Fleur Camisole,top,"that feels feminine, nostalgic, and effortlessly charming. 100% Cotton Imported Fit Notes & Measurements Size 0/2 dress form (32B/","{""cotton"": 100.0}",cotton,100.0,high,international,GLOBAL,https://adoredvintage.com/products/vintage-inspired-cream-floral-cotton-corset-style-sleeveless-top,2026-04-24T03:13:26.953298,live
Adored Vintage,Seeking Finches Shirt,shirt,"e enough for layering or wearing solo, season after season. 100% Cotton Imported Fit Notes & Measurements Size 4 dress form (34C/26","{""cotton"": 100.0}",cotton,100.0,high,international,GLOBAL,https://adoredvintage.com/products/seeking-finches-shirt,2026-04-24T03:13:28.102321,live
Adored Vintage,Matter of Fact Top - Black,top,"vates your everyday look while keeping it easy and timeless 60% Cotton, 40% Linen Hand Wash Cold / Line Dry Imported Fit Notes & M","{""cotton"": 60.0, ""linen"": 40.0}",cotton,100.0,high,international,GLOBAL,https://adoredvintage.com/products/timeless-and-minimal-black-solid-linen-tank-top,2026-04-24T03:13:29.409783,live
Adored Vintage,Maiden in the Moor Top,top,"with sweeping skirts, a brocade partlet, and lace up boots. 100% Polyester (has a slight sheen finish) Imported Fit Notes & Measuremen","{""polyester"": 100.0}",polyester,0.0,low,international,GLOBAL,https://adoredvintage.com/products/romantic-denim-blue-lace-up-embroidered-puff-long-sleeve-blouse,2026-04-24T03:13:31.718177,live
Adored Vintage,Nesaea Top - Prairie Noir,top,— a versatile piece designed for modern romantic dressing. 100% Cotton / Deadstock Ethically Made in India Measurements Size 4/6 D,"{""cotton"": 100.0}",cotton,100.0,high,international,GLOBAL,https://adoredvintage.com/products/nesaea-top-prairie-noir,2026-04-24T03:13:34.009504,live
Adored Vintage,Lumière Camisole,top,tile piece that brings a hint of vintage charm to any look. 97% Polyester 3% Spandex Imported Fit Notes & Measurements Size 4 dress f,"{""polyester"": 97.0, ""elastane"": 3.0}",polyester,0.0,low,international,GLOBAL,https://adoredvintage.com/products/vintage-inspired-cream-satin-lace-trim-embroidered-cami-top,2026-04-24T03:13:38.320524,live
Adored Vintage,Nesaea Blouse,shirt,s with elasticated cuffs and lace accent on ruffle flounce. 100% Cotton Viscose Ethically Made in India Measurements Size 4/6 Dress,"{""cotton"": 100.0}",cotton,100.0,high,international,GLOBAL,https://adoredvintage.com/products/atelette-romantic-edwardian-inspired-puff-sleeve-oversize-top,2026-04-24T03:13:45.450861,live
Adored Vintage,Cottage Bloom Sweater,knitwear,"t an effortless staple for cooler days. Era: 1970's Fabric: 100% Wool Measurements: 24.5"" length / 19"" across chest / 25"" (sleeve","{""wool"": 100.0}",wool,100.0,high,international,GLOBAL,https://adoredvintage.com/products/vintage-1970s-peach-cream-cable-knit-crewneck-sweater,2026-04-24T03:13:58.111968,live
Adored Vintage,Bit of Whimsy Pants,pants,r to your everyday wardrobe. Back waistband is elasticated. 100% Cotton Imported Fit Notes & Measurements Size 4 dress form (34C/26,"{""cotton"": 100.0}",cotton,100.0,high,international,GLOBAL,https://adoredvintage.com/products/feminine-light-wash-wide-leg-ruffle-chambray-pants,2026-04-24T03:14:41.329723,live
Tayo Studio,"STATEMENT SHIRTS - 100% COTTON, 10000% ANGRY",shirt,"STATEMENT SHIRTS - 100% COTTON, 10000% ANGRY
 – Shop.TayoStudio Skip to content Search HOM","{""cotton"": 100.0}",cotton,100.0,high,philippine,PH,https://shoptayostudio.com/products/statement-shirts-100-cotton-10000-anfy,2026-04-24T03:15:02.722936,live
Linya Linya,Dri-Fit T-Shirt: Maka-Pickle Hininga,t-shirt,"maka-pickle hininga sa pagod! Ang drifit shirt na to ay: ✅ 100% polyester knitted interlock ✅ 3.5 OZ / 120gsm ✅ Lightweight, absorbs","{""polyester"": 100.0}",polyester,0.0,low,philippine,PH,https://linyalinya.ph/products/drifittshirtmakapicklehininga,2026-04-24T03:15:18.834211,live
Linya Linya,Ringer Tee: Tired Since 1989 (White),t-shirt,"ift. Inspired by Taylor Swift's ""1989"" album, this shirt is 60% cotton, 40% polyester, and 100% comfortable to wear kahit pagod ka","{""cotton"": 60.0, ""polyester"": 40.0}",cotton,60.0,medium,philippine,PH,https://linyalinya.ph/products/ringer-tee-tired-since-1989-white,2026-04-24T03:15:34.253138,live
Linya Linya,Crop Top: Beshies,top,"ow for you and your beshies! This crop top shirt is full-on 60% cotton, 40% polyester, at 200% sexy at kumportableng suotin habang","{""cotton"": 60.0, ""polyester"": 40.0}",cotton,60.0,medium,philippine,PH,https://linyalinya.ph/products/beshiescroptop,2026-04-24T03:15:52.598378,live
Linya Linya,Crop Top: Go Girl (White),top,"gumawa for you! Ang kalahating shirt na ito ay buong-buong 60% cotton, 40% polyester, at 0% plastic. Disclaimer: Shirt/product co","{""cotton"": 60.0, ""polyester"": 40.0}",cotton,60.0,medium,philippine,PH,https://linyalinya.ph/products/croptopgogirl,2026-04-24T03:15:53.635564,live
Linya Linya,Crop Top: Bahagi Ka Ng Bahaghari,top,". Huwag ikahiya ang tunay na ikaw. ✨ This crop top shirt is 60% cotton, 40% polyester, at 200% presko at komportableng suotin, hab","{""cotton"": 60.0, ""polyester"": 40.0}",cotton,60.0,medium,philippine,PH,https://linyalinya.ph/products/croptopbahagikangbahaghari,2026-04-24T03:15:54.997679,live
Linya Linya,Crop Top: Magpatuloy (Black),top,"at kailangan lang ng paalala, para sa’yo ito. This shirt is 60% cotton, 40% polyester, and 100% inclusive to each and everyone. --","{""cotton"": 60.0, ""polyester"": 40.0}",cotton,60.0,medium,philippine,PH,https://linyalinya.ph/products/croptopmagpatuloyblack,2026-04-24T03:15:55.855978,live
Linya Linya,Dri-Fit T-Shirt: Tatakbo,t-shirt,"ano'ng mangyari! Go go go! 🏃♂️🏃♀️ This dri-fit shirt is: ✅ 100% polyester knitted interlock ✅ 3.5 OZ / 120gsm ✅ Lightweight, absorbs","{""polyester"": 100.0}",polyester,0.0,low,philippine,PH,https://linyalinya.ph/products/drifitshirttatakbo,2026-04-24T03:16:38.847712,live
Linya Linya,Dri-Fit T-Shirt: Tatamarin,t-shirt,"mo, bagay ang shirt na 'to sa'yo! This dri-fit shirt is: ✅ 100% polyester knitted interlock ✅ 3.5 OZ / 120gsm ✅ Lightweight, absorbs","{""polyester"": 100.0}",polyester,0.0,low,philippine,PH,https://linyalinya.ph/products/drifitshirttatamarin,2026-04-24T03:16:39.695073,live
Linya Linya,Dri-Fit T-Shirt: Palainom Noon. Palatakbo Ngayon.,t-shirt,"lang, para hydrated sa kada takbo. This dri-fit shirt is: ✅ 100% polyester knitted interlock ✅ 3.5 OZ / 120gsm ✅ Lightweight, absorbs","{""polyester"": 100.0}",polyester,0.0,low,philippine,PH,https://linyalinya.ph/products/drifittshirtpalainomnoonpalatakbongayon,2026-04-24T03:16:42.064983,live
Linya Linya,Dri-Fit T-Shirt: Pinili(t) Tumakbo,t-shirt,"nd, para sa inyo ang shirt na ito! This dri-fit shirt is: ✅ 100% polyester knitted interlock ✅ 3.5 OZ / 120gsm ✅ Lightweight, absorbs","{""polyester"": 100.0}",polyester,0.0,low,philippine,PH,https://linyalinya.ph/products/drifittshirtpinilittumakbo,2026-04-24T03:16:43.360004,live
Linya Linya,Dri-Fit T-Shirt: Tambay sa Kitchen (Red),t-shirt,"tchen? Heto ang shirt para sa 'yo. This dri-fit shirt is: ✅ 100% polyester knitted interlock ✅ 3.5 OZ / 120gsm ✅ Lightweight, absorbs","{""polyester"": 100.0}",polyester,0.0,low,philippine,PH,https://linyalinya.ph/products/drifittshirttambaysakitchenred,2026-04-24T03:16:44.498668,live
Linya Linya,"Dri-Fit T-Shirt: Work Hard, Pickle Harder.",t-shirt,"ngayon, WORK HARD, PICKLE HARDER. This dri-fit shirt is: ✅ 100% polyester knitted interlock ✅ 3.5 OZ / 120gsm ✅ Lightweight, absorbs","{""polyester"": 100.0}",polyester,0.0,low,philippine,PH,https://linyalinya.ph/products/drifittshirtworkhardpickleharder,2026-04-24T03:16:45.178279,live
Linya Linya,Dri-Fit T-Shirt: Laging Tumatakbo Sa Isip Ko,t-shirt,"saktong dri-fit shirt para sa'yo. This dri-fit shirt is: ✅ 100% polyester knitted interlock ✅ 3.5 OZ / 120gsm ✅ Lightweight, absorbs","{""polyester"": 100.0}",polyester,0.0,low,philippine,PH,https://linyalinya.ph/products/drifittshirtlagingtumatakbosaisipko,2026-04-24T03:16:46.014029,live
Linya Linya,"Dri-Fit T-Shirt: In The Long Run, Kinaya Mo",t-shirt,"akbo man, sa karera, o sa buhay. 💪 This dri-fit shirt is: ✅ 100% polyester knitted interlock ✅ 3.5 OZ / 120gsm ✅ Lightweight, absorbs","{""polyester"": 100.0}",polyester,0.0,low,philippine,PH,https://linyalinya.ph/products/drifittshirtinthelongrunkinayamo,2026-04-24T03:16:47.029458,live
Princess Polly,"Loulah
Sheer
Chiffon
Maxi
Dress
Cream
Polka
Dot",dress,"ip closure, adjustable straps Non-stretch material, unlined 100% polyester Cold gentle machine wash Size & Fit Length of size US 2 / U","{""polyester"": 100.0}",polyester,0.0,low,international,GLOBAL,https://us.princesspolly.com/products/loulah-sheer-chiffon-maxi-dress-cream-polka-dot,2026-04-24T03:16:59.967544,live
Princess Polly,"Lailana
Tie
Back
Strapless
Scarf
Top
Burgundy
/
Blue
Stripe",top,"il Stripe print, exposed back Non-stretch material, unlined 100% polyester Cold gentle machine wash Size & Fit Crystal is wearing a si","{""polyester"": 100.0}",polyester,0.0,low,international,GLOBAL,https://us.princesspolly.com/products/lailana-tie-back-strapless-scarf-top-burgundy-blue-stripe,2026-04-24T03:17:08.594680,live
Princess Polly,"Highlights
Jersey
Polo
Top
Multi
Stripe",polo,"button at front, cap sleeves, cropped Good stretch, unlined 95% polyester 5% elastane Cold gentle machine wash Size & Fit Leiza is we","{""polyester"": 95.0, ""elastane"": 5.0}",polyester,0.0,low,international,GLOBAL,https://us.princesspolly.com/products/highlights-jersey-polo-top-multi-stripe,2026-04-24T03:17:12.468656,live
Princess Polly,"Tag
Longline
Denim
Jorts
Washed
Camo",jeans,"ockets, branded patch at back Non-stretch material, unlined 90% cotton 10% viscose Cold gentle machine wash Size & Fit Length of s","{""cotton"": 90.0, ""viscose"": 10.0}",cotton,100.0,high,international,GLOBAL,https://us.princesspolly.com/products/tag-longline-denim-shorts-washed-camo,2026-04-24T03:17:16.625674,live
Princess Polly,"Natana
Asymmetrical
Midi
Skirt
Multi
Check",skirt,"fastening Non-stretch material, fully lined Main & lining: 100% polyester Cold gentle machine wash Size & Fit Length of size US 4 / U","{""polyester"": 100.0}",polyester,0.0,low,international,GLOBAL,https://us.princesspolly.com/products/natana-asymmetrical-mini-skirt-multi-check,2026-04-24T03:17:23.126235,live
Princess Polly,"Mi
Cherie
Plunge
Ruched
Mini
Dress
Apricot",dress,"textured material Good stretch, fully lined Main & lining: 100% polyester Cold gentle machine wash Size & Fit Length of size US 2 / U","{""polyester"": 100.0}",polyester,0.0,low,international,GLOBAL,https://us.princesspolly.com/products/mi-cherie-plunge-ruched-mini-dress-apricot,2026-04-24T03:17:28.963492,live
Princess Polly,"Isadonna
Capri
Pants
Black
Polka
Dot",pants,"over, elasticated waistband, low-rise Good stretch, unlined 94% polyester 6% elastane Cold gentle machine wash Size & Fit Length of s","{""polyester"": 94.0, ""elastane"": 6.0}",polyester,0.0,low,international,GLOBAL,https://us.princesspolly.com/products/isadonna-capri-pants-black-polka-dot,2026-04-24T03:17:30.134209,live
Princess Polly,"Jennee
Micro
Swim
Shorts
Tiger",swimwear,"Good stretch, fully lined Princess Polly Lower Impact Main: 85% nylon 15% spandex, Lining: 82% nylon 18% spandex Cold gentle mach","{""nylon"": 85.0, ""elastane"": 15.0}",nylon,0.0,low,international,GLOBAL,https://us.princesspolly.com/products/jennee-micro-swim-shorts-tiger,2026-04-24T03:17:31.408051,live
Princess Polly,"Wild
Guess
Strapless
Top
Brown
/
Blue
Stripe",top,"strip, knit fabric, cropped Good stretch, lined bust Main: 80% cotton 20% polyester, Lining: 95% polyester 5% elastane Cold gentl","{""cotton"": 80.0, ""polyester"": 20.0}",cotton,80.0,medium,international,GLOBAL,https://us.princesspolly.com/products/wild-guess-strapless-top-brown-blue-stripe,2026-04-24T03:17:32.785566,live
Coastal Bloom,Copacabana Coast Graphic Italian Top,top,Italy Size : One Size Fit: One Size - up to size 14 Fabric: 100% Cotton Shipping Orders are typically fulfilled and shipped within,"{""cotton"": 100.0}",cotton,100.0,high,international,GLOBAL,https://coastalbloom.com/products/copacabana-coast-graphic-italian-top,2026-04-24T03:20:37.870876,live
Coastal Bloom,Whispering Ruffle Italian Sleeveless Top- Beige,top,"roduct Details: Color: Beige One Size Made In Italy Fabric: 50% Viscose, 50% Linen Shipping Orders are typically fulfilled and ship","{""viscose"": 50.0, ""linen"": 50.0}",viscose,100.0,high,international,GLOBAL,https://coastalbloom.com/products/whispering-ruffle-italian-sleeveless-top,2026-04-24T03:20:38.571586,live
Coastal Bloom,Relaxed Draped Front Denim Pants,pants,"Fit: Small up to 6, Medium 8 to 10, Large 12 to 14 Fabric: 100% Lyocell Shipping Orders are typically fulfilled and shipped within","{""lyocell"": 100.0}",lyocell,100.0,high,international,GLOBAL,https://coastalbloom.com/products/relaxed-draped-front-denim-pants?variant=42316240617547,2026-04-24T03:20:39.513490,live
Coastal Bloom,Strawberry Crush Graphic Italian Top,top,Italy Size : One Size Fit: One Size - up to size 12 Fabric: 100% Cotton Shipping Orders are typically fulfilled and shipped within,"{""cotton"": 100.0}",cotton,100.0,high,international,GLOBAL,https://coastalbloom.com/products/strawberry-crush-graphic-italian-top,2026-04-24T03:20:41.228253,live
Coastal Bloom,Effortless Impact Italian Dress- Pink,dress,One Size Made in Italy Fit One Size - up to size 10 Fabric: 100% Linen Shipping Orders are typically fulfilled and shipped within,"{""linen"": 100.0}",linen,100.0,high,international,GLOBAL,https://coastalbloom.com/products/effortless-impact-italian-dress-pink,2026-04-24T03:20:42.063892,live
Coastal Bloom,Bohemian Lace Denim Pants,pants,"ue Size: XS, S, M, L Inseam: 27"" Fit: Standard Fit: Fabric: 64% Cotton, 32% Polyester, 3% Viscose, 1% Elastane Shipping Orders are","{""cotton"": 64.0, ""polyester"": 32.0, ""viscose"": 3.0, ""elastane"": 1.0}",cotton,67.0,medium,international,GLOBAL,https://coastalbloom.com/products/bohemian-lace-denim-pants?variant=42314768023627,2026-04-24T03:20:42.740651,live
Coastal Bloom,Olive & Lemon St Tropez Short Sleeve Sweater,knitwear,"e use in making these knits. Fit: One Size up to 14 Fabric: 65% polyester, 35% viscose Shipping Orders are typically fulfilled and sh","{""polyester"": 65.0, ""viscose"": 35.0}",polyester,35.0,low,international,GLOBAL,https://coastalbloom.com/products/olive-lemon-st-tropez-short-sleeve-sweater,2026-04-24T03:20:43.556891,live
Coastal Bloom,Blush Garden Italian Button Dress- Light Blue,dress,Color: Light Blue Size: One Size Made in Italy Size Fabric 100% Linen Shipping Orders are typically fulfilled and shipped within,"{""linen"": 100.0}",linen,100.0,high,international,GLOBAL,https://coastalbloom.com/products/blush-garden-italian-button-dress,2026-04-24T03:20:45.510700,live
Coastal Bloom,Pretty Petals Linen Italian Button Dress- Beige,dress,etail Color: Beige Size: One Size Made in Italy Size Fabric 100% Linen Shipping Orders are typically fulfilled and shipped within,"{""linen"": 100.0}",linen,100.0,high,international,GLOBAL,https://coastalbloom.com/products/pretty-petals-linen-italian-button-dress-beige,2026-04-24T03:20:46.486741,live
Coastal Bloom,Looks Good Italian Button Top- White,top,ion: White One Size Made in Italy Fit Up to size 14 Fabric: 100% Linen Shipping Orders are typically fulfilled and shipped within,"{""linen"": 100.0}",linen,100.0,high,international,GLOBAL,https://coastalbloom.com/products/looks-good-italian-button-top-white,2026-04-24T03:20:47.212133,live
Coastal Bloom,Relaxed Leopard Italian Linen Top - Blue,top,r: Blue Made in Italy Size : One Size Fit: One Size Fabric: 100% Linen Shipping Orders are typically fulfilled and shipped within,"{""linen"": 100.0}",linen,100.0,high,international,GLOBAL,https://coastalbloom.com/products/relaxed-leopard-drawstring-italian-line-top-blue,2026-04-24T03:20:47.878041,live
Coastal Bloom,Camo V-Neck Italian Top,top,Size Made in Italy Fit One Size - up to size 10/12 Fabric: 100% Viscose Shipping Orders are typically fulfilled and shipped within,"{""viscose"": 100.0}",viscose,100.0,high,international,GLOBAL,https://coastalbloom.com/products/camo-v-neck-italian-top,2026-04-24T03:20:48.637644,live
Coastal Bloom,Blush Garden Italian Button Dress- White,dress,etail Color: White Size: One Size Made in Italy Size Fabric 100% Linen Shipping Orders are typically fulfilled and shipped within,"{""linen"": 100.0}",linen,100.0,high,international,GLOBAL,https://coastalbloom.com/products/blush-garden-italian-button-dress-white,2026-04-24T03:20:49.909482,live
Coastal Bloom,The Floral Mosaic St Tropez Italian Knit Sweater,knitwear,"e use in making these knits. Fit: One Size up to 14 Fabric: 62% polyester, 33% viscose, 5% elastane Shipping Orders are typically ful","{""polyester"": 62.0, ""viscose"": 33.0, ""elastane"": 5.0}",polyester,33.0,low,international,GLOBAL,https://coastalbloom.com/products/the-floral-mosaic-st-tropez-italian-knit-sweater,2026-04-24T03:20:52.925801,live
Coastal Bloom,Rainbow Love Patch Denim Pants,pants,"ue Size: S, M, L, XL Inseam: 25"" Fit: Standard Fit: Fabric: 84% Cotton, 15% Polyester, 1% Elastane Shipping Orders are typically f","{""cotton"": 84.0, ""polyester"": 15.0, ""elastane"": 1.0}",cotton,84.0,medium,international,GLOBAL,https://coastalbloom.com/products/rainbow-love-patch-denim-pants?variant=42314466689099,2026-04-24T03:20:54.306957,live
Coastal Bloom,Effortless Impact Italian Dress- Olive,dress,One Size Made in Italy Fit One Size - up to size 10 Fabric: 100% Linen Shipping Orders are typically fulfilled and shipped within,"{""linen"": 100.0}",linen,100.0,high,international,GLOBAL,https://coastalbloom.com/products/effortless-impact-italian-dress-olive,2026-04-24T03:20:59.162277,live
Coastal Bloom,Positano Breeze Buffy Italian Linen Skirt- Navy,skirt,roduct Description: Navy One Size Made in Italy Fit Fabric: 100% Linen Shipping Orders are typically fulfilled and shipped within,"{""linen"": 100.0}",linen,100.0,high,international,GLOBAL,https://coastalbloom.com/products/positano-breeze-italian-skirt,2026-04-24T03:21:01.143412,live
Coastal Bloom,Limoncello Linen Italian Button Dress- White,dress,Made in Italy Size One Size - Fits up to Size 10/12 Fabric 100% Linen Shipping Orders are typically fulfilled and shipped within,"{""linen"": 100.0}",linen,100.0,high,international,GLOBAL,https://coastalbloom.com/products/limoncello-linen-italian-button-dress-white,2026-04-24T03:21:02.793821,live
Coastal Bloom,Flowy Linen Italian Skirt- Navy,skirt,roduct Description: Navy One Size Made in Italy Fit Fabric: 100% Linen Shipping Orders are typically fulfilled and shipped within,"{""linen"": 100.0}",linen,100.0,high,international,GLOBAL,https://coastalbloom.com/products/flowy-linen-italian-skirt,2026-04-24T03:21:05.130941,live
Coastal Bloom,Classic Lines Italian Button Dress,dress,One Size Made in Italy Size One Size - up to size 12 Fabric 100% Linen Shipping Orders are typically fulfilled and shipped within,"{""linen"": 100.0}",linen,100.0,high,international,GLOBAL,https://coastalbloom.com/products/classic-lines-italian-button-dress,2026-04-24T03:21:05.858456,live
Coastal Bloom,Elevated Stud Accent Denim Pants,pants,"Fit: Small up to 6, Medium 8 to 10, Large 12 to 14 Fabric: 66% Cotton, 30% Polyester, 3% Viscose, 1% Elastane Shipping Orders are","{""cotton"": 66.0, ""polyester"": 30.0, ""viscose"": 3.0, ""elastane"": 1.0}",cotton,69.0,medium,international,GLOBAL,https://coastalbloom.com/products/elevated-stud-accent-denim-pants?variant=42315807621195,2026-04-24T03:21:07.609518,live
Coastal Bloom,Quiet Texture Ease Top - Indigo,top,"rim Fit Small up to 4, Medium 6 to 8, Large 10 to 12 Fabric 100% Cotton Shipping Orders are typically fulfilled and shipped within","{""cotton"": 100.0}",cotton,100.0,high,international,GLOBAL,https://coastalbloom.com/products/gentle-morning-top-copy-1,2026-04-24T03:21:13.628113,live
Coastal Bloom,Ease Everyday Comfort Knit Top - Light Olive,knitwear,"it Fit Small up to 6, Medium 8 to 10, Large 12 to 14 Fabric 100% COTTON Shipping Orders are typically fulfilled and shipped within","{""cotton"": 100.0}",cotton,100.0,high,international,GLOBAL,https://coastalbloom.com/products/quiet-ease-everyday-comfort-top-light-olive?variant=42250832478283,2026-04-24T03:21:14.652495,live
Coastal Bloom,Sunlit Market Top,top,"el Fit Small up to 6, Medium 8 to 10, Large 12 to 14 Fabric 100% Polyester Shipping Orders are typically fulfilled and shipped within","{""polyester"": 100.0}",polyester,0.0,low,international,GLOBAL,https://coastalbloom.com/products/wanderlust-story-set-copy?variant=42275041706059,2026-04-24T03:21:15.463766,live
Coastal Bloom,Quiet Motion Top - Off White,top,"oft drape Fit Small up to 6, Medium 8 to 10, Large 12 to 14 50% Modal, 47% Polyester, 3% Spandex. Shipping Orders are typically f","{""modal"": 50.0, ""polyester"": 47.0, ""elastane"": 3.0}",modal,50.0,medium,international,GLOBAL,https://coastalbloom.com/products/midnight-skin-tank-top-white-copy?variant=42239285428299,2026-04-24T03:21:16.924431,live
Coastal Bloom,Camellia Charm Button Knit Top - White,knitwear,"ss design Fit S/M up to size 8. M/L up to size 12/14 Fabric 80% Viscose, 20% Polyester Shipping Orders are typically fulfilled and","{""viscose"": 80.0, ""polyester"": 20.0}",viscose,80.0,medium,international,GLOBAL,https://coastalbloom.com/products/camellia-charm-button-knit-top-white?variant=42250748002379,2026-04-24T03:21:19.788032,live
Coastal Bloom,Ease Everyday Comfort Knit Top  - Indigo,knitwear,"it Fit Small up to 6, Medium 8 to 10, Large 12 to 14 Fabric 100% COTTON Shipping Orders are typically fulfilled and shipped within","{""cotton"": 100.0}",cotton,100.0,high,international,GLOBAL,https://coastalbloom.com/products/soft-motion-in-stripes-top-copy,2026-04-24T03:21:20.440720,live
Coastal Bloom,Santorini Circles Italian St Tropez Knit Top - Pink,knitwear,r: Pink Made in Italy Size : One Size Fit: One Size Fabric: 65% Polyester 35%Viscose Shipping Orders are typically fulfilled and ship,"{""polyester"": 65.0, ""viscose"": 35.0}",polyester,35.0,low,international,GLOBAL,https://coastalbloom.com/products/pre-order-santorini-circle-italian-st-tropez-knit-top-copy,2026-04-24T03:21:21.103727,live
Coastal Bloom,Sunset Drift Hooded Lounge Top - Dark Red,top,"em Fit Small up to 6, Medium 8 to 10, Large 12 to 14 Fabric 88% Cotton, 12% Polyester Shipping Orders are typically fulfilled and","{""cotton"": 88.0, ""polyester"": 12.0}",cotton,88.0,high,international,GLOBAL,https://coastalbloom.com/products/sunset-drift-hooded-lounge-top-dark-red?variant=42277853495371,2026-04-24T03:21:22.745716,live
Coastal Bloom,Petal Impression Lace Italian Button Top,top,"Details: Color: Colorful One Size Made In Italy Fit Fabric: 85% Tencel, 15% Polyester Shipping Orders are typically fulfilled and","{""tencel"": 85.0, ""polyester"": 15.0}",tencel,85.0,high,international,GLOBAL,https://coastalbloom.com/products/petal-impression-lace-italian-button-top,2026-04-24T03:21:23.635554,live
Coastal Bloom,Quiet Motion Top - Tangerine,top,"oft drape Fit Small up to 6, Medium 8 to 10, Large 12 to 14 50% Modal, 47% Polyester, 3% Spandex Shipping Orders are typically fu","{""modal"": 50.0, ""polyester"": 47.0, ""elastane"": 3.0}",modal,50.0,medium,international,GLOBAL,https://coastalbloom.com/products/quiet-motion-top-tangerine?variant=42239024365643,2026-04-24T03:21:25.107144,live
Coastal Bloom,Sunset Drift Hooded Lounge Top - Black,top,"finish, drawstring hood, kangaroo pocket, ribbed hem Fabric 88% Cotton, 12% Polyester Shipping Orders are typically fulfilled and","{""cotton"": 88.0, ""polyester"": 12.0}",cotton,88.0,high,international,GLOBAL,https://coastalbloom.com/products/sunset-drift-hooded-lounge-top-soft-pink-copy,2026-04-24T03:21:25.770797,live
Coastal Bloom,Driftwood Daydream Top - Navy,top,"ize: S, M, L Button front Short sleeves Chest pocket Fabric 100% Rayon Shipping Orders are typically fulfilled and shipped within","{""rayon"": 100.0}",rayon,100.0,high,international,GLOBAL,https://coastalbloom.com/products/relaxed-sandler-lounge-shorts-dark-red-copy,2026-04-24T03:21:29.222613,live
Coastal Bloom,Paris Night Lace Sleeve Italian Top,top,"ct Details: Color: Off White One Size Made In Italy Fabric: 60% Cotton, 40% Polyester Shipping Orders are typically fulfilled and","{""cotton"": 60.0, ""polyester"": 40.0}",cotton,60.0,medium,international,GLOBAL,https://coastalbloom.com/products/paris-night-lace-sleeve-italian-top,2026-04-24T03:21:30.621040,live
Coastal Bloom,Cool Breeze Boatneck Top - Lemonade,top,"at neckline, dolman short sleeves, relaxed fit Fit: Fabric: 50% Modal/47% Polyester/3% Spandex Shipping Orders are typically fulf","{""modal"": 50.0, ""polyester"": 47.0, ""elastane"": 3.0}",modal,50.0,medium,international,GLOBAL,https://coastalbloom.com/products/cool-breeze-boatneck-top-off-white-copy?variant=42239008145483,2026-04-24T03:21:31.313537,live
Coastal Bloom,Quiet Texture Ease Top - Khaki,top,"rim Fit Small up to 4, Medium 6 to 8, Large 10 to 12 Fabric 100% Cotton Shipping Orders are typically fulfilled and shipped within","{""cotton"": 100.0}",cotton,100.0,high,international,GLOBAL,https://coastalbloom.com/products/quiet-texture-soft-ease-top-khaki?variant=42250863280203,2026-04-24T03:21:33.202183,live
Coastal Bloom,Sporty Sweet Stripe Italian Sweater,knitwear,"One Size Made in Italy Fit One Size - up to size 14 Fabric: 62% Polyester, 33% Viscose, 5% Elastane Shipping Orders are typically ful","{""polyester"": 62.0, ""viscose"": 33.0, ""elastane"": 5.0}",polyester,33.0,low,international,GLOBAL,https://coastalbloom.com/products/sporty-sweet-stripe-italian-sweater,2026-04-24T03:21:43.176660,live
Coastal Bloom,Monaco Button Shoulder Tee - Red,t-shirt,"e shoulder buttons, crew neckline, sleeveless design Fabric 100% Cotton Shipping Orders are typically fulfilled and shipped within","{""cotton"": 100.0}",cotton,100.0,high,international,GLOBAL,https://coastalbloom.com/products/monaco-button-shoulder-tee-red?variant=42250511679563,2026-04-24T03:21:46.216864,live
Coastal Bloom,La Spezia Italian Cotton Top - Olive,top,"Color: Olive One Size Made in Italy Fit One Size - Fabric: 95% Cotton, 5% Elastane Shipping Orders are typically fulfilled and sh","{""cotton"": 95.0, ""elastane"": 5.0}",cotton,95.0,high,international,GLOBAL,https://coastalbloom.com/products/la-spezia-italian-top-olive,2026-04-24T03:21:54.305116,live
Coastal Bloom,Fringe & Lace Story Italian Top,top,"wn One Size Made in Italy Size One Size - up to 8/10 Fabric 95% Cotton, 5% Elastane Shipping Orders are typically fulfilled and sh","{""cotton"": 95.0, ""elastane"": 5.0}",cotton,95.0,high,international,GLOBAL,https://coastalbloom.com/products/fringe-lace-story-italian-top,2026-04-24T03:21:55.043421,live
Coastal Bloom,The Frankie Button Down Top - Pink Pastel,top,t Small: up to 6 / Medium: 8 to 10 / Large: 12 to 14 Fabric 96% Polyester/4%Spandex Shipping Orders are typically fulfilled and shipp,"{""polyester"": 96.0, ""elastane"": 4.0}",polyester,0.0,low,international,GLOBAL,https://coastalbloom.com/products/the-frankie-button-down-top-pink-pastel?variant=42123736612939,2026-04-24T03:22:00.489636,live
Coastal Bloom,The Frankie Button Down Top - White,top,t Small: up to 6 / Medium: 8 to 10 / Large: 12 to 14 Fabric 96% Polyester/4%Spandex Shipping Orders are typically fulfilled and shipp,"{""polyester"": 96.0, ""elastane"": 4.0}",polyester,0.0,low,international,GLOBAL,https://coastalbloom.com/products/classic-meets-bold-button-down-top-white,2026-04-24T03:22:01.330082,live
Coastal Bloom,The Charlie Crew Neck Top - White,top,mall: up to 4-6 / Medium: 6 to 10  / Large: 10 to 14 Fabric 96% Polyester/ 4% Spandex Shipping Orders are typically fulfilled and shi,"{""polyester"": 96.0, ""elastane"": 4.0}",polyester,0.0,low,international,GLOBAL,https://coastalbloom.com/products/classic-meets-bold-button-down-top-white-copy?variant=41306149552203,2026-04-24T03:22:02.035230,live
Coastal Bloom,Textured Puff Sleeve Top Off White,top,"t Small: up to 6 / Medium: 8 to 10 / Large: 12 to 14 Fabric 95% Polyester, 5% Spandex Shipping Orders are typically fulfilled and shi","{""polyester"": 95.0, ""elastane"": 5.0}",polyester,0.0,low,international,GLOBAL,https://coastalbloom.com/products/textured-puff-sleeve-top-off-white,2026-04-24T03:22:02.823155,live
Coastal Bloom,The Refined Edit Italian Button Top- White/Pink,top,ne Size Made In Italy Fit One Size - up to size 14 Fabric : 100% Cotton Shipping Orders are typically fulfilled and shipped within,"{""cotton"": 100.0}",cotton,100.0,high,international,GLOBAL,https://coastalbloom.com/products/italian-button-top,2026-04-24T03:22:03.450700,live
Coastal Bloom,The Charlie Crew Neck Top - Beige,top,mall: up to 4-6 / Medium: 6 to 10  / Large: 10 to 14 Fabric 96% Polyester/4% Spandex Shipping Orders are typically fulfilled and ship,"{""polyester"": 96.0, ""elastane"": 4.0}",polyester,0.0,low,international,GLOBAL,https://coastalbloom.com/products/timeless-simplicity-crew-neck-top-black-copy?variant=41306343800907,2026-04-24T03:22:05.030718,live
Coastal Bloom,Soft Focus Half Button Knit Top - Butter Yellow,knitwear,"to 10/ Large: 12 to 14 if you want, you can size up Fabric: 67% POLYESTER 31% COTTON 2% SPANDEX Shipping Orders are typically fulfill","{""polyester"": 67.0, ""cotton"": 31.0, ""elastane"": 2.0}",polyester,31.0,low,international,GLOBAL,https://coastalbloom.com/products/soft-reset-button-knit-top-pink-copy?variant=42007169892427,2026-04-24T03:22:05.742070,live
Coastal Bloom,The Charlie Crew Neck Top - Black,top,mall: up to 4-6 / Medium: 6 to 10  / Large: 10 to 14 Fabric 96% Polyester/4%Spandex Shipping Orders are typically fulfilled and shipp,"{""polyester"": 96.0, ""elastane"": 4.0}",polyester,0.0,low,international,GLOBAL,https://coastalbloom.com/products/timeless-simplicity-crew-neck-top-white-copy?variant=41306247790667,2026-04-24T03:22:08.111033,live
Coastal Bloom,Leopard Mesh Mock Top,top,"it Small: up to 6/ Medium: 8 to 10 / Large: 12 to 14 Fabric 92% Polyester, 8% Spandex Shipping Orders are typically fulfilled and shi","{""polyester"": 92.0, ""elastane"": 8.0}",polyester,0.0,low,international,GLOBAL,https://coastalbloom.com/products/leopard-mocha-knit-copy,2026-04-24T03:22:08.959360,live
Coastal Bloom,The Refined Edit Stripes Italian Button Top,top,"Color: White, Blue And Red One Size Made In Italy Fabric : 100% Cotton Shipping Orders are typically fulfilled and shipped within","{""cotton"": 100.0}",cotton,100.0,high,international,GLOBAL,https://coastalbloom.com/products/the-refined-edit-stripes-italian-button-top,2026-04-24T03:22:09.984376,live
Coastal Bloom,The Charlie Crew Neck Top - Navy,top,mall: up to 4-6 / Medium: 6 to 10  / Large: 10 to 14 Fabric 96%Polyester/4% Spandex Shipping Orders are typically fulfilled and ship,"{""polyester"": 96.0, ""elastane"": 4.0}",polyester,0.0,low,international,GLOBAL,https://coastalbloom.com/products/timeless-simplicity-crew-neck-top-taupe-dusty-copy?variant=41306329546827,2026-04-24T03:22:10.716728,live
Coastal Bloom,Whisper Wave Jewel Button Top,top,tandard Fit Small: 2–4 / Medium: 6–8 / Large: 10–12 Fabric: 100% POLYESTER Shipping Orders are typically fulfilled and shipped within,"{""polyester"": 100.0}",polyester,0.0,low,international,GLOBAL,https://coastalbloom.com/products/petal-statement-wide-leg-pants-copy,2026-04-24T03:22:13.672125,live
Coastal Bloom,Bacall Italian Long Sleeve Top- Pink,top,"L Made In Italy Fit S/M up to 8/10, M/L up to 14/16 Fabric: 100% Cotton Shipping Orders are typically fulfilled and shipped within","{""cotton"": 100.0}",cotton,100.0,high,international,GLOBAL,https://coastalbloom.com/products/bacall-italian-long-sleeve-top-pink?variant=42108123119691,2026-04-24T03:22:14.480270,live
Coastal Bloom,The Frankie Button Down Top - Black,top,t Small: up to 6 / Medium: 8 to 10 / Large: 12 to 14 Fabric 96% Polyester/4%Spandex Shipping Orders are typically fulfilled and shipp,"{""polyester"": 96.0, ""elastane"": 4.0}",polyester,0.0,low,international,GLOBAL,https://coastalbloom.com/products/the-frankie-button-down-top-black?variant=42123685363787,2026-04-24T03:22:17.385340,live
Coastal Bloom,Eileen Cozy Lounge Collar Pullover Top - Yellow Glow,knitwear,ed Fit: Small: up to 6 / Medium: 8-10 / Large: 12-14 Fabric 100% Cotton Shipping Orders are typically fulfilled and shipped within,"{""cotton"": 100.0}",cotton,100.0,high,international,GLOBAL,https://coastalbloom.com/products/eileen-cozy-lounge-collar-pullover-top-yellow-glow,2026-04-24T03:22:18.388403,live
Coastal Bloom,Bacall Italian Long Sleeve Top- Red,top,"/M M/L Made In Italy Fit S/M up to 10, M/L up to 16 Fabric: 100% Cotton Shipping Orders are typically fulfilled and shipped within","{""cotton"": 100.0}",cotton,100.0,high,international,GLOBAL,https://coastalbloom.com/products/bacall-italian-long-sleeve-top-red-1,2026-04-24T03:22:23.164897,live
Coastal Bloom,Denim Bacall Italian Long Sleeve Top,top,"Made In Italy Fit S/M up to 8/10, M/L from 10 to 16 Fabric: 100% Cotton Shipping Orders are typically fulfilled and shipped within","{""cotton"": 100.0}",cotton,100.0,high,international,GLOBAL,https://coastalbloom.com/products/denim-bacall-italian-long-sleeve-top?variant=42115901882443,2026-04-24T03:22:25.205378,live
Coastal Bloom,Hailey Knit Pullover Top - Khaki,knitwear,"casion. Product Detail Color: Khaki Size: S,M,L,XL Material 70% Viscose, 30% Nylon Fit S up to 4 - M from 6 to 8 - L from 10 to 12","{""viscose"": 70.0, ""nylon"": 30.0}",viscose,70.0,medium,international,GLOBAL,https://coastalbloom.com/products/a-93?variant=41872370040907,2026-04-24T03:22:26.009493,live
Coastal Bloom,Eileen Hoodie - White,hoodie,laxed Fit: Small: 4-6 / Medium: 8-10 / Large: 12-14 Fabric: 100% Cotton Shipping Orders are typically fulfilled and shipped within,"{""cotton"": 100.0}",cotton,100.0,high,international,GLOBAL,https://coastalbloom.com/products/sunday-comfort-cropped-hoodie-light-grey,2026-04-24T03:22:33.921320,live
Coastal Bloom,Spotted Tactics Woven Top,top,"lar, oversized fit, high-low hem Fits up to size 14 Fabric: 100% Cotton Shipping Orders are typically fulfilled and shipped within","{""cotton"": 100.0}",cotton,100.0,high,international,GLOBAL,https://coastalbloom.com/products/spotted-tactics-woven-top,2026-04-24T03:22:42.838964,live
Coastal Bloom,Lucky You Italian Button Top,top,"One Size Made In Italy Fit One Size - up to size 14 Fabric: 90% Polyester, 10% Cotton Shipping Orders are typically fulfilled and shi","{""polyester"": 90.0, ""cotton"": 10.0}",polyester,10.0,low,international,GLOBAL,https://coastalbloom.com/products/garden-majestic-italian-button-top,2026-04-24T03:22:44.749077,live
Coastal Bloom,Ruffle Contour Elegance Italian Button Top- Sky Blue,top,ct Details: Color: Sky Blue One Size Made In Italy Fabric : 100% Cotton Shipping Orders are typically fulfilled and shipped within,"{""cotton"": 100.0}",cotton,100.0,high,international,GLOBAL,https://coastalbloom.com/products/ruffle-contour-elegance-italian-button-top-sky-blue,2026-04-24T03:22:47.486497,live
Coastal Bloom,Petals of Soft Romance Top,top,"n Fit Small up to 6, Medium 8 to 10, Large 12 to 14 Fabric: 50% Polyester, 47% Cotton, 3% Spandex Shipping Orders are typically fulfi","{""polyester"": 50.0, ""cotton"": 47.0, ""elastane"": 3.0}",polyester,47.0,low,international,GLOBAL,https://coastalbloom.com/products/quiet-lines-easy-days-pants-copy,2026-04-24T03:22:53.719561,live
Coastal Bloom,Equestrian Chic Graphic Tee - Black,t-shirt,"ropped silhouette • Crew neckline with short sleeves Fabric 60% Cotton, 40% Polyester Shipping Orders are typically fulfilled and","{""cotton"": 60.0, ""polyester"": 40.0}",cotton,60.0,medium,international,GLOBAL,https://coastalbloom.com/products/wild-star-statement-tee-copy?variant=42269944250443,2026-04-24T03:22:54.749786,live
Coastal Bloom,Wild Rodeo Vintage Tee,t-shirt,"te Fit Small up to 6, Medium 8 to 10, Large 12 to 14 Fabric 100% Cotton Shipping Orders are typically fulfilled and shipped within","{""cotton"": 100.0}",cotton,100.0,high,international,GLOBAL,https://coastalbloom.com/products/long-live-cowboys-vintage-tee-copy,2026-04-24T03:22:56.779399,live
Coastal Bloom,Wild Star Statement Tee,t-shirt,cotton finish • Easy everyday graphic tee silhouette Fabric 100% Cotton Shipping Orders are typically fulfilled and shipped within,"{""cotton"": 100.0}",cotton,100.0,high,international,GLOBAL,https://coastalbloom.com/products/midnight-camo-star-tee-dress-copy-2,2026-04-24T03:23:01.998107,live
Coastal Bloom,Western Charm Top,top,"el Fit Small up to 6, Medium 8 to 10, Large 12 to 14 Fabric 100%Cotton Shipping Orders are typically fulfilled and shipped within","{""cotton"": 100.0}",cotton,100.0,high,international,GLOBAL,https://coastalbloom.com/products/soft-sport-set-copy?variant=42245482741835,2026-04-24T03:23:03.484320,live
Coastal Bloom,Equestrian Chic Graphic Tee - Blue,t-shirt,"ropped silhouette • Crew neckline with short sleeves Fabric 60% Cotton, 40% Polyester Shipping Orders are typically fulfilled and","{""cotton"": 60.0, ""polyester"": 40.0}",cotton,60.0,medium,international,GLOBAL,https://coastalbloom.com/products/equestrian-chic-graphic-tee-orange-copy,2026-04-24T03:23:07.548270,live
Coastal Bloom,Designer Pup Moment Italian Tee,t-shirt,roduct Details: Color: White One Size Made In Italy Fabric: 95% Cotton/5% Elastane Shipping Orders are typically fulfilled and shi,"{""cotton"": 95.0, ""elastane"": 5.0}",cotton,95.0,high,international,GLOBAL,https://coastalbloom.com/products/designer-pup-moment-italian-tee,2026-04-24T03:23:08.951536,live
Coastal Bloom,Rodeo Nights Graphic Tee,t-shirt,ic crew neckline • Soft premium washed cotton finish Fabric 100% Cotton Shipping Orders are typically fulfilled and shipped within,"{""cotton"": 100.0}",cotton,100.0,high,international,GLOBAL,https://coastalbloom.com/products/wild-dreamer-graphic-tee-copy?variant=42273882964043,2026-04-24T03:23:18.012150,live
Coastal Bloom,Best Morning Italian Tee,t-shirt,roduct Details: Color: White One Size Made In Italy Fabric: 95% Cotton/5% Elastane Shipping Orders are typically fulfilled and shi,"{""cotton"": 95.0, ""elastane"": 5.0}",cotton,95.0,high,international,GLOBAL,https://coastalbloom.com/products/best-morning-italian-tee,2026-04-24T03:23:21.687747,live
Coastal Bloom,Capri Collage Italian Blouse,shirt,etails: Color: Colorful One Size Fits up to size 14 Fabric: 100% Polyester Shipping Orders are typically fulfilled and shipped within,"{""polyester"": 100.0}",polyester,0.0,low,international,GLOBAL,https://coastalbloom.com/products/capri-collage-italian-blouse,2026-04-24T03:23:22.476123,live
Coastal Bloom,Equestrian Chic Graphic Tee - Orange,t-shirt,"ropped silhouette • Crew neckline with short sleeves Fabric 60% Cotton, 40% Polyester Shipping Orders are typically fulfilled and","{""cotton"": 60.0, ""polyester"": 40.0}",cotton,60.0,medium,international,GLOBAL,https://coastalbloom.com/products/equestrian-chic-graphic-tee-black-copy?variant=42270171955275,2026-04-24T03:23:26.024095,live
Coastal Bloom,Denim Darling Pup Italian Tee,t-shirt,roduct Details: Color: White One Size Made In Italy Fabric: 95% Cotton/5% Elastane Shipping Orders are typically fulfilled and shi,"{""cotton"": 95.0, ""elastane"": 5.0}",cotton,95.0,high,international,GLOBAL,https://coastalbloom.com/products/denim-darling-pup-italian-tee,2026-04-24T03:23:27.554723,live
Coastal Bloom,Spring Blossom Puff Sleeve Italian Eyelet Top,top,Details: Color: Colorful One Size Made In Italy Fit Fabric: 100% Cotton Shipping Orders are typically fulfilled and shipped within,"{""cotton"": 100.0}",cotton,100.0,high,international,GLOBAL,https://coastalbloom.com/products/spring-blossom-puff-sleeve-italian-button-top,2026-04-24T03:23:28.323065,live
Coastal Bloom,Camellia Charm Button Knit Top - Pink,knitwear,"ss design Fit S/M up to size 8. M/L up to size 12/14 Fabric 80% Viscose, 20% Polyester Shipping Orders are typically fulfilled and","{""viscose"": 80.0, ""polyester"": 20.0}",viscose,80.0,medium,international,GLOBAL,https://coastalbloom.com/products/camellia-charm-button-knit-top-pink?variant=42214758645835,2026-04-24T03:23:39.344590,live
Coastal Bloom,Sunset Drift Hooded Lounge Top - Soft Pink,top,"em Fit Small up to 6, Medium 8 to 10, Large 12 to 14 Fabric 88% Cotton, 12% Polyester Shipping Orders are typically fulfilled and","{""cotton"": 88.0, ""polyester"": 12.0}",cotton,88.0,high,international,GLOBAL,https://coastalbloom.com/products/sunset-drift-hooded-lounge-top-soft-pink?variant=42230179528779,2026-04-24T03:23:41.368439,live
Coastal Bloom,Everyday Ribbed Tank Top - White,top,"al body length: 24.5"" approx. / Bust: 26.5"" approx. Fabric: 95% Rayon, 5% Spandex Final Sale Shipping Orders are typically fulfil","{""rayon"": 95.0, ""elastane"": 5.0}",rayon,95.0,high,international,GLOBAL,https://coastalbloom.com/products/everyday-ribbed-tank-top-white?variant=42218705551435,2026-04-24T03:23:43.231467,live
Coastal Bloom,Everyday Ribbed Tank Top - H Grey,top,"al body length: 24.5"" approx. / Bust: 26.5"" approx. Fabric: 95% Rayon, 5% Spandex Final Sale Shipping Orders are typically fulfil","{""rayon"": 95.0, ""elastane"": 5.0}",rayon,95.0,high,international,GLOBAL,https://coastalbloom.com/products/everyday-ribbed-tank-top-h-grey?variant=42218679205963,2026-04-24T03:23:46.975683,live
Coastal Bloom,Harborline Ribbed Knit Tank - Blue,knitwear,"le Fit Small up to 6, Medium 8 to 10, Large 12 to 14 Fabric 71% Rayon, 20% Polyester, 9% Nylon Shipping Orders are typically fulf","{""rayon"": 71.0, ""polyester"": 20.0, ""nylon"": 9.0}",rayon,71.0,medium,international,GLOBAL,https://coastalbloom.com/products/harborline-ribbed-knit-tank-blue?variant=42228663615563,2026-04-24T03:23:48.711199,live
Coastal Bloom,Camellia Charm Button Knit Top - Blue,knitwear,"ss design Fit S/M up to size 8. M/L up to size 12/14 Fabric 80% Viscose, 20% Polyester Shipping Orders are typically fulfilled and","{""viscose"": 80.0, ""polyester"": 20.0}",viscose,80.0,medium,international,GLOBAL,https://coastalbloom.com/products/camellia-charm-button-knit-top-blue,2026-04-24T03:23:53.670626,live
Coastal Bloom,Sunset Drift Hooded Lounge Top - Navy,top,"m Fit Small up to 6, Medium 8 to 10, Large 12 to 14 Fabric: 88% Cotton, 12% Polyester Shipping Orders are typically fulfilled and","{""cotton"": 88.0, ""polyester"": 12.0}",cotton,88.0,high,international,GLOBAL,https://coastalbloom.com/products/sunset-drift-hooded-lounge-top-navy?variant=42230173990987,2026-04-24T03:23:58.087524,live
Coastal Bloom,Elevated Shoulder Italian Sleeveless Button Top- White,top,One Size Made In Italy Fit One Size - up to size 14 Fabric: 100% Cotton Shipping Orders are typically fulfilled and shipped within,"{""cotton"": 100.0}",cotton,100.0,high,international,GLOBAL,https://coastalbloom.com/products/elevated-shoulder-italian-button-top,2026-04-24T03:24:12.185186,live
Coastal Bloom,Harborline Ribbed Knit Tank - Off White,knitwear,"le Fit Small up to 6, Medium 8 to 10, Large 12 to 14 Fabric 71% Rayon, 20% Polyester, 9% Nylon Shipping Orders are typically fulf","{""rayon"": 71.0, ""polyester"": 20.0, ""nylon"": 9.0}",rayon,71.0,medium,international,GLOBAL,https://coastalbloom.com/products/harborline-ribbed-knit-tank-off-white,2026-04-24T03:24:23.502380,live
Coastal Bloom,Faded Mint Luxe Sweatshirt - Light Pink,hoodie,"l: up to 6 / Medium: 8 to 10 / Large: 12 to 14 Fabric Self: 60% Cotton, 40% Polyester Contrast: 57% Cotton, 38% Polyester, 5% Span","{""cotton"": 60.0, ""polyester"": 40.0}",cotton,60.0,medium,international,GLOBAL,https://coastalbloom.com/products/sunbeam-knit-sweater-butter-yellow-copy-1?variant=42033928568907,2026-04-24T03:24:31.432118,live
Coastal Bloom,CB Custom Metallic Sweatshirt - Black/Silver,hoodie,"6.5-39"" XX-Large (XXL): Bust 46-48"", Waist 41-43.5"" Fabric: 53% Cotton 45% Polyester 2% Spandex **FINAL SALE** Shipping Orders are","{""cotton"": 53.0, ""polyester"": 45.0, ""elastane"": 2.0}",cotton,53.0,medium,international,GLOBAL,https://coastalbloom.com/products/cb-custom-metallic-pullover?variant=40107775262795,2026-04-24T03:24:32.294211,live
Coastal Bloom,Faded Mint Luxe Sweatshirt - Dusty Mint,hoodie,"l: up to 6 / Medium: 8 to 10 / Large: 12 to 14 Fabric Self: 60% Cotton, 40% Polyester Contrast: 57% Cotton, 38% Polyester, 5% Span","{""cotton"": 60.0, ""polyester"": 40.0}",cotton,60.0,medium,international,GLOBAL,https://coastalbloom.com/products/sunbeam-knit-sweater-butter-yellow-copy,2026-04-24T03:24:33.232015,live
Coastal Bloom,Sunday Stroll Sweater Hoodie - Red,hoodie,"up to 4 / Medium: 6 to 8 / Large: 10 to 12 / XL: 14 Fabric 70% Viscose, 30% Nylon Shipping Orders are typically fulfilled and ship","{""viscose"": 70.0, ""nylon"": 30.0}",viscose,70.0,medium,international,GLOBAL,https://coastalbloom.com/products/sunday-stroll-sweater-hoodie-red?variant=42002639683659,2026-04-24T03:24:33.943735,live
Coastal Bloom,Tennis Club Sweatshirt,hoodie,"it Small: 4 to 6 / Medium: 8 to 10 / Large: 12 to 14 Fabric 85% Cotton, 15% Polyester Shipping Orders are typically fulfilled and","{""cotton"": 85.0, ""polyester"": 15.0}",cotton,85.0,high,international,GLOBAL,https://coastalbloom.com/products/sweet-side-tie-knit-vest-grey-copy?variant=41469250240587,2026-04-24T03:24:34.701157,live
Coastal Bloom,Soul Rider Star Sweatshirt,hoodie,: Small: up to size 6 / Medium: 8-10 / Large: 12-14 Fabric: 100% Cotton Shipping Orders are typically fulfilled and shipped within,"{""cotton"": 100.0}",cotton,100.0,high,international,GLOBAL,https://coastalbloom.com/products/snowbound-serenity-quarter-zip-sweatshirt-copy?variant=41785687670859,2026-04-24T03:24:35.394042,live
Coastal Bloom,Eileen Hoodie - Halogen Blue,hoodie,laxed Fit: Small: 4-6 / Medium: 8-10 / Large: 12-14 Fabric: 100% Cotton Shipping Orders are typically fulfilled and shipped within,"{""cotton"": 100.0}",cotton,100.0,high,international,GLOBAL,https://coastalbloom.com/products/pre-auth-eileen-cropped-hoodie-halogen-blue,2026-04-24T03:24:39.532769,live
Coastal Bloom,CB CUSTOM Pink Skull Classic Sweatshirt,hoodie,"36.5-39"" XX-Large (XXL): Bust 46-48"", Waist 41-43.5"" Fabric 53% Cotton 45% Polyester 2% Spandex Final Sale Shipping Orders are typ","{""cotton"": 53.0, ""polyester"": 45.0, ""elastane"": 2.0}",cotton,53.0,medium,international,GLOBAL,https://coastalbloom.com/products/pink-skull-classic-sweatshirt?variant=39951167193163,2026-04-24T03:24:40.343252,live
Coastal Bloom,CB Custom Metallic Sweatshirt - White,hoodie,"6.5-39"" XX-Large (XXL): Bust 46-48"", Waist 41-43.5"" Fabric: 53% Cotton 45% Polyester 2% Spandex **FINAL SALE** Shipping Orders are","{""cotton"": 53.0, ""polyester"": 45.0, ""elastane"": 2.0}",cotton,53.0,medium,international,GLOBAL,https://coastalbloom.com/products/copy-of-cb-custom-metallic-pullover,2026-04-24T03:24:40.967457,live
Coastal Bloom,Relaxed Stretch Dolman Sweatshirt,hoodie,"ts. Product Details Color: Ash Jade Size: S, M, L Material: 90% Polyester, 6% Rayon, 4% Spandex Fit Small: 4 to 6 / Medium: 8 to 10 /","{""polyester"": 90.0, ""rayon"": 6.0, ""elastane"": 4.0}",polyester,6.0,low,international,GLOBAL,https://coastalbloom.com/products/relaxed-stretch-dolman-sweatshirt,2026-04-24T03:24:46.804041,live
Coastal Bloom,Eileen Hoodie - Denim Drift,hoodie,laxed Fit: Small: 4-6 / Medium: 8-10 / Large: 12-14 Fabric: 100% Cotton Shipping Orders are typically fulfilled and shipped within,"{""cotton"": 100.0}",cotton,100.0,high,international,GLOBAL,https://coastalbloom.com/products/pre-auth-eileen-cropped-hoodie-denim-drift,2026-04-24T03:24:51.047335,live
Coastal Bloom,Neon Pop Light Grey Sweatshirt,hoodie,": 2 to 4 / Medium: 6 to 8 / Large: 10 to 12 / XL: 14 Fabric 50% Polyester, 50% Cotton Shipping Orders are typically fulfilled and shi","{""polyester"": 50.0, ""cotton"": 50.0}",polyester,50.0,medium,international,GLOBAL,https://coastalbloom.com/products/neon-pop-light-grey-sweatshirt?variant=42035470696523,2026-04-24T03:24:51.855309,live
Coastal Bloom,Tropical Garden Italian Zip Hoodie Jacket,jacket,"n elegance to any outfit. Color: Green One Size Fit Fabric: 97% Cotton, 3% Elastane. Shipping Orders are typically fulfilled and s","{""cotton"": 97.0, ""elastane"": 3.0}",cotton,97.0,high,international,GLOBAL,https://coastalbloom.com/products/botanic-breeze-italian-zip-hoodie-jacket,2026-04-24T03:24:52.545551,live
Coastal Bloom,Sunday Stroll Sweater Hoodie - Gray,hoodie,"Small: up to 4 / Medium: 6 to 8 / Large: 10 to 12 / XL: 14 70% Viscose, 30% Nylon Shipping Orders are typically fulfilled and ship","{""viscose"": 70.0, ""nylon"": 30.0}",viscose,70.0,medium,international,GLOBAL,https://coastalbloom.com/products/sunday-stroll-sweater-hoodie-grey?variant=42179809476683,2026-04-24T03:24:54.001489,live
Coastal Bloom,Varsity Touch Half Zip Sweatshirt,hoodie,"D — Small: 2 to 4 / Medium: 6 to 8 / Large: 10 to 12 Fabric 82% Cotton, 18% Spandex Shipping Orders are typically fulfilled and sh","{""cotton"": 82.0, ""elastane"": 18.0}",cotton,82.0,medium,international,GLOBAL,https://coastalbloom.com/products/fringe-statement-blouse-copy?variant=42030937079883,2026-04-24T03:25:01.809960,live
Coastal Bloom,Eileen Hoodie - Yellow Glow,hoodie,laxed Fit: Small: 4-6 / Medium: 8-10 / Large: 12-14 Fabric: 100% Cotton Shipping Orders are typically fulfilled and shipped within,"{""cotton"": 100.0}",cotton,100.0,high,international,GLOBAL,https://coastalbloom.com/products/eileen-cropped-hoodie-yellow-glow?variant=42167208640587,2026-04-24T03:25:12.217046,live
Coastal Bloom,Seaside Rhythm Dress,dress,"V front, short sleeves, relaxed shift silhouette Fit Fabric 95%Cotton+5%Elastane Shipping Orders are typically fulfilled and ship","{""cotton"": 95.0, ""elastane"": 5.0}",cotton,95.0,high,international,GLOBAL,https://coastalbloom.com/products/whispering-horizon-earrings-copy-1?variant=42250415800395,2026-04-24T03:25:16.984511,live
Coastal Bloom,Garden Breeze Dress,dress,"split neckline, relaxed shift fit, side pockets Fit Fabric 100%Polyester Shipping Orders are typically fulfilled and shipped within","{""polyester"": 100.0}",polyester,0.0,low,international,GLOBAL,https://coastalbloom.com/products/western-charm-top-copy,2026-04-24T03:25:19.150123,live
Coastal Bloom,Harbor Stripe Easy Mini Dress,dress,"attern, sleeveless design, side pockets, mini length Fabric 100% Cotton Shipping Orders are typically fulfilled and shipped within","{""cotton"": 100.0}",cotton,100.0,high,international,GLOBAL,https://coastalbloom.com/products/harbor-stripe-easy-mini-dress?variant=42215921418315,2026-04-24T03:25:19.770417,live
Coastal Bloom,Seabreeze Pigment Mini Dress,dress,"finish, sleeveless design, side pockets, mini length Fabric 100% Cotton Shipping Orders are typically fulfilled and shipped within","{""cotton"": 100.0}",cotton,100.0,high,international,GLOBAL,https://coastalbloom.com/products/seabreeze-pigment-mini-dress,2026-04-24T03:25:20.686858,live
Coastal Bloom,Court Contrast Trim Shift Dress - Mint Green,dress,"trim neckline and hem, side pockets, pull-on style. Fabric 80% Polyester, 20% Cotton FINAL SALE Shipping Orders are typically fulfil","{""polyester"": 80.0, ""cotton"": 20.0}",polyester,20.0,low,international,GLOBAL,https://coastalbloom.com/products/court-contrast-trim-shift-dress-mint-green?variant=42250235215947,2026-04-24T03:25:22.550725,live
Coastal Bloom,Wild Elegance Unleashed Dress,dress,t Three-quarter sleeves Relaxed shift silhouette Fit Fabric 100% POLYESTER Shipping Orders are typically fulfilled and shipped within,"{""polyester"": 100.0}",polyester,0.0,low,international,GLOBAL,https://coastalbloom.com/products/soft-structure-easy-charm-dress-copy?variant=42213255839819,2026-04-24T03:25:23.624477,live
Coastal Bloom,Sweet Contrast Dress,dress,"ontrast neckline detail, tiered hem, relaxed fit Fit Fabric 50%Cotton+50%Lyocell Shipping Orders are typically fulfilled and ship","{""cotton"": 50.0, ""lyocell"": 50.0}",cotton,100.0,high,international,GLOBAL,https://coastalbloom.com/products/midnight-shore-cover-up-top-copy,2026-04-24T03:25:25.012049,live
Coastal Bloom,Safari Belted Italian Button Dress,dress,"One Size Made in Italy Size One Size - up to size 10 Fabric 85% Tencel, 10% Cotton, 5% Polyester Shipping Orders are typically ful","{""tencel"": 85.0, ""cotton"": 10.0, ""polyester"": 5.0}",tencel,95.0,high,international,GLOBAL,https://coastalbloom.com/products/safari-belted-italian-button-dress,2026-04-24T03:25:26.235479,live
Coastal Bloom,Polished Motion Dress,dress,"lastic waistband, collared neckline, relaxed fit Fit Fabric 65%Polyester+35%Cotton Shipping Orders are typically fulfilled and shipp","{""polyester"": 65.0, ""cotton"": 35.0}",polyester,35.0,low,international,GLOBAL,https://coastalbloom.com/products/sweet-contrast-dress-copy?variant=42250373562443,2026-04-24T03:25:29.655322,live
Coastal Bloom,Luminous Elegante Italian Dress - Ecru,dress,r: Ecru Made in Italy Size : One Size Fit: One Size Fabric: 100% Viscose Shipping Orders are typically fulfilled and shipped within,"{""viscose"": 100.0}",viscose,100.0,high,international,GLOBAL,https://coastalbloom.com/products/luminous-elegante-italian-dress-black-copy,2026-04-24T03:25:31.443800,live
Coastal Bloom,Coastal Calm Linen Italian Dress- Light Peach,dress,ne Size Made in Italy Size One Size up to Size 12/14 Fabric 100% Linen Shipping Orders are typically fulfilled and shipped within,"{""linen"": 100.0}",linen,100.0,high,international,GLOBAL,https://coastalbloom.com/products/coastal-calm-linen-italian-dress-light-peach,2026-04-24T03:25:37.220038,live
Coastal Bloom,Delicate Charm Dress,dress,"button front detail, short sleeves, relaxed fit Fit Fabric 55%Cotton 45%Viscose Shipping Orders are typically fulfilled and ship","{""cotton"": 55.0, ""viscose"": 45.0}",cotton,100.0,high,international,GLOBAL,https://coastalbloom.com/products/everyday-muse-skirt-copy?variant=42250382573643,2026-04-24T03:25:39.594095,live
Coastal Bloom,The Harbor Stripe Shirt Dress - Black,dress,"to size. Fit Small: 2-4 / Medium: 6-8 / Large: 10-12 Fabric 92% Polyester, 8% Spandex Final Sale Shipping Orders are typically fulfil","{""polyester"": 92.0, ""elastane"": 8.0}",polyester,0.0,low,international,GLOBAL,https://coastalbloom.com/products/a-122?variant=42218938957899,2026-04-24T03:25:43.112853,live
Coastal Bloom,Luminous Elegante Italian Dress - Black,dress,: Black Made in Italy Size : One Size Fit: One Size Fabric: 100% Viscose Shipping Orders are typically fulfilled and shipped within,"{""viscose"": 100.0}",viscose,100.0,high,international,GLOBAL,https://coastalbloom.com/products/luminous-elegante-italian-dress-black,2026-04-24T03:25:51.608613,live
Coastal Bloom,City Command Italian Dress,dress,ly Size : One Size Fit: One Size - up to size 10/12 Fabric: 100% Cotton Shipping Orders are typically fulfilled and shipped within,"{""cotton"": 100.0}",cotton,100.0,high,international,GLOBAL,https://coastalbloom.com/products/city-command-italian-dress,2026-04-24T03:25:55.638942,live
Coastal Bloom,Rolling Stones Flag & Distress Detail Dress,dress,"side pockets Fit: S up to 6, M 8/10, L 12 maybe 14 Fabric: 100% Cotton Shipping Orders are typically fulfilled and shipped within","{""cotton"": 100.0}",cotton,100.0,high,international,GLOBAL,https://coastalbloom.com/products/rolling-stones-flag-distress-detail-dress?variant=41586583601227,2026-04-24T03:25:59.428054,live
Coastal Bloom,Easy Days Dress - Chambray,dress,s design Split neckline Relaxed swing silhouette Fit Fabric 100%POLYESTER Shipping Orders are typically fulfilled and shipped within,"{""polyester"": 100.0}",polyester,0.0,low,international,GLOBAL,https://coastalbloom.com/products/sunset-harbor-stripe-puff-mini-dress-copy?variant=42213293949003,2026-04-24T03:26:00.825457,live
Coastal Bloom,Pure Poise Sleeveless Dress,dress,dard Fit: Small: 2–4 / Medium: 6–8 / Large: 10–12 Fabric: • 95% Polyester • 5% Spandex Shipping Orders are typically fulfilled and sh,"{""polyester"": 95.0, ""elastane"": 5.0}",polyester,0.0,low,international,GLOBAL,https://coastalbloom.com/products/playful-layers-textured-shorts-orchid-blue-copy?variant=42106206027851,2026-04-24T03:26:01.543360,live
Coastal Bloom,Relaxed Fit Scuba Maxi Dress,dress,andard Fit: Small: 2-4 / Medium: 6-8 / Large: 10-12 Fabric: 50% Modal/47% Polyester/3% Spandex Shipping Orders are typically fulf,"{""modal"": 50.0, ""polyester"": 47.0, ""elastane"": 3.0}",modal,50.0,medium,international,GLOBAL,https://coastalbloom.com/products/santa-monica-cable-knit-sweater-copy?variant=41544103493707,2026-04-24T03:26:03.810913,live
Coastal Bloom,Sunset Harbor Stripe Puff Mini Dress,dress,Small: up to 6 / Medium: 8 to 10 / Large: 12 to 14 Fabric: 100% Cotton Shipping Orders are typically fulfilled and shipped within,"{""cotton"": 100.0}",cotton,100.0,high,international,GLOBAL,https://coastalbloom.com/products/sunset-harbor-stripe-puff-mini-dress?variant=42143629377611,2026-04-24T03:26:04.786187,live
Coastal Bloom,Sunday Stroll Denim Overall Dress,dress,"t Small: up to 6 / Medium: 8 to 10 / Large: 12 to 14 Fabric 85% Cotton, 15% Polyester Final Sale Shipping Orders are typically ful","{""cotton"": 85.0, ""polyester"": 15.0}",cotton,85.0,high,international,GLOBAL,https://coastalbloom.com/products/sunday-stroll-denim-overall-dress?variant=42164017528907,2026-04-24T03:26:11.471714,live
Coastal Bloom,Coastal Charm in Motion Dress,dress,rast trim Front patch pockets Relaxed silhouette Fit Fabric 100%POLYESTER Shipping Orders are typically fulfilled and shipped within,"{""polyester"": 100.0}",polyester,0.0,low,international,GLOBAL,https://coastalbloom.com/products/bright-days-sweet-style-romper-copy,2026-04-24T03:26:25.700949,live
Coastal Bloom,Court Contrast Trim Shift Dress - Magenta,dress,"trim neckline and hem, side pockets, pull-on style. Fabric 80% Polyester, 20% Cotton FINAL SALE Shipping Orders are typically fulfil","{""polyester"": 80.0, ""cotton"": 20.0}",polyester,20.0,low,international,GLOBAL,https://coastalbloom.com/products/court-contrast-trim-shift-dress,2026-04-24T03:26:27.358205,live
