brand,product_name,clothing_type,fabric_composition,fiber_json,most_dominant_fiber,fs_bio_share,fs_biodeg_tier,source,country_of_brand,scraped_url,first_scraped_at,last_seen_at,origin,is_active
OXGN,Raglan Graphic T-Shirt,shirt,"roidery, Taping Fabric: Single Jersey Material Composition: 65% Polyester 35% Cotton Model's Body Measurements Height: 5'8"" Chest: 29","{""polyester"": 65.0, ""cotton"": 35.0}",polyester,35.0,low,philippine,PH,https://www.oxgnfashion.com/collections/oxgn-fashion-new-casualwear-clothes-for-women-shop-online/products/raglan-graphic-t-shirt-994641-off-white,2026-04-08T06:24:45.842757,2026-04-08T06:24:45.842757,live,True
OXGN,Washed Denim Skater Shorts,jeans,Hardware Fabric: Twill Weave (Denim) Material Composition: 70% Cotton 18% Polyester 12% Rayon Waist Height: High Waist Model's Bo,"{""cotton"": 70.0, ""polyester"": 18.0, ""rayon"": 12.0}",cotton,82.0,medium,philippine,PH,https://www.oxgnfashion.com/collections/oxgn-fashion-new-casualwear-clothes-for-women-shop-online/products/washed-denim-skater-shorts-993084-acid-blue,2026-04-08T06:24:46.917217,2026-04-08T06:24:46.917217,live,True
OXGN,Knit Shorts,shorts,ls: Contrast Trim Fabric: Ribbed Knit Material Composition: 95% Cotton 5% Spandex Waist Height: High Waist Stretch Detail: Stretch,"{""cotton"": 95.0, ""elastane"": 5.0}",cotton,95.0,high,philippine,PH,https://www.oxgnfashion.com/collections/oxgn-fashion-new-casualwear-clothes-for-women-shop-online/products/knit-shorts-994478-forest-green,2026-04-08T06:24:48.172665,2026-04-08T06:24:48.172665,live,True
OXGN,Panelled Slim T-Shirt,shirt,"tails: Logo Print Fabric: Ribbed Knit Material Composition: 90% Cotton 10% Spandex Model's Body Measurements Height: 5'7"" Chest: 3","{""cotton"": 90.0, ""elastane"": 10.0}",cotton,90.0,high,philippine,PH,https://www.oxgnfashion.com/collections/oxgn-fashion-new-casualwear-clothes-for-women-shop-online/products/panelled-slim-t-shirt-986334-black,2026-04-08T06:24:48.864699,2026-04-08T06:24:48.864699,live,True
OXGN,Jersey Graphic Boxy Polo,polo,"Print, Lace Overlay Fabric: Knit Mesh Material Composition: 100% Polyester Model's Body Measurements Height: 5'8"" Chest: 29"" Waist: 24","{""polyester"": 100.0}",polyester,0.0,low,philippine,PH,https://www.oxgnfashion.com/collections/oxgn-fashion-new-casualwear-clothes-for-women-shop-online/products/jersey-graphic-boxy-polo-994350-off-white,2026-04-08T06:24:49.436260,2026-04-08T06:24:49.436260,live,True
OXGN,Ringer Graphic T-Shirt,shirt,"ils: Embroidery Fabric: Single Jersey Material Composition: 65% Polyester 35% Cotton Model's Body Measurements Height: 5'7"" Chest: 32","{""polyester"": 65.0, ""cotton"": 35.0}",polyester,35.0,low,philippine,PH,https://www.oxgnfashion.com/collections/oxgn-fashion-new-casualwear-clothes-for-women-shop-online/products/ringer-graphic-t-shirt-994178-navy-blue,2026-04-08T06:24:51.029764,2026-04-08T06:24:51.029764,live,True
OXGN,Graphic Slim Cropped T-Shirt,shirt,"mbroidery, Taping Fabric: Ribbed Knit Material Composition: 90% Cotton 10% Spandex Model's Body Measurements Height: 5'9"" Chest: 3","{""cotton"": 90.0, ""elastane"": 10.0}",cotton,90.0,high,philippine,PH,https://www.oxgnfashion.com/collections/oxgn-fashion-new-casualwear-clothes-for-women-shop-online/products/graphic-slim-cropped-t-shirt-994345-forest-green,2026-04-08T06:24:52.135872,2026-04-08T06:24:52.135872,live,True
OXGN,Square Neck Sleeveless Dress,dress,etails: Side Taping Fabric: Interlock Material Composition: 55% Cotton 38% Polyester 7% Spandex Model's Body Measurements Height:,"{""cotton"": 55.0, ""polyester"": 38.0, ""elastane"": 7.0}",cotton,55.0,medium,philippine,PH,https://www.oxgnfashion.com/collections/oxgn-fashion-new-casualwear-clothes-for-women-shop-online/products/square-neck-sleeveless-dress-994381-scarlet,2026-04-08T06:24:53.379704,2026-04-08T06:24:53.379704,live,True
OXGN,Ringer Raglan Graphic Slim Cropped T-Shirt,shirt,"nt, Cut & Sew Panel Fabric: Interlock Material Composition: 55% Cotton 38% Polyester 7% Spandex Model's Body Measurements Height:","{""cotton"": 55.0, ""polyester"": 38.0, ""elastane"": 7.0}",cotton,55.0,medium,philippine,PH,https://www.oxgnfashion.com/collections/oxgn-fashion-new-casualwear-clothes-for-women-shop-online/products/ringer-raglan-graphic-slim-cropped-t-shirt-993097-off-white,2026-04-08T06:24:54.531921,2026-04-08T06:24:54.531921,live,True
OXGN,Knit Slim Track Jacket,jacket,"Trim, Side Taping Fabric: Ribbed Knit Material Composition: 95% Cotton 5% Spandex Model's Body Measurements Height: 5'7"" Chest: 32","{""cotton"": 95.0, ""elastane"": 5.0}",cotton,95.0,high,philippine,PH,https://www.oxgnfashion.com/collections/oxgn-fashion-new-casualwear-clothes-for-women-shop-online/products/knit-slim-track-jacket-994520-forest-green,2026-04-08T06:24:55.312964,2026-04-08T06:24:55.312964,live,True
OXGN,Barrel Jeans,jeans,Sew Panel Fabric: Twill Weave (Denim) Material Composition: 70% Cotton 18% Polyester 12% Rayon Waist Height: High Waist Model's Bo,"{""cotton"": 70.0, ""polyester"": 18.0, ""rayon"": 12.0}",cotton,82.0,medium,philippine,PH,https://www.oxgnfashion.com/collections/oxgn-fashion-new-casualwear-clothes-for-women-shop-online/products/barrel-jeans-993083-acid-blue,2026-04-08T06:24:57.253787,2026-04-08T06:24:57.253787,live,True
OXGN,Jersey Boxy Lace Top,top,"nt, Lace overlay Fabric: Knitted Mesh Material Composition: 100% Polyester Model's Body Measurements Height: 5'7"" Chest: 32"" Waist: 24","{""polyester"": 100.0}",polyester,0.0,low,philippine,PH,https://www.oxgnfashion.com/collections/oxgn-fashion-new-casualwear-clothes-for-women-shop-online/products/jersey-boxy-lace-top-994318-butter-yellow,2026-04-08T06:24:58.621256,2026-04-08T06:24:58.621256,live,True
OXGN,Graphic Loose T-Shirt,shirt,"Details: Flat Print Fabric: Interlock Material Composition: 50% Cotton 50% Polyester Model's Body Measurements Height: 5'8"" Chest:","{""cotton"": 50.0, ""polyester"": 50.0}",cotton,50.0,medium,philippine,PH,https://www.oxgnfashion.com/collections/oxgn-fashion-new-casualwear-clothes-for-women-shop-online/products/graphic-loose-t-shirt-994640-oak,2026-04-08T06:24:59.487975,2026-04-08T06:24:59.487975,live,True
OXGN,Rugby Boxy Polo,polo,"Cut & Sew Panel Fabric: French Terry Material Composition: 80% Rayon 20% Polyester Model's Body Measurements Height: 5'7"" Chest:","{""rayon"": 80.0, ""polyester"": 20.0}",rayon,80.0,medium,philippine,PH,https://www.oxgnfashion.com/collections/oxgn-fashion-new-casualwear-clothes-for-women-shop-online/products/rugby-boxy-polo-991636-off-white,2026-04-08T06:25:00.355859,2026-04-08T06:25:00.355859,live,True
OXGN,Paisley Slim Cropped Top,top,"s: All-Over Print Fabric: Ribbed Knit Material Composition: 90% Cotton 10% Spandex Model's Body Measurements Height: 5'9"" Chest: 3","{""cotton"": 90.0, ""elastane"": 10.0}",cotton,90.0,high,philippine,PH,https://www.oxgnfashion.com/collections/ladies-tops/products/paisley-slim-cropped-top-992816-amber-brown,2026-04-08T06:25:04.823325,2026-04-08T06:25:04.823325,live,True
OXGN,Raglan Graphic Relaxed T-Shirt,shirt,"ect To Fabric Print Fabric: Interlock Material Composition: 60% Cotton 40% Polyester Model's Body Measurements Height: 5'9"" Chest:","{""cotton"": 60.0, ""polyester"": 40.0}",cotton,60.0,medium,philippine,PH,https://www.oxgnfashion.com/collections/ladies-tops/products/raglan-graphic-relaxed-t-shirt-993919-off-white,2026-04-08T06:25:07.864734,2026-04-08T06:25:07.864734,live,True
OXGN,Ringer Raglan Graphic Slim T-Shirt,shirt,"ect To Fabric Print Fabric: Interlock Material Composition: 60% Cotton 40% Polyester Model's Body Measurements Height: 5'9"" Chest:","{""cotton"": 60.0, ""polyester"": 40.0}",cotton,60.0,medium,philippine,PH,https://www.oxgnfashion.com/collections/ladies-tops/products/ringer-raglan-graphic-slim-t-shirt-993920-black,2026-04-08T06:25:10.224245,2026-04-08T06:25:10.224245,live,True
OXGN,Textured Off-Shoulder Cropped Top,top,"elf Fabric Tie Fabric: Textured Weave Material Composition: 100% Polyester Model's Body Measurements Height: 5'9"" Chest: 32"" Waist: 24","{""polyester"": 100.0}",polyester,0.0,low,philippine,PH,https://www.oxgnfashion.com/collections/ladies-tops/products/textured-off-shoulder-cropped-top-994960-off-white,2026-04-08T06:25:13.260146,2026-04-08T06:25:13.260146,live,True
OXGN,Cut And Sew Cropped Polo,polo,"ry, Piping Detail Fabric: Ribbed Knit Material Composition: 90% Cotton 10% Spandex Model's Body Measurements Height: 5'9"" Chest: 3","{""cotton"": 90.0, ""elastane"": 10.0}",cotton,90.0,high,philippine,PH,https://www.oxgnfashion.com/collections/ladies-tops/products/cut-and-sew-cropped-polo-992826-amber-brown,2026-04-08T06:25:14.023679,2026-04-08T06:25:14.023679,live,True
OXGN,Rugby Graphic Boxy Polo,polo,"Flat Print, Tie-Front Fabric: Fleece Material Composition: 65% Polyester 35% Cotton Model's Body Measurements Height: 5'9"" Chest: 32","{""polyester"": 65.0, ""cotton"": 35.0}",polyester,35.0,low,philippine,PH,https://www.oxgnfashion.com/collections/ladies-tops/products/rugby-graphic-boxy-polo-991676-off-white,2026-04-08T06:25:14.817613,2026-04-08T06:25:14.817613,live,True
OXGN,Raglan Graphic Slim Cropped T-Shirt,shirt,"rint, Contrast Trim Fabric: Interlock Material Composition: 65% Polyester 35% Cotton Model's Body Measurements Height: 5'9"" Chest: 32","{""polyester"": 65.0, ""cotton"": 35.0}",polyester,35.0,low,philippine,PH,https://www.oxgnfashion.com/collections/ladies-tops/products/raglan-graphic-slim-cropped-t-shirt-992821-terracotta,2026-04-08T06:25:17.341124,2026-04-08T06:25:17.341124,live,True
OXGN,Raglan Graphic Cropped T-Shirt,shirt,"& All-Over Print Fabric: Ribbed Knit Material Composition: 90% Cotton 10% Spandex Model's Body Measurements Height: 5'9"" Chest: 3","{""cotton"": 90.0, ""elastane"": 10.0}",cotton,90.0,high,philippine,PH,https://www.oxgnfashion.com/collections/ladies-fashion-tops/products/raglan-graphic-cropped-t-shirt-992820-oatmilk,2026-04-08T06:25:18.588780,2026-04-08T06:25:18.588780,live,True
OXGN,Washed Graphic T-Shirt,shirt,"ils: Flat Print Fabric: Single Jersey Material Composition: 50% Cotton 50% Polyester Model's Body Measurements Height: 6'0"" Chest:","{""cotton"": 50.0, ""polyester"": 50.0}",cotton,50.0,medium,philippine,PH,https://www.oxgnfashion.com/products/washed-graphic-t-shirt-993967-basil,2026-04-08T06:25:19.293213,2026-04-08T06:25:19.293213,live,True
OXGN,Flared Jeans,jeans,ed Effect Fabric: Twill Weave (Denim) Material Composition: 70% Cotton 28% Polyester 2% Spandex Waist Height: High Waist Stretch D,"{""cotton"": 70.0, ""polyester"": 28.0, ""elastane"": 2.0}",cotton,70.0,medium,philippine,PH,https://www.oxgnfashion.com/products/flared-jeans-991686-denim-blue,2026-04-08T06:25:19.920758,2026-04-08T06:25:19.920758,live,True
OXGN,Ringer Graphic Slim Cropped T-Shirt,shirt,Details: Flat Print Fabric: Interlock Material Composition: 55% Cotton 38% Polyester 7% Spandex Model's Body Measurements Height:,"{""cotton"": 55.0, ""polyester"": 38.0, ""elastane"": 7.0}",cotton,55.0,medium,philippine,PH,https://www.oxgnfashion.com/collections/ladies-fashion-tops/products/ringer-graphic-slim-cropped-t-shirt-991674-black,2026-04-08T06:25:20.627191,2026-04-08T06:25:20.627191,live,True
OXGN,Washed Graphic Boxy T-Shirt,shirt,"Silicone Print Fabric: Single Jersey Material Composition: 50% Cotton 50% Polyester Model's Body Measurements Height: 6'0"" Chest:","{""cotton"": 50.0, ""polyester"": 50.0}",cotton,50.0,medium,philippine,PH,https://www.oxgnfashion.com/products/washed-graphic-boxy-t-shirt-993968-black,2026-04-08T06:25:22.589759,2026-04-08T06:25:22.589759,live,True
OXGN,Jacquard Print Hoodie,hoodie,"Print & Embroidery Fabric: Bull Twill Material Composition: 100% Cotton Model's Body Measurements Height: 6'0"" Chest: 34"" Waist: 27","{""cotton"": 100.0}",cotton,100.0,high,philippine,PH,https://www.oxgnfashion.com/products/jacquard-print-hoodie-993443-bone,2026-04-08T06:25:23.881327,2026-04-08T06:25:23.881327,live,True
OXGN,Graphic T-Shirt,shirt,"t Fabric: Jersey Knit (Single Jersey) Material Composition: 65% Polyester 35% Cotton Model's Body Measurements Height: 6'2"" Chest: 41","{""polyester"": 65.0, ""cotton"": 35.0}",polyester,35.0,low,philippine,PH,https://www.oxgnfashion.com/products/graphic-t-shirt-992668-off-white,2026-04-08T06:25:24.462264,2026-04-08T06:25:24.462264,live,True
OXGN,Ringer Raglan Slim T-Shirt,shirt,"Details: Flat Print Fabric: Interlock Material Composition: 60% Cotton 40% Polyester Model's Body Measurements Height: 5'9"" Chest:","{""cotton"": 60.0, ""polyester"": 40.0}",cotton,60.0,medium,philippine,PH,https://www.oxgnfashion.com/collections/ladies-fashion-tops/products/ringer-raglan-slim-t-shirt-991634-off-white,2026-04-08T06:25:25.076815,2026-04-08T06:25:25.076815,live,True
OXGN,Ringer Oversized T-Shirt,shirt,"ils: Flat Print Fabric: Single Jersey Material Composition: 50% Cotton 50% Polyester Model's Body Measurements Height: 6'0"" Chest:","{""cotton"": 50.0, ""polyester"": 50.0}",cotton,50.0,medium,philippine,PH,https://www.oxgnfashion.com/products/ringer-oversized-t-shirt-993174-white,2026-04-08T06:25:25.632982,2026-04-08T06:25:25.632982,live,True
OXGN,Graphic Boxy T-Shirt,shirt,"High Density Print Fabric: Interlock Material Composition: 93% Polyester 7% Cotton Model's Body Measurements Height: 6'0"" Chest: 34""","{""polyester"": 93.0, ""cotton"": 7.0}",polyester,7.0,low,philippine,PH,https://www.oxgnfashion.com/products/graphic-boxy-t-shirt-992610-buttercream,2026-04-08T06:25:26.234360,2026-04-08T06:25:26.234360,live,True
OXGN,Ringer Graphic Relaxed T-Shirt,shirt,"Details: Flat Print Fabric: Interlock Material Composition: 65% Polyester 35% Cotton Model's Body Measurements Height: 5'9"" Chest: 32","{""polyester"": 65.0, ""cotton"": 35.0}",polyester,35.0,low,philippine,PH,https://www.oxgnfashion.com/collections/ladies-fashion-tops/products/ringer-graphic-relaxed-t-shirt-992825-terracotta,2026-04-08T06:25:26.811151,2026-04-08T06:25:26.811151,live,True
OXGN,Cropped Muscle T-Shirt,shirt,"ails: Flat Print Fabric: French Terry Material Composition: 65% Polyester 35% Cotton Model's Body Measurements Height: 5'9"" Chest: 32","{""polyester"": 65.0, ""cotton"": 35.0}",polyester,35.0,low,philippine,PH,https://www.oxgnfashion.com/collections/ladies-fashion-tops/products/cropped-muscle-t-shirt-992823-dark-oak,2026-04-08T06:25:27.404358,2026-04-08T06:25:27.404358,live,True
OXGN,Asymmetric Raglan Slim Cropped T-Shirt,shirt,"tails: Flat Print Fabric: Ribbed Knit Material Composition: 90% Cotton 10% Spandex Model's Body Measurements Height: 5'9"" Chest: 3","{""cotton"": 90.0, ""elastane"": 10.0}",cotton,90.0,high,philippine,PH,https://www.oxgnfashion.com/collections/ladies-fashion-tops/products/asymmetric-raglan-slim-cropped-t-shirt-992824-off-white,2026-04-08T06:25:28.052111,2026-04-08T06:25:28.052111,live,True
OXGN,Raglan Mesh Sport Oversized Polo,polo,"ntrast Cut & Sew Fabric: Knitted Mesh Material Composition: 95% Polyester 5% Spandex Model's Body Measurements Height: 6'0"" Chest: 34","{""polyester"": 95.0, ""elastane"": 5.0}",polyester,0.0,low,philippine,PH,https://www.oxgnfashion.com/products/raglan-mesh-sport-oversized-polo-993462-off-white,2026-04-08T06:25:28.760034,2026-04-08T06:25:28.760034,live,True
OXGN,Graphic Mesh Slim Top,top,"blimation Print Fabric: Single Jersey Material Composition: 100% Polyester Model's Body Measurements Height: 5'9"" Chest: 32"" Waist: 24","{""polyester"": 100.0}",polyester,0.0,low,philippine,PH,https://www.oxgnfashion.com/collections/ladies-fashion-tops/products/graphic-mesh-slim-top-991669-multi-color-combination,2026-04-08T06:25:31.223241,2026-04-08T06:25:31.223241,live,True
OXGN,Graphic Oversized T-Shirt,shirt,"High Density Print Fabric: Interlock Material Composition: 60% Cotton 40% Polyester Model's Body Measurements Height: 6'0"" Chest:","{""cotton"": 60.0, ""polyester"": 40.0}",cotton,60.0,medium,philippine,PH,https://www.oxgnfashion.com/products/graphic-oversized-t-shirt-995241-white,2026-04-08T06:25:37.265204,2026-04-08T06:25:37.265204,live,True
OXGN,Mesh Sport T-Shirt,shirt,"s: Print, Taping Fabric: Knitted Mesh Material Composition: 95% Polyester 5% Spandex Model's Body Measurements Height: 6'0"" Chest: 34","{""polyester"": 95.0, ""elastane"": 5.0}",polyester,0.0,low,philippine,PH,https://www.oxgnfashion.com/products/mesh-sport-t-shirt-993424-off-white,2026-04-08T06:25:37.867393,2026-04-08T06:25:37.867393,live,True
OXGN,Bucket Hat,jeans,s: Embroidery Material: Textured Knit Material Composition: 80% Cotton 20% Polyester Product Dimension SIZE Head Circumference Vis,"{""cotton"": 80.0, ""polyester"": 20.0}",cotton,80.0,medium,philippine,PH,https://www.oxgnfashion.com/products/bucket-hat-993718-denim-blue,2026-04-08T06:25:43.667575,2026-04-08T06:25:43.667575,live,True
OXGN,Raglan Slim Cropped T-Shirt,shirt,"Fabric: Interlock with Satin Stripes Material Composition: 100% Polyester Model's Body Measurements Height: 5'6"" Chest: 29.5"" Waist:","{""polyester"": 100.0}",polyester,0.0,low,philippine,PH,https://www.oxgnfashion.com/collections/ladies-fashion-tops/products/raglan-slim-cropped-t-shirt-992244-oatmilk,2026-04-08T06:25:44.333305,2026-04-08T06:25:44.333305,live,True
OXGN,Halter Slim Top,top,"s: Metal Hardware Fabric: Ribbed Knit Material Composition: 90% Cotton 10% Spandex Model's Body Measurements Height: 5'8"" Chest: 3","{""cotton"": 90.0, ""elastane"": 10.0}",cotton,90.0,high,philippine,PH,https://www.oxgnfashion.com/collections/ladies-fashion-tops/products/halter-slim-top-991044-black,2026-04-08T06:25:48.411388,2026-04-08T06:25:48.411388,live,True
OXGN,Mesh Boxy Polo,polo,"Print, Woven Patch Fabric: Knit Mesh Material Composition: 100% Polyester Model's Body Measurements Height: 6'0"" Chest: 34"" Waist: 27","{""polyester"": 100.0}",polyester,0.0,low,philippine,PH,https://www.oxgnfashion.com/products/mesh-boxy-polo-992812-brown,2026-04-08T06:25:52.529019,2026-04-08T06:25:52.529019,live,True
OXGN,Mesh Boxy T-Shirt,shirt,"rint, Cut & Sew Fabric: Single Jersey Material Composition: 50% Cotton 50% Polyester Model's Body Measurements Height: 6'0"" Chest:","{""cotton"": 50.0, ""polyester"": 50.0}",cotton,50.0,medium,philippine,PH,https://www.oxgnfashion.com/products/mesh-boxy-t-shirt-992702-black,2026-04-08T06:25:56.080510,2026-04-08T06:25:56.080510,live,True
OXGN,Princess Cut Zip-Up Slim Cropped Shirt,shirt,"n Details: Zipper Fabric: Twill Weave Material Composition: 100% Cotton Model's Body Measurements Height: 5'9"" Chest: 32"" Waist: 24","{""cotton"": 100.0}",cotton,100.0,high,philippine,PH,https://www.oxgnfashion.com/collections/ladies-shirts/products/princess-cut-zip-up-slim-cropped-shirt-993112-beige,2026-04-08T06:25:59.814103,2026-04-08T06:25:59.814103,live,True
OXGN,Button Down Slim Cropped Shirt,shirt,"Trim Fabric: Twill Weave (Bull twill) Material Composition: 100% Cotton Model's Body Measurements Height: 5'8"" Chest: 29"" Waist: 24","{""cotton"": 100.0}",cotton,100.0,high,philippine,PH,https://www.oxgnfashion.com/collections/ladies-shirts/products/button-down-slim-cropped-shirt-990323-beige,2026-04-08T06:26:00.732031,2026-04-08T06:26:00.732031,live,True
OXGN,Halter Backless Plaid Slim Cropped Top,top,"bric Tie, Ruching Fabric: Twill Weave Material Composition: 50% Cotton 50% Polyester Model's Body Measurements Height: 5'6"" Chest:","{""cotton"": 50.0, ""polyester"": 50.0}",cotton,50.0,medium,philippine,PH,https://www.oxgnfashion.com/collections/ladies-shirts/products/halter-backless-plaid-slim-cropped-top-990327-multi-color-combination,2026-04-08T06:26:05.404035,2026-04-08T06:26:05.404035,live,True
OXGN,Backless Plaid Shirt,shirt,", Self Fabric Tie Fabric: Plain Weave Material Composition: 50% Cotton 50% Polyester Model's Body Measurements Height: 5'6"" Chest:","{""cotton"": 50.0, ""polyester"": 50.0}",cotton,50.0,medium,philippine,PH,https://www.oxgnfashion.com/collections/ladies-shirts/products/backless-plaid-shirt-993035-multi-color-combination,2026-04-08T06:26:05.980322,2026-04-08T06:26:05.980322,live,True
OXGN,Boxy Shirt,shirt,"ails: Patch Pocket Fabric: Bull Twill Material Composition: 100% Cotton Model's Body Measurements Height: 5'9"" Chest: 32"" Waist: 24","{""cotton"": 100.0}",cotton,100.0,high,philippine,PH,https://www.oxgnfashion.com/collections/ladies-shirts/products/boxy-shirt-991528-off-white,2026-04-08T06:26:10.362228,2026-04-08T06:26:10.362228,live,True
OXGN,Denim Slim Cropped Waistcoat,jeans,rast Trim Fabric: Twill Weave (Denim) Material Composition: 70% Cotton 28% Polyester 2% Spandex Model's Body Measurements Height:,"{""cotton"": 70.0, ""polyester"": 28.0, ""elastane"": 2.0}",cotton,70.0,medium,philippine,PH,https://www.oxgnfashion.com/collections/ladies-shirts/products/denim-slim-cropped-waistcoat-993022-denim-blue,2026-04-08T06:26:14.579571,2026-04-08T06:26:14.579571,live,True
OXGN,Backless Shirt,shirt,"bric Tie Fabric: Plain Weave (Poplin) Material Composition: 97% Cotton 3% Spandex Model's Body Measurements Height: 5'6"" Chest: 29","{""cotton"": 97.0, ""elastane"": 3.0}",cotton,97.0,high,philippine,PH,https://www.oxgnfashion.com/collections/ladies-shirts/products/backless-shirt-990328-black,2026-04-08T06:26:19.188500,2026-04-08T06:26:19.188500,live,True
OXGN,Textured Cropped Shirt,shirt,": Button-Front Fabric: Textured Weave Material Composition: 100% Polyester Model's Body Measurements Height: 5'9"" Chest: 32"" Waist: 24","{""polyester"": 100.0}",polyester,0.0,low,philippine,PH,https://www.oxgnfashion.com/collections/ladies-shirts/products/textured-cropped-shirt-994963-off-white,2026-04-08T06:26:21.564437,2026-04-08T06:26:21.564437,live,True
OXGN,Smocking Plaid Cropped Shirt,shirt,"ils: Button-Front Fabric: Plain Weave Material Composition: 97% Cotton 3% Spandex Model's Body Measurements Height: 5'9"" Chest: 32","{""cotton"": 97.0, ""elastane"": 3.0}",cotton,97.0,high,philippine,PH,https://www.oxgnfashion.com/collections/ladies-shirts/products/smocking-plaid-cropped-shirt-992415-red,2026-04-08T06:26:28.975410,2026-04-08T06:26:28.975410,live,True
OXGN,Denim Cropped Shirt,shirt,ch Pocket Fabric: Twill Weave (Denim) Material Composition: 70% Cotton 28% Polyester 2% Spandex Model's Body Measurements Height:,"{""cotton"": 70.0, ""polyester"": 28.0, ""elastane"": 2.0}",cotton,70.0,medium,philippine,PH,https://www.oxgnfashion.com/collections/ladies-shirts/products/denim-cropped-shirt-992221-denim-blue,2026-04-08T06:26:31.905076,2026-04-08T06:26:31.905076,live,True
OXGN,Zip-Up Boxy Denim Vest,jeans,"Print, Zipper Fabric: Woven Jacquard Material Composition: 80% Cotton 20% Polyester Model's Body Measurements Height: 5'9"" Chest:","{""cotton"": 80.0, ""polyester"": 20.0}",cotton,80.0,medium,philippine,PH,https://www.oxgnfashion.com/collections/ladies-shirts/products/zip-up-boxy-denim-vest-993762-light-blue,2026-04-08T06:26:33.654975,2026-04-08T06:26:33.654975,live,True
OXGN,Denim Dress,dress,al Buckle Fabric: Twill Weave (Denim) Material Composition: 61% Cotton 33% Polyester 6% Rayon Model's Body Measurements Height: 5',"{""cotton"": 61.0, ""polyester"": 33.0, ""rayon"": 6.0}",cotton,67.0,medium,philippine,PH,https://www.oxgnfashion.com/collections/ladies-dresses/products/denim-dress-994433-light-blue,2026-04-08T06:26:37.872972,2026-04-08T06:26:37.872972,live,True
OXGN,Denim Button-Down Dress,dress,Sew Panel Fabric: Twill Weave (Denim) Material Composition: 70% Cotton 28% Polyester 2% Spandex Model's Body Measurements Height:,"{""cotton"": 70.0, ""polyester"": 28.0, ""elastane"": 2.0}",cotton,70.0,medium,philippine,PH,https://www.oxgnfashion.com/collections/ladies-dresses/products/denim-button-down-dress-991526-denim-blue,2026-04-08T06:26:38.831333,2026-04-08T06:26:38.831333,live,True
OXGN,Princess Cut Polo Dress,dress,"s: Front Zip Detail Fabric: Interlock Material Composition: 60% Cotton 40% Polyester Model's Body Measurements Height: 5'6"" Chest:","{""cotton"": 60.0, ""polyester"": 40.0}",cotton,60.0,medium,philippine,PH,https://www.oxgnfashion.com/collections/ladies-dresses/products/princess-cut-polo-dress-986690-butter-yellow,2026-04-08T06:26:40.250931,2026-04-08T06:26:40.250931,live,True
OXGN,Slim Denim Dress,dress,"m, Taping Fabric: Twill Weave (Denim) Material Composition: 80% Cotton 20% Polyester Model's Body Measurements Height: 5'8"" Chest:","{""cotton"": 80.0, ""polyester"": 20.0}",cotton,80.0,medium,philippine,PH,https://www.oxgnfashion.com/collections/ladies-dresses/products/slim-denim-dress-994307-light-blue,2026-04-08T06:26:41.794801,2026-04-08T06:26:41.794801,live,True
OXGN,Mesh Tulle Dress,dress,"d All-Over Print Fabric: Knitted Mesh Material Composition: 100% Polyester Model's Body Measurements Height: 5'8"" Chest: 31"" Waist: 24","{""polyester"": 100.0}",polyester,0.0,low,philippine,PH,https://www.oxgnfashion.com/collections/ladies-dresses/products/mesh-tulle-dress-990340-multi-color-combination,2026-04-08T06:26:45.370096,2026-04-08T06:26:45.370096,live,True
OXGN,Button Down Washed Slim Shirt Dress,dress,"etails: Cut & Sew Fabric: Twill Weave Material Composition: 100% Cotton Model's Body Measurements Height: 5'8"" Chest: 29"" Waist: 24","{""cotton"": 100.0}",cotton,100.0,high,philippine,PH,https://www.oxgnfashion.com/collections/ladies-dresses/products/button-down-washed-slim-shirt-dress-990321-beige,2026-04-08T06:26:52.569939,2026-04-08T06:26:52.569939,live,True
OXGN,Textured Dress,dress,"d, With Lining Fabric: Textured Weave Material Composition: 100% Polyester Model's Body Measurements Height: 5'9"" Chest: 32"" Waist: 24","{""polyester"": 100.0}",polyester,0.0,low,philippine,PH,https://www.oxgnfashion.com/collections/ladies-dresses/products/textured-dress-994839-off-white,2026-04-08T06:27:00.025211,2026-04-08T06:27:00.025211,live,True
OXGN,Asymmetric Slim Bodycon Dress,dress,"s: Asymmetrical Fabric: Single Jersey Material Composition: 95% Rayon 5% Spandex Model's Body Measurements Height: 5'8"" Chest: 31","{""rayon"": 95.0, ""elastane"": 5.0}",rayon,95.0,high,philippine,PH,https://www.oxgnfashion.com/collections/ladies-dresses/products/asymmetric-slim-bodycon-dress-992105-black,2026-04-08T06:27:03.385659,2026-04-08T06:27:03.385659,live,True
OXGN,Zip-Up Ribbed Slim Dress,dress,"ry, Gunmetal Zipper Fabric: Flat Knit Material Composition: 70% Rayon 30% Polyester Model's Body Measurements Height: 5'8"" Chest:","{""rayon"": 70.0, ""polyester"": 30.0}",rayon,70.0,medium,philippine,PH,https://www.oxgnfashion.com/collections/ladies-dresses/products/zip-up-ribbed-slim-dress-991263-slate-gray,2026-04-08T06:27:10.778120,2026-04-08T06:27:10.778120,live,True
OXGN,Smocking Plaid Dress,dress,"Details: Smocking Fabric: Plain Weave Material Composition: 97% Cotton 3% Spandex Model's Body Measurements Height: 5'9"" Chest: 32","{""cotton"": 97.0, ""elastane"": 3.0}",cotton,97.0,high,philippine,PH,https://www.oxgnfashion.com/collections/ladies-dresses/products/smocking-plaid-dress-992413-red,2026-04-08T06:27:12.337793,2026-04-08T06:27:12.337793,live,True
OXGN,Jersey Dress,dress,"Print, Side Slit Fabric: Ribbed Knit Material Composition: 95% Cotton 5% Spandex Model's Body Measurements Height: 5'6"" Chest: 29","{""cotton"": 95.0, ""elastane"": 5.0}",cotton,95.0,high,philippine,PH,https://www.oxgnfashion.com/collections/ladies-dresses/products/jersey-dress-991653-navy-blue,2026-04-08T06:27:13.289611,2026-04-08T06:27:13.289611,live,True
OXGN,Polo Dress,dress,"g Detail, Cut & Sew Fabric: Interlock Material Composition: 60% Cotton 40% Polyester Model's Body Measurements Height: 5'9"" Chest:","{""cotton"": 60.0, ""polyester"": 40.0}",cotton,60.0,medium,philippine,PH,https://www.oxgnfashion.com/collections/ladies-dresses/products/polo-dress-993753-amber-brown,2026-04-08T06:27:14.203083,2026-04-08T06:27:14.203083,live,True
OXGN,Ringer Sport Boxy T-Shirt,shirt,"Print, Woven Patch Fabric: Interlock Material Composition: 60% Cotton 40% Polyester Model's Body Measurements Height: 6'0"" Chest:","{""cotton"": 60.0, ""polyester"": 40.0}",cotton,60.0,medium,philippine,PH,https://www.oxgnfashion.com/collections/oxgn-fashion-new-casualwear-clothes-for-men-shop-online/products/ringer-sport-boxy-t-shirt-993344-off-white,2026-04-08T06:28:36.210060,2026-04-08T06:28:36.210060,live,True
OXGN,Loose Swim Shorts,shorts,Side Slit Pocket Fabric: Plain Weave Material Composition: 100% Nylon Waist Height: Mid Waist Model's Body Measurements Height: 6,"{""nylon"": 100.0}",nylon,0.0,low,philippine,PH,https://www.oxgnfashion.com/collections/oxgn-fashion-new-casualwear-clothes-for-men-shop-online/products/loose-swim-shorts-993357-black,2026-04-08T06:28:38.596993,2026-04-08T06:28:38.596993,live,True
OXGN,Loose Runner Shorts,shorts,"Sew, Woven Patch Fabric: Plain Weave Material Composition: 100% Nylon Waist Height: Mid Waist Model's Body Measurements Height: 6","{""nylon"": 100.0}",nylon,0.0,low,philippine,PH,https://www.oxgnfashion.com/collections/oxgn-fashion-new-casualwear-clothes-for-men-shop-online/products/loose-runner-shorts-993299-red,2026-04-08T06:28:42.428982,2026-04-08T06:28:42.428982,live,True
OXGN,Mesh Boxy Sport Polo,polo,"Print & Embroidery Fabric: Knit Mesh Material Composition: 100% Polyester Model's Body Measurements Height: 6'2"" Chest: 41"" Waist: 33","{""polyester"": 100.0}",polyester,0.0,low,philippine,PH,https://www.oxgnfashion.com/collections/oxgn-fashion-new-casualwear-clothes-for-men-shop-online/products/mesh-boxy-sport-polo-993300-multi-color-combination,2026-04-08T06:28:46.945730,2026-04-08T06:28:46.945730,live,True
Memo,Puff Sleeve Shirt,shirt,ric: Slack Tension Weave (Seersucker) Material Composition: 60% Cotton 40% Polyester Model's Body Measurements Height: 5'7 Chest:,"{""cotton"": 60.0, ""polyester"": 40.0}",cotton,60.0,medium,philippine,PH,https://www.memofashion.com/collections/womens-tops/products/puff-sleeve-shirt-992066-blush,2026-04-08T06:28:55.224168,2026-04-08T06:28:55.224168,live,True
Memo,Textured T-Shirt with Openwork Detail,shirt,"Neck, Short Sleeves Fabric: Flat Knit Material Composition: 100% Viscose Model's Body Measurements Height: 5'7 Chest: 31.5 Waist: 23","{""viscose"": 100.0}",viscose,100.0,high,philippine,PH,https://www.memofashion.com/collections/womens-tops/products/textured-tee-with-openwork-detail-993684-midnight-navy,2026-04-08T06:28:57.177770,2026-04-08T06:28:57.177770,live,True
Memo,Extended Sleeve Basic  T-Shirt,shirt,f Fabric: Jersey Knit (Single Jersey) Material Composition: 90% Cotton 10% Spandex Model's Body Measurements Height: 5'6 Chest: 30,"{""cotton"": 90.0, ""elastane"": 10.0}",cotton,90.0,high,philippine,PH,https://www.memofashion.com/collections/womens-tops/products/extended-sleeve-basic-t-shirt-992845-sand,2026-04-08T06:28:58.999866,2026-04-08T06:28:58.999866,live,True
Memo,3/4 Flat Knit T-Shirt,shirt,"at Neck, 3/4 Sleeve Fabric: Flat Knit Material Composition: 100% Viscose Model's Body Measurements Height: 5'7 Chest: 31.5 Waist: 23","{""viscose"": 100.0}",viscose,100.0,high,philippine,PH,https://www.memofashion.com/collections/womens-tops/products/3-4-flat-knit-t-shirt-991305-cream,2026-04-08T06:29:01.077364,2026-04-08T06:29:01.077364,live,True
Memo,V-Placket Polo with Openwork Detail,polo,"cket, Short Sleevea Fabric: Flat Knit Material Composition: 100% Viscose Model's Body Measurements Height: 5'7 Chest: 31.5 Waist: 23","{""viscose"": 100.0}",viscose,100.0,high,philippine,PH,https://www.memofashion.com/collections/womens-tops/products/v-placket-polo-with-openwork-detail-993689-white,2026-04-08T06:29:03.077888,2026-04-08T06:29:03.077888,live,True
Memo,Textured Striped Ringer T-Shirt,shirt,"bric, Side Slit Fabric: Textured Knit Material Composition: 55% Polyester 40% Cotton 5% Spandex Model's Body Measurements Height: 5'6","{""polyester"": 55.0, ""cotton"": 40.0, ""elastane"": 5.0}",polyester,40.0,low,philippine,PH,https://www.memofashion.com/collections/womens-tops/products/textured-striped-ringer-tee-991880-khaki,2026-04-08T06:29:05.617550,2026-04-08T06:29:05.617550,live,True
Memo,Textured Cardigan,top,"g Sleeves, Hem Band Fabric: Flat Knit Material Composition: 100% Viscose Model's Body Measurements Height: 5'7 Chest: 31.5 Waist: 23","{""viscose"": 100.0}",viscose,100.0,high,philippine,PH,https://www.memofashion.com/collections/womens-tops/products/textured-cardigan-993826-midnight-navy,2026-04-08T06:29:06.786913,2026-04-08T06:29:06.786913,live,True
Memo,Textured Polo,polo,extured Knit Fabric Fabric: Flat Knit Material Composition: 100% Viscose Model's Body Measurements Height: 5'7 Chest: 31.5 Waist: 23,"{""viscose"": 100.0}",viscose,100.0,high,philippine,PH,https://www.memofashion.com/collections/womens-tops/products/textured-polo-992631-midnight-navy,2026-04-08T06:29:11.704834,2026-04-08T06:29:11.704834,live,True
Memo,Knit Top with Extended Sleeves,top,"d Sleeves, Slim Fit Fabric: Flat Knit Material Composition: 100% Viscose Model's Body Measurements Height: 5'7 Chest: 31.5 Waist: 23","{""viscose"": 100.0}",viscose,100.0,high,philippine,PH,https://www.memofashion.com/collections/womens-tops/products/knit-top-with-extended-sleeves-991296-cream,2026-04-08T06:29:13.028707,2026-04-08T06:29:13.028707,live,True
Memo,Extended Sleeve Top,top,"ening, Sleeveless Fabric: Plain Weave Material Composition: 100% Polyester Model's Body Measurements Height: 5'7 Chest: 31.5 Waist: 23","{""polyester"": 100.0}",polyester,0.0,low,philippine,PH,https://www.memofashion.com/collections/womens-tops/products/extended-sleeve-top-991350-sand,2026-04-08T06:29:15.863313,2026-04-08T06:29:15.863313,live,True
Memo,Y-Placket Linen Shirt,shirt,abric: Plain Weave (Linen-like) Material Composition: like: 97% Cotton 3% Spandex Model's Body Measurements Height: 5'7 Chest: 31.,"{""cotton"": 97.0, ""elastane"": 3.0}",cotton,97.0,high,philippine,PH,https://www.memofashion.com/collections/womens-tops/products/y-placket-linen-shirt-994185-midnight-navy,2026-04-08T06:29:17.072502,2026-04-08T06:29:17.072502,live,True
Memo,Textured Knit Polo,polo,"eeve Cuff, Hem Band Fabric: Flat Knit Material Composition: 100% Viscose Model's Body Measurements Height: 5'7 Chest: 31.5 Waist: 23","{""viscose"": 100.0}",viscose,100.0,high,philippine,PH,https://www.memofashion.com/collections/womens-tops/products/textured-knit-polo-993329-sand,2026-04-08T06:29:18.331026,2026-04-08T06:29:18.331026,live,True
Memo,Eyelet Shirt,shirt,Fabric: Textured Weave (Woven Eyelet) Material Composition: 100% Cotton Model's Body Measurements Height: 5'7 Chest: 31.5 Waist: 23,"{""cotton"": 100.0}",cotton,100.0,high,philippine,PH,https://www.memofashion.com/collections/womens-tops/products/eyelet-shirt-993328-white,2026-04-08T06:29:19.568980,2026-04-08T06:29:19.568980,live,True
Memo,Short Sleeve Shirt,shirt,lain Woven Fabric Fabric: Plain Weave Material Composition: 97% Polyester 3% Spandex Model's Body Measurements Height: 5'6 Chest: 31,"{""polyester"": 97.0, ""elastane"": 3.0}",polyester,0.0,low,philippine,PH,https://www.memofashion.com/collections/womens-shirts/products/short-sleeve-shirt-991324-cream,2026-04-08T06:29:28.694072,2026-04-08T06:29:28.694072,live,True
Memo,Linen Raglan Shirt,shirt,Back slit opening Fabric: Plain Weave Material Composition: 70% Viscose 30% Linen Model's Body Measurements Height: 5'7 Chest: 31.5,"{""viscose"": 70.0, ""linen"": 30.0}",viscose,100.0,high,philippine,PH,https://www.memofashion.com/collections/womens-shirts/products/linen-raglan-shirt-992935-white,2026-04-08T06:29:29.823227,2026-04-08T06:29:29.823227,live,True
Memo,Relaxed Shirt,shirt,Faux Sleeve Fold Fabric: Plain Weave Material Composition: 100% Cotton Model's Body Measurements Height: 5'6 Chest: 30 Waist: 23 H,"{""cotton"": 100.0}",cotton,100.0,high,philippine,PH,https://www.memofashion.com/collections/womens-shirts/products/relaxed-shirt-990459-blush,2026-04-08T06:29:31.031978,2026-04-08T06:29:31.031978,live,True
Memo,Linen Our Fave Shirt,shirt,Opening Fabric: Basket Weave (Oxford) Material Composition: 100% Cotton Model's Body Measurements Height: 5'6 Chest: 30 Waist: 23 H,"{""cotton"": 100.0}",cotton,100.0,high,philippine,PH,https://www.memofashion.com/collections/womens-shirts/products/linen-our-fave-shirt-991552-blue,2026-04-08T06:29:32.283993,2026-04-08T06:29:32.283993,live,True
Memo,Striped Seersucker Shirt,shirt,ric: Slack Tension Weave (Seersucker) Material Composition: 55% Polyester 45% Cotton Model's Body Measurements Height: 5'6 Chest: 30,"{""polyester"": 55.0, ""cotton"": 45.0}",polyester,45.0,low,philippine,PH,https://www.memofashion.com/collections/womens-shirts/products/striped-seersucker-shirt-992181-blue,2026-04-08T06:29:33.562627,2026-04-08T06:29:33.562627,live,True
Memo,Shirt with Extended Sleeves,shirt,Faux Sleeve Cuff Fabric: Plain Weave Material Composition: 80% Rayon 20% Nylon Model's Body Measurements Height: 5'6 Chest: 31 W,"{""rayon"": 80.0, ""nylon"": 20.0}",rayon,80.0,medium,philippine,PH,https://www.memofashion.com/collections/womens-shirts/products/shirt-with-extended-sleeves-990536-sand,2026-04-08T06:29:34.882231,2026-04-08T06:29:34.882231,live,True
Memo,Printed Extended Sleeve Top,top,k Shirring Detail Fabric: Plain Weave Material Composition: 100% Polyester Model's Body Measurements Height: 5'6 Chest: 30 Waist: 23 H,"{""polyester"": 100.0}",polyester,0.0,low,philippine,PH,https://www.memofashion.com/collections/womens-shirts/products/printed-extended-sleeve-top-991008-cream,2026-04-08T06:29:36.053877,2026-04-08T06:29:36.053877,live,True
Memo,V-Neck Shirt,shirt,lain weave fabric Fabric: Plain Weave Material Composition: 100% Cotton Model's Body Measurements Height: 5'7 Chest: 31.5 Waist: 23,"{""cotton"": 100.0}",cotton,100.0,high,philippine,PH,https://www.memofashion.com/collections/womens-shirts/products/v-neck-shirt-992370-midnight-navy,2026-04-08T06:29:37.308464,2026-04-08T06:29:37.308464,live,True
Memo,Sleeveless Top with Neck Detail,top,ured Woven Fabric Fabric: Plain Weave Material Composition: 100% Polyester Model's Body Measurements Height: 5'7 Chest: 31.5 Waist: 23,"{""polyester"": 100.0}",polyester,0.0,low,philippine,PH,https://www.memofashion.com/collections/womens-shirts/products/sleeveless-top-with-neck-detail-992558-white,2026-04-08T06:29:38.486151,2026-04-08T06:29:38.486151,live,True
Memo,Our Fave Shirt,shirt,Opening Fabric: Basket Weave (Oxford) Material Composition: 100% Cotton Model's Body Measurements Height: 5'6 Chest: 30 Waist: 23 H,"{""cotton"": 100.0}",cotton,100.0,high,philippine,PH,https://www.memofashion.com/collections/womens-shirts/products/our-fave-shirt-991349-white,2026-04-08T06:29:39.857538,2026-04-08T06:29:39.857538,live,True
Memo,Shirt with Pockets,shirt,Sleeve Cuff Fabric: Plain Weave Material Composition: Like: 97% Cotton 3% Spandex Model's Body Measurements Height: 5'7 Chest: 31.,"{""cotton"": 97.0, ""elastane"": 3.0}",cotton,97.0,high,philippine,PH,https://www.memofashion.com/collections/womens-shirts/products/shirt-with-pockets-994806-white,2026-04-08T06:29:41.149784,2026-04-08T06:29:41.149784,live,True
Memo,Stripe Our Fave Shirt,shirt,Opening Fabric: Basket Weave (Oxford) Material Composition: 100% Cotton Model's Body Measurements Height: 5'6 Chest: 30 Waist: 23 H,"{""cotton"": 100.0}",cotton,100.0,high,philippine,PH,https://www.memofashion.com/collections/womens-shirts/products/stripe-our-fave-shirt-993023-blue,2026-04-08T06:29:46.486316,2026-04-08T06:29:46.486316,live,True
Memo,Textured Our Fave Shirt,shirt,r Neck Opening Fabric: Textured Weave Material Composition: 77% Cotton 23% Polyester Model's Body Measurements Height: 5'7.5 Chest,"{""cotton"": 77.0, ""polyester"": 23.0}",cotton,77.0,medium,philippine,PH,https://www.memofashion.com/collections/womens-shirts/products/textured-our-fave-shirt-991271-cream,2026-04-08T06:29:47.666275,2026-04-08T06:29:47.666275,live,True
Memo,Soft Touch Polo Shirt,shirt,pping on Collar Fabric: Single Jersey Material Composition: 85% Nylon 15% Elastane Model's Body Measurements Height: 6'0 Chest: 3,"{""nylon"": 85.0, ""elastane"": 15.0}",nylon,0.0,low,philippine,PH,https://www.memofashion.com/collections/mens-tops/products/soft-touch-polo-shirt-995308-midnight-navy,2026-04-08T06:29:51.307570,2026-04-08T06:29:51.307570,live,True
Memo,Regular Fit Textured T-Shirt,shirt,Texture Fabric Fabric: Textured Knit Material Composition: 68% Polyester 30% Rayon 2% Spandex Model's Body Measurements Height: 6'1,"{""polyester"": 68.0, ""rayon"": 30.0, ""elastane"": 2.0}",polyester,30.0,low,philippine,PH,https://www.memofashion.com/collections/mens-tops/products/regular-fit-textured-t-shirt-992920-black,2026-04-08T06:29:52.535673,2026-04-08T06:29:52.535673,live,True
Memo,Colorblock Pique Polo,polo,ign Details: Colorblock Fabric: Pique Material Composition: 100% Cotton Model's Body Measurements Height: 6'1 Chest: 37 Waist: 30 H,"{""cotton"": 100.0}",cotton,100.0,high,philippine,PH,https://www.memofashion.com/collections/mens-tops/products/colorblock-pique-polo-992790-blue,2026-04-08T06:29:53.670709,2026-04-08T06:29:53.670709,live,True
Memo,Pique Polo with Jacquard Collar,polo,etails: Jacquard Collar Fabric: Pique Material Composition: 100% Cotton Model's Body Measurements Height: 6'1 Chest: 37 Waist: 30 H,"{""cotton"": 100.0}",cotton,100.0,high,philippine,PH,https://www.memofashion.com/collections/mens-tops/products/pique-polo-with-jacquard-collar-992864-cream,2026-04-08T06:29:56.135447,2026-04-08T06:29:56.135447,live,True
Memo,Slim  Fit Crew Neck T-Shirt,shirt,Owl Embroidery Fabric: Single Jersey Material Composition: 100% Polyester Model's Body Measurements Height: 6'0 Chest: 37 Waist: 30 H,"{""polyester"": 100.0}",polyester,0.0,low,philippine,PH,https://www.memofashion.com/collections/mens-tops/products/slim-fit-crew-neck-t-shirt-994253-navy-blue,2026-04-08T06:29:57.409455,2026-04-08T06:29:57.409455,live,True
Memo,Slim Fit Polo Shirt with Bonded Seams,shirt,l: Bonded Seams Fabric: Single Jersey Material Composition: 100% Polyester Model's Body Measurements Height: 6'0 Chest: 37 Waist: 30 H,"{""polyester"": 100.0}",polyester,0.0,low,philippine,PH,https://www.memofashion.com/collections/mens-tops/products/slim-fit-polo-shirt-with-bonded-seams-994204-cream,2026-04-08T06:29:58.732606,2026-04-08T06:29:58.732606,live,True
Memo,Textured Open Collar Polo Shirt,shirt,etails: Open Collar Fabric: Flat Knit Material Composition: 70% Rayon 30% Polyester Model's Body Measurements Height: 6'0 Chest:,"{""rayon"": 70.0, ""polyester"": 30.0}",rayon,70.0,medium,philippine,PH,https://www.memofashion.com/collections/mens-tops/products/textured-open-collar-polo-shirt-993201-navy-blue,2026-04-08T06:30:01.204376,2026-04-08T06:30:01.204376,live,True
Memo,Open Collar Polo With Stripe Placket Detail,polo,Tipping Detail Fabric: Knitted Pique Material Composition: 87% Cotton 13% Polyester Model's Body Measurements Height: 6'0 Chest:,"{""cotton"": 87.0, ""polyester"": 13.0}",cotton,87.0,high,philippine,PH,https://www.memofashion.com/collections/mens-tops/products/open-collar-polo-with-stripe-placket-detail-994320-camel,2026-04-08T06:30:03.555421,2026-04-08T06:30:03.555421,live,True
Memo,Regular Fit Ringer Striped T-Shirt,shirt,s Fabric: Jersey Knit (Single Jersey) Material Composition: 100% Cotton Model's Body Measurements Height: 6'1 Chest: 37 Waist: 30 H,"{""cotton"": 100.0}",cotton,100.0,high,philippine,PH,https://www.memofashion.com/collections/mens-tops/products/regular-fit-ringer-striped-t-shirt-993317-midnight-navy,2026-04-08T06:30:04.816197,2026-04-08T06:30:04.816197,live,True
Memo,Regular Fit Wide Stripe T-Shirt,shirt,s Fabric: Jersey Knit (Single Jersey) Material Composition: 100% Cotton Model's Body Measurements Height: 6'1 Chest: 37 Waist: 30 H,"{""cotton"": 100.0}",cotton,100.0,high,philippine,PH,https://www.memofashion.com/collections/mens-tops/products/regular-fit-wide-stripe-t-shirt-993325-khaki,2026-04-08T06:30:07.253427,2026-04-08T06:30:07.253427,live,True
Memo,Boxy Fit Seersucker Short Sleeve Shirt,shirt,Patch Pockets Fabric: Textured Weave Material Composition: 97% Cotton 3% Spandex Model's Body Measurements Height: 6'1 Chest: 37,"{""cotton"": 97.0, ""elastane"": 3.0}",cotton,97.0,high,philippine,PH,https://www.memofashion.com/collections/mens-tops/products/boxy-fit-seersucker-short-sleeve-shirt-993256-midnight-navy,2026-04-08T06:30:08.581541,2026-04-08T06:30:08.581541,live,True
Memo,Open Collar Polo with Stripe Placket Detail,polo,Tipping Detail Fabric: Knitted Pique Material Composition: 87% Cotton 13% Polyester Model's Body Measurements Height: 6'0 Chest:,"{""cotton"": 87.0, ""polyester"": 13.0}",cotton,87.0,high,philippine,PH,https://www.memofashion.com/collections/mens-tops/products/open-collar-polo-with-stripe-placket-detail-994320-cream,2026-04-08T06:30:11.117151,2026-04-08T06:30:11.117151,live,True
Memo,Long Sleeve Striped Shirt,shirt,Striped Detail Fabric: Textured Weave Material Composition: 100% Cotton Model's Body Measurements Height: 6'3 Chest: 36 Waist: 30 H,"{""cotton"": 100.0}",cotton,100.0,high,philippine,PH,https://www.memofashion.com/collections/mens-shirts/products/long-sleeve-striped-shirt-991009-off-white,2026-04-08T06:30:19.415516,2026-04-08T06:30:19.415516,live,True
Memo,Seersucker Checkered Short Sleeve Shirt,shirt,Seersucker checks Fabric: Plain Weave Material Composition: 55% Cotton 45% Polyester Model's Body Measurements Height: 6'1 Chest:,"{""cotton"": 55.0, ""polyester"": 45.0}",cotton,55.0,medium,philippine,PH,https://www.memofashion.com/collections/mens-shirts/products/seersucker-checkered-short-sleeve-shirt-992924-midnight-navy,2026-04-08T06:30:21.139198,2026-04-08T06:30:21.139198,live,True
Memo,Textured Band Collar Shirt,shirt,ide Clip Label Fabric: Textured Weave Material Composition: 100% Cotton Model's Body Measurements Height: 6'1 Chest: 37 Waist: 30 H,"{""cotton"": 100.0}",cotton,100.0,high,philippine,PH,https://www.memofashion.com/collections/mens-shirts/products/textured-band-collar-shirt-992581-navy-blue,2026-04-08T06:30:22.232040,2026-04-08T06:30:22.232040,live,True
Memo,Regular Fit Open Collar Short Sleeve Shirt,shirt,ails: Open Collar Fabric: Plain Weave Material Composition: 67% Polyester 28% Viscose 5% Elastane Model's Body Measurements Height: 6,"{""polyester"": 67.0, ""viscose"": 28.0, ""elastane"": 5.0}",polyester,28.0,low,philippine,PH,https://www.memofashion.com/collections/mens-shirts/products/regular-fit-open-collar-short-sleeve-shirt-993173-dark-taupe,2026-04-08T06:30:23.396764,2026-04-08T06:30:23.396764,live,True
Memo,Short Sleeve Textured Shirt,shirt,ail: Front Patch Pocket Fabric: Dobby Material Composition: 100% Cotton Model's Body Measurements Height: 6'3 Chest: 36 Waist: 30 H,"{""cotton"": 100.0}",cotton,100.0,high,philippine,PH,https://www.memofashion.com/collections/mens-shirts/products/short-sleeve-textured-shirt-992134-dark-red,2026-04-08T06:30:25.530545,2026-04-08T06:30:25.530545,live,True
Memo,Slim Fit Short Sleeve Shirt with Hidden Placket,shirt,Placket Fabric: Basket Weave (Oxford) Material Composition: 100% Cotton Model's Body Measurements Height: 6'1 Chest: 37 Waist: 30 H,"{""cotton"": 100.0}",cotton,100.0,high,philippine,PH,https://www.memofashion.com/collections/mens-shirts/products/slim-fit-short-sleeve-shirt-with-hidden-placket-993125-light-blue,2026-04-08T06:30:28.323957,2026-04-08T06:30:28.323957,live,True
Memo,Ultimate Basics Easy Fit Long Sleeve Shirt,shirt,"Owl Embroidery Fabric: Poplin, Woven Material Composition: 97% Cotton 3% Elastane Model's Body Measurements Height: 6'2"" Chest: 3","{""cotton"": 97.0, ""elastane"": 3.0}",cotton,97.0,high,philippine,PH,https://www.memofashion.com/collections/mens-shirts/products/ultimate-basics-easy-fit-long-sleeve-shirt-965020,2026-04-08T06:30:29.705920,2026-04-08T06:30:29.705920,live,True
Memo,Vertical Textured Stripe Shirt,shirt,etail: Stripes Fabric: Textured Weave Material Composition: 55% Cotton 45% Polyester Model's Body Measurements Height: 6'1 Chest:,"{""cotton"": 55.0, ""polyester"": 45.0}",cotton,55.0,medium,philippine,PH,https://www.memofashion.com/collections/mens-shirts/products/vertical-textured-stripe-shirt-992653-khaki,2026-04-08T06:30:30.903692,2026-04-08T06:30:30.903692,live,True
Memo,Linen Band Collar Short Sleeve Shirt,shirt,lar Fabric: Plain Weave (Linen-blend) Material Composition: 38% Polyester 34% Viscose 26% Linen 2% Cotton Model's Body Measurements H,"{""polyester"": 38.0, ""viscose"": 34.0, ""linen"": 26.0, ""cotton"": 2.0}",polyester,62.0,medium,philippine,PH,https://www.memofashion.com/collections/mens-shirts/products/linen-band-collar-short-sleeve-shirt-993275-khaki,2026-04-08T06:30:32.317095,2026-04-08T06:30:32.317095,live,True
Memo,All Over Print Shirt,shirt,er Print Fabric: Plain Weave (Poplin) Material Composition: 100% Cotton Model's Body Measurements Height: 6'2 Chest: 37 Waist: 33 H,"{""cotton"": 100.0}",cotton,100.0,high,philippine,PH,https://www.memofashion.com/collections/mens-shirts/products/all-over-print-shirt-988808,2026-04-08T06:30:34.152351,2026-04-08T06:30:34.152351,live,True
Memo,Open Collar Linen Short Sleeve Shirt,shirt,atch Pocket Fabric: Plain Weave Material Composition: Like: 97% Cotton 3% Spandex Model's Body Measurements Height: 6'1 Chest: 37,"{""cotton"": 97.0, ""elastane"": 3.0}",cotton,97.0,high,philippine,PH,https://www.memofashion.com/collections/mens-shirts/products/open-collar-linen-short-sleeve-shirt-993883,2026-04-08T06:30:35.614012,2026-04-08T06:30:35.614012,live,True
Memo,Ultimate Basics Easy Fit Short Sleeve Shirt,shirt,s: Owl Embroidery Fabric: Plain Weave Material Composition: 97% Cotton 3% Elastane Model's Body Measurements Height: 6'2 Chest: 37,"{""cotton"": 97.0, ""elastane"": 3.0}",cotton,97.0,high,philippine,PH,https://www.memofashion.com/collections/mens-shirts/products/ultimate-basics-easy-fit-short-sleeve-shirt-965132,2026-04-08T06:30:36.837810,2026-04-08T06:30:36.837810,live,True
Memo,Button Up Short Sleeve Shirt,shirt,ip Label Fabric: Plain Weave (Poplin) Material Composition: 60% Cotton 40% Polyester Model's Body Measurements Height: 6'2 Chest:,"{""cotton"": 60.0, ""polyester"": 40.0}",cotton,60.0,medium,philippine,PH,https://www.memofashion.com/collections/mens-shirts/products/button-up-short-sleeve-shirt-987399,2026-04-08T06:30:38.212531,2026-04-08T06:30:38.212531,live,True
Memo,Boxy Fit Linen Short Sleeve Shirt,shirt,ont Patch Pockets Fabric: Plain Weave Material Composition: 70% Cotton 30% Polyester Model's Body Measurements Height: 6'1 Chest:,"{""cotton"": 70.0, ""polyester"": 30.0}",cotton,70.0,medium,philippine,PH,https://www.memofashion.com/collections/mens-shirts/products/boxy-fit-linen-short-sleeve-shirt-993257-midnight-navy,2026-04-08T06:30:39.373619,2026-04-08T06:30:39.373619,live,True
Memo,Textured Short Sleeve Shirt,shirt,Textured Fabric Fabric: Textured Knit Material Composition: 98% Polyester 2% Spandex Model's Body Measurements Height: 6'0 Chest: 37,"{""polyester"": 98.0, ""elastane"": 2.0}",polyester,0.0,low,philippine,PH,https://www.memofashion.com/collections/mens-shirts/products/textured-short-sleeve-shirt-992882-midnight-navy,2026-04-08T06:30:41.753481,2026-04-08T06:30:41.753481,live,True
Memo,Seersucker Short Sleeve Shirt,shirt,t Patch Pocket Fabric: Textured Weave Material Composition: 100% Polyester Model's Body Measurements Height: 6'1 Chest: 37 Waist: 30 H,"{""polyester"": 100.0}",polyester,0.0,low,philippine,PH,https://www.memofashion.com/collections/mens-shirts/products/seersucker-short-sleeve-shirt-993147-midnight-navy,2026-04-08T06:30:42.891306,2026-04-08T06:30:42.891306,live,True
Memo,Straight Leg Denim,jeans,t Pockets Fabric: Twill Weave (Denim) Material Composition: 60% Cotton 33% Polyester 5% Rayon 2% Spandex Waist Height: High Waist,"{""cotton"": 60.0, ""polyester"": 33.0, ""rayon"": 5.0, ""elastane"": 2.0}",cotton,65.0,medium,philippine,PH,https://www.memofashion.com/collections/women/products/straight-leg-denim-993446-denim-blue,2026-04-08T06:30:46.912683,2026-04-08T06:30:46.912683,live,True
Memo,Eyelet A-Line Skirt,skirt,Fabric: Textured Weave (Woven Eyelet) Material Composition: 100% Cotton Waist Height: High Waist Model's Body Measurements Height:,"{""cotton"": 100.0}",cotton,100.0,high,philippine,PH,https://www.memofashion.com/collections/women/products/eyelet-a-line-skirt-994324-white,2026-04-08T06:30:56.457049,2026-04-08T06:30:56.457049,live,True
Memo,Slash Neck Striped T-Shirt,shirt,"Band, Slashed Neck Fabric: Flat Knit Material Composition: 100% Viscose Model's Body Measurements Height: 5'7 Chest: 31.5 Waist: 23","{""viscose"": 100.0}",viscose,100.0,high,philippine,PH,https://www.memofashion.com/collections/womens-tees/products/slash-neck-striped-t-shirt-991267-midnight-navy,2026-04-08T06:31:15.360586,2026-04-08T06:31:15.360586,live,True
Memo,Bubble Top,top,t Fabric: Jersey Knit (Single Jersey) Material Composition: 54% Cotton 40% Polyester 6% Spandex Model's Body Measurements Height:,"{""cotton"": 54.0, ""polyester"": 40.0, ""elastane"": 6.0}",cotton,54.0,medium,philippine,PH,https://www.memofashion.com/collections/womens-tees/products/bubble-top-992516-white,2026-04-08T06:31:17.899518,2026-04-08T06:31:17.899518,live,True
Memo,Textured Striped T-Shirt,shirt,ve Cuff And Hemband Fabric: Flat Knit Material Composition: 100% Viscose Model's Body Measurements Height: 5'7 Chest: 31.5 Waist: 23,"{""viscose"": 100.0}",viscose,100.0,high,philippine,PH,https://www.memofashion.com/collections/womens-tees/products/textured-striped-t-shirt-992951-navy-blue,2026-04-08T06:31:19.147844,2026-04-08T06:31:19.147844,live,True
Memo,Flat Knit Sleeveless Top,top,Button Down Placket Fabric: Flat Knit Material Composition: 100% Viscose Model's Body Measurements Height: 5'6 Chest: 30 Waist: 23 H,"{""viscose"": 100.0}",viscose,100.0,high,philippine,PH,https://www.memofashion.com/collections/womens-tees/products/flat-knit-sleeveless-top-990250-sand,2026-04-08T06:31:20.294365,2026-04-08T06:31:20.294365,live,True
Memo,Sleeveless Top with Tipping,top,"m, Flat Knit Fabric Fabric: Flat Knit Material Composition: 100% Viscose Model's Body Measurements Height: 5'7 Chest: 31.5 Waist: 23","{""viscose"": 100.0}",viscose,100.0,high,philippine,PH,https://www.memofashion.com/collections/womens-tees/products/sleeveless-top-with-tipping-991255-midnight-navy,2026-04-08T06:31:21.449508,2026-04-08T06:31:21.449508,live,True
Memo,Textured Stripe T-Shirt,shirt,"leeveless, Hem Band Fabric: Flat Knit Material Composition: 100% Polyester Model's Body Measurements Height: 5'7 Chest: 31.5 Waist: 23","{""polyester"": 100.0}",polyester,0.0,low,philippine,PH,https://www.memofashion.com/collections/womens-tees/products/textured-stripe-t-shirt-992083-navy-blue,2026-04-08T06:31:22.636878,2026-04-08T06:31:22.636878,live,True
Memo,Knit T-Shirt with Tipping,shirt,ast Tipping Details Fabric: Flat Knit Material Composition: 70% Viscose 30% Polyester Model's Body Measurements Height: 5'7 Chest:,"{""viscose"": 70.0, ""polyester"": 30.0}",viscose,70.0,medium,philippine,PH,https://www.memofashion.com/collections/womens-tees/products/knit-t-shirt-with-tipping-991523-white,2026-04-08T06:31:28.646586,2026-04-08T06:31:28.646586,live,True
Memo,Multi Stripe Polo,polo,ails: Multi Stripes Fabric: Flat Knit Material Composition: 100% Viscose Model's Body Measurements Height: 5'7 Chest: 31.5 Waist: 23,"{""viscose"": 100.0}",viscose,100.0,high,philippine,PH,https://www.memofashion.com/collections/womens-polo/products/multi-stripe-polo-993199-navy-blue,2026-04-08T06:31:39.851808,2026-04-08T06:31:39.851808,live,True
Memo,The Smart Polo,polo,"ils: Collar Tipping Fabric: Flat Knit Material Composition: 100% Viscose Model's Body Measurements Height: 5'8"" Chest: 28"" Waist: 23","{""viscose"": 100.0}",viscose,100.0,high,philippine,PH,https://www.memofashion.com/collections/womens-polo/products/knit-polo-with-collar-tipping-980490,2026-04-08T06:31:41.285885,2026-04-08T06:31:41.285885,live,True
Memo,Relaxed Polo,polo,"c, Extended Sleeves Fabric: Flat Knit Material Composition: 100% Viscose Model's Body Measurements Height: 5'6 Chest: 30 Waist: 23 H","{""viscose"": 100.0}",viscose,100.0,high,philippine,PH,https://www.memofashion.com/collections/womens-polo/products/relaxed-polo-990776-sand,2026-04-08T06:31:42.697720,2026-04-08T06:31:42.697720,live,True
Memo,Extended Sleeve Polo With Tipping,polo,"t, Pique Fabric Fabric: Knitted Pique Material Composition: 86% Polyester 14% Cotton Model's Body Measurements Height: 5'7 Chest: 31.","{""polyester"": 86.0, ""cotton"": 14.0}",polyester,14.0,low,philippine,PH,https://www.memofashion.com/collections/womens-polo/products/extended-sleeve-polo-with-tipping-993419-navy-blue,2026-04-08T06:31:45.595000,2026-04-08T06:31:45.595000,live,True
Memo,Extended Sleeve Polo,polo,"c, Extended Sleeves Fabric: Flat Knit Material Composition: 100% Viscose Model's Body Measurements Height: 5'6 Chest: 30 Waist: 23 H","{""viscose"": 100.0}",viscose,100.0,high,philippine,PH,https://www.memofashion.com/collections/womens-polo/products/extended-sleeve-polo-991091,2026-04-08T06:31:48.805132,2026-04-08T06:31:48.805132,live,True
Memo,Sleeveless Polo with Blanket Stitch Detail,polo,et Stitch On Collar Fabric: Flat Knit Material Composition: 100% Viscose Model's Body Measurements Height: 5'7 Chest: 31.5 Waist: 23,"{""viscose"": 100.0}",viscose,100.0,high,philippine,PH,https://www.memofashion.com/collections/womens-polo/products/sleeveless-polo-with-blanket-stitch-detail-993641-yellow,2026-04-08T06:31:50.260569,2026-04-08T06:31:50.260569,live,True
Memo,Striped Textured Polo,polo,"abric, Half Placket Fabric: Flat Knit Material Composition: 60% Cotton 40% Acrylic Model's Body Measurements Height: 5'6 Chest: 30","{""cotton"": 60.0, ""acrylic"": 40.0}",cotton,60.0,medium,philippine,PH,https://www.memofashion.com/collections/womens-polo/products/striped-textured-polo-991551,2026-04-08T06:31:51.468527,2026-04-08T06:31:51.468527,live,True
Memo,Textured Polo with Band,polo,-button Placket Fabric: Textured Knit Material Composition: 90% Cotton 10% Polyester Model's Body Measurements Height: 5'7.5 Chest,"{""cotton"": 90.0, ""polyester"": 10.0}",cotton,90.0,high,philippine,PH,https://www.memofashion.com/collections/womens-polo/products/textured-polo-with-band-987326,2026-04-08T06:31:52.657312,2026-04-08T06:31:52.657312,live,True
Memo,Stripe Smart Polo,polo,Memo Owl Embroidery Fabric: Flat Knit Material Composition: 100% Viscose Model's Body Measurements Height: 5'7 Chest: 31.5 Waist: 23,"{""viscose"": 100.0}",viscose,100.0,high,philippine,PH,https://www.memofashion.com/collections/womens-polo/products/stripe-smart-polo-993198-white,2026-04-08T06:32:01.598172,2026-04-08T06:32:01.598172,live,True
Memo,Y-Neck Sleeveless Polo,polo,"Fabric, Sleeveless Fabric: Flat Knit Material Composition: 100% Viscose Model's Body Measurements Height: 5'6 Chest: 30 Waist: 23 H","{""viscose"": 100.0}",viscose,100.0,high,philippine,PH,https://www.memofashion.com/collections/womens-polo/products/y-neck-sleeveless-polo-991063-blush,2026-04-08T06:32:05.760678,2026-04-08T06:32:05.760678,live,True
Memo,Zip Up Knit Jacket,jacket,lbow Length Sleeves Fabric: Flat Knit Material Composition: 100% Viscose Model's Body Measurements Height: 5'7.5 Chest: 33 Waist: 25,"{""viscose"": 100.0}",viscose,100.0,high,philippine,PH,https://www.memofashion.com/collections/womens-jackets/products/zip-up-knit-jacket-991855,2026-04-08T06:32:08.382376,2026-04-08T06:32:08.382376,live,True
Memo,Collarless Jacket,jacket,ront Welt Pockets Fabric: Plain Weave Material Composition: 96% Polyester 4% Spandex Model's Body Measurements Height: 5'6 Chest: 31,"{""polyester"": 96.0, ""elastane"": 4.0}",polyester,0.0,low,philippine,PH,https://www.memofashion.com/collections/womens-jackets/products/collarless-jacket-990603-cream,2026-04-08T06:32:13.333424,2026-04-08T06:32:13.333424,live,True
Memo,Raglan Sleeve Pullover,knitwear,"eeve Cuff, Hem Band Fabric: Flat Knit Material Composition: 100% Viscose Model's Body Measurements Height: 5'7.5 Chest: 33 Waist: 25","{""viscose"": 100.0}",viscose,100.0,high,philippine,PH,https://www.memofashion.com/collections/womens-jackets/products/raglan-sleeve-pullover-991151,2026-04-08T06:32:14.639398,2026-04-08T06:32:14.639398,live,True
Memo,Knit Cardigan,knitwear,utton Down Cardigan Fabric: Flat Knit Material Composition: 100% Viscose Model's Body Measurements Height: 5'7.5 Chest: 33 Waist: 25,"{""viscose"": 100.0}",viscose,100.0,high,philippine,PH,https://www.memofashion.com/collections/womens-jackets/products/knit-cardigan-990980-maroon,2026-04-08T06:32:16.006361,2026-04-08T06:32:16.006361,live,True
Memo,Short Sleeve Stripe Jacket,jacket,Cuff (Solid Color) Fabric: Flat Knit Material Composition: 100% Polyester Model's Body Measurements Height: 5'7.5 Chest: 33 Waist: 25,"{""polyester"": 100.0}",polyester,0.0,low,philippine,PH,https://www.memofashion.com/collections/womens-jackets/products/short-sleeve-stripe-jacket-991458-midnight-navy,2026-04-08T06:32:19.783116,2026-04-08T06:32:19.783116,live,True
The Big Silence,May We All Heal - Tee,t-shirt,Find the army green version (slightly different fit) here. 100% cotton (may shrink slightly after drying) - slim fit with nice dra,"{""cotton"": 100.0}",cotton,100.0,high,philippine,PH,https://thebigsilence.com/collections/t-shirts/products/may-we-all-heal-tee,2026-04-08T06:32:36.154956,2026-04-08T06:32:36.154956,live,True
The Big Silence,Speak with Love Tee,t-shirt,"you spend every moment with — you . Made from high-quality 100% cotton, it’s soft, breathable, and perfect for everyday wear. Whet","{""cotton"": 100.0}",cotton,100.0,high,philippine,PH,https://thebigsilence.com/products/speak-with-love-front-tee?variant=46758327550211,2026-04-08T06:32:37.090872,2026-04-08T06:32:37.090872,live,True
The Big Silence,Progress is My Process Crop L/S Tee,t-shirt,"laxed Fit Fashionable versatility Seasonal transition piece 100% cotton For environmental and human friendly reason, this product i","{""cotton"": 100.0}",cotton,100.0,high,philippine,PH,https://thebigsilence.com/collections/t-shirts/products/progress-is-my-process-crop-l-s-tee,2026-04-08T06:32:38.972123,2026-04-08T06:32:38.972123,live,True
The Big Silence,Smiley Tee Summer Yellow,t-shirt,s! Be a part of the movement and make a difference with us. 100% cotton (may shrink slightly after drying) - slim fit with nice dra,"{""cotton"": 100.0}",cotton,100.0,high,philippine,PH,https://thebigsilence.com/collections/t-shirts/products/smiley-tee-summer-yellow,2026-04-08T06:32:44.807957,2026-04-08T06:32:44.807957,live,True
The Big Silence,Emotions: Limited Edition Tee,t-shirt,alth resources! Comfy Details: Limited edition! Soft & cozy 100% cotton Unisex fit Your purchase supports local artists and helps u,"{""cotton"": 100.0}",cotton,100.0,high,philippine,PH,https://thebigsilence.com/collections/t-shirts/products/jh-vintage-t-shirt,2026-04-08T06:32:52.873668,2026-04-08T06:32:52.873668,live,True
Tropa Store,Isabela Indigo Top,top,"h of flamenco elegance to your daily wardrobe. Crafted from 95% polyester and 5% elastane, this unique piece is designed by Susmies a","{""polyester"": 95.0, ""elastane"": 5.0}",polyester,0.0,low,philippine,PH,https://tropastore.com/collections/womens/products/isabela-indigo-top,2026-04-08T06:34:15.137174,2026-04-08T06:34:15.137174,live,True
Tropa Store,Diana Blue Dress,dress,"rt Crafted from a luxurious viscose and elastane blend. The 95% viscose provides a smooth, breathable drape while 5% elastane ensur","{""viscose"": 95.0, ""elastane"": 5.0}",viscose,95.0,high,philippine,PH,https://tropastore.com/collections/womens/products/diana-blue-dress,2026-04-08T06:34:16.931045,2026-04-08T06:34:16.931045,live,True
Tropa Store,Lottie Reversible Top,top,"d out Lottie Reversible Top features a comfortable blend of 95% polyester and 5% elastane, offering stretch and durability. The rever","{""polyester"": 95.0, ""elastane"": 5.0}",polyester,0.0,low,philippine,PH,https://tropastore.com/collections/womens/products/lottie-reversible-top,2026-04-08T06:34:18.815774,2026-04-08T06:34:18.815774,live,True
Tropa Store,Rosie Reversible Top,top,"ld out Rosie Reversible Top features a comfortable blend of 95% polyester and 5% elastane, offering stretch and durability. The rever","{""polyester"": 95.0, ""elastane"": 5.0}",polyester,0.0,low,philippine,PH,https://tropastore.com/collections/womens/products/rosie-reversible-top,2026-04-08T06:34:20.350595,2026-04-08T06:34:20.350595,live,True
Tropa Store,Diana Cream Dress,dress,"rt Crafted from a luxurious viscose and elastane blend. The 95% viscose provides a smooth, breathable drape while 5% elastane ensur","{""viscose"": 95.0, ""elastane"": 5.0}",viscose,95.0,high,philippine,PH,https://tropastore.com/collections/womens/products/diana-cream-dress,2026-04-08T06:34:21.180571,2026-04-08T06:34:21.180571,live,True
Tropa Store,Jane Butter Skirt,skirt,"- ₱5,400.00 Add to cart The Jane Brown Skirt combines 95% viscose with 5% elastane for a silky, breathable feel that moves wi","{""viscose"": 95.0, ""elastane"": 5.0}",viscose,95.0,high,philippine,PH,https://tropastore.com/collections/womens/products/jane-butter-skirt,2026-04-08T06:34:23.695253,2026-04-08T06:34:23.695253,live,True
Tropa Store,Diana Brown Dress,dress,"rt Crafted from a luxurious viscose and elastane blend. The 95% viscose provides a smooth, breathable drape while 5% elastane ensur","{""viscose"": 95.0, ""elastane"": 5.0}",viscose,95.0,high,philippine,PH,https://tropastore.com/collections/womens/products/diana-brown-dress,2026-04-08T06:34:26.891758,2026-04-08T06:34:26.891758,live,True
Tropa Store,Chinoiserie Tablea Long Sleeve Linen Shirt Pumpkin,shirt,work with hand-sewn blanket stitching details. Crafted from 100% linen for breathable comfort and natural elegance. A refined piec,"{""linen"": 100.0}",linen,100.0,high,philippine,PH,https://tropastore.com/collections/mens/products/main-line-chinoiserie-tablea-long-sleeve-linen-shirt-tablea,2026-04-08T06:34:29.858237,2026-04-08T06:34:29.858237,live,True
Tropa Store,Ranch Jacket Used Black,jacket,"with practical functionality. Constructed from heavyweight 100% cotton canvas, this jacket features a distinctive corduroy collar","{""cotton"": 100.0}",cotton,100.0,high,philippine,PH,https://tropastore.com/collections/mens/products/untitled-oct14_17-29,2026-04-08T06:34:30.624180,2026-04-08T06:34:30.624180,live,True
Tropa Store,Ranch Jacket Used Tan,jacket,"offers practical storage for everyday wear. The heavyweight 100% cotton canvas body provides lasting durability, while the 100% cot","{""cotton"": 100.0}",cotton,100.0,high,philippine,PH,https://tropastore.com/collections/mens/products/ranch-jacket-used-tan,2026-04-08T06:34:35.529646,2026-04-08T06:34:35.529646,live,True
Tropa Store,Industries Tee Natural,t-shirt,"less style with uncompromising durability. Constructed from 100% cotton jersey, this midweight tee combines comfort with longevity","{""cotton"": 100.0}",cotton,100.0,high,philippine,PH,https://tropastore.com/collections/mens/products/industries-tee-natural,2026-04-08T06:34:40.050454,2026-04-08T06:34:40.050454,live,True
Tropa Store,Araw Top Cerulean,top,"ing, body-hugging fit. Crafted from a buttery-soft blend of 95% bamboo and 5% spandex, it features elastic-lined seams for enhance","{""bamboo"": 95.0, ""elastane"": 5.0}",bamboo,95.0,high,philippine,PH,https://tropastore.com/collections/all/products/ahon-araw-top-cerulean,2026-04-08T06:34:46.422720,2026-04-08T06:34:46.422720,live,True
Tropa Store,Araw Top Charcoal,top,"ing, body-hugging fit. Crafted from a buttery-soft blend of 95% bamboo and 5% spandex, it features elastic-lined seams for enhance","{""bamboo"": 95.0, ""elastane"": 5.0}",bamboo,95.0,high,philippine,PH,https://tropastore.com/collections/all/products/ahon-araw-top-charcoal,2026-04-08T06:34:47.575259,2026-04-08T06:34:47.575259,live,True
Tropa Store,Daisy Dress Lilac,dress,"Dress Lilac is a fitted mini dress crafted from a blend of 94% polyester and 6% elastane, ensuring both comfort and flexibility. Its","{""polyester"": 94.0, ""elastane"": 6.0}",polyester,0.0,low,philippine,PH,https://tropastore.com/collections/all/products/daisy-dress-lilac,2026-04-08T06:34:50.574079,2026-04-08T06:34:50.574079,live,True
Tropa Store,Araw Top Sand,top,"ing, body-hugging fit. Crafted from a buttery-soft blend of 95% bamboo and 5% spandex, it features elastic-lined seams for enhance","{""bamboo"": 95.0, ""elastane"": 5.0}",bamboo,95.0,high,philippine,PH,https://tropastore.com/collections/all/products/ahon-araw-top,2026-04-08T06:34:53.608667,2026-04-08T06:34:53.608667,live,True
Tropa Store,OG Logo Youth Tee Dark Teal,t-shirt,sizing • Made In U.S.A. • 6.5 oz/yd • 18/1 open end cotton 100% Cotton View full details Contact Us +63 917 541 7007 info@tropasto,"{""cotton"": 100.0}",cotton,100.0,high,philippine,PH,https://tropastore.com/collections/kids/products/og-logo-youth-tee-dark-teal,2026-04-08T06:35:06.201834,2026-04-08T06:35:06.201834,live,True
Tropa Store,Storm Textured Wrap Skirt,skirt,"shell button closures for a customizable fit. Crafted from 100% cotton jersey, its unique tie-dye and appliqué techniques create a","{""cotton"": 100.0}",cotton,100.0,high,philippine,PH,https://tropastore.com/collections/sale/products/storm-textured-wrap-skirt,2026-04-08T06:35:37.337864,2026-04-08T06:35:37.337864,live,True
Patton Studio,Lace-Up Long Sleeve Polo,polo,"d classic collar, metal buttoned cuffs, and a jacron label. 73% Polyester, 23% Rayon, 4% Spandex Designed in Italy, Made in Manila In","{""polyester"": 73.0, ""rayon"": 23.0, ""elastane"": 4.0}",polyester,23.0,low,philippine,PH,https://pattonstudio.com/collections/tops-women/products/lace-up-long-sleeve-polo,2026-04-08T06:35:47.971715,2026-04-08T06:35:47.971715,live,True
Patton Studio,Pleated Long Sleeve Shirt,shirt,"the back to cinch the waist and metal logo-buttoned cuffs. 73% Polyester, 23% Rayon, 4% Spandex Designed in Italy, Made in Manila In","{""polyester"": 73.0, ""rayon"": 23.0, ""elastane"": 4.0}",polyester,23.0,low,philippine,PH,https://pattonstudio.com/collections/tops-women/products/pleated-long-sleeve-shirt,2026-04-08T06:35:49.009114,2026-04-08T06:35:49.009114,live,True
Patton Studio,Poplin Cropped V Top,top,"neck, and an embroidered logo. This item is on final sale. 65% Cotton, 35% Polyester Designed in Italy, Made in Manila Intended f","{""cotton"": 65.0, ""polyester"": 35.0}",cotton,65.0,medium,philippine,PH,https://pattonstudio.com/collections/tops-women/products/poplin-cropped-v-top,2026-04-08T06:35:50.364178,2026-04-08T06:35:50.364178,live,True
Patton Studio,Wool Sleeveless Top,top,"d-fit, sleeveless top with a U-neckline and a jacron label. 72% Polyester, 16% Rayon, 10% Wool, 2% Spandex, Lining: 100% Polyester De","{""polyester"": 72.0, ""rayon"": 16.0, ""wool"": 10.0, ""elastane"": 2.0}",polyester,26.0,low,philippine,PH,https://pattonstudio.com/collections/tops-women/products/wool-sleeveless-top,2026-04-08T06:35:53.367249,2026-04-08T06:35:53.367249,live,True
Patton Studio,Classic Short Sleeve Polo,polo,"ollar, an asymmetric chest pocket, and an embroidered logo. 100% Polyester Designed in Italy, Made in Manila Intended for a relaxed fi","{""polyester"": 100.0}",polyester,0.0,low,philippine,PH,https://pattonstudio.com/collections/tops-women/products/classic-short-sleeve-polo,2026-04-08T06:35:54.835838,2026-04-08T06:35:54.835838,live,True
Patton Studio,Oversized Collared Tee,t-shirt,"sleeve top with an open-placket collar, and a jacron label. 65% Rayon, 30% Nylon & 5% Spandex Designed in Italy, Made in Manila I","{""rayon"": 65.0, ""nylon"": 30.0, ""elastane"": 5.0}",rayon,65.0,medium,philippine,PH,https://pattonstudio.com/collections/tops-women/products/oversized-collared-tee,2026-04-08T06:35:57.788384,2026-04-08T06:35:57.788384,live,True
Patton Studio,Hooded Cowl Neck Top,top,"design that can be worn as a hood, and a metal button logo. 73% Polyester, 23% Rayon, 4% Spandex Designed in Italy, Made in Manila In","{""polyester"": 73.0, ""rayon"": 23.0, ""elastane"": 4.0}",polyester,23.0,low,philippine,PH,https://pattonstudio.com/collections/tops-women/products/hooded-cowl-neck-top,2026-04-08T06:36:01.210211,2026-04-08T06:36:01.210211,live,True
Patton Studio,Poplin Long Sleeve Tie Shirt,shirt,"mes with an adjustable necktie. This item is on final sale. 65% Cotton 35% Polyester Designed in Italy, Made in Manila Intended fo","{""cotton"": 65.0, ""polyester"": 35.0}",cotton,65.0,medium,philippine,PH,https://pattonstudio.com/collections/tops-women/products/poplin-long-sleeve-tie-shirt,2026-04-08T06:36:05.434281,2026-04-08T06:36:05.434281,live,True
Patton Studio,Oversized Logo Sweatshirt,hoodie,"ffs, and a pressed rubber logo. This item is on final sale. 100% Cotton Designed in Manila, Made in China Intended for an oversized","{""cotton"": 100.0}",cotton,100.0,high,philippine,PH,https://pattonstudio.com/collections/tops-women/products/oversized-logo-sweatshirt-mens,2026-04-08T06:36:08.078212,2026-04-08T06:36:08.078212,live,True
Patton Studio,Poplin Short Sleeve Shirt,shirt,"ocket, and a rubber patch logo. This item is on final sale. 65% Cotton, 35% Polyester Designed in Italy, Made in Manila Intended f","{""cotton"": 65.0, ""polyester"": 35.0}",cotton,65.0,medium,philippine,PH,https://pattonstudio.com/collections/tops-women/products/poplin-short-sleeve-shirt,2026-04-08T06:36:09.774731,2026-04-08T06:36:09.774731,live,True
Patton Studio,Cropped Long Sleeve Polo,polo,"cuffs, and an embroidered logo. This item is on final sale. 100% Polyester Made in Manila Intended for a relaxed fit. Height of model:","{""polyester"": 100.0}",polyester,0.0,low,philippine,PH,https://pattonstudio.com/collections/tops-women/products/cropped-long-sleeve-polo,2026-04-08T06:36:13.088729,2026-04-08T06:36:13.088729,live,True
Patton Studio,Poplin Hooded Long Sleeve Top,top,"oded scarf, and a jacron label. This item is on final sale. 65% Cotton 35% Polyester Designed in Italy, Made in Manila Intended fo","{""cotton"": 65.0, ""polyester"": 35.0}",cotton,65.0,medium,philippine,PH,https://pattonstudio.com/collections/tops-women/products/poplin-hooded-long-sleeve-top,2026-04-08T06:36:15.724808,2026-04-08T06:36:15.724808,live,True
Patton Studio,Garter Neck Top,top,"kline with snap button opening. This item is on final sale. 100% Polyester Designed in Italy, Made in Manila Intended for a relaxed fi","{""polyester"": 100.0}",polyester,0.0,low,philippine,PH,https://pattonstudio.com/collections/tops-women/products/garter-neck-top,2026-04-08T06:36:17.585498,2026-04-08T06:36:17.585498,live,True
Patton Studio,Poplin Long Sleeve Shirt,shirt,"ckets, and a rubber patch logo. This item is on final sale. 65% Cotton, 35% Polyester Designed in Italy, Made in Manila Intended f","{""cotton"": 65.0, ""polyester"": 35.0}",cotton,65.0,medium,philippine,PH,https://pattonstudio.com/collections/tops-women/products/poplin-long-sleeve-shirt-men,2026-04-08T06:36:22.648052,2026-04-08T06:36:22.648052,live,True
Patton Studio,Oversized Short Sleeve Zip Polo,polo,"assic collar, chest patch pockets, and an embroidered logo. 100% Polyester Designed in Italy, Made in Manila Intended for an oversized","{""polyester"": 100.0}",polyester,0.0,low,philippine,PH,https://pattonstudio.com/collections/tops-women/products/oversized-short-sleeve-polo,2026-04-08T06:36:26.645185,2026-04-08T06:36:26.645185,live,True
Patton Studio,Poplin Cut Out Tee,t-shirt,"at the back, and a metal logo. This item is on final sale. 65% Cotton, 35% Polyester Designed in Italy, Made in Manila Intended f","{""cotton"": 65.0, ""polyester"": 35.0}",cotton,65.0,medium,philippine,PH,https://pattonstudio.com/collections/tops-women/products/poplin-cut-out-tee,2026-04-08T06:36:28.192406,2026-04-08T06:36:28.192406,live,True
Patton Studio,Oversized Logo Tee,t-shirt,"line and a pressed rubber logo. This item is on final sale. 100% Cotton Designed in Manila, Made in China Intended for an oversized","{""cotton"": 100.0}",cotton,100.0,high,philippine,PH,https://pattonstudio.com/collections/tops-women/products/oversized-logo-tee-mens,2026-04-08T06:36:29.100626,2026-04-08T06:36:29.100626,live,True
Patton Studio,Oversized Short Sleeve Polo,polo,"c collar and rubber patch logo. This item is on final sale. 98% Polyester, 2% Spandex Designed in Italy, Made in Manila Intended for","{""polyester"": 98.0, ""elastane"": 2.0}",polyester,0.0,low,philippine,PH,https://pattonstudio.com/collections/tops-women/products/oversized-short-sleeve-polo-men-in-desert,2026-04-08T06:36:30.760161,2026-04-08T06:36:30.760161,live,True
Patton Studio,Hooded Long Sleeve Shirt,shirt,"patch pockets with contrast stitching, and a jacron label. 73% Polyester, 23% Rayon, 4% Spandex Designed in Italy, Made in Manila In","{""polyester"": 73.0, ""rayon"": 23.0, ""elastane"": 4.0}",polyester,23.0,low,philippine,PH,https://pattonstudio.com/collections/tops-women/products/hooded-long-sleeve-shirt,2026-04-08T06:36:31.682180,2026-04-08T06:36:31.682180,live,True
Patton Studio,Short Sleeve Tie Shirt,shirt,"hing, and a jacron label. Comes with an adjustable necktie. 73% Polyester, 23% Rayon, 4% Spandex Designed in Italy, Made in Manila In","{""polyester"": 73.0, ""rayon"": 23.0, ""elastane"": 4.0}",polyester,23.0,low,philippine,PH,https://pattonstudio.com/collections/tops-women/products/short-sleeve-tie-shirt,2026-04-08T06:36:32.465522,2026-04-08T06:36:32.465522,live,True
Patton Studio,Oversized V-Neck Polo,polo,"ckline, drop shoulders, classic collar, and a jacron label. 67% Polyester, 28% Rayon, 5% Spandex Designed in Italy, Made in Manila In","{""polyester"": 67.0, ""rayon"": 28.0, ""elastane"": 5.0}",polyester,28.0,low,philippine,PH,https://pattonstudio.com/collections/tops-women/products/oversized-v-neck-polo,2026-04-08T06:36:33.411646,2026-04-08T06:36:33.411646,live,True
Patton Studio,High Neck Pullover,knitwear,"e an update once your item is ready or if any delays occur. 50% Cotton, 50% Polyester Designed in Italy, Made in Manila Intended f","{""cotton"": 50.0, ""polyester"": 50.0}",cotton,50.0,medium,philippine,PH,https://pattonstudio.com/collections/women/products/high-neck-pullover,2026-04-08T06:36:36.999520,2026-04-08T06:36:36.999520,live,True
Patton Studio,Barrel Trousers,pants,"e an update once your item is ready or if any delays occur. 50% Cotton, 50% Polyester Designed in Italy, Made in Manila Fits true","{""cotton"": 50.0, ""polyester"": 50.0}",cotton,50.0,medium,philippine,PH,https://pattonstudio.com/collections/women/products/barrel-trousers,2026-04-08T06:36:37.987922,2026-04-08T06:36:37.987922,live,True
Patton Studio,Wool Sailor Jacket,jacket,"r, buttoned cuffs, a chest welt pocket, and a jacron label. 65% Polyester, 24% Rayon, 9% Wool, 2% Spandex Designed in Italy, Made in","{""polyester"": 65.0, ""rayon"": 24.0, ""wool"": 9.0, ""elastane"": 2.0}",polyester,33.0,low,philippine,PH,https://pattonstudio.com/collections/women/products/wool-sailor-jacket,2026-04-08T06:36:44.700012,2026-04-08T06:36:44.700012,live,True
Patton Studio,Wool Oversized Blazer with Carabiner,blazer,", an adjustable drawstring hem, and a detachable carabiner. 65% Polyester, 24% Rayon, 9% Wool, 2% Spandex Designed in Italy, Made in","{""polyester"": 65.0, ""rayon"": 24.0, ""wool"": 9.0, ""elastane"": 2.0}",polyester,33.0,low,philippine,PH,https://pattonstudio.com/collections/women/products/wool-oversized-blazer-with-carabiner,2026-04-08T06:36:47.183410,2026-04-08T06:36:47.183410,live,True
Patton Studio,Pleated Hem Trousers,pants,"side and back welt pockets, belt loops, and a jacron label. 67% Polyester, 28% Rayon, 5% Spandex Designed in Italy, Made in Manila In","{""polyester"": 67.0, ""rayon"": 28.0, ""elastane"": 5.0}",polyester,28.0,low,philippine,PH,https://pattonstudio.com/collections/women/products/pleated-hem-trousers,2026-04-08T06:36:48.870546,2026-04-08T06:36:48.870546,live,True
Patton Studio,Wool Sleeveless Square Neck Dress,dress,"isible side zipper, front flap pockets, and a jacron label. 65% Polyester, 24% Rayon, 9% Wool, 2% Spandex Designed in Italy, Made in","{""polyester"": 65.0, ""rayon"": 24.0, ""wool"": 9.0, ""elastane"": 2.0}",polyester,33.0,low,philippine,PH,https://pattonstudio.com/collections/women/products/wool-sleeveless-square-neck-dress,2026-04-08T06:36:50.430852,2026-04-08T06:36:50.430852,live,True
Patton Studio,Utility Hooded Jacket,jacket,"side pockets and a rubber logo. This item is on final sale. 100% Polyester Designed in Italy, Made in Manila Intended for an oversized","{""polyester"": 100.0}",polyester,0.0,low,philippine,PH,https://pattonstudio.com/collections/women/products/utility-hooded-jacket,2026-04-08T06:36:53.885035,2026-04-08T06:36:53.885035,live,True
Patton Studio,Pleated Polo Dress,dress,"d waist for a cinched effect and metal logo-buttoned cuffs. 73% Polyester, 23% Rayon, 4% Spandex Designed in Italy, Made in Manila In","{""polyester"": 73.0, ""rayon"": 23.0, ""elastane"": 4.0}",polyester,23.0,low,philippine,PH,https://pattonstudio.com/collections/women/products/pleated-polo-dress,2026-04-08T06:36:57.016010,2026-04-08T06:36:57.016010,live,True
Patton Studio,Cargo Trousers,pants,"zipper closure, side pockets and an oversized patch pocket. 73% Polyester, 23% Rayon, 4% Spandex Designed in Italy, Made in Manila In","{""polyester"": 73.0, ""rayon"": 23.0, ""elastane"": 4.0}",polyester,23.0,low,philippine,PH,https://pattonstudio.com/collections/women/products/cargo-trousers,2026-04-08T06:37:01.770111,2026-04-08T06:37:01.770111,live,True
Patton Studio,Sleeveless Polo Playsuit,polo,"ng a necktie effect, side pockets, and an embroidered logo. 100% Polyester Designed in Italy, Made in Manila Intended for a relaxed fi","{""polyester"": 100.0}",polyester,0.0,low,philippine,PH,https://pattonstudio.com/collections/women/products/sleeveless-polo-playsuit,2026-04-08T06:37:04.250230,2026-04-08T06:37:04.250230,live,True
Patton Studio,Dad Trousers,pants,"ipper closure, hidden side pockets, and a back welt pocket. 97% Cotton, 3% Spandex Designed in Italy, Made in Manila Fits true to","{""cotton"": 97.0, ""elastane"": 3.0}",cotton,97.0,high,philippine,PH,https://pattonstudio.com/collections/women/products/dad-trousers,2026-04-08T06:37:05.758971,2026-04-08T06:37:05.758971,live,True
Patton Studio,Garter Waist Trousers,pants,"ack pockets, exposed elastic waistband, and a jacron label. 73% Polyester, 23% Rayon, 4% Spandex Designed in Italy, Made in Manila In","{""polyester"": 73.0, ""rayon"": 23.0, ""elastane"": 4.0}",polyester,23.0,low,philippine,PH,https://pattonstudio.com/collections/women/products/garter-waist-trousers,2026-04-08T06:37:07.292511,2026-04-08T06:37:07.292511,live,True
Patton Studio,Wool Wide Leg Trousers,pants,"s, hook and zipper closure, belt loops, and a jacron label. 65% Polyester, 24% Rayon, 9% Wool, 2% Spandex Designed in Italy, Made in","{""polyester"": 65.0, ""rayon"": 24.0, ""wool"": 9.0, ""elastane"": 2.0}",polyester,33.0,low,philippine,PH,https://pattonstudio.com/collections/women/products/wool-wide-leg-trousers,2026-04-08T06:37:08.139149,2026-04-08T06:37:08.139149,live,True
Patton Studio,Wool Tapered Trousers,pants,"pockets, back welt pockets, belt loops, and a jacron label. 65% Polyester, 24% Rayon, 9% Wool, 2% Spandex Designed in Italy, Made in","{""polyester"": 65.0, ""rayon"": 24.0, ""wool"": 9.0, ""elastane"": 2.0}",polyester,33.0,low,philippine,PH,https://pattonstudio.com/collections/women/products/wool-tapered-trousers,2026-04-08T06:37:08.954841,2026-04-08T06:37:08.954841,live,True
Patton Studio,Short Sleeve Zip Jacket,jacket,"r, an adjustable drawstring waist, and a metal button logo. 97% Cotton, 3% Spandex Designed in Italy, Made in Manila Intended for","{""cotton"": 97.0, ""elastane"": 3.0}",cotton,97.0,high,philippine,PH,https://pattonstudio.com/collections/women/products/short-sleeve-zip-jacket,2026-04-08T06:37:09.795591,2026-04-08T06:37:09.795591,live,True
Patton Studio,Lace-Up Midi Skirt,skirt,"hidden back zipper closure, side pockets, and a metal logo. 73% Polyester, 23% Rayon, 4% Spandex Designed in Italy, Made in Manila In","{""polyester"": 73.0, ""rayon"": 23.0, ""elastane"": 4.0}",polyester,23.0,low,philippine,PH,https://pattonstudio.com/collections/women/products/lace-up-midi-skirt,2026-04-08T06:37:13.731862,2026-04-08T06:37:13.731862,live,True
Patton Studio,Corduroy High-Waist Shorts,shorts,"pockets and back patch pockets. This item is on final sale. 100% Cotton Designed in Italy, Made in Manila Intended for a relaxed fi","{""cotton"": 100.0}",cotton,100.0,high,philippine,PH,https://pattonstudio.com/collections/bottoms-women/products/corduroy-high-waist-shorts,2026-04-08T06:37:59.836397,2026-04-08T06:37:59.836397,live,True
Patton Studio,Corduroy Cargo Pants,pants,"pockets, and back welt pockets. This item is on final sale. 100% Cotton Designed in Italy, Made in Manila Intended for a relaxed fi","{""cotton"": 100.0}",cotton,100.0,high,philippine,PH,https://pattonstudio.com/collections/bottoms-women/products/corduroy-cargo-pants-women,2026-04-08T06:38:05.031519,2026-04-08T06:38:05.031519,live,True
Patton Studio,Relaxed Sweat Shorts,shorts,"rtered waistband, side pockets, and a detachable carabiner. 100% Polyester Designed in Italy, Made in Manila Intended for a relaxed fi","{""polyester"": 100.0}",polyester,0.0,low,philippine,PH,https://pattonstudio.com/collections/bottoms-women/products/relaxed-sweat-shorts,2026-04-08T06:38:05.924698,2026-04-08T06:38:05.924698,live,True
Patton Studio,Pleated Wrap Skirt,skirt,"utton closures, hidden side pockets, and back welt pockets. 67% Polyester , 28% Rayon , 5% Spandex Designed in Italy, Made in Manila","{""polyester"": 67.0, ""rayon"": 28.0, ""elastane"": 5.0}",polyester,28.0,low,philippine,PH,https://pattonstudio.com/collections/bottoms-women/products/pleated-wrap-skirt,2026-04-08T06:38:10.496574,2026-04-08T06:38:10.496574,live,True
Patton Studio,Logo Waist Trousers,pants,"stband and a rubber patch logo. This item is on final sale. 98% Polyester, 2% Spandex Designed in Italy, Made in Manila. Intended for","{""polyester"": 98.0, ""elastane"": 2.0}",polyester,0.0,low,philippine,PH,https://pattonstudio.com/collections/bottoms-women/products/logo-waist-trousers-in-sand,2026-04-08T06:38:11.456873,2026-04-08T06:38:11.456873,live,True
Patton Studio,Twill Balloon Trousers,pants,"ckets, and a rubber patch logo. This item is on final sale. 70% Cotton 30% Polyester Designed in Italy, Made in Manila Intended fo","{""cotton"": 70.0, ""polyester"": 30.0}",cotton,70.0,medium,philippine,PH,https://pattonstudio.com/collections/bottoms-women/products/twill-balloon-trousers,2026-04-08T06:38:12.317544,2026-04-08T06:38:12.317544,live,True
Patton Studio,Twill Runner Shorts,shorts,"ockets and a rubber patch logo. This item is on final sale. 70% Cotton 30% Polyester Designed in Italy, Made in Manila Intended fo","{""cotton"": 70.0, ""polyester"": 30.0}",cotton,70.0,medium,philippine,PH,https://pattonstudio.com/collections/bottoms-women/products/twill-runner-shorts,2026-04-08T06:38:15.875202,2026-04-08T06:38:15.875202,live,True
Patton Studio,Poplin Cargo Pants,pants,"ckets, and a rubber patch logo. This item is on final sale. 65% Cotton, 35% Polyester Designed in Italy, Made in Manila Intended f","{""cotton"": 65.0, ""polyester"": 35.0}",cotton,65.0,medium,philippine,PH,https://pattonstudio.com/collections/bottoms-women/products/poplin-cargo-pants-men,2026-04-08T06:38:18.092765,2026-04-08T06:38:18.092765,live,True
Patton Studio,Poplin Box Shorts,shorts,"atch pocket and a jacron label. This item is on final sale. 65% Cotton 35% Polyester Designed in Italy, Made in Manila Intended fo","{""cotton"": 65.0, ""polyester"": 35.0}",cotton,65.0,medium,philippine,PH,https://pattonstudio.com/collections/bottoms-women/products/poplin-box-shorts,2026-04-08T06:38:19.017702,2026-04-08T06:38:19.017702,live,True
Patton Studio,Twill Classic Jacket,jacket,"ckets, and a rubber patch logo. This item is on final sale. 70% Cotton 30% Polyester Designed in Italy, Made in Manila Intended fo","{""cotton"": 70.0, ""polyester"": 30.0}",cotton,70.0,medium,philippine,PH,https://pattonstudio.com/collections/bottoms-women/products/twill-classic-jacket-1,2026-04-08T06:38:20.789461,2026-04-08T06:38:20.789461,live,True
Patton Studio,Twill Shirt Jacket,shirt,"ockets and a rubber patch logo. This item is on final sale. 70% Cotton 30% Polyester Designed in Italy, Made in Manila Intended fo","{""cotton"": 70.0, ""polyester"": 30.0}",cotton,70.0,medium,philippine,PH,https://pattonstudio.com/collections/bottoms-women/products/twill-classic-jacket,2026-04-08T06:38:21.845934,2026-04-08T06:38:21.845934,live,True
Patton Studio,Twill Relaxed Trousers,pants,"ckets, and a rubber patch logo. This item is on final sale. 70% Cotton, 30% Polyester Designed in Italy, Made in Manila Intended f","{""cotton"": 70.0, ""polyester"": 30.0}",cotton,70.0,medium,philippine,PH,https://pattonstudio.com/collections/bottoms-women/products/twill-relaxed-trousers,2026-04-08T06:38:26.653606,2026-04-08T06:38:26.653606,live,True
Patton Studio,Poplin Runner Shorts,shorts,"ckets, and a rubber patch logo. This item is on final sale. 65% Cotton, 35% Polyester Designed in Italy, Made in Manila Intended f","{""cotton"": 65.0, ""polyester"": 35.0}",cotton,65.0,medium,philippine,PH,https://pattonstudio.com/collections/bottoms-women/products/poplin-runner-shorts-men,2026-04-08T06:38:29.978512,2026-04-08T06:38:29.978512,live,True
Patton Studio,Wool Pleated Trousers,pants,"kets and back welt pockets, belt loops, and a jacron label. 72% Polyester, 16% Rayon, 10% Wool, 2% Spandex Designed in Italy, Made in","{""polyester"": 72.0, ""rayon"": 16.0, ""wool"": 10.0, ""elastane"": 2.0}",polyester,26.0,low,philippine,PH,https://pattonstudio.com/collections/bottoms-women/products/wool-pleated-trousers,2026-04-08T06:38:30.755274,2026-04-08T06:38:30.755274,live,True
Patton Studio,Corduroy Classic Jacket,jacket,"ckets, and a rubber patch logo. This item is on final sale. 100% Cotton Designed in Italy, Made in Manila Intended for an oversized","{""cotton"": 100.0}",cotton,100.0,high,philippine,PH,https://pattonstudio.com/collections/outerwear-women/products/corduroy-classic-jacket-women,2026-04-08T06:38:33.201026,2026-04-08T06:38:33.201026,live,True
Patton Studio,Utility Classic Jacket,jacket,"side pockets and a rubber logo. This item is on final sale. 100% Polyester Designed in Italy, Made in Manila Intended for a oversized","{""polyester"": 100.0}",polyester,0.0,low,philippine,PH,https://pattonstudio.com/collections/outerwear-women/products/utility-classic-jacket,2026-04-08T06:38:33.952498,2026-04-08T06:38:33.952498,live,True
Patton Studio,Utility Shirt Jacket,shirt,"front pocket and a rubber logo. This item is on final sale. 100% Polyester Designed in Italy, Made in Manila Intended for a oversized","{""polyester"": 100.0}",polyester,0.0,low,philippine,PH,https://pattonstudio.com/collections/outerwear-women/products/utility-shirt-jacket,2026-04-08T06:38:38.822247,2026-04-08T06:38:38.822247,live,True
Patton Studio,Corduroy Zip Jacket,jacket,"d hem, and a rubber patch logo. This item is on final sale. 100% Cotton Designed in Italy, Made in Manila Intended for an oversized","{""cotton"": 100.0}",cotton,100.0,high,philippine,PH,https://pattonstudio.com/collections/outerwear-women/products/corduroy-zip-jacket-for-men,2026-04-08T06:38:41.225858,2026-04-08T06:38:41.225858,live,True
Patton Studio,Utility Hooded Zip Up Jacket,jacket,"side pockets and a rubber logo. This item is on final sale. 100% Polyester Designed in Italy, Made in Manila Intended for a oversized","{""polyester"": 100.0}",polyester,0.0,low,philippine,PH,https://pattonstudio.com/collections/outerwear-women/products/utility-hooded-zip-up-jacket,2026-04-08T06:38:42.018468,2026-04-08T06:38:42.018468,live,True
Patton Studio,Poplin Hooded Zip Pullover,knitwear,"ocket, and a rubber patch logo. This item is on final sale. 65% Cotton, 35% Polyester Designed in Italy, Made in Manila Intended f","{""cotton"": 65.0, ""polyester"": 35.0}",cotton,65.0,medium,philippine,PH,https://pattonstudio.com/collections/outerwear-women/products/poplin-hooded-zip-pullover-men,2026-04-08T06:38:42.787574,2026-04-08T06:38:42.787574,live,True
Patton Studio,Poplin Oversized Hooded Cut Out Jacket,jacket,"d with cap, and a jacron label. This item is on final sale. 65% Cotton, 35% Polyester Designed in Italy, Made in Manila Intended f","{""cotton"": 65.0, ""polyester"": 35.0}",cotton,65.0,medium,philippine,PH,https://pattonstudio.com/collections/outerwear-women/products/poplin-oversized-hooded-cut-out-jacket-mens,2026-04-08T06:38:46.264623,2026-04-08T06:38:46.264623,live,True
Patton Studio,Padded Bomber Jacket,jacket,"rtered cuffs and hem, full lining, and an embroidered logo. 100% Polyester, Lining: 100% Polyester Designed in Italy, Made in Manila I","{""polyester"": 100.0}",polyester,0.0,low,philippine,PH,https://pattonstudio.com/collections/outerwear-women/products/padded-bomber-jacket,2026-04-08T06:38:47.281732,2026-04-08T06:38:47.281732,live,True
Patton Studio,Poplin Track Jacket,jacket,"ckets, and a rubber patch logo. This item is on final sale. 65% Cotton, 35% Polyester Designed in Italy, Made in Manila Intended f","{""cotton"": 65.0, ""polyester"": 35.0}",cotton,65.0,medium,philippine,PH,https://pattonstudio.com/collections/outerwear-women/products/poplin-track-jacket,2026-04-08T06:38:48.935394,2026-04-08T06:38:48.935394,live,True
Patton Studio,Poplin Hooded Shirt Jacket,shirt,"cap, and an adjustable hem tie. This item is on final sale. 65% Cotton, 35% Polyester Designed in Italy, Made in Manila Intended f","{""cotton"": 65.0, ""polyester"": 35.0}",cotton,65.0,medium,philippine,PH,https://pattonstudio.com/collections/outerwear-women/products/poplin-hooded-shirt-jacket-men,2026-04-08T06:38:50.478108,2026-04-08T06:38:50.478108,live,True
Patton Studio,Wool Hooded Blazer,blazer,", partial lining, false 3-button cuffs, and a jacron label. 72% Polyester, 16% Rayon, 10% Wool, 2% Spandex, Lining: 100% Polyester De","{""polyester"": 72.0, ""rayon"": 16.0, ""wool"": 10.0, ""elastane"": 2.0}",polyester,26.0,low,philippine,PH,https://pattonstudio.com/collections/outerwear-women/products/wool-hooded-blazer,2026-04-08T06:38:51.328472,2026-04-08T06:38:51.328472,live,True
Levi's,Levi's® Women's Harlie Boyfriend Shirt,shirt,"l is 5'7"", Waist 26"", Wearing size small Composition & Care 100% Cotton Machine wash cold delicate cycle, Do not bleach, Tumble dry","{""cotton"": 100.0}",cotton,100.0,high,philippine,PH,https://levi.com.ph/products/levis-womens-harlie-boyfriend-shirt-001hm0003,2026-04-08T06:40:10.531872,2026-04-08T06:40:10.531872,live,True
Levi's,Levi's® Women's Teodora Western Shirt,shirt,"l is 5'7"", Waist 26"", Wearing size small Composition & Care 100% Cotton Machine wash cold, Do not bleach, Tumble dry medium, Hot ir","{""cotton"": 100.0}",cotton,100.0,high,philippine,PH,https://levi.com.ph/products/levis-womens-teodora-western-shirt-a72440054,2026-04-08T06:40:11.449804,2026-04-08T06:40:11.449804,live,True
Levi's,Levi's® Women's Karly Blouse,shirt,"hambray How it Fits Standard Long Sleeve Composition & Care 55% cotton, 45% viscose (ECOVERO™) Machine Wash Warm, Do Not Bleach, T","{""cotton"": 55.0, ""viscose"": 45.0}",cotton,100.0,high,philippine,PH,https://levi.com.ph/products/levis-womens-karly-blouse-a76020002,2026-04-08T06:40:12.613672,2026-04-08T06:40:12.613672,live,True
Levi's,Levi's® Blue Tab™ Women's Club Shirt,shirt,"on-down collar Standard fit Long sleeves Composition & Care 100% Cotton Machine wash cold, Do not bleach, Tumble dry medium, Hot ir","{""cotton"": 100.0}",cotton,100.0,high,philippine,PH,https://levi.com.ph/products/levis-blue-tab-womens-club-shirt-001lp0000,2026-04-08T06:40:13.767931,2026-04-08T06:40:13.767931,live,True
Levi's,Levi's® Women's Gina Blouse,shirt,"is 5'10"", Waist 26"", Wearing size small Composition & Care 10% Linen, 50% Viscose (ECOVERO™), 40% Cotton Machine wash cold, Do n","{""linen"": 10.0, ""viscose"": 50.0, ""cotton"": 40.0}",viscose,100.0,high,philippine,PH,https://levi.com.ph/products/levis-womens-gina-blouse-001rp0004,2026-04-08T06:40:14.782950,2026-04-08T06:40:14.782950,live,True
Levi's,Levi's® Women's Long Sleeve Perfect Tee,t-shirt,eight (feet): 5.8 Model height (cm): 176 Composition & Care 100% Cotton ECOVERO™ is a trademark of Lenzing AG. × Supports Contact U,"{""cotton"": 100.0}",cotton,100.0,high,philippine,PH,https://levi.com.ph/products/levis-womens-long-sleeve-perfect-tee-a30520000,2026-04-08T06:40:15.863203,2026-04-08T06:40:15.863203,live,True
Levi's,Levi's® Women's Graphic Essential T-Shirt,shirt,"it Fits Crewneck Slim fit Short sleeves Composition & Care 100% Cotton Machine wash cold, Do not bleach, Tumble dry low, Warm iron","{""cotton"": 100.0}",cotton,100.0,high,philippine,PH,https://levi.com.ph/products/levis-womens-graphic-essential-t-shirt-001my0000,2026-04-08T06:40:18.049173,2026-04-08T06:40:18.049173,live,True
Levi's,Levi's® Women's Original Trucker Jacket,jacket,""" waist. They're wearing a size 24 x 30. Composition & Care 99% Cotton, 1% Elastane (Lycra®) Wash your Trucker Jacket sparingly an","{""cotton"": 99.0, ""elastane"": 1.0}",cotton,99.0,high,philippine,PH,https://levi.com.ph/products/levis-womens-original-trucker-jacket-299450013,2026-04-08T06:40:20.074455,2026-04-08T06:40:20.074455,live,True
Levi's,Levi's® Women's Graphic Short Stack T-Shirt,shirt,"it Fits Crewneck Loose fit Short sleeves Composition & Care 100% Cotton Machine wash cold, Do not bleach, Tumble dry low, Warm iron","{""cotton"": 100.0}",cotton,100.0,high,philippine,PH,https://levi.com.ph/products/levis-womens-graphic-short-stack-t-shirt-a49240079,2026-04-08T06:40:21.967801,2026-04-08T06:40:21.967801,live,True
Levi's,Levi's® Women's Essential Housemark Short-Sleeve Tee,t-shirt,"l is 5'9"", Waist 27"", Wearing size small Composition & Care 100% Cotton Machine wash cold, Do not bleach, Tumble dry low, Warm iron","{""cotton"": 100.0}",cotton,100.0,high,philippine,PH,https://levi.com.ph/products/levis-womens-essential-housemark-short-sleeve-tee-000kk0001,2026-04-08T06:40:22.937792,2026-04-08T06:40:22.937792,live,True
Levi's,Levi's® Women's Graphic Heritage Sport Crewneck Sweatshirt,hoodie,"aist 24"", Wearing size small Long Sleeve Composition & Care 100% Cotton Machine wash cold, Do not bleach, Tumble dry low, Warm iron","{""cotton"": 100.0}",cotton,100.0,high,philippine,PH,https://levi.com.ph/products/levis-womens-graphic-heritage-sport-crewneck-sweatshirt-0002l0002,2026-04-08T06:40:23.883645,2026-04-08T06:40:23.883645,live,True
Levi's,Levi's® Women's Margot Long-Sleeve T-Shirt,shirt,"e Night How it Fits Crewneck Long Sleeve Composition & Care 100% Cotton Machine wash cold, Do not bleach, Tumble dry low, Warm iron","{""cotton"": 100.0}",cotton,100.0,high,philippine,PH,https://levi.com.ph/products/levis-womens-margot-long-sleeve-t-shirt-a72480014,2026-04-08T06:40:24.925304,2026-04-08T06:40:24.925304,live,True
Levi's,Levi’s® Blue Tab™ Women’s Type II Trucker Jacket,jacket,"l is 5'9"", Waist 25"", Wearing size small Composition & Care 100% Cotton Machine wash cold, Do not bleach, Tumble dry medium, Hot ir","{""cotton"": 100.0}",cotton,100.0,high,philippine,PH,https://levi.com.ph/products/levis-blue-tab-womens-type-ii-trucker-jacket-a58840000,2026-04-08T06:40:26.014364,2026-04-08T06:40:26.014364,live,True
Levi's,Levi's® Women's Winona Shirt,shirt,"aist 27"", Wearing size small Long Sleeve Composition & Care 100% Cotton Machine wash cold delicate cycle, Do not bleach, Tumble dry","{""cotton"": 100.0}",cotton,100.0,high,philippine,PH,https://levi.com.ph/products/levis-womens-winona-shirt-002ag0000,2026-04-08T06:40:26.997186,2026-04-08T06:40:26.997186,live,True
Levi's,Levi's® Women's Darlene Utility Shirt,shirt,"r: Bright White How it Fits Point collar Composition & Care 100% Viscose (ECOVERO™) Machine wash cold - delicate cycle, Do not bleac","{""viscose"": 100.0}",viscose,100.0,high,philippine,PH,https://levi.com.ph/products/levis-womens-darlene-utility-shirt-a87450002,2026-04-08T06:40:27.963075,2026-04-08T06:40:27.963075,live,True
Levi's,Levi's® Women's Slim Polo Shirt,shirt,"26"" waist. They're wearing a size small. Composition & Care 95% Cotton, 5% Elastane (Lycra®) Wash and dry inside out with like col","{""cotton"": 95.0, ""elastane"": 5.0}",cotton,95.0,high,philippine,PH,https://levi.com.ph/products/levis-womens-slim-polo-shirt-525990046,2026-04-08T06:40:29.027181,2026-04-08T06:40:29.027181,live,True
Levi's,Levi's® Blue Tab™ Women's Relaxed Blazer,blazer,"ton-down collar Relaxed fit Long sleeves Composition & Care 100% Cotton Do not wash, Do not bleach, Do not tumble dry, Cool iron if","{""cotton"": 100.0}",cotton,100.0,high,philippine,PH,https://levi.com.ph/products/levis-blue-tab-womens-relaxed-blazer-001lv0000,2026-04-08T06:40:29.975729,2026-04-08T06:40:29.975729,live,True
Levi's,Levi's® Women's Perfect T-Shirt,shirt,""" waist. They're wearing a size 25 x 30. Composition & Care 100% Cotton Wash and dry inside out with like colors, Liquid detergent","{""cotton"": 100.0}",cotton,100.0,high,philippine,PH,https://levi.com.ph/products/levis-womens-perfect-t-shirt-391850008,2026-04-08T06:40:30.973561,2026-04-08T06:40:30.973561,live,True
Levi's,Levi's® Blue Tab™ Women's Tuxedo Shirt,shirt,"on-down collar Standard fit Long sleeves Composition & Care 100% Cotton Machine wash cold, Do not bleach, Tumble dry medium, Hot ir","{""cotton"": 100.0}",cotton,100.0,high,philippine,PH,https://levi.com.ph/products/levis-blue-tab-womens-tuxedo-shirt-001lu0000,2026-04-08T06:40:31.933809,2026-04-08T06:40:31.933809,live,True
Levi's,Levi's® Women's Essential Sporty T-Shirt,shirt,"26"" waist. They're wearing a size small. Composition & Care 100% Cotton Machine Wash Cold, Do Not Bleach, Tumble Dry Low, Warm Iron","{""cotton"": 100.0}",cotton,100.0,high,philippine,PH,https://levi.com.ph/products/levis-womens-essential-sporty-t-shirt-a74190001,2026-04-08T06:40:33.087840,2026-04-08T06:40:33.087840,live,True
Levi's,Levi's® Women's Ultimate Western Shirt,shirt,"28"" waist. They're wearing a size small. Composition & Care 100% cotton Machine wash cold, wash and dry inside out with like colors","{""cotton"": 100.0}",cotton,100.0,high,philippine,PH,https://levi.com.ph/products/levis-womens-ultimate-western-shirt-868320018,2026-04-08T06:40:34.130974,2026-04-08T06:40:34.130974,live,True
Levi's,Levi's® Women's Tamara Long-Sleeve Blouse,shirt,"4 How it Fits Standard fit Long sleeves Composition & Care 17% modal (Lenzing), 16% cotton, 67% lyocell (Lenzing Tencel™) - Rele","{""modal"": 17.0, ""cotton"": 16.0, ""lyocell"": 67.0}",lyocell,100.0,high,philippine,PH,https://levi.com.ph/products/levis-womens-tamara-long-sleeve-blouse-a71720005,2026-04-08T06:40:37.288675,2026-04-08T06:40:37.288675,live,True
Levi's,Levi's® Women's Gianna Long-Sleeve Blouse,shirt,"on-down collar Standard fit Long sleeves Composition & Care 100% Cotton Machine wash cold - delicate cycle, Do not bleach, Tumble d","{""cotton"": 100.0}",cotton,100.0,high,philippine,PH,https://levi.com.ph/products/levis-womens-gianna-long-sleeve-blouse-a86880012,2026-04-08T06:40:38.309663,2026-04-08T06:40:38.309663,live,True
Levi's,Levi's® Women's Graphic Essential Sporty Tee,t-shirt,"is 5'10"", Waist 26"", Wearing size small Composition & Care 100% Cotton Machine wash cold, Do not bleach, Tumble dry low, Warm iron","{""cotton"": 100.0}",cotton,100.0,high,philippine,PH,https://levi.com.ph/products/levis-womens-graphic-essential-sporty-tee-a87980047,2026-04-08T06:40:39.261079,2026-04-08T06:40:39.261079,live,True
Levi's,Levi's® Women's Nola Shirt,shirt,"or: Bright White How it Fits Relaxed fit Composition & Care 100% Cotton Machine Wash Cold Delicate Cycle, Do Not Bleach, Tumble Dry","{""cotton"": 100.0}",cotton,100.0,high,philippine,PH,https://levi.com.ph/products/levis-womens-nola-shirt-a91790000,2026-04-08T06:40:40.228102,2026-04-08T06:40:40.228102,live,True
Levi's,Levi's® Women's Lunar New Year Button-Up Shirt,shirt,ow it Fits Regular Slim fit Long sleeves Composition & Care 100% Cotton × Supports Contact Us FAQ Returns Find A Store Track Order,"{""cotton"": 100.0}",cotton,100.0,high,philippine,PH,https://levi.com.ph/products/levis-womens-lunar-new-year-button-up-shirt-002v70000,2026-04-08T06:40:43.257144,2026-04-08T06:40:43.257144,live,True
Levi's,BEYONCÉ X LEVI’S® Graphic Essential Sporty Ringer Tee,t-shirt,"del is 6'1"", Waist 31"", Wearing a Size S Composition & Care 100% Cotton × Supports Contact Us FAQ Returns Find A Store Track Order","{""cotton"": 100.0}",cotton,100.0,high,philippine,PH,https://levi.com.ph/products/beyonce-x-levis-graphic-essential-sporty-ringer-tee-001qy0005,2026-04-08T06:40:44.338494,2026-04-08T06:40:44.338494,live,True
Levi's,Levi's® Women's Tabor T-Shirt,shirt,"l is 5'7"", Waist 24"", Wearing size small Composition & Care 100% Cotton Machine wash cold, Do not bleach, Tumble dry low, Warm iron","{""cotton"": 100.0}",cotton,100.0,high,philippine,PH,https://levi.com.ph/products/levis-womens-tabor-t-shirt-001hi0004,2026-04-08T06:40:45.420360,2026-04-08T06:40:45.420360,live,True
Levi's,Levi's® Women's Carinna Blouse,shirt,"r: In Patches 2 How it Fits Standard fit Composition & Care 100% lyocell (Lenzing Tencel) Machine Wash Warm, Do Not Bleach, Tumble","{""lyocell"": 100.0}",lyocell,100.0,high,philippine,PH,https://levi.com.ph/products/levis-womens-carinna-blouse-a84310000,2026-04-08T06:40:52.765975,2026-04-08T06:40:52.765975,live,True
Levi's,Levi's® Blue Tab™ Women's Lined Seamed Trucker Jacket,jacket,"utton-down collar Loose fit Long sleeves Composition & Care 100% Cotton Machine wash cold, Do not bleach, Tumble dry medium, Hot ir","{""cotton"": 100.0}",cotton,100.0,high,philippine,PH,https://levi.com.ph/products/levis-blue-tab-womens-lined-seamed-trucker-jacket-001lt0000,2026-04-08T06:40:53.687292,2026-04-08T06:40:53.687292,live,True
Levi's,Levi's® Women's Satellite Polo Sweater,polo,"is 5'10"", Waist 26"", Wearing size small Composition & Care 100% Cotton Machine wash cold - delicate cycle, Do not bleach, Tumble d","{""cotton"": 100.0}",cotton,100.0,high,philippine,PH,https://levi.com.ph/products/levis-womens-satellite-polo-sweater-0012n0009,2026-04-08T06:40:54.688116,2026-04-08T06:40:54.688116,live,True
Levi's,Levi's® Women's Classic Shirt,shirt,"9"" waist. They're wearing a size medium. Composition & Care 100% Cotton Machine wash warm, Do not bleach, Tumble dry low, Warm iron","{""cotton"": 100.0}",cotton,100.0,high,philippine,PH,https://levi.com.ph/products/levis-womens-classic-shirt-345740044,2026-04-08T06:40:55.724386,2026-04-08T06:40:55.724386,live,True
Levi's,Levi's® Women's Joyce Resort Shirt,shirt,"r: Cool Poole 3 How it Fits Short Sleeve Composition & Care 17% modal (Lenzing), 16% cotton, 67% lyocell (Lenzing Tencel™) - Rele","{""modal"": 17.0, ""cotton"": 16.0, ""lyocell"": 67.0}",lyocell,100.0,high,philippine,PH,https://levi.com.ph/products/levis-women-joyce-resort-shirt-a71750001,2026-04-08T06:40:58.714129,2026-04-08T06:40:58.714129,live,True
Levi's,Levi's® Blue Tab™ Women's Roper Skirt,skirt,p fly Regular through the thigh Mid rise Composition & Care 100% Cotton × Supports Contact Us FAQ Returns Find A Store Track Order,"{""cotton"": 100.0}",cotton,100.0,high,philippine,PH,https://levi.com.ph/products/levis-blue-tab-womens-roper-skirt-004ta0000,2026-04-08T06:41:00.687832,2026-04-08T06:41:00.687832,live,True
Levi's,Levi's® Blue Tab™ Women's Seamed Skirt,skirt,yling Regular through the thigh Mid rise Composition & Care 100% Cotton Wash your jeans once every 10 wears at most; this increases,"{""cotton"": 100.0}",cotton,100.0,high,philippine,PH,https://levi.com.ph/products/levis-blue-tab-womens-seamed-skirt-001lw0000,2026-04-08T06:41:01.667466,2026-04-08T06:41:01.667466,live,True
Levi's,Levi's® Women's Godet Knee-Length Skirt,skirt,"yling Regular through the thigh Mid rise Composition & Care 55% Cotton, 45% Lyocell (Lenzing TENCEL™ Lyocell) × Supports Contact U","{""cotton"": 55.0, ""lyocell"": 45.0}",cotton,100.0,high,philippine,PH,https://levi.com.ph/products/levis-womens-godet-knee-length-skirt-005n80003,2026-04-08T06:41:04.753591,2026-04-08T06:41:04.753591,live,True
Levi's,Levi's® Women's Jolene Maxi Dress,dress,"is 5'10"", Waist 26"", Wearing size small Composition & Care 100% Cotton Machine wash cold, Do not bleach, Tumble dry medium, Hot ir","{""cotton"": 100.0}",cotton,100.0,high,philippine,PH,https://levi.com.ph/products/levis-womens-jolene-maxi-dress-001hs0001,2026-04-08T06:41:06.710591,2026-04-08T06:41:06.710591,live,True
Levi's,Levi's® Women's Alessie Bustier Dress,dress,"is 5'10"", Waist 26"", Wearing size small Composition & Care 100% Cotton Machine wash cold, Do not bleach, Tumble dry medium, Hot ir","{""cotton"": 100.0}",cotton,100.0,high,philippine,PH,https://levi.com.ph/products/levis-womens-alessie-bustier-dress-001wb0000,2026-04-08T06:41:07.642206,2026-04-08T06:41:07.642206,live,True
Levi's,Levi's® Women's Decon Skirt,skirt,"surements based on size 27 waist""}]}]}]} Composition & Care 100% Cotton × Supports Contact Us FAQ Returns Find A Store Track Order","{""cotton"": 100.0}",cotton,100.0,high,philippine,PH,https://levi.com.ph/products/levis-womens-decon-skirt-a93160019,2026-04-08T06:41:09.533386,2026-04-08T06:41:09.533386,live,True
Levi's,Levi's® Women's Ellie Denim Dress,dress,eight (feet): 5.7 Model height (cm): 173 Composition & Care 100% cotton Machine wash cold - normal cycle. wash inside out with like,"{""cotton"": 100.0}",cotton,100.0,high,philippine,PH,https://levi.com.ph/products/levis-womens-ellie-denim-dress-389500004,2026-04-08T06:41:10.427055,2026-04-08T06:41:10.427055,live,True
Levi's,Levi's® Women's High-Rise A-Line Deconstructed Skirt,skirt,"1/2"",Measurements based on size 27 waist Composition & Care 100% Cotton Wash your jeans once every 10 wears at most; this increases","{""cotton"": 100.0}",cotton,100.0,high,philippine,PH,https://levi.com.ph/products/levis-womens-high-rise-a-line-deconstructed-skirt-a93160001,2026-04-08T06:41:12.345684,2026-04-08T06:41:12.345684,live,True
Levi's,Levi's® Women's Godet Mini Skirt,skirt,"p fly Regular through the thigh Mid rise Composition & Care 55% Cotton, 45% Lyocell (Lenzing TENCEL™ Lyocell) × Supports Contact U","{""cotton"": 55.0, ""lyocell"": 45.0}",cotton,100.0,high,philippine,PH,https://levi.com.ph/products/levis-womens-godet-mini-skirt-005dv0005,2026-04-08T06:41:14.246025,2026-04-08T06:41:14.246025,live,True
Levi's,Levi's® Women's Otto Western Mini Denim Dress,dress,": Square Deal 2 How it Fits Standard fit Composition & Care 60% lyocell (Lenzing Tencel), 40% cotton Machine Wash Warm, Do Not Ble","{""lyocell"": 60.0, ""cotton"": 40.0}",lyocell,100.0,high,philippine,PH,https://levi.com.ph/products/levis-womens-otto-western-mini-denim-dress-a75650000,2026-04-08T06:41:16.807104,2026-04-08T06:41:16.807104,live,True
Levi's,Levi's® Blue Tab™ Women's Mariner Skirt,skirt,e How it Fits Denim High rise 003JI-0000 Composition & Care 100% Cotton × Supports Contact Us FAQ Returns Find A Store Track Order,"{""cotton"": 100.0}",cotton,100.0,high,philippine,PH,https://levi.com.ph/products/levis-blue-tab-womens-mariner-skirt-003ji0000,2026-04-08T06:41:17.783533,2026-04-08T06:41:17.783533,live,True
Levi's,Levi's® Women's Quincey Long-Sleeve Maxi Dress,dress,"lar Long sleeves Standard fit 004H3-0000 Composition & Care 60% Lyocell (Lenzing TENCEL™ Lyocell), 40% Cotton × Supports Contact Us","{""lyocell"": 60.0, ""cotton"": 40.0}",lyocell,100.0,high,philippine,PH,https://levi.com.ph/products/levis-womens-quincey-long-sleeve-maxi-dress-004h30000,2026-04-08T06:41:18.871609,2026-04-08T06:41:18.871609,live,True
Levi's,Levi's® Women's Leilah Cable Crewneck Sweater,knitwear,Cotton Crewneck Long sleeves Relaxed fit Composition & Care 100% Cotton × Supports Contact Us FAQ Returns Find A Store Track Order,"{""cotton"": 100.0}",cotton,100.0,high,philippine,PH,https://levi.com.ph/products/levis-womens-leilah-cable-crewneck-sweater-0063a0001,2026-04-08T06:41:25.213366,2026-04-08T06:41:25.213366,live,True
Levi's,Levi's® Women's Vintage Boxy Sweatshirt,hoodie,neck Long sleeves Relaxed fit 006DW-0002 Composition & Care 100% Cotton × Supports Contact Us FAQ Returns Find A Store Track Order,"{""cotton"": 100.0}",cotton,100.0,high,philippine,PH,https://levi.com.ph/products/levis-womens-vintage-boxy-sweatshirt-006dw0002,2026-04-08T06:41:33.206011,2026-04-08T06:41:33.206011,live,True
Levi's,Levi's® Women's Everyday Hoodie,hoodie,"Fleece Hoodie Long sleeves Standard fit Composition & Care 58% Cotton, 42% Polyester × Supports Contact Us FAQ Returns Find A Sto","{""cotton"": 58.0, ""polyester"": 42.0}",cotton,58.0,medium,philippine,PH,https://levi.com.ph/products/levis-womens-everyday-hoodie-a88010043,2026-04-08T06:41:36.969545,2026-04-08T06:41:36.969545,live,True
Levi's,Levi's® Women's Graphic Leo Hoodie,hoodie,ch Terry Hoodie Long sleeves Relaxed fit Composition & Care 100% Cotton × Supports Contact Us FAQ Returns Find A Store Track Order,"{""cotton"": 100.0}",cotton,100.0,high,philippine,PH,https://levi.com.ph/products/levis-womens-graphic-leo-hoodie-a94140009,2026-04-08T06:41:41.817682,2026-04-08T06:41:41.817682,live,True
Levi's,Levi’s® Women's Original Trucker Jacket,jacket,How it Fits Denim Long sleeves Slim fit Composition & Care 100% Cotton × Supports Contact Us FAQ Returns Find A Store Track Order,"{""cotton"": 100.0}",cotton,100.0,high,philippine,PH,https://levi.com.ph/products/levis-womens-original-trucker-jacket-299450242,2026-04-08T06:41:49.146072,2026-04-08T06:41:49.146072,live,True
Levi's,Levi's® Women's Elaine Utility Shirt,shirt,ll Point collar Long sleeves Relaxed fit Composition & Care 100% Lyocell (Lenzing TENCEL™ Lyocell) × Supports Contact Us FAQ Returns,"{""lyocell"": 100.0}",lyocell,100.0,high,philippine,PH,https://levi.com.ph/products/levis-womens-elaine-utility-shirt-005nj0011,2026-04-08T06:41:50.057741,2026-04-08T06:41:50.057741,live,True
Levi's,Levi's® Women's Novelty Harlie BF Shirt,shirt,it Fits Poplin Point collar Long sleeves Composition & Care 100% Cotton × Supports Contact Us FAQ Returns Find A Store Track Order,"{""cotton"": 100.0}",cotton,100.0,high,philippine,PH,https://levi.com.ph/products/levis-womens-novelty-harlie-bf-shirt-005dx0000,2026-04-08T06:41:51.169532,2026-04-08T06:41:51.169532,live,True
Levi's,Levi's® Women's Logan Short-Sleeve Denim Shirt,shirt,Denim Point collar Short sleeves Cropped Composition & Care 100% Cotton × Supports Contact Us FAQ Returns Find A Store Track Order,"{""cotton"": 100.0}",cotton,100.0,high,philippine,PH,https://levi.com.ph/products/levis-womens-logan-short-sleeve-denim-shirt-005cr0001,2026-04-08T06:41:53.219955,2026-04-08T06:41:53.219955,live,True
Levi's,Levi's® Women's Favorite Cotton Tee,t-shirt,rsey Crewneck Short sleeves Standard fit Composition & Care 100% Cotton × Supports Contact Us FAQ Returns Find A Store Track Order,"{""cotton"": 100.0}",cotton,100.0,high,philippine,PH,https://levi.com.ph/products/levis-womens-favorite-cotton-tee-005j20012,2026-04-08T06:41:54.193397,2026-04-08T06:41:54.193397,live,True
Levi's,Levi's® Women's Blair Boatneck Top,top,"Fits Jersey Boatneck Sleeveless Slim fit Composition & Care 57% Cotton, 5% Elastane, 38% Modal (Generic) × Supports Contact Us FAQ","{""cotton"": 57.0, ""elastane"": 5.0, ""modal"": 38.0}",cotton,95.0,high,philippine,PH,https://levi.com.ph/products/levis-womens-blair-boatneck-top-005iz0005,2026-04-08T06:41:57.557808,2026-04-08T06:41:57.557808,live,True
Levi's,Levi's® Women's Blouson Trucker Jacket,jacket,ton-down collar Long sleeves Relaxed fit Composition & Care 100% Cotton × Supports Contact Us FAQ Returns Find A Store Track Order,"{""cotton"": 100.0}",cotton,100.0,high,philippine,PH,https://levi.com.ph/products/levis-womens-blouson-trucker-jacket-005nq0001,2026-04-08T06:42:01.310211,2026-04-08T06:42:01.310211,live,True
Levi's,Levi's® Women's Clara Off Shoulder Long-Sleeve Top,top,"ow it Fits Viscose Long sleeves Slim fit Composition & Care 92% Viscose, 8% Elastane × Supports Contact Us FAQ Returns Find A Store","{""viscose"": 92.0, ""elastane"": 8.0}",viscose,92.0,high,philippine,PH,https://levi.com.ph/products/levis-womens-clara-off-shoulder-long-sleeve-top-005it0000,2026-04-08T06:42:02.211333,2026-04-08T06:42:02.211333,live,True
Levi's,Levi's® Women's Ribcage Wide-Leg Jeans,jeans,"22"", Measurements based on size 27 waist Composition & Care 55% Cotton, 45% Lyocell (Lenzing TENCEL™ Lyocell) × Supports Contact U","{""cotton"": 55.0, ""lyocell"": 45.0}",cotton,100.0,high,philippine,PH,https://levi.com.ph/products/levis-womens-ribcage-wide-leg-jeans-a60810079,2026-04-08T06:42:06.169498,2026-04-08T06:42:06.169498,live,True
Levi's,Le Indigo Tencel Western Shirt,shirt,"Down Collar Long Sleeve Standard/Regular Composition & Care 10%Cotton, 69%Tencell Lyocell, 15%Polyester, 6% Linen × Supports Cont","{""cotton"": 10.0, ""tencel"": 69.0, ""polyester"": 15.0, ""linen"": 6.0}",tencel,85.0,high,philippine,PH,https://levi.com.ph/products/le-indigo-tencel-western-shirt-006qh0001,2026-04-08T06:42:07.094671,2026-04-08T06:42:07.094671,live,True
Levi's,Levi's® Women's Baggy Dad Jeans,jeans,"1/4"",Measurements based on size 27 waist Composition & Care 100% Cotton Wash your jeans once every 10 wears at most; this increases","{""cotton"": 100.0}",cotton,100.0,high,philippine,PH,https://levi.com.ph/products/levis-womens-baggy-dad-jeans-a34940036,2026-04-08T06:42:11.916157,2026-04-08T06:42:11.916157,live,True
Levi's,Levi's® Women's 315 Shaping Bootcut Jeans,jeans,"17"",Measurements based on size 27 waist Composition & Care 80% Cotton, 19% Polyester, 1% Elastane (LYCRA®) × Supports Contact Us","{""cotton"": 80.0, ""polyester"": 19.0, ""elastane"": 1.0}",cotton,80.0,medium,philippine,PH,https://levi.com.ph/products/levis-womens-315-shaping-bootcut-jeans-196320171,2026-04-08T06:42:12.902359,2026-04-08T06:42:12.902359,live,True
Levi's,Levi's® Women's Ottie Long-Sleeve Blouse,shirt,"t Fits Viscose Long sleeves Standard fit Composition & Care 60% Viscose (ECOVERO™), 40% Cotton × Supports Contact Us FAQ Returns Fi","{""viscose"": 60.0, ""cotton"": 40.0}",viscose,100.0,high,philippine,PH,https://levi.com.ph/products/levis-womens-ottie-long-sleeve-blouse-005zt0002,2026-04-08T06:42:13.812796,2026-04-08T06:42:13.812796,live,True
Levi's,Levi's® Women's Cinch Wide-Leg Jeans,jeans,"axed through the seat and thigh Mid rise Composition & Care 65% Cotton, 35% Lyocell (Lenzing TENCEL™ Lyocell) × Supports Contact U","{""cotton"": 65.0, ""lyocell"": 35.0}",cotton,100.0,high,philippine,PH,https://levi.com.ph/products/levis-womens-cinch-wide-leg-jeans-0073b0003,2026-04-08T06:42:15.769749,2026-04-08T06:42:15.769749,live,True
Levi's,Levi's® Women's Dry Goods Tee,t-shirt,"s Cotton Crewneck Short sleeves Slim fit Composition & Care 95% Cotton, 5% Elastane × Supports Contact Us FAQ Returns Find A Store","{""cotton"": 95.0, ""elastane"": 5.0}",cotton,95.0,high,philippine,PH,https://levi.com.ph/products/levis-womens-dry-goods-tee-005im0002,2026-04-08T06:42:16.892382,2026-04-08T06:42:16.892382,live,True
Levi's,Levi's® Women's Graphic Favorite Tee,t-shirt,tton Crewneck Short sleeves Standard fit Composition & Care 100% Cotton × Supports Contact Us FAQ Returns Find A Store Track Order,"{""cotton"": 100.0}",cotton,100.0,high,philippine,PH,https://levi.com.ph/products/levis-womens-graphic-favorite-tee-005gv0009,2026-04-08T06:42:18.158075,2026-04-08T06:42:18.158075,live,True
Levi's,Levi's® Blue Tab™ Women's Bandit Blouse,shirt,"n-down collar Short sleeves Standard fit Composition & Care 55% Cotton, 45% Viscose × Supports Contact Us FAQ Returns Find A Store","{""cotton"": 55.0, ""viscose"": 45.0}",cotton,100.0,high,philippine,PH,https://levi.com.ph/products/levis-blue-tab-womens-bandit-blouse-004tr0000,2026-04-08T06:42:28.627790,2026-04-08T06:42:28.627790,live,True
Levi's,Levi's® Men's Heavyweight Pocket T-Shirt,shirt,"Fits Crewneck Relaxed fit Short sleeves Composition & Care 100% Cotton Machine wash cold, Do not bleach, Tumble dry low, Warm iron","{""cotton"": 100.0}",cotton,100.0,high,philippine,PH,https://levi.com.ph/products/levis-mens-heavyweight-pocket-t-shirt-a86050001,2026-04-08T06:42:36.719337,2026-04-08T06:42:36.719337,live,True
Levi's,Levi's® Men's Vintage Batwing Graphic T-Shirt,shirt,"ersey Crewneck Short sleeves Relaxed fit Composition & Care 100% Cotton Machine wash cold, Do not bleach, Tumble dry low, Warm iron","{""cotton"": 100.0}",cotton,100.0,high,philippine,PH,https://levi.com.ph/products/levis-mens-vintage-batwing-graphic-t-shirt-000ry0000,2026-04-08T06:42:38.425689,2026-04-08T06:42:38.425689,live,True
Levi's,Levi's® Men's Authentic Button-Down Shirt,shirt,"w it Fits Relaxed fit Button-down collar Composition & Care 100% Cotton Machine Wash Cold, Do Not Bleach, Tumble Dry Low, Hot Iron","{""cotton"": 100.0}",cotton,100.0,high,philippine,PH,https://levi.com.ph/products/levis-mens-authentic-button-down-shirt-a72100006,2026-04-08T06:42:39.363392,2026-04-08T06:42:39.363392,live,True
Levi's,Levi's® Men's Classic One Pocket Standard Fit Shirt,shirt,"a 27"" waist. They're wearing a size 27. Composition & Care 100% Cotton Wash and dry inside out with like colors, preferably with a","{""cotton"": 100.0}",cotton,100.0,high,philippine,PH,https://levi.com.ph/products/levis-mens-classic-one-pocket-standard-fit-shirt-857480002,2026-04-08T06:42:42.937527,2026-04-08T06:42:42.937527,live,True
Levi's,Levi's® Men's Graphic Set-In Neck T-Shirt,shirt,"1"" waist. They're wearing a size 31 x 9. Composition & Care 100% Cotton Machine wash cold, Do not bleach, Tumble dry low, Warm iron","{""cotton"": 100.0}",cotton,100.0,high,philippine,PH,https://levi.com.ph/products/levis-mens-graphic-set-in-neck-t-shirt-177830199,2026-04-08T06:42:45.805520,2026-04-08T06:42:45.805520,live,True
Levi's,Levi's® The Trucker Jacket,jacket,"26"" waist. They're wearing a size small. Composition & Care 98% Cotton, 2% Elastane (Lycra®) Wash your Trucker Jacket sparingly an","{""cotton"": 98.0, ""elastane"": 2.0}",cotton,98.0,high,philippine,PH,https://levi.com.ph/products/levis-the-trucker-jacket-723340322,2026-04-08T06:42:46.938555,2026-04-08T06:42:46.938555,live,True
Levi's,Levi's® Men's Original Housemark T-Shirt,shirt,""" waist. They're wearing a size 24 x 32. Composition & Care 100% Cotton Machine wash cold, do not bleach, tumble dry low, warm Iron","{""cotton"": 100.0}",cotton,100.0,high,philippine,PH,https://levi.com.ph/products/levis-mens-original-housemark-t-shirt-566050009,2026-04-08T06:42:47.941825,2026-04-08T06:42:47.941825,live,True
Levi's,Levi's® Men's Classic Standard Fit Western Shirt,shirt,"a 24"" waist. They're wearing a size 25. Composition & Care 100% Cotton Wash and dry inside out with like colors, preferably with a","{""cotton"": 100.0}",cotton,100.0,high,philippine,PH,https://levi.com.ph/products/levis-mens-classic-standard-fit-western-shirt-857450002,2026-04-08T06:42:52.907658,2026-04-08T06:42:52.907658,live,True
Levi's,Levi's® Men's Housemark Polo Shirt,shirt,"a 24"" waist. They're wearing a size 24. Composition & Care 100% cotton Machine wash cold, do not bleach, tumble dry low, warm iron","{""cotton"": 100.0}",cotton,100.0,high,philippine,PH,https://levi.com.ph/products/levis-mens-housemark-polo-shirt-358830007,2026-04-08T06:42:54.025455,2026-04-08T06:42:54.025455,live,True
Levi's,Levi's® Men's Red Tab Vintage T-Shirt,shirt,"e decided to revive it for the 21st century. With supersoft 100% cotton jersey and a relaxed fit, this is the essential tee at its","{""cotton"": 100.0}",cotton,100.0,high,philippine,PH,https://levi.com.ph/products/levis-mens-red-tab-vintage-t-shirt-a06370001,2026-04-08T06:42:56.073947,2026-04-08T06:42:56.073947,live,True
Levi's,Levi's® Men's Relaxed Fit Short-Sleeve Graphic T-Shirt,shirt,"gh The Seat And Thigh Sits At Your Waist Composition & Care 100% cotton Machine wash cold - normal cycle. wash with like colors, do","{""cotton"": 100.0}",cotton,100.0,high,philippine,PH,https://levi.com.ph/products/levis-mens-relaxed-fit-short-sleeve-graphic-t-shirt-161431395,2026-04-08T06:42:57.039219,2026-04-08T06:42:57.039219,live,True
Levi's,Levi's® Men's Short Sleeve Classic 1 Pocket Standard Fit Shirt,shirt,"27"" waist. They're wearing a size small. Composition & Care 100% Cotton Wash and dry inside out with like colors, preferably with a","{""cotton"": 100.0}",cotton,100.0,high,philippine,PH,https://levi.com.ph/products/levis-mens-short-sleeve-classic-1-pocket-standard-fit-shirt-866270066,2026-04-08T06:42:59.364578,2026-04-08T06:42:59.364578,live,True
Levi's,Levi's® Men's Graphic Set-In Neck T-shirt,shirt,"29"" waist. They're wearing a size small. Composition & Care 100% Cotton Machine wash cold - normal cycle. Wash inside out with like","{""cotton"": 100.0}",cotton,100.0,high,philippine,PH,https://levi.com.ph/products/levis-mens-graphic-set-in-neck-t-shirt-177830140,2026-04-08T06:43:00.476041,2026-04-08T06:43:00.476041,live,True
Levi's,Levi's® Men's Sunset Pocket Standard Fit Shirt,shirt,"a 28"" waist. They're wearing a size 28. Composition & Care 100% Cotton Wash and dry inside out with like colors, preferably with a","{""cotton"": 100.0}",cotton,100.0,high,philippine,PH,https://levi.com.ph/products/levis-mens-sunset-pocket-standard-fit-shirt-857460000,2026-04-08T06:43:02.501589,2026-04-08T06:43:02.501589,live,True
Levi's,Levi's® Men's Housemark Polo Shirt With Performance Cool,shirt,"a 28"" waist. They're wearing a size 28. Composition & Care 100% cotton Machine wash cold, do not bleach, tumble dry low, warm Iron","{""cotton"": 100.0}",cotton,100.0,high,philippine,PH,https://levi.com.ph/products/levis-mens-housemark-polo-shirt-with-performance-cool-358830005,2026-04-08T06:43:03.696454,2026-04-08T06:43:03.696454,live,True
Levi's,Levi's® Men's Long-Sleeve Authentic Pocket T-Shirt,shirt,"t Fits Crewneck Relaxed fit Long sleeves Composition & Care 100% Cotton Machine wash cold, Do not bleach, Tumble dry low, Warm iron","{""cotton"": 100.0}",cotton,100.0,high,philippine,PH,https://levi.com.ph/products/levis-mens-long-sleeve-authentic-pocket-t-shirt-a92470001,2026-04-08T06:43:06.304872,2026-04-08T06:43:06.304872,live,True
Levi's,Levi's® Men's Workwear T-Shirt,shirt,"8"" waist. They're wearing a size medium. Composition & Care 100% cotton Machine wash cold,Do not bleach,Tumble dry low,Warm iron if","{""cotton"": 100.0}",cotton,100.0,high,philippine,PH,https://levi.com.ph/products/levis-mens-workwear-t-shirt-a58500004,2026-04-08T06:43:07.257653,2026-04-08T06:43:07.257653,live,True
Levi's,Levi's® Men's Logo Graphic T-Shirt,shirt,""" waist. They're wearing a size 26 x 30. Composition & Care 100% cotton Machine wash cold - normal cycle. wash inside out with like","{""cotton"": 100.0}",cotton,100.0,high,philippine,PH,https://levi.com.ph/products/levis-mens-logo-graphic-t-shirt-396360000,2026-04-08T06:43:08.220045,2026-04-08T06:43:08.220045,live,True
Levi's,Levi's® Men's Red Tab™ Vintage T-Shirt,shirt,"e decided to revive it for the 21st century. With supersoft 100% cotton jersey and a relaxed fit, this Red Tab™ Vintage T-Shirt is","{""cotton"": 100.0}",cotton,100.0,high,philippine,PH,https://levi.com.ph/products/levis-mens-red-tab-vintage-t-shirt-a06370058,2026-04-08T06:43:13.677125,2026-04-08T06:43:13.677125,live,True
Levi's,Levi's® Men's Classic Pocket Standard Fit Shirt,shirt,"ist 32"", Wearing size medium Long Sleeve Composition & Care 100% Cotton Machine wash cold, Do not bleach, Tumble dry medium, Warm i","{""cotton"": 100.0}",cotton,100.0,high,philippine,PH,https://levi.com.ph/products/levis-mens-classic-pocket-standard-fit-shirt-857480299,2026-04-08T06:43:14.840620,2026-04-08T06:43:14.840620,live,True
Levi's,Levi’s® Men’s Destination T-Shirt,shirt,"9"" waist. They're wearing a size medium. Composition & Care 100% cotton Machine wash cold,Do not bleach,Tumble dry low,Warm iron if","{""cotton"": 100.0}",cotton,100.0,high,philippine,PH,https://levi.com.ph/products/levis-mens-destination-t-shirt-219450357,2026-04-08T06:43:19.155789,2026-04-08T06:43:19.155789,live,True
Levi's,Levi's® Men's Relaxed Fit Western Shirt,shirt,"26"" waist. They're wearing a size small. Composition & Care 100% Cotton Machine wash cold, Do not bleach, Tumble dry medium, Hot ir","{""cotton"": 100.0}",cotton,100.0,high,philippine,PH,https://levi.com.ph/products/levis-mens-relaxed-fit-western-shirt-a19190030,2026-04-08T06:43:21.457498,2026-04-08T06:43:21.457498,live,True
Levi's,Levi's® Men's Relaxed Fit Short Sleeve Graphic T-Shirt,shirt,"Model is 6'1"", Waist 28"", Wearing size M Composition & Care 100% Cotton Machine wash cold, Do not bleach, Tumble dry low, Warm iron","{""cotton"": 100.0}",cotton,100.0,high,philippine,PH,https://levi.com.ph/products/levis-mens-relaxed-fit-short-sleeve-graphic-t-shirt-161431925,2026-04-08T06:43:22.524661,2026-04-08T06:43:22.524661,live,True
Levi's,Levi's® Men's Graphic Vintage Fit T-Shirt,shirt,"e decided to revive it for the 21st century. With supersoft 100% cotton jersey and a relaxed fit, this Graphic Vintage Fit T-Shirt","{""cotton"": 100.0}",cotton,100.0,high,philippine,PH,https://levi.com.ph/products/levis-mens-graphic-vintage-fit-t-shirt-873730175,2026-04-08T06:43:25.318681,2026-04-08T06:43:25.318681,live,True
Levi's,Levi's® Men's Blue Tab™ Relaxed Button-Up Shirt,shirt,ton-down collar Long sleeves Relaxed fit Composition & Care 100% Cotton × Supports Contact Us FAQ Returns Find A Store Track Order,"{""cotton"": 100.0}",cotton,100.0,high,philippine,PH,https://levi.com.ph/products/levis-mens-blue-tab-relaxed-button-up-shirt-001li0003,2026-04-08T06:43:31.371355,2026-04-08T06:43:31.371355,live,True
Levi's,Levi's® Men's Zandt Cropped Shirt,shirt,ton-down collar Long sleeves Relaxed fit Composition & Care 100% Cotton × Supports Contact Us FAQ Returns Find A Store Track Order,"{""cotton"": 100.0}",cotton,100.0,high,philippine,PH,https://levi.com.ph/products/levis-mens-zandt-cropped-shirt-004gc0001,2026-04-08T06:43:36.446827,2026-04-08T06:43:36.446827,live,True
Levi's,Levi's® Men's Barstow Standard Fit Western Shirt,shirt,n Point collar Long sleeves Standard fit Composition & Care 100% Cotton × Supports Contact Us FAQ Returns Find A Store Track Order,"{""cotton"": 100.0}",cotton,100.0,high,philippine,PH,https://levi.com.ph/products/levis-mens-barstow-standard-fit-western-shirt-857440104,2026-04-08T06:43:39.461635,2026-04-08T06:43:39.461635,live,True
Levi's,Levi's® Men's Short-Sleeve Authentic Button-Down Shirt,shirt,9 # A91610018 Color: Waylon Stripe Harvest Gold How it Fits 100% Cotton Composition & Care Oxford Button-down collar Short sleeves,"{""cotton"": 100.0}",cotton,100.0,high,philippine,PH,https://levi.com.ph/products/levis-mens-short-sleeve-authentic-button-down-shirt-a91610018,2026-04-08T06:43:41.839637,2026-04-08T06:43:41.839637,live,True
Levi's,Levi's® Men's Classic Camp Shirt,shirt,"219760114 Color: Jude Textured Geo Dress Blues How it Fits 100% Viscose (ECOVERO™) Machine wash cold - delicate cycle, Do not bleac","{""viscose"": 100.0}",viscose,100.0,high,philippine,PH,https://levi.com.ph/products/levis-mens-classic-camp-shirt-219760114,2026-04-08T06:43:42.870695,2026-04-08T06:43:42.870695,live,True
Levi's,Levi's® Men's Short-Sleeve Lama Boxy Shirt,shirt,"bby Point collar Short sleeves Loose fit Composition & Care 53% Lyocell (Lenzing TENCEL™ Lyocell), 47% Cotton × Supports Contact Us","{""lyocell"": 53.0, ""cotton"": 47.0}",lyocell,100.0,high,philippine,PH,https://levi.com.ph/products/levis-mens-short-sleeve-lama-boxy-shirt-005gh0002,2026-04-08T06:43:55.589417,2026-04-08T06:43:55.589417,live,True
Levi's,Levi's® Men's Camp Shirt,shirt,04PF PC9 # 004PF0002 Color: Elowen Stripe Egret How it Fits 100% Cotton Composition & Care Point collar Short sleeves Relaxed fit ×,"{""cotton"": 100.0}",cotton,100.0,high,philippine,PH,https://levi.com.ph/products/levis-mens-camp-shirt-004pf0002,2026-04-08T06:43:57.922386,2026-04-08T06:43:57.922386,live,True
Levi's,Levi's® Men's Relaxed Western Shirt,shirt,ore Style A1919 PC9 # A19190061 Color: Too Good How it Fits 100% Cotton Composition & Care Denim Point collar Long sleeves Relaxed,"{""cotton"": 100.0}",cotton,100.0,high,philippine,PH,https://levi.com.ph/products/levis-mens-relaxed-western-shirt-a19190061,2026-04-08T06:44:05.424136,2026-04-08T06:44:05.424136,live,True
Levi's,Levi's® Men's Short-Sleeve Pacifica Loose Shirt,shirt,ord Point collar Short sleeves Loose fit Composition & Care 100% Cotton × Supports Contact Us FAQ Returns Find A Store Track Order,"{""cotton"": 100.0}",cotton,100.0,high,philippine,PH,https://levi.com.ph/products/levis-mens-short-sleeve-pacifica-loose-shirt-005gi0000,2026-04-08T06:44:08.194755,2026-04-08T06:44:08.194755,live,True
Levi's,Levi's® Men's Short-Sleeve Sunset Standard Camp Shirt,shirt,"n-down collar Short sleeves Standard fit Composition & Care 55% Viscose (ECOVERO™), 45% Linen × Supports Contact Us FAQ Returns Fin","{""viscose"": 55.0, ""linen"": 45.0}",viscose,100.0,high,philippine,PH,https://levi.com.ph/products/levis-mens-short-sleeve-sunset-standard-camp-shirt-004gd0002,2026-04-08T06:44:20.488424,2026-04-08T06:44:20.488424,live,True
Levi's,Levi's® Men's Skipper Knit Polo,polo,# 003RA0001 Color: Birds Eye Stitch Dark Green How it Fits 100% Cotton Composition & Care Cotton Spread collar Short sleeves Stand,"{""cotton"": 100.0}",cotton,100.0,high,philippine,PH,https://levi.com.ph/products/levis-mens-skipper-knit-polo-003ra0001,2026-04-08T06:44:24.241936,2026-04-08T06:44:24.241936,live,True
Levi's,Levi's® x Toy Story Men's Hoodie,hoodie,34R0000 Color: Woody Saddleman Hoodie White Red How it Fits 100% Cotton Composition & Care Cotton Hoodie Long sleeves Standard fit,"{""cotton"": 100.0}",cotton,100.0,high,philippine,PH,https://levi.com.ph/products/levis-x-toy-story-mens-hoodie-0034r0000,2026-04-08T06:44:25.160990,2026-04-08T06:44:25.160990,live,True
Levi's,Levi's® Men's Authentic Crewneck Sweatshirt,hoodie,"neck Long sleeves Relaxed fit A9244-0001 Composition & Care 88% Cotton, 12% Polyester Machine wash cold, Do not bleach, Tumble dry","{""cotton"": 88.0, ""polyester"": 12.0}",cotton,88.0,high,philippine,PH,https://levi.com.ph/products/levis-mens-authentic-crewneck-sweatshirt-a92440001,2026-04-08T06:44:27.943773,2026-04-08T06:44:27.943773,live,True
Levi's,Levi's® Men's Sweater Knit Shirt,shirt,"shirt, part sweater Cut with a standard fit Made with soft, 100% cotton Style 004PD PC9 # 004PD0001 Color: White Pepper How it Fits","{""cotton"": 100.0}",cotton,100.0,high,philippine,PH,https://levi.com.ph/products/levis-mens-sweater-knit-shirt-004pd0001,2026-04-08T06:44:28.894319,2026-04-08T06:44:28.894319,live,True
Levi's,Levi's® Men's Delaney Crew Sweatshirt,hoodie,Terry Crewneck Long sleeves Relaxed fit Composition & Care 100% Cotton × Supports Contact Us FAQ Returns Find A Store Track Order,"{""cotton"": 100.0}",cotton,100.0,high,philippine,PH,https://levi.com.ph/products/levis-mens-delaney-crew-sweatshirt-005k40000,2026-04-08T06:44:31.023545,2026-04-08T06:44:31.023545,live,True
Levi's,Levi's® Men's Seasonal Crewneck Sweatshirt,hoodie,"Model is 6'1"", Waist 28"", Wearing size M Composition & Care 100% Cotton Machine wash cold, Do not bleach, Tumble dry low, Warm iron","{""cotton"": 100.0}",cotton,100.0,high,philippine,PH,https://levi.com.ph/products/levis-mens-seasonal-crewneck-sweatshirt-a15720110,2026-04-08T06:44:37.600733,2026-04-08T06:44:37.600733,live,True
Urban Outfitters,Men's Shirts,shirt,"de from? Most men's shirts are made from cotton , including 100% cotton men’s flannel shirts and utility styles, as well as denim,","{""cotton"": 100.0}",cotton,100.0,high,philippine,PH,https://www.urbanoutfitters.com/mens-shirts,2026-04-08T06:45:19.797309,2026-04-08T06:45:19.797309,live,True
Undershirtguy,All American Clothing Co. - Men's VIP Boxer Brief Underwear - Made in USA,underwear,e and odor away! This item cannot be returned or exchanged. 95% Rayon Bamboo / 5% Spandex Adaptive to body temperature Moisture w,"{""rayon"": 95.0, ""elastane"": 5.0}",rayon,95.0,high,international,GLOBAL,https://www.allamericanclothing.com/collections/men/products/all-american-mens-vip-boxer-brief-underwear-made-in-usa-vipbb?aff=7,2026-04-08T06:45:44.221111,2026-04-08T06:45:44.221111,live,True
Rokman,Retro Hoodie,hoodie,"h Shop 0 Cart Account Rokman Waterproof Retro Hoodie $45.00 80% Cotton / 20% Polyester Premium Fabric • Neck Ribbing, Side Seamed,","{""cotton"": 80.0, ""polyester"": 20.0}",cotton,80.0,medium,international,GLOBAL,https://rokmanwaterproof.com/products/retro-hoodie,2026-04-08T06:46:08.435587,2026-04-08T06:46:08.435587,live,True
Rokman,Black Stackable Adaptable Hoodie,hoodie,"t Rokman Waterproof Black Stackable Adaptable Hoodie $45.00 80% Cotton / 20% Polyester Premium Fabric • Neck Ribbing, Side Seamed,","{""cotton"": 80.0, ""polyester"": 20.0}",cotton,80.0,medium,international,GLOBAL,https://rokmanwaterproof.com/products/black-stackable-adaptable-hoodie,2026-04-08T06:46:09.815402,2026-04-08T06:46:09.815402,live,True
Rokman,Red Retro T-Shirt,shirt,"0 Cart Account Rokman Waterproof Red Retro T-Shirt $25.00 • 60% Cotton / 40% Polyester Premium Fabric • Neck Ribbing, Side Seamed,","{""cotton"": 60.0, ""polyester"": 40.0}",cotton,60.0,medium,international,GLOBAL,https://rokmanwaterproof.com/products/red-retro-t-shirt,2026-04-08T06:46:10.507880,2026-04-08T06:46:10.507880,live,True
Rokman,Green Hunter T-Shirt,shirt,"art Account Rokman Waterproof Green Hunter T-Shirt $25.00 • 60% Cotton / 40% Polyester Premium Fabric • Neck Ribbing, Side Seamed,","{""cotton"": 60.0, ""polyester"": 40.0}",cotton,60.0,medium,international,GLOBAL,https://rokmanwaterproof.com/products/green-hunter-t-shirt,2026-04-08T06:46:12.026551,2026-04-08T06:46:12.026551,live,True
Rokman,Rokman America T-Shirt,shirt,"t Account Rokman Waterproof Rokman America T-Shirt $25.00 • 60% Cotton / 40% Polyester Premium Fabric • Neck Ribbing, Side Seamed,","{""cotton"": 60.0, ""polyester"": 40.0}",cotton,60.0,medium,international,GLOBAL,https://rokmanwaterproof.com/products/rokman-america-t-shirt,2026-04-08T06:46:13.435698,2026-04-08T06:46:13.435698,live,True
Noti But We,Unbalanced Knit Sweater,knitwear,"ery single stitch. The Details Thistle + Medium Aquamarine: 72% Polyester, 23% Rayon, 5% Spandex Blue Cadet + Moss: 95% Rayon, 5% Spa","{""polyester"": 72.0, ""rayon"": 23.0, ""elastane"": 5.0}",polyester,23.0,low,philippine,PH,https://notibutwe.com/collections/clothing/products/unbalanced-knit-sweater,2026-04-08T06:46:55.795986,2026-04-08T06:46:55.795986,live,True
Noti But We,Knit Pants,pants,"ery single stitch. The Details Thistle + Medium Aquamarine: 72% Polyester, 23% Rayon, 5% Spandex Blue Cadet + Moss: 95% Rayon, 5% Spa","{""polyester"": 72.0, ""rayon"": 23.0, ""elastane"": 5.0}",polyester,23.0,low,philippine,PH,https://notibutwe.com/collections/clothing/products/knit-pants,2026-04-08T06:46:56.526856,2026-04-08T06:46:56.526856,live,True
Noti But We,Knit Crop Sweater,knitwear,"ery single stitch. The Details Thistle + Medium Aquamarine: 72% Polyester, 23% Rayon, 5% Spandex Blue Cadet + Moss: 95% Rayon, 5% Spa","{""polyester"": 72.0, ""rayon"": 23.0, ""elastane"": 5.0}",polyester,23.0,low,philippine,PH,https://notibutwe.com/collections/clothing/products/knit-crop-sweater,2026-04-08T06:46:57.984338,2026-04-08T06:46:57.984338,live,True
Noti But We,Sisterhood Dress,dress,"ls Springtime: 100% Organic Cotton Forest Flow + Lemonade:  100% Viscose Sustainability: Oeko-Tex® Standard 100, Organic Cotton (OCS","{""viscose"": 100.0}",viscose,100.0,high,philippine,PH,https://notibutwe.com/collections/clothing/products/sisterhood-dress,2026-04-08T06:46:58.680392,2026-04-08T06:46:58.680392,live,True
Apara Studio,Poplin Skirt in White,skirt,"e, topstitch detail, and discreet side pockets. Material is 100% cotton poplin. Model is 5'9"" and wears a size XS. @apara.studio he","{""cotton"": 100.0}",cotton,100.0,high,international,GLOBAL,https://www.apara-studio.com/collections/shop-all/products/poplin-skirt-in-white,2026-04-08T06:47:48.854291,2026-04-08T06:47:48.854291,live,True
Apara Studio,Poplin Halter Top in White,top,"g wrap ties at the front for an adjustable fit. Material is 100% cotton poplin. Model is 5'9"" and wears a size XS. @apara.studio he","{""cotton"": 100.0}",cotton,100.0,high,international,GLOBAL,https://www.apara-studio.com/collections/shop-all/products/poplin-halter-top-in-white,2026-04-08T06:47:49.460522,2026-04-08T06:47:49.460522,live,True
Apara Studio,Poplin Cocoon Dress in Black,dress,"al cocoon silhouette. Features a V-shaped back. Material is 100% cotton poplin. Model is 5'9"" and wears a size S. @apara.studio hel","{""cotton"": 100.0}",cotton,100.0,high,international,GLOBAL,https://www.apara-studio.com/collections/shop-all/products/poplin-cocoon-dress-in-black,2026-04-08T06:47:50.776378,2026-04-08T06:47:50.776378,live,True
Apara Studio,Poplin Ruched Top in White,top,"ront detail that softly cinches the silhouette. Material is 100% cotton poplin. Model is 5'9"" and wears a size S. @apara.studio hel","{""cotton"": 100.0}",cotton,100.0,high,international,GLOBAL,https://www.apara-studio.com/collections/shop-all/products/poplin-ruched-top-in-white,2026-04-08T06:47:51.416615,2026-04-08T06:47:51.416615,live,True
Apara Studio,Poplin Pants in Indigo,pants,"fit mid- to low-waist for versatility of wear. Material is 100% cotton poplin. Model is 5'9"" and wears a size XS. @apara.studio he","{""cotton"": 100.0}",cotton,100.0,high,international,GLOBAL,https://www.apara-studio.com/collections/shop-all/products/poplin-pant-in-navy,2026-04-08T06:47:52.019636,2026-04-08T06:47:52.019636,live,True
Apara Studio,Poplin Cocoon Dress in White,dress,"al cocoon silhouette. Features a V-shaped back. Material is 100% cotton poplin. Model is 5'9"" and wears a size S. @apara.studio hel","{""cotton"": 100.0}",cotton,100.0,high,international,GLOBAL,https://www.apara-studio.com/collections/shop-all/products/poplin-cocoon-dress-in-white,2026-04-08T06:47:52.639784,2026-04-08T06:47:52.639784,live,True
Apara Studio,Poplin Cocoon Dress in Indigo,dress,"al cocoon silhouette. Features a V-shaped back. Material is 100% cotton poplin. Model is 5'9"" and wears a size S. @apara.studio hel","{""cotton"": 100.0}",cotton,100.0,high,international,GLOBAL,https://www.apara-studio.com/collections/shop-all/products/poplin-cocoon-dress-in-navy,2026-04-08T06:47:53.685403,2026-04-08T06:47:53.685403,live,True
Apara Studio,Poplin Ruched Top in Brown,top,"ront detail that softly cinches the silhouette. Material is 100% cotton poplin. Model is 5'9"" and wears a size S. @apara.studio hel","{""cotton"": 100.0}",cotton,100.0,high,international,GLOBAL,https://www.apara-studio.com/collections/shop-all/products/ruched-top-in-brown,2026-04-08T06:47:58.198815,2026-04-08T06:47:58.198815,live,True
Apara Studio,Poplin Halter Top in Brown,top,"g wrap ties at the front for an adjustable fit. Material is 100% cotton poplin. Model is 5'9"" and wears a size XS. @apara.studio he","{""cotton"": 100.0}",cotton,100.0,high,international,GLOBAL,https://www.apara-studio.com/collections/shop-all/products/poplin-halter-top-in-brown,2026-04-08T06:47:59.500376,2026-04-08T06:47:59.500376,live,True
Apara Studio,Poplin Pants in Black,pants,"fit mid- to low-waist for versatility of wear. Material is 100% cotton poplin. Model is 5'9"" and wears a size XS. @apara.studio he","{""cotton"": 100.0}",cotton,100.0,high,international,GLOBAL,https://www.apara-studio.com/collections/shop-all/products/poplin-pant-in-black,2026-04-08T06:48:01.393614,2026-04-08T06:48:01.393614,live,True
Apara Studio,Poplin Ruched Top in Black,top,"ront detail that softly cinches the silhouette. Material is 100% cotton poplin. Model is 5'9"" and wears a size S. @apara.studio hel","{""cotton"": 100.0}",cotton,100.0,high,international,GLOBAL,https://www.apara-studio.com/collections/shop-all/products/ruched-top-in-black,2026-04-08T06:48:02.664921,2026-04-08T06:48:02.664921,live,True
Apara Studio,Poplin Halter Top in Black,top,"g wrap ties at the front for an adjustable fit. Material is 100% cotton poplin. Model is 5'9"" and wears a size XS. @apara.studio he","{""cotton"": 100.0}",cotton,100.0,high,international,GLOBAL,https://www.apara-studio.com/collections/shop-all/products/poplin-halter-top-in-black,2026-04-08T06:48:03.907774,2026-04-08T06:48:03.907774,live,True
Apara Studio,Poplin Pants in Brown,pants,"fit mid- to low-waist for versatility of wear. Material is 100% cotton poplin. Model is 5'9"" and wears a size XS. @apara.studio he","{""cotton"": 100.0}",cotton,100.0,high,international,GLOBAL,https://www.apara-studio.com/collections/shop-all/products/poplin-pant-in-brown,2026-04-08T06:48:06.992171,2026-04-08T06:48:06.992171,live,True
Apara Studio,Poplin Halter Top in Indigo,top,"g wrap ties at the front for an adjustable fit. Material is 100% cotton poplin. Model is 5'9"" and wears a size XS. @apara.studio he","{""cotton"": 100.0}",cotton,100.0,high,international,GLOBAL,https://www.apara-studio.com/collections/shop-all/products/poplin-halter-top-in-navy,2026-04-08T06:48:07.998470,2026-04-08T06:48:07.998470,live,True
Apara Studio,Poplin Pants in White,pants,"fit mid- to low-waist for versatility of wear. Material is 100% cotton poplin. Model is 5'9"" and wears a size XS. @apara.studio he","{""cotton"": 100.0}",cotton,100.0,high,international,GLOBAL,https://www.apara-studio.com/collections/shop-all/products/poplin-pant-in-white,2026-04-08T06:48:08.730006,2026-04-08T06:48:08.730006,live,True
Guess,Eco Nicole Poplin Top,top,"t Front button closures Long balloon sleeves Buttoned cuffs 5% Elastane/Spandex, 95% Cotton Share Tweet Pin it Wear with 80's Strai","{""elastane"": 5.0, ""cotton"": 95.0}",cotton,95.0,high,philippine,PH,https://guess.com.ph/collections/women-apparel/products/long-sleeves-nicole-poplin-top,2026-04-08T06:49:40.471327,2026-04-08T06:49:40.471327,live,True
Guess,Farrah Shirred Top,top,"Knit top Bateau neckline Short petal sleeves Shirred sides 81% Nylon, 19% Elastane/Spandex Share Tweet Pin it Wear with 80's Str","{""nylon"": 81.0, ""elastane"": 19.0}",nylon,0.0,low,philippine,PH,https://guess.com.ph/collections/women-apparel/products/short-sleeves-farah-shirred-top,2026-04-08T06:49:42.910546,2026-04-08T06:49:42.910546,live,True
Guess,Triangle Beads Tee,t-shirt,"ength: 60 cm / 23.6 inch. True to size. HELL (main fabric): 95% Cotton, 5% Elastane. WASH LABEL: Wash max 30°C Very mild process;","{""cotton"": 95.0, ""elastane"": 5.0}",cotton,95.0,high,philippine,PH,https://guess.com.ph/collections/women-apparel/products/triangle-beads-tee,2026-04-08T06:49:50.284442,2026-04-08T06:49:50.284442,live,True
Guess,Eco Crewneck Sequin Tee,t-shirt,"S Round neck Short sleeves Guess logo appliqué on the front 95% Cotton, 5% Elastane"" Share Tweet Pin it Wear with 80's Straight Re","{""cotton"": 95.0, ""elastane"": 5.0}",cotton,95.0,high,philippine,PH,https://guess.com.ph/collections/women-apparel/products/logo-segquins-tee,2026-04-08T06:49:53.624742,2026-04-08T06:49:53.624742,live,True
Guess,Sherry Lace Dress,dress,"ter Back To Hem: 30"" Measurements Taken From A Size 6 Self: 100% Polyester. Lining: 65% Polyester, 25% Recycled Polyester, 10% Elastan","{""polyester"": 100.0}",polyester,0.0,low,philippine,PH,https://guess.com.ph/collections/women-apparel/products/mwdntn005,2026-04-08T06:49:55.338991,2026-04-08T06:49:55.338991,live,True
Guess,Rosie 4G Knit Top,top,"neckline Short sleeves Stripe-tipped cuffs and hem Pull on 78% Rayon, 22% Nylon Share Tweet Pin it Wear with 80's Straight Regul","{""rayon"": 78.0, ""nylon"": 22.0}",rayon,78.0,medium,philippine,PH,https://guess.com.ph/collections/tops-women/products/rosie-4g-sweater,2026-04-08T06:49:59.521820,2026-04-08T06:49:59.521820,live,True
Guess,Matea Suit Vest,suit,"ne Sleeveless Handkerchief hem Button-front closure Lining: 100% Polyester. Shell: 50% Polyester, 46% Recycled Polyester, 4% Elastane.","{""polyester"": 100.0}",polyester,0.0,low,philippine,PH,https://guess.com.ph/collections/tops-women/products/matea-suit-vest,2026-04-08T06:50:01.229184,2026-04-08T06:50:01.229184,live,True
Guess,Abby Second-Skin Top,top,"p V-neckline Bust styles lines Short sleeves Pull-on design 78% Nylon, 22% Elastane Share Tweet Pin it Wear with 80's Straight Re","{""nylon"": 78.0, ""elastane"": 22.0}",nylon,0.0,low,philippine,PH,https://guess.com.ph/collections/tops-women/products/short-sleeves-abby-knot-neck-top,2026-04-08T06:50:05.315601,2026-04-08T06:50:05.315601,live,True
Guess,Nicole Striped Top,top,"ed side panels Regular fit and length Front button closures 95% Cotton, 5% Elastane/Spandex Share Tweet Pin it Wear with 80's Stra","{""cotton"": 95.0, ""elastane"": 5.0}",cotton,95.0,high,philippine,PH,https://guess.com.ph/collections/tops-women/products/long-sleeves-nicole-stripe-top,2026-04-08T06:50:11.151637,2026-04-08T06:50:11.151637,live,True
Guess,Lena Cardigan,top,"h-knit cardigan sweater V-neck Long sleeves Button closure- 81% Nylon, 19% Elastane/Spandex Share Tweet Pin it Wear with 80's Str","{""nylon"": 81.0, ""elastane"": 19.0}",nylon,0.0,low,philippine,PH,https://guess.com.ph/collections/tops-women/products/long-sleeves-lena-cardigan,2026-04-08T06:50:12.799732,2026-04-08T06:50:12.799732,live,True
Guess,GUESS Originals Smocked Button Up,top,rance. Folded collar Short sleeves Front button up closures 100% Cotton Share Tweet Pin it Wear with 80's Straight Regular price ₱2,"{""cotton"": 100.0}",cotton,100.0,high,philippine,PH,https://guess.com.ph/collections/guess-originals-tops-for-women/products/guess-originals-smocked-button-up,2026-04-08T06:50:14.531298,2026-04-08T06:50:14.531298,live,True
Guess,GUESS Originals Suede Fur Zip Up,top,"uffs and hem. Front Full zip closures. SHELL (main fabric): 58% Polyester, 42% Viscose. WASH LABEL: Hand wash in cold water Share Twe","{""polyester"": 58.0, ""viscose"": 42.0}",polyester,42.0,low,philippine,PH,https://guess.com.ph/collections/guess-originals-tops-for-women/products/guess-originals-suede-fur-zip-up,2026-04-08T06:50:17.905154,2026-04-08T06:50:17.905154,live,True
Guess,GUESS Originals Chest Stripe Bomber,top,"With long sleeves, a zip-up closure, and a baggy fit, this 100% cotton jacket will keep you feeling cool and comfortable. Plus, th","{""cotton"": 100.0}",cotton,100.0,high,philippine,PH,https://guess.com.ph/collections/guess-originals-tops-for-women/products/guess-go-chest-stripe-bomber,2026-04-08T06:50:19.526187,2026-04-08T06:50:19.526187,live,True
Guess,GUESS Originals Belted Denim Dress,dress,"t Center back to hem: 32.5” Measurement taken from a size S 99% Cotton, 1% Elastane/Spandex Share Tweet Pin it Wear with 80's Stra","{""cotton"": 99.0, ""elastane"": 1.0}",cotton,99.0,high,philippine,PH,https://guess.com.ph/collections/womens-guess-originals-dresses/products/guess-originals-belted-denim-dress,2026-04-08T06:50:21.233152,2026-04-08T06:50:21.233152,live,True
Guess,Sylvie Full-Zip Jacket,jacket,e drawstrings. SHELL (main fabric): 100% Polyamide; LINING: 100% Polyester. WASH LABEL: Wash max 30°C - Mild process; Do not dry clean,"{""polyester"": 100.0}",polyester,0.0,low,philippine,PH,https://guess.com.ph/collections/new-arrivals-women/products/sylvie-zip-jacket,2026-04-08T06:50:27.122326,2026-04-08T06:50:27.122326,live,True
Guess,Cheeta Logo Triangle Tee,t-shirt,"SHELL (main fabric): 95% Cotton, 5% Elastane. WASH LABEL: Wash max 30°C - Very mild process","{""cotton"": 95.0, ""elastane"": 5.0}",cotton,95.0,high,philippine,PH,https://guess.com.ph/collections/new-arrivals-women/products/short-sleeves-crew-neck-cheeta-logo-triangle-tee,2026-04-08T06:50:28.002636,2026-04-08T06:50:28.002636,live,True
Guess,GUESS Originals Kit Carpenter Pants,pants,leg opening. 32' inseam. Measurements taken from a size 27. 100% Cotton Machine wash Share Tweet Pin it Wear with 80's Straight Reg,"{""cotton"": 100.0}",cotton,100.0,high,philippine,PH,https://guess.com.ph/collections/jeans-denim-women/products/guess-originals-kit-carpenter-pant,2026-04-08T06:50:41.550329,2026-04-08T06:50:41.550329,live,True
Guess,Eden Jacquard Denim Dress,dress,"houlder to hem: 25.5"". Measurement taken from a size small. 52% Cotton, 24% Polyester, 20% Rayon, 4% Nylon Share Tweet Pin it Wear","{""cotton"": 52.0, ""polyester"": 24.0, ""rayon"": 20.0, ""nylon"": 4.0}",cotton,72.0,medium,philippine,PH,https://guess.com.ph/collections/jeans-denim-women/products/eden-jacquard-denim-dress,2026-04-08T06:50:43.136774,2026-04-08T06:50:43.136774,live,True
Guess,GUESS Originals Cargo Denim Lace,jeans,g opening. 32.5' inseam. Measurements taken from a size 27. 100% Cotton Machine wash Share Tweet Pin it Wear with 80's Straight Reg,"{""cotton"": 100.0}",cotton,100.0,high,philippine,PH,https://guess.com.ph/collections/jeans-denim-women/products/guess-originals-cargo-denim-lace,2026-04-08T06:50:44.863821,2026-04-08T06:50:44.863821,live,True
Guess,Celia Boyfriend Jeans,jeans,mail Sku: LJFT01238NON024 CELIA BOYFRIEND JEAN Ladies Jeans 100% Cotton Share Tweet Pin it Wear with 80's Straight Regular price ₱2,"{""cotton"": 100.0}",cotton,100.0,high,philippine,PH,https://guess.com.ph/collections/jeans-denim-women/products/celia-boyfriend-jeans,2026-04-08T06:50:46.436231,2026-04-08T06:50:46.436231,live,True
Guess,GUESS Originals Kit Bootcut Pants,pants,"leg opening. 32' inseam. Measurements taken from a size 27 98% Cotton, 2% Elastane/Spandex Share Tweet Pin it Wear with 80's Stra","{""cotton"": 98.0, ""elastane"": 2.0}",cotton,98.0,high,philippine,PH,https://guess.com.ph/collections/jeans-denim-women/products/guess-originals-kit-bootcut-pant,2026-04-08T06:50:47.298564,2026-04-08T06:50:47.298564,live,True
Guess,Sexy Flare,jeans,"leg opening. 30' inseam. Measurements taken from a size 27. 98% Cotton, 2% Elastane/Spandex Share Tweet Pin it Wear with 80's Stra","{""cotton"": 98.0, ""elastane"": 2.0}",cotton,98.0,high,philippine,PH,https://guess.com.ph/collections/jeans-denim-women/products/sexy-flare,2026-04-08T06:50:48.067465,2026-04-08T06:50:48.067465,live,True
Guess,GUESS Originals Cargo Denim Capri,jeans,leg opening. 21' inseam. Measurements taken from a size 27. 100% Cotton Share Tweet Pin it Wear with 80's Straight Regular price ₱2,"{""cotton"": 100.0}",cotton,100.0,high,philippine,PH,https://guess.com.ph/collections/jeans-denim-women/products/guess-originals-cargo-denim-capri,2026-04-08T06:50:48.933162,2026-04-08T06:50:48.933162,live,True
Guess,Polo Sweater,polo,"to hem: 15.5"". The measurement is taken from a size small. 78% Rayon, 22% Nylon Share Tweet Pin it Wear with 80's Straight Regul","{""rayon"": 78.0, ""nylon"": 22.0}",rayon,78.0,medium,philippine,PH,https://guess.com.ph/collections/womens-sweaters-hoodies-pullovers/products/polo-sweater,2026-04-08T06:51:02.462121,2026-04-08T06:51:02.462121,live,True
Guess,Andree Crop Blazer,blazer,"t welt pockets Double-breasted button-front closure Lining: 100% Polyester. Shell: 50% Recycled Polyester, 41% Polyester, 9% Elastane.","{""polyester"": 100.0}",polyester,0.0,low,philippine,PH,https://guess.com.ph/collections/women-coats-jackets/products/andree-crop-blazer,2026-04-08T06:51:12.002253,2026-04-08T06:51:12.002253,live,True
Phoebe Philo,CREW NECK TOPin black cotton,top,"size. Information Select your usual size. Made in Portugal. 33% Cotton, 67% Lyocell DT253-CO3128-900BK All purchases include: Secu","{""cotton"": 33.0, ""lyocell"": 67.0}",lyocell,100.0,high,international,GLOBAL,https://www.phoebephilo.com/products/crew-neck-top-black-cotton,2026-04-08T06:51:19.171997,2026-04-08T06:51:19.171997,live,True
Phoebe Philo,ELONGATED SHIRTin charcoal wool,shirt,tion Select your usual size. Dry clean only. Made in Italy. 100% wool CC032-WO2985-906CH All purchases include: Secure payment me,"{""wool"": 100.0}",wool,100.0,high,international,GLOBAL,https://www.phoebephilo.com/products/elongated-shirt-charcoal-wool,2026-04-08T06:51:20.651877,2026-04-08T06:51:20.651877,live,True
Phoebe Philo,T-SHIRT TRAIN TOPin white jersey,shirt,size. Information Select your usual size. Made in Portugal. 100% cotton BT101-CO0044-100WT All purchases include: Secure payment me,"{""cotton"": 100.0}",cotton,100.0,high,international,GLOBAL,https://www.phoebephilo.com/products/t-shirt-train-top-white-jersey,2026-04-08T06:51:21.347414,2026-04-08T06:51:21.347414,live,True
Phoebe Philo,UNDERPINNING TANK TOPin ivory cotton,top,"size. Information Select your usual size. Made in Portugal. 67% lyocell, 33% cotton CT122-CO3128-104IV All purchases include: Secur","{""lyocell"": 67.0, ""cotton"": 33.0}",lyocell,100.0,high,international,GLOBAL,https://www.phoebephilo.com/products/underpinning-tank-top-ivory-cotton,2026-04-08T06:51:22.335259,2026-04-08T06:51:22.335259,live,True
Phoebe Philo,GRAPHIC TRAIN TEEin black silk,t-shirt,"ould not be considered defects. Made in Italy. Main Fabric: 93% Silk 7% Elastane, Lining: 100% Silk DT248-SE0228-900BK All purch","{""silk"": 93.0, ""elastane"": 7.0}",silk,93.0,high,international,GLOBAL,https://www.phoebephilo.com/products/graphic-train-tee-black-silk,2026-04-08T06:51:23.087461,2026-04-08T06:51:23.087461,live,True
Phoebe Philo,LIQUID KNOT COLLAR TOPin black silk,top,"tion Select your usual size. Dry clean only. Made in Italy. 92% silk, 8% elastane CT130-SE0270-900BK All purchases include: Secu","{""silk"": 92.0, ""elastane"": 8.0}",silk,92.0,high,international,GLOBAL,https://www.phoebephilo.com/products/liquid-knot-collar-top-black-silk,2026-04-08T06:51:23.774274,2026-04-08T06:51:23.774274,live,True
Phoebe Philo,ELONGATED SHIRTin black-blue wool,shirt,tion Select your usual size. Dry clean only. Made in Italy. 100% wool CC032-WO3027-944BU All purchases include: Secure payment me,"{""wool"": 100.0}",wool,100.0,high,international,GLOBAL,https://www.phoebephilo.com/products/elongated-shirt-black-blue-wool,2026-04-08T06:51:25.247253,2026-04-08T06:51:25.247253,live,True
Phoebe Philo,RELAXED TAILORED SHIRTin white/beige cotton,shirt,al size. Information Select your usual size. Made in Italy. 100% Cotton DC126-CO3111-168WB All purchases include: Secure payment me,"{""cotton"": 100.0}",cotton,100.0,high,international,GLOBAL,https://www.phoebephilo.com/products/relaxed-tailored-shirt-white-beige-cotton,2026-04-08T06:51:26.832245,2026-04-08T06:51:26.832245,live,True
Phoebe Philo,CROPPED SLEEVE TEEin black cotton,t-shirt,"tion Select your usual size. Made in Portugal. Main Fabric: 100% Cotton, Rib: 100% Cotton DT225-CO3523-900BK All purchases include:","{""cotton"": 100.0}",cotton,100.0,high,international,GLOBAL,https://www.phoebephilo.com/products/cropped-sleeve-tee-black-cotton,2026-04-08T06:51:28.235823,2026-04-08T06:51:28.235823,live,True
Phoebe Philo,UNDERPINNING TANK TOPin black cotton,top,"size. Information Select your usual size. Made in Portugal. 67% lyocell, 33% cotton CT122-CO3128-900BK All purchases include: Secur","{""lyocell"": 67.0, ""cotton"": 33.0}",lyocell,100.0,high,international,GLOBAL,https://www.phoebephilo.com/products/underpinning-tank-top-black-cotton,2026-04-08T06:51:28.905309,2026-04-08T06:51:28.905309,live,True
Phoebe Philo,SILK SCARF T-SHIRTin cream silk,shirt,"rmation Select your usual size. Made in Italy. Main Fabric: 92% Silk 8% Elastane, Scarf: 92% Silk 8% Elastane DT197-SE3484-103CR","{""silk"": 92.0, ""elastane"": 8.0}",silk,92.0,high,international,GLOBAL,https://www.phoebephilo.com/products/silk-scarf-t-shirt-cream-silk,2026-04-08T06:51:30.273022,2026-04-08T06:51:30.273022,live,True
Phoebe Philo,SHORT SLEEVE SHIRTin black cotton,shirt,al size. Information Select your usual size. Made in Italy. 100% cotton CC020-CO2741-900BK All purchases include: Secure payment me,"{""cotton"": 100.0}",cotton,100.0,high,international,GLOBAL,https://www.phoebephilo.com/products/short-sleeve-shirt-black-cotton,2026-04-08T06:51:31.024136,2026-04-08T06:51:31.024136,live,True
Phoebe Philo,LIQUID SOFT RIDGE TOPin black silk,top,"our usual size. Dry clean only. Made in the United Kingdom. 93% silk, 7% elastane CT111-SE0270-900BK All purchases include: Secu","{""silk"": 93.0, ""elastane"": 7.0}",silk,93.0,high,international,GLOBAL,https://www.phoebephilo.com/products/liquid-soft-ridge-top-black-silk,2026-04-08T06:51:31.789977,2026-04-08T06:51:31.789977,live,True
Phoebe Philo,CUSTOM TUX SHIRTin b/b check viscose,shirt,ect your usual size. Dry clean. Made in Italy. Main Fabric: 100% Viscose DC114-VI3329-881BB All purchases include: Secure payment me,"{""viscose"": 100.0}",viscose,100.0,high,international,GLOBAL,https://www.phoebephilo.com/products/custom-tux-shirt-b-b-check-viscose,2026-04-08T06:51:33.263359,2026-04-08T06:51:33.263359,live,True
Phoebe Philo,ELONGATED SHIRTin trench cotton,shirt,tion Select your usual size. Dry clean only. Made in Italy. 100% polyester CC032-PL3121-886TR All purchases include: Secure payment me,"{""polyester"": 100.0}",polyester,0.0,low,international,GLOBAL,https://www.phoebephilo.com/products/elongated-shirt-trench-poly-twill,2026-04-08T06:51:34.976104,2026-04-08T06:51:34.976104,live,True
Phoebe Philo,CUSTOM TUX SHIRTin white cotton,shirt,rmation Select your usual size. Made in Italy. Main Fabric: 70% Cotton 30% Polyester DC114-CO2262-100WT All purchases include: Sec,"{""cotton"": 70.0, ""polyester"": 30.0}",cotton,70.0,medium,international,GLOBAL,https://www.phoebephilo.com/products/custom-tux-shirt-white-cotton,2026-04-08T06:51:35.782043,2026-04-08T06:51:35.782043,live,True
Phoebe Philo,A TANK TOPin black silk,top,"ould not be considered defects. Made in Italy. Main Fabric: 93% Silk 7% Elastane, Lining: 100% Silk, Pocket, Lining: 100% Cotton","{""silk"": 93.0, ""elastane"": 7.0}",silk,93.0,high,international,GLOBAL,https://www.phoebephilo.com/products/a-tank-top-black-silk,2026-04-08T06:51:38.934681,2026-04-08T06:51:38.934681,live,True
Phoebe Philo,CREW NECK TOPin cream cotton,top,"size. Information Select your usual size. Made in Portugal. 33% Cotton, 67% Lyocell DT253-CO3128-104IV All purchases include: Secu","{""cotton"": 33.0, ""lyocell"": 67.0}",lyocell,100.0,high,international,GLOBAL,https://www.phoebephilo.com/products/crew-neck-top-cream-cotton,2026-04-08T06:51:40.746470,2026-04-08T06:51:40.746470,live,True
Phoebe Philo,BUTTON COLLAR SHIRTin trench cotton,shirt,tion Select your usual size. Dry clean only. Made in Italy. 100% cotton CC025-CO2902-886TR All purchases include: Secure payment me,"{""cotton"": 100.0}",cotton,100.0,high,international,GLOBAL,https://www.phoebephilo.com/products/button-collar-shirt-trench-cotton,2026-04-08T06:51:41.519093,2026-04-08T06:51:41.519093,live,True
Phoebe Philo,LIQUID KNOT COLLAR TOPin cream silk,top,"ould not be considered defects. Made in the United Kingdom. 92% silk, 8% elastane CT130-SE3484-103CR All purchases include: Secu","{""silk"": 92.0, ""elastane"": 8.0}",silk,92.0,high,international,GLOBAL,https://www.phoebephilo.com/products/liquid-knot-collar-top-cream-silk,2026-04-08T06:51:42.647505,2026-04-08T06:51:42.647505,live,True
Phoebe Philo,LIQUID UTILITY SHIRTin black silk satin,shirt,"tion Select your usual size. Dry clean only. Made in Italy. 93% silk, 7% elastane CC003-SE0270-900BK All purchases include: Secu","{""silk"": 93.0, ""elastane"": 7.0}",silk,93.0,high,international,GLOBAL,https://www.phoebephilo.com/products/liquid-utility-shirt-black-silk-satin,2026-04-08T06:51:43.708067,2026-04-08T06:51:43.708067,live,True
Phoebe Philo,GRAPHIC Tin black silk,t-shirt,"rmation Select your usual size. Made in Italy. Main Fabric: 93% Silk 7% Elastane, Lining: 100% Silk DT213-SE0228-900BK All purch","{""silk"": 93.0, ""elastane"": 7.0}",silk,93.0,high,international,GLOBAL,https://www.phoebephilo.com/products/graphic-tee-black-silk,2026-04-08T06:51:44.598714,2026-04-08T06:51:44.598714,live,True
Phoebe Philo,UPRIGHT-COLLAR SHIRTin cream cotton,shirt,al size. Information Select your usual size. Made in Italy. 100% Cotton DC115-CO3314-104IV All purchases include: Secure payment me,"{""cotton"": 100.0}",cotton,100.0,high,international,GLOBAL,https://www.phoebephilo.com/products/upright-collar-shirt-cream-cotton,2026-04-08T06:51:46.037040,2026-04-08T06:51:46.037040,live,True
Phoebe Philo,BIG Tin black cotton,dress,"tion Select your usual size. Made in Portugal. Main Fabric: 100% Cotton, Rib: 99% Cotton 1% Elastane DT114-CO2974-900BK All purchas","{""cotton"": 100.0}",cotton,100.0,high,international,GLOBAL,https://www.phoebephilo.com/products/big-tee-dress-black-cotton,2026-04-08T06:51:46.996012,2026-04-08T06:51:46.996012,live,True
Phoebe Philo,BUD TOPin black jersey,top,"ormation Made in Portugal. 100% responsibly sourced cotton, 95% cotton collar, 5% elastane collar CT60-CO2448-900BK All purchases","{""cotton"": 95.0, ""elastane"": 5.0}",cotton,95.0,high,international,GLOBAL,https://www.phoebephilo.com/products/bud-top-black-jersey,2026-04-08T06:51:48.048610,2026-04-08T06:51:48.048610,live,True
Phoebe Philo,LITE UTILITY SHIRTin vanilla habotai silk,shirt,rmation Select your usual size. Made in Italy. Main Fabric: 100% Silk DC125-SE3515-102VA All purchases include: Secure payment me,"{""silk"": 100.0}",silk,100.0,high,international,GLOBAL,https://www.phoebephilo.com/products/lite-utility-shirt-vanilla-habotai-silk,2026-04-08T06:51:50.981159,2026-04-08T06:51:50.981159,live,True
Phoebe Philo,SLIP SKIRTin black silk,skirt,"rmation Select your usual size. Made in Italy. Main Fabric: 93% Silk 7% Elastane, Contrast: 100% Responsibly Sourced Viscose, Li","{""silk"": 93.0, ""elastane"": 7.0}",silk,93.0,high,international,GLOBAL,https://www.phoebephilo.com/products/slip-skirt-black-silk,2026-04-08T06:51:54.992252,2026-04-08T06:51:54.992252,live,True
Phoebe Philo,LIQUID HIGH NECK DRESSin black silk,dress,"tion Select your usual size. Dry clean only. Made in Italy. 93% silk, 7% elastane CR039-SE0270-900BK All purchases include: Secu","{""silk"": 93.0, ""elastane"": 7.0}",silk,93.0,high,international,GLOBAL,https://www.phoebephilo.com/products/liquid-high-neck-dress-black-silk,2026-04-08T06:51:56.754267,2026-04-08T06:51:56.754267,live,True
Phoebe Philo,CARPENTER JEANSin cream cotton,jeans,"nd valued aspect of the design. Made in Italy. Main Fabric: 100% Cotton, Pocket, Lining: 100% Cotton DP152-CO3273-106EC All purchas","{""cotton"": 100.0}",cotton,100.0,high,international,GLOBAL,https://www.phoebephilo.com/products/carpenter-jeans-cream-cotton,2026-04-08T06:52:01.193136,2026-04-08T06:52:01.193136,live,True
Phoebe Philo,SMALL GIG BAGin denim blue suede,jeans,ot be considered imperfections. Made in Italy. Main Fabric: 68% Cotton 32% Silk AB66-LT0038-523LD-S All purchases include: Secure,"{""cotton"": 68.0, ""silk"": 32.0}",cotton,100.0,high,international,GLOBAL,https://www.phoebephilo.com/products/small-gig-bag-denim-blue-suede,2026-04-08T06:52:14.528327,2026-04-08T06:52:14.528327,live,True
Phoebe Philo,RELAXED ZIP JEANSin pale ice blue cotton,jeans,"nd valued aspect of the design. Made in Italy. Main Fabric: 100% Cotton, Pocket, Lining: 100% Cotton DP172-CO3131-520IB All purchas","{""cotton"": 100.0}",cotton,100.0,high,international,GLOBAL,https://www.phoebephilo.com/products/relaxed-zip-jeans-ice-blue-cotton,2026-04-08T06:52:21.793142,2026-04-08T06:52:21.793142,live,True
Phoebe Philo,ZIP JEANSin pistachio cotton,jeans,"nd valued aspect of the design. Made in Italy. Main Fabric: 100% Cotton, Pocket, Lining: 100% Cotton BP103-CO3131-713PS All purchas","{""cotton"": 100.0}",cotton,100.0,high,international,GLOBAL,https://www.phoebephilo.com/products/zip-jeans-pistachio-cotton,2026-04-08T06:52:23.178999,2026-04-08T06:52:23.178999,live,True
Phoebe Philo,CARPENTER SHORTSin pale blush Cotton,shorts,"nd valued aspect of the design. Made in Italy. Main Fabric: 100% Cotton, Pocket, Lining: 100% Cotton DP180-CO3131-326PB All purchas","{""cotton"": 100.0}",cotton,100.0,high,international,GLOBAL,https://www.phoebephilo.com/products/carpenter-shorts-pale-blush-cotton,2026-04-08T06:52:23.946661,2026-04-08T06:52:23.946661,live,True
Phoebe Philo,STUD JACKETin black leather,jacket,"in Italy. 100% responsibly sourced lamb leather, contrast: 93% wool 7% cashmere CV041-LE2472-900BK All purchases include: Secur","{""wool"": 93.0, ""cashmere"": 7.0}",wool,100.0,high,international,GLOBAL,https://www.phoebephilo.com/products/stud-jacket-black-leather,2026-04-08T06:52:41.187473,2026-04-08T06:52:41.187473,live,True
Phoebe Philo,AVIATOR JACKETin dark emerald leather,jacket,"de in Italy. main fabric: 100% lamb leather, pocket lining: 100% cotton DV141-LE3363-700KH All purchases include: Secure payment me","{""cotton"": 100.0}",cotton,100.0,high,international,GLOBAL,https://www.phoebephilo.com/products/aviator-jacket-dark-emerald-leather,2026-04-08T06:52:42.853123,2026-04-08T06:52:42.853123,live,True
Phoebe Philo,TUXEDO JACKETin anthracite wool,jacket,"l, lining: 100% responsibly sourced viscose, pocket lining: 100% cotton CV039-WO3003-902AN All purchases include: Secure payment me","{""cotton"": 100.0}",cotton,100.0,high,international,GLOBAL,https://www.phoebephilo.com/products/tuxedo-jacket-anthracite-wool,2026-04-08T06:52:45.721942,2026-04-08T06:52:45.721942,live,True
Phoebe Philo,GOLF JACKETin trench cotton,jacket,"r usual size. Information Dry clean only. Made in Slovakia. 100% cotton, lining: 100% responsibly sourced viscose CV018-CO2902-886T","{""cotton"": 100.0}",cotton,100.0,high,international,GLOBAL,https://www.phoebephilo.com/products/golf-jacket-trench-cotton,2026-04-08T06:52:47.908515,2026-04-08T06:52:47.908515,live,True
Phoebe Philo,GOLF JACKETin burgundy linen canvas,jacket,"r usual size. Information Dry clean only. Made in Slovakia. 100% linen, lining: 100% responsibly sourced viscose CV018-LI2972-211B","{""linen"": 100.0}",linen,100.0,high,international,GLOBAL,https://www.phoebephilo.com/products/golf-jacket-burgundy-linen-canvas,2026-04-08T06:52:52.245998,2026-04-08T06:52:52.245998,live,True
Phoebe Philo,APRON TROUSERSin black/white woven viscose,pants,"rmation Select your usual size. Made in Italy. Main Fabric: 76% Viscose 24% Silk, Lining: 100% Viscose, Pocket, Lining: 100% Cotton","{""viscose"": 76.0, ""silk"": 24.0}",viscose,100.0,high,international,GLOBAL,https://www.phoebephilo.com/products/bi-colour-wrap-trousers-black-white-woven-viscose,2026-04-08T06:52:57.939952,2026-04-08T06:52:57.939952,live,True
Phoebe Philo,CARGO TROUSERSin vanilla silk,pants,"rmation Select your usual size. Made in Italy. Main Fabric: 100% Silk, Lining: 100% Silk, Pocket, Lining: 100% Silk DP111-SE3515-","{""silk"": 100.0}",silk,100.0,high,international,GLOBAL,https://www.phoebephilo.com/products/crushed-cargo-trousers-vanilla-silk,2026-04-08T06:52:58.635473,2026-04-08T06:52:58.635473,live,True
Phoebe Philo,DROP JEANSin chewing gum cotton,jeans,"in Italy. Main fabric: 100% organic cotton, pocket, lining: 65% polyester, 35% cotton AP31-CO3131-122CK All purchases include: Secure","{""polyester"": 65.0, ""cotton"": 35.0}",polyester,35.0,low,international,GLOBAL,https://www.phoebephilo.com/products/drop-jeans-chewing-gum-cotton,2026-04-08T06:52:59.374179,2026-04-08T06:52:59.374179,live,True
Phoebe Philo,SPLIT ZIP TROUSERSin dark brown mélange wool,pants,"taly. 100% responsibly sourced viscose wool, pocket lining: 100% cotton CP071-WO3125-169WD All purchases include: Secure payment me","{""cotton"": 100.0}",cotton,100.0,high,international,GLOBAL,https://www.phoebephilo.com/products/split-zip-trousers-white-dark-brown-wool,2026-04-08T06:53:00.060573,2026-04-08T06:53:00.060573,live,True
Phoebe Philo,STRAIGHT LEG TROUSERSin black/off white woven viscose,pants,"rmation Select your usual size. Made in Italy. Main Fabric: 76% Viscose 24% Silk, Lining: 100% Viscose, Pocket, Lining: 100% Cotton","{""viscose"": 76.0, ""silk"": 24.0}",viscose,100.0,high,international,GLOBAL,https://www.phoebephilo.com/products/bi-colour-boyish-trousers-black-white-woven-viscose,2026-04-08T06:53:03.115304,2026-04-08T06:53:03.115304,live,True
Phoebe Philo,LIQUID CARGO TROUSERSin black silk,pants,"mation Select your usual size. Side pockets. Made in Italy. 93% silk, 7% elastane CP037-SE0270-900BK All purchases include: Secu","{""silk"": 93.0, ""elastane"": 7.0}",silk,93.0,high,international,GLOBAL,https://www.phoebephilo.com/products/liquid-cargo-trousers-in-black-silk,2026-04-08T06:53:07.546208,2026-04-08T06:53:07.546208,live,True
Phoebe Philo,RAZOR PLEAT TROUSERSin black polyester,pants,rmation Select your usual size. Made in Italy. Main Fabric: 100% Polyester CP087-PL3193-900BK All purchases include: Secure payment me,"{""polyester"": 100.0}",polyester,0.0,low,international,GLOBAL,https://www.phoebephilo.com/products/razor-pleat-trousers-black-polyester,2026-04-08T06:53:08.979804,2026-04-08T06:53:08.979804,live,True
Phoebe Philo,DROP TROUSERSin shroom wool,pants,"Main fabric: 100% responsibly sourced wool, pocket, lining: 100% cotton AP30-WO3508-813MU All purchases include: Secure payment met","{""cotton"": 100.0}",cotton,100.0,high,international,GLOBAL,https://www.phoebephilo.com/products/drop-trousers-shroom-wool,2026-04-08T06:53:14.546095,2026-04-08T06:53:14.546095,live,True
Phoebe Philo,BACKED V-NECK SWEATERin light grey wool,knitwear,"al size. Information Select your usual size. Made in Italy. 97% wool, 3% elastane CK142-KW0020-927LG All purchases include: Secu","{""wool"": 97.0, ""elastane"": 3.0}",wool,97.0,high,international,GLOBAL,https://www.phoebephilo.com/products/backed-v-neck-sweater-light-grey-wool,2026-04-08T06:53:20.260611,2026-04-08T06:53:20.260611,live,True
Phoebe Philo,EASY V-NECK SWEATERin beige wool cashmere,knitwear,"tion Select a size larger for a relaxed fit. Made in Italy. 61% wool, 26% cashmere, 13% polyester CK133-YW4520-805BE All purchas","{""wool"": 61.0, ""cashmere"": 26.0, ""polyester"": 13.0}",wool,87.0,high,international,GLOBAL,https://www.phoebephilo.com/products/easy-v-neck-sweater-beige-wool-cashmere,2026-04-08T06:53:24.397380,2026-04-08T06:53:24.397380,live,True
Phoebe Philo,FINE RIB HIGH NECK TOPin dark khaki wool,top,al size. Information Select your usual size. Made in Italy. 100% wool CK51-YW4501-705DK All purchases include: Secure payment met,"{""wool"": 100.0}",wool,100.0,high,international,GLOBAL,https://www.phoebephilo.com/products/fine-rib-high-neck-top-dark-khaki-wool,2026-04-08T06:53:29.367783,2026-04-08T06:53:29.367783,live,True
Phoebe Philo,ZIP POLOin grey blue wool,polo,"rmation Select your usual size. Made in Italy. Main Fabric: 100% Wool, Rib Collar: 79% Wool 19% Polyamide 2% Elastane, Rib Cuff:","{""wool"": 100.0}",wool,100.0,high,international,GLOBAL,https://www.phoebephilo.com/products/zip-polo-grey-melange-wool,2026-04-08T06:53:31.253911,2026-04-08T06:53:31.253911,live,True
The Editor's Market,Mabelyn Relaxed Top,top,"ity Check in-store availability Details Fabric Composition: 70% Viscose 30% Linen Lining: None Sheerness: Not sheer, but nude under","{""viscose"": 70.0, ""linen"": 30.0}",viscose,100.0,high,philippine,PH,https://ph.theeditorsmarket.com/product/women/womenswear/tops/mabelyn-relaxed-top/lemon,2026-04-08T06:54:29.082889,2026-04-08T06:54:29.082889,live,True
Regatta,Striped Henley Top,top,"gn Details: Striped Fabric: Interlock Material Composition: 95% Cotton 5% Spandex Model's Body Measurements Height: 5'7"" Chest: 33","{""cotton"": 95.0, ""elastane"": 5.0}",cotton,95.0,high,philippine,PH,https://www.regattalifestyle.com/collections/womens-clothing/products/striped-henley-top-994386-off-white,2026-04-08T06:54:34.358875,2026-04-08T06:54:34.358875,live,True
Regatta,Striped Seersucker Skirt,skirt,"e with this charming Striped Seersucker Skirt. Crafted from 100% cotton with a distinctive slack tension weave, this skirt offers b","{""cotton"": 100.0}",cotton,100.0,high,philippine,PH,https://www.regattalifestyle.com/collections/womens-clothing/products/striped-seersucker-skirt-994540-off-white,2026-04-08T06:54:35.782686,2026-04-08T06:54:35.782686,live,True
Regatta,1989 Graphic T-Shirt,shirt,"t Fabric: Jersey Knit (Single Jersey) Material Composition: 60% Cotton 40% Polyester Model's Body Measurements Height: 6'1"" Chest:","{""cotton"": 60.0, ""polyester"": 40.0}",cotton,60.0,medium,philippine,PH,https://www.regattalifestyle.com/products/1989-graphic-t-shirt-990149-off-white,2026-04-08T06:54:37.031299,2026-04-08T06:54:37.031299,live,True
Regatta,V-Placket Sleeveless Polo,polo,"with this V-Placket Sleeveless Polo, designed in luxurious 100% viscose with a refined flat knit texture. The relaxed regular fit a","{""viscose"": 100.0}",viscose,100.0,high,philippine,PH,https://www.regattalifestyle.com/collections/womens-clothing/products/v-placket-sleeveless-polo-993901-cobalt-blue,2026-04-08T06:54:38.069428,2026-04-08T06:54:38.069428,live,True
Regatta,Textured Knit Top,top,"gned for modern comfort. Featuring a sophisticated blend of 80% polyester, 18% cotton, and 2% spandex, the fabric delivers a refined","{""polyester"": 80.0, ""cotton"": 18.0, ""elastane"": 2.0}",polyester,18.0,low,philippine,PH,https://www.regattalifestyle.com/collections/womens-clothing/products/textured-knit-top-993908-navy-blue,2026-04-08T06:54:38.911389,2026-04-08T06:54:38.911389,live,True
Regatta,Floral Graphic T-Shirt,shirt,"vibrant floral design, this piece is made from a breathable 60% cotton and 40% polyester jersey knit blend. The soft, durable fabr","{""cotton"": 60.0, ""polyester"": 40.0}",cotton,60.0,medium,philippine,PH,https://www.regattalifestyle.com/collections/womens-clothing/products/floral-graphic-t-shirt-994029-off-white,2026-04-08T06:54:40.112765,2026-04-08T06:54:40.112765,live,True
Regatta,Embossed Graphic T-Shirt,shirt,"ry details. Crafted from a comfortable jersey knit blend of 60% cotton and 40% polyester, this tee offers the perfect balance of b","{""cotton"": 60.0, ""polyester"": 40.0}",cotton,60.0,medium,philippine,PH,https://www.regattalifestyle.com/collections/womens-clothing/products/embossed-graphic-t-shirt-994755-beige,2026-04-08T06:54:41.008479,2026-04-08T06:54:41.008479,live,True
Regatta,Dolman Button Down Shirt,shirt,om a soft cotton-blend plain weave that moves with you. The 97% cotton and 3% spandex blend offers gentle stretch for all-day wear,"{""cotton"": 97.0, ""elastane"": 3.0}",cotton,97.0,high,philippine,PH,https://www.regattalifestyle.com/collections/womens-clothing/products/dolman-button-down-shirt-993911-off-white,2026-04-08T06:54:41.841418,2026-04-08T06:54:41.841418,live,True
Regatta,Twill Shorts With Belt,shorts,"ese versatile twill shorts. Crafted from a premium blend of 98% cotton and 2% spandex, they offer the perfect balance of durabilit","{""cotton"": 98.0, ""elastane"": 2.0}",cotton,98.0,high,philippine,PH,https://www.regattalifestyle.com/collections/womens-clothing/products/twill-shorts-with-belt-993983-off-white,2026-04-08T06:54:42.833672,2026-04-08T06:54:42.833672,live,True
Regatta,Striped Knit Polo,polo,"fortless style and comfort. Crafted from a premium blend of 70% polyester and 30% nylon, the flat knit fabric offers durability and a","{""polyester"": 70.0, ""nylon"": 30.0}",polyester,0.0,low,philippine,PH,https://www.regattalifestyle.com/collections/womens-clothing/products/striped-knit-polo-993902-off-white,2026-04-08T06:54:43.690009,2026-04-08T06:54:43.690009,live,True
Regatta,Denim Skort,jeans,"oth worlds with this timeless denim skort. Constructed from 100% cotton twill weave, it combines the comfort of shorts with the ele","{""cotton"": 100.0}",cotton,100.0,high,philippine,PH,https://www.regattalifestyle.com/collections/womens-clothing/products/denim-skort-994721-black,2026-04-08T06:54:44.511453,2026-04-08T06:54:44.511453,live,True
Regatta,Floral Embroidered Graphic T-Shirt,shirt,"y Fabric: Jersey Knit (Single Jersey) Material Composition: 60% Cotton 40% Polyester Model's Body Measurements Height: 5'8"" Chest:","{""cotton"": 60.0, ""polyester"": 40.0}",cotton,60.0,medium,philippine,PH,https://www.regattalifestyle.com/collections/womens-clothing/products/floral-embroidered-graphic-t-shirt-994762-deep-brown,2026-04-08T06:54:46.154150,2026-04-08T06:54:46.154150,live,True
Regatta,Pull On Slim Fit Trousers,pants,"m Fit Trousers. Crafted from a premium twill weave blend of 98% cotton and 2% spandex, they offer the perfect balance of structure","{""cotton"": 98.0, ""elastane"": 2.0}",cotton,98.0,high,philippine,PH,https://www.regattalifestyle.com/collections/womens-clothing/products/pull-on-slim-fit-trousers-996067-sand,2026-04-08T06:54:46.987422,2026-04-08T06:54:46.987422,live,True
Regatta,Striped Button Down Shirt,shirt,"y comfort with this Striped Button Down Shirt. Crafted from 100% cotton in a classic basket weave Oxford fabric, it features a rela","{""cotton"": 100.0}",cotton,100.0,high,philippine,PH,https://www.regattalifestyle.com/collections/womens-clothing/products/striped-button-down-shirt-995304-light-blue,2026-04-08T06:54:47.825564,2026-04-08T06:54:47.825564,live,True
Regatta,Flared Linen Skirt With Tie Detail,skirt,ails: Elastic Waistband Fabric: Linen Material Composition: 38% Polyester 34% Viscose 26% Linen 2% Cotton Waist Height: Mid Waist Mod,"{""polyester"": 38.0, ""viscose"": 34.0, ""linen"": 26.0, ""cotton"": 2.0}",polyester,62.0,medium,philippine,PH,https://www.regattalifestyle.com/collections/womens-clothing/products/flared-linen-skirt-with-tie-detail-993986-brown,2026-04-08T06:54:48.635901,2026-04-08T06:54:48.635901,live,True
Regatta,Breton Striped Knit Top,top,"ce with this Breton Striped Knit Top, expertly crafted from 100% viscose with a smooth flat knit finish. The slim fit creates a refi","{""viscose"": 100.0}",viscose,100.0,high,philippine,PH,https://www.regattalifestyle.com/collections/womens-clothing/products/breton-striped-knit-top-993904-cobalt-blue,2026-04-08T06:54:49.402148,2026-04-08T06:54:49.402148,live,True
Regatta,Raglan Knit Top With Button Detail,top,"and charming button detail. Crafted from a premium blend of 50% viscose, 27% polyester, and 23% nylon, this flat knit top offers a","{""viscose"": 50.0, ""polyester"": 27.0, ""nylon"": 23.0}",viscose,50.0,medium,philippine,PH,https://www.regattalifestyle.com/collections/womens-clothing/products/raglan-knit-top-with-button-detail-993907-navy-blue,2026-04-08T06:54:50.250163,2026-04-08T06:54:50.250163,live,True
Regatta,Embroidered Graphic T-Shirt,shirt,"red design. Crafted from a comfortable jersey knit blend of 60% cotton and 40% polyester, this versatile piece offers breathabilit","{""cotton"": 60.0, ""polyester"": 40.0}",cotton,60.0,medium,philippine,PH,https://www.regattalifestyle.com/collections/womens-clothing/products/embroidered-graphic-t-shirt-995716-off-white,2026-04-08T06:54:50.997426,2026-04-08T06:54:50.997426,live,True
Regatta,Classic Polo Shirt,shirt,"ighlights Fit: Semi Fit Fabric: Pique Material Composition: 60% Cotton 40% Polyester Model's Body Measurements Height: 6'2"" Chest:","{""cotton"": 60.0, ""polyester"": 40.0}",cotton,60.0,medium,philippine,PH,https://www.regattalifestyle.com/products/classic-polo-shirt-915383-white,2026-04-08T06:54:51.761341,2026-04-08T06:54:51.761341,live,True
Regatta,Printed Eyelet Button Down Shirt,shirt,"combines relaxed comfort with timeless style. Crafted from 100% cotton in a textured woven eyelet fabric, it features a charming t","{""cotton"": 100.0}",cotton,100.0,high,philippine,PH,https://www.regattalifestyle.com/collections/womens-clothing/products/printed-eyelet-button-down-shirt-993909-cobalt-blue,2026-04-08T06:54:52.695067,2026-04-08T06:54:52.695067,live,True
Regatta,Linen Button Down Shirt,shirt,"abric: Plain Weave (Linen-like) Material Composition: like: 97% Cotton 3% Spandex Model's Body Measurements Height: 5'7"" Chest: 31","{""cotton"": 97.0, ""elastane"": 3.0}",cotton,97.0,high,philippine,PH,https://www.regattalifestyle.com/collections/womens-shirts/products/linen-button-down-shirt-993703-off-white,2026-04-08T06:54:56.124245,2026-04-08T06:54:56.124245,live,True
Regatta,Eyelet Button Down Shirt,shirt,"style and substance. The breathable cotton-polyester blend (55% cotton, 45% polyester) showcases an intricate woven eyelet texture","{""cotton"": 55.0, ""polyester"": 45.0}",cotton,55.0,medium,philippine,PH,https://www.regattalifestyle.com/collections/womens-shirts/products/eyelet-button-down-shirt-992776-light-blue,2026-04-08T06:54:56.951226,2026-04-08T06:54:56.951226,live,True
Regatta,Y-Placket Button Down Shirt,shirt,"ghts Fit: Regular Fabric: Plain Weave Material Composition: 65% Linen 35% Cotton Model's Body Measurements Height: 5'7"" Chest: 29","{""linen"": 65.0, ""cotton"": 35.0}",linen,100.0,high,philippine,PH,https://www.regattalifestyle.com/collections/womens-shirts/products/y-placket-button-down-shirt-993321-off-white,2026-04-08T06:54:57.842387,2026-04-08T06:54:57.842387,live,True
Regatta,Round Neck Striped Shirt,shirt,"tails: Striped Fabric: Textured Weave Material Composition: 100% Polyester Model's Body Measurements Height: 5'7"" Chest: 29"" Waist: 23","{""polyester"": 100.0}",polyester,0.0,low,philippine,PH,https://www.regattalifestyle.com/collections/womens-shirts/products/round-neck-striped-shirt-989536-light-blue,2026-04-08T06:54:58.670341,2026-04-08T06:54:58.670341,live,True
Regatta,Button Down Shirt,shirt,"Regular Fabric: Basket Weave (Oxford) Material Composition: 100% Cotton Model's Body Measurements Height: 5'7"" Chest: 31"" Waist: 24","{""cotton"": 100.0}",cotton,100.0,high,philippine,PH,https://www.regattalifestyle.com/collections/womens-shirts/products/button-down-shirt-993767-off-white,2026-04-08T06:54:59.580595,2026-04-08T06:54:59.580595,live,True
Regatta,Printed Button Down Shirt,shirt,"ghts Fit: Regular Fabric: Plain Weave Material Composition: 80% Viscose 20% Polyester Model's Body Measurements Height: 5'7"" Chest:","{""viscose"": 80.0, ""polyester"": 20.0}",viscose,80.0,medium,philippine,PH,https://www.regattalifestyle.com/collections/womens-shirts/products/printed-button-down-shirt-990744-green,2026-04-08T06:55:00.857765,2026-04-08T06:55:00.857765,live,True
Regatta,Classic Short Sleeves Shirt,shirt,"n-Front Fabric: Basket Weave (Oxford) Material Composition: 100% Cotton Model's Body Measurements Height: 5'7"" Chest: 33"" Waist: 24","{""cotton"": 100.0}",cotton,100.0,high,philippine,PH,https://www.regattalifestyle.com/collections/womens-shirts/products/classic-short-sleeves-shirt-993233-off-white,2026-04-08T06:55:01.805899,2026-04-08T06:55:01.805899,live,True
Regatta,Seersucker Striped Vest,shirt,"be with this timeless Seersucker Striped Vest. Crafted from 100% cotton with a distinctive slack tension weave, this piece offers b","{""cotton"": 100.0}",cotton,100.0,high,philippine,PH,https://www.regattalifestyle.com/collections/womens-shirts/products/seersucker-striped-vest-993913-light-blue,2026-04-08T06:55:02.599985,2026-04-08T06:55:02.599985,live,True
Regatta,Floral Button Down Shirt,shirt,ghts Fit: Regular Fabric: Plain Weave Material Composition: 53% Viscose 38% Cotton 9% Polyester Model's Body Measurements Height: 5,"{""viscose"": 53.0, ""cotton"": 38.0, ""polyester"": 9.0}",viscose,91.0,high,philippine,PH,https://www.regattalifestyle.com/collections/womens-shirts/products/floral-button-down-shirt-992118-off-white,2026-04-08T06:55:03.374967,2026-04-08T06:55:03.374967,live,True
Regatta,Notched Collar Shirt,shirt,"ghts Fit: Regular Fabric: Plain Weave Material Composition: 56% Rayon 44% Polyester Model's Body Measurements Height: 5'9"" Chest:","{""rayon"": 56.0, ""polyester"": 44.0}",rayon,56.0,medium,philippine,PH,https://www.regattalifestyle.com/collections/womens-shirts/products/notched-collar-shirt-990742-dark-green,2026-04-08T06:55:04.400956,2026-04-08T06:55:04.400956,live,True
Regatta,Button Down Shirt With Tie Detail,shirt,"detail adds visual interest, while the linen-blend fabric (55% viscose, 30% linen, 15% polyester) delivers breathability and comfo","{""viscose"": 55.0, ""linen"": 30.0, ""polyester"": 15.0}",viscose,85.0,high,philippine,PH,https://www.regattalifestyle.com/collections/womens-shirts/products/button-down-shirt-with-tie-detail-993912-deep-brown,2026-04-08T06:55:06.202106,2026-04-08T06:55:06.202106,live,True
Regatta,Printed Notch Collar Shirt,shirt,"ghts Fit: Regular Fabric: Plain Weave Material Composition: 80% Viscose 20% Polyester Model's Body Measurements Height: 5'9"" Chest:","{""viscose"": 80.0, ""polyester"": 20.0}",viscose,80.0,medium,philippine,PH,https://www.regattalifestyle.com/collections/womens-shirts/products/printed-notch-collar-shirt-990202-plum,2026-04-08T06:55:07.005142,2026-04-08T06:55:07.005142,live,True
Regatta,Striped Long Sleeves Shirt,shirt,"Details: Stripes Fabric: Plain Weave Material Composition: 100% Cotton Model's Body Measurements Height: 5'7"" Chest: 29"" Waist: 23","{""cotton"": 100.0}",cotton,100.0,high,philippine,PH,https://www.regattalifestyle.com/collections/womens-shirts/products/striped-long-sleeves-shirt-990743-powder-blue,2026-04-08T06:55:09.384239,2026-04-08T06:55:09.384239,live,True
Regatta,Shirt With Button Detail,shirt,"Regular Fabric: Basket Weave (Oxford) Material Composition: 70% Cotton 30% Polyester Model's Body Measurements Height: 5'7"" Chest:","{""cotton"": 70.0, ""polyester"": 30.0}",cotton,70.0,medium,philippine,PH,https://www.regattalifestyle.com/collections/womens-shirts/products/shirt-with-button-detail-992997-off-white,2026-04-08T06:55:10.751196,2026-04-08T06:55:10.751196,live,True
Regatta,T-Shirt Dress,dress,"lights Fit: Regular Fabric: Interlock Material Composition: 90% Cotton 10% Spandex Model's Body Measurements Height: 5'7"" Chest: 2","{""cotton"": 90.0, ""elastane"": 10.0}",cotton,90.0,high,philippine,PH,https://www.regattalifestyle.com/collections/womens-dresses/products/t-shirt-dress-991321-navy-blue,2026-04-08T06:55:13.282418,2026-04-08T06:55:13.282418,live,True
Regatta,Button Down Dress With Belt,dress,"ront Fabric: Plain Weave (Linen-like) Material Composition: 97% Cotton 3% Spandex Model's Body Measurements Height: 5'8"" Chest: 32","{""cotton"": 97.0, ""elastane"": 3.0}",cotton,97.0,high,philippine,PH,https://www.regattalifestyle.com/collections/womens-dresses/products/button-down-dress-with-belt-993896-off-white,2026-04-08T06:55:14.022014,2026-04-08T06:55:14.022014,live,True
Regatta,Pique Polo Dress,dress,", a wardrobe essential designed for modern living. Blending 70% cotton with 30% polyester, this dress delivers comfort and durabil","{""cotton"": 70.0, ""polyester"": 30.0}",cotton,70.0,medium,philippine,PH,https://www.regattalifestyle.com/collections/womens-dresses/products/pique-polo-dress-994496-navy-blue,2026-04-08T06:55:15.436589,2026-04-08T06:55:15.436589,live,True
Regatta,Linen Vest Dress,dress,"r figure while the twill weave fabric—a thoughtful blend of 86% rayon, 7% linen, and 7% polyester—provides breathable comfort and","{""rayon"": 86.0, ""linen"": 7.0, ""polyester"": 7.0}",rayon,93.0,high,philippine,PH,https://www.regattalifestyle.com/collections/womens-dresses/products/linen-vest-dress-992766-natural,2026-04-08T06:55:16.259314,2026-04-08T06:55:16.259314,live,True
Regatta,Eyelet Sleeveless Dress,dress,"Fabric: Textured Weave (Woven Eyelet) Material Composition: 55% Cotton 45% Polyester Model's Body Measurements Height: 5'7"" Chest:","{""cotton"": 55.0, ""polyester"": 45.0}",cotton,55.0,medium,philippine,PH,https://www.regattalifestyle.com/collections/womens-dresses/products/eyelet-sleeveless-dress-993785-light-blue,2026-04-08T06:55:17.073463,2026-04-08T06:55:17.073463,live,True
Regatta,Button Down Dress,dress,"t and flare Fabric: Plain Weave Material Composition: Like: 97% Cotton 3% Spandex Model's Body Measurements Height: 5'7"" Chest: 33","{""cotton"": 97.0, ""elastane"": 3.0}",cotton,97.0,high,philippine,PH,https://www.regattalifestyle.com/collections/womens-dresses/products/button-down-dress-992116-navy-blue,2026-04-08T06:55:17.946782,2026-04-08T06:55:17.946782,live,True
Regatta,Dolman Shirt Dress,dress,"Regular Fabric: Basket Weave (Oxford) Material Composition: 100% Cotton Model's Body Measurements Height: 5'7"" Chest: 33"" Waist: 24","{""cotton"": 100.0}",cotton,100.0,high,philippine,PH,https://www.regattalifestyle.com/collections/womens-dresses/products/dolman-shirt-dress-992768-off-white,2026-04-08T06:55:18.918439,2026-04-08T06:55:18.918439,live,True
Regatta,Shirt Dress With Tie Detail,dress,"g tie detail. Crafted from a breathable linen-blend fabric (80% cotton, 20% linen), this fit-and-flare silhouette flatters your fi","{""cotton"": 80.0, ""linen"": 20.0}",cotton,100.0,high,philippine,PH,https://www.regattalifestyle.com/collections/womens-dresses/products/shirt-dress-with-tie-detail-994637-beige,2026-04-08T06:55:19.714207,2026-04-08T06:55:19.714207,live,True
Regatta,Combination Pleated Dress,dress,"and flare Fabric: Satin Weave (Satin) Material Composition: 97% Polyester 3% Nylon Model's Body Measurements Height: 5'7"" Chest: 29""","{""polyester"": 97.0, ""nylon"": 3.0}",polyester,0.0,low,philippine,PH,https://www.regattalifestyle.com/collections/womens-dresses/products/combination-pleated-dress-990712-navy-blue,2026-04-08T06:55:20.490562,2026-04-08T06:55:20.490562,live,True
Regatta,Sleeveless Fit & Flare Dress,dress,"meless style. Crafted from a breathable linen-blend fabric (55% viscose, 30% linen, 15% polyester), it features a flattering silhou","{""viscose"": 55.0, ""linen"": 30.0, ""polyester"": 15.0}",viscose,85.0,high,philippine,PH,https://www.regattalifestyle.com/collections/womens-dresses/products/sleeveless-fit-flare-dress-993897-cobalt-blue,2026-04-08T06:55:21.301515,2026-04-08T06:55:21.301515,live,True
Regatta,A-Line Dress,dress,"abric: Plain Weave (Linen-like) Material Composition: like: 97% Cotton 3% Spandex Model's Body Measurements Height: 5'7"" Chest: 29","{""cotton"": 97.0, ""elastane"": 3.0}",cotton,97.0,high,philippine,PH,https://www.regattalifestyle.com/collections/womens-dresses/products/a-line-dress-991244-off-white,2026-04-08T06:55:22.079404,2026-04-08T06:55:22.079404,live,True
Regatta,Seersucker Half Placket Dress,dress,"h this charming Seersucker Half Placket Dress. Crafted from 100% cotton with a distinctive slack tension weave, this piece offers b","{""cotton"": 100.0}",cotton,100.0,high,philippine,PH,https://www.regattalifestyle.com/collections/womens-dresses/products/seersucker-half-placket-dress-993898-light-blue,2026-04-08T06:55:22.913155,2026-04-08T06:55:22.913155,live,True
Regatta,Sleeveless Dress With Pleats,dress,"d-flare dress. Crafted from a breathable linen-blend fabric—55% viscose, 30% linen, and 15% polyester—it features flattering pleats","{""viscose"": 55.0, ""linen"": 30.0, ""polyester"": 15.0}",viscose,85.0,high,philippine,PH,https://www.regattalifestyle.com/collections/womens-dresses/products/sleeveless-dress-with-pleats-993899-deep-brown,2026-04-08T06:55:23.707501,2026-04-08T06:55:23.707501,live,True
Regatta,Printed Button Down Dress,dress,"it: Fit and flare Fabric: Plain Weave Material Composition: 80% Viscose 20% Polyester Model's Body Measurements Height: 5'7"" Chest:","{""viscose"": 80.0, ""polyester"": 20.0}",viscose,80.0,medium,philippine,PH,https://www.regattalifestyle.com/collections/womens-dresses/products/printed-button-down-dress-990726-green,2026-04-08T06:55:24.469205,2026-04-08T06:55:24.469205,live,True
Regatta,Printed Eyelet Button Down Dress,dress,"his charming Printed Eyelet Button Down Dress. Crafted from 100% cotton with a delicate woven eyelet texture, this piece features a","{""cotton"": 100.0}",cotton,100.0,high,philippine,PH,https://www.regattalifestyle.com/collections/womens-dresses/products/printed-eyelet-button-down-dress-993895-cobalt-blue,2026-04-08T06:55:25.272078,2026-04-08T06:55:25.272078,live,True
Regatta,Breton Striped Midi Dress,dress,"gn Details: Striped Fabric: Flat Knit Material Composition: 100% Viscose Model's Body Measurements Height: 5'7"" Chest: 33"" Waist: 24","{""viscose"": 100.0}",viscose,100.0,high,philippine,PH,https://www.regattalifestyle.com/collections/womens-dresses/products/breton-striped-midi-dress-994625-off-white,2026-04-08T06:55:26.060692,2026-04-08T06:55:26.060692,live,True
Regatta,Floral Sleeveless Dress,dress,n Details: Floral Fabric: Plain Weave Material Composition: 53% Viscose 38% Cotton 9% Polyester Model's Body Measurements Height: 5,"{""viscose"": 53.0, ""cotton"": 38.0, ""polyester"": 9.0}",viscose,91.0,high,philippine,PH,https://www.regattalifestyle.com/collections/womens-dresses/products/floral-sleeveless-dress-992117-off-white,2026-04-08T06:55:27.496377,2026-04-08T06:55:27.496377,live,True
Regatta,Striped Maxi Dress,dress,"gn Details: Striped Fabric: Interlock Material Composition: 95% Cotton 5% Spandex Model's Body Measurements Height: 5'7"" Chest: 31","{""cotton"": 95.0, ""elastane"": 5.0}",cotton,95.0,high,philippine,PH,https://www.regattalifestyle.com/collections/womens-dresses/products/striped-maxi-dress-993776-navy-blue,2026-04-08T06:55:28.324369,2026-04-08T06:55:28.324369,live,True
Regatta,Interlock T-Shirt Dress,dress,"lights Fit: Regular Fabric: Interlock Material Composition: 90% Cotton 10% Spandex Model's Body Measurements Height: 5'7"" Chest: 3","{""cotton"": 90.0, ""elastane"": 10.0}",cotton,90.0,high,philippine,PH,https://www.regattalifestyle.com/collections/womens-dresses/products/interlock-t-shirt-dress-993332-red,2026-04-08T06:55:29.098716,2026-04-08T06:55:29.098716,live,True
Regatta,Knit Top With Contrast Cuff Detail,top,"ve contrast cuff detailing. Crafted from a premium blend of 70% polyester and 30% nylon, the flat knit fabric delivers a smooth, refi","{""polyester"": 70.0, ""nylon"": 30.0}",polyester,0.0,low,philippine,PH,https://www.regattalifestyle.com/collections/regatta-lifestyle-new-casual-wear-arrivals-for-women-shop-online/products/knit-top-with-contrast-cuff-detail-993905-off-white,2026-04-08T06:55:36.859838,2026-04-08T06:55:36.859838,live,True
Regatta,Interlock T-Shirt With Side Slit,shirt,"Details: Side Slit Fabric: Interlock Material Composition: 94% Cotton 6% Spandex Model's Body Measurements Height: 5'9"" Chest: 33","{""cotton"": 94.0, ""elastane"": 6.0}",cotton,94.0,high,philippine,PH,https://www.regattalifestyle.com/collections/womens-tees/products/interlock-t-shirt-with-side-slit-986780-cream,2026-04-08T06:55:48.574139,2026-04-08T06:55:48.574139,live,True
Regatta,Stripes Knit Top,top,gn Details: Striped Fabric: Flat Knit Material Composition: 50% Viscose 27% Polyester 23% Nylon Model's Body Measurements Height: 5,"{""viscose"": 50.0, ""polyester"": 27.0, ""nylon"": 23.0}",viscose,50.0,medium,philippine,PH,https://www.regattalifestyle.com/collections/womens-tees/products/stripes-knit-top-992773-off-white,2026-04-08T06:55:50.037612,2026-04-08T06:55:50.037612,live,True
Regatta,Breton Striped T-Shirt,shirt,"d Fabric: Jersey Knit (Single Jersey) Material Composition: 60% Cotton 40% Polyester Model's Body Measurements Height: 5'7"" Chest:","{""cotton"": 60.0, ""polyester"": 40.0}",cotton,60.0,medium,philippine,PH,https://www.regattalifestyle.com/collections/womens-tees/products/breton-striped-t-shirt-993004-navy-blue,2026-04-08T06:55:51.704857,2026-04-08T06:55:51.704857,live,True
Regatta,Embroidered T-Shirt,shirt,"t-shirt. Crafted from a comfortable cotton-polyester blend (60% cotton, 40% polyester), it features a classic regular fit and intr","{""cotton"": 60.0, ""polyester"": 40.0}",cotton,60.0,medium,philippine,PH,https://www.regattalifestyle.com/collections/womens-tees/products/embroidered-t-shirt-992764-off-white,2026-04-08T06:55:52.553959,2026-04-08T06:55:52.553959,live,True
Regatta,Cable Knit Top,top,"ighlights Fit: Slim Fabric: Flat Knit Material Composition: 100% Viscose Model's Body Measurements Height: 5'7"" Chest: 29"" Waist: 23","{""viscose"": 100.0}",viscose,100.0,high,philippine,PH,https://www.regattalifestyle.com/collections/womens-tees/products/cable-knit-top-992542-off-white,2026-04-08T06:55:53.331561,2026-04-08T06:55:53.331561,live,True
Regatta,All Over Print Floral Graphic T-Shirt,shirt,"t Fabric: Jersey Knit (Single Jersey) Material Composition: 60% Cotton 40% Polyester Model's Body Measurements Height: 5'7"" Chest:","{""cotton"": 60.0, ""polyester"": 40.0}",cotton,60.0,medium,philippine,PH,https://www.regattalifestyle.com/collections/womens-tees/products/all-over-print-floral-graphic-t-shirt-994030-off-white,2026-04-08T06:55:54.905285,2026-04-08T06:55:54.905285,live,True
Regatta,Soft Rib Crew Neck T-Shirt,shirt,"hlights Fit: Slim Fabric: Ribbed Knit Material Composition: 91% Cotton 9% Spandex Model's Body Measurements Height: 5'9"" Chest: 33","{""cotton"": 91.0, ""elastane"": 9.0}",cotton,91.0,high,philippine,PH,https://www.regattalifestyle.com/collections/womens-tees/products/soft-rib-crew-neck-t-shirt-988480-off-white,2026-04-08T06:55:55.616613,2026-04-08T06:55:55.616613,live,True
Regatta,Hybrid Striped T-Shirt,shirt,d Fabric: Jersey Knit (Single Jersey) Material Composition: 71% Cotton 23% Polyester 3% VIscose 3% Elastane Model's Body Measureme,"{""cotton"": 71.0, ""polyester"": 23.0, ""viscose"": 3.0, ""elastane"": 3.0}",cotton,74.0,medium,philippine,PH,https://www.regattalifestyle.com/collections/womens-tees/products/hybrid-striped-t-shirt-992582-navy-blue,2026-04-08T06:55:58.210043,2026-04-08T06:55:58.210043,live,True
Regatta,Coastal Graphic T-Shirt,shirt,"y Fabric: Jersey Knit (Single Jersey) Material Composition: 60% Cotton 40% Polyester Model's Body Measurements Height: 5'8"" Chest:","{""cotton"": 60.0, ""polyester"": 40.0}",cotton,60.0,medium,philippine,PH,https://www.regattalifestyle.com/collections/womens-tees/products/coastal-graphic-t-shirt-992763-off-white,2026-04-08T06:55:59.035522,2026-04-08T06:55:59.035522,live,True
Regatta,Stripes Raglan Knit Top,top,"gn Details: Striped Fabric: Flat Knit Material Composition: 100% Viscose Model's Body Measurements Height: 5'7"" Chest: 29"" Waist: 23","{""viscose"": 100.0}",viscose,100.0,high,philippine,PH,https://www.regattalifestyle.com/collections/womens-tees/products/stripes-raglan-knit-top-993318-red,2026-04-08T06:56:00.725491,2026-04-08T06:56:00.725491,live,True
Regatta,Relaxed Knit Top,top,"lights Fit: Relaxed Fabric: Flat Knit Material Composition: 100% Viscose Model's Body Measurements Height: 5'7"" Chest: 31"" Waist: 24","{""viscose"": 100.0}",viscose,100.0,high,philippine,PH,https://www.regattalifestyle.com/collections/womens-tees/products/relaxed-knit-top-993694-off-white,2026-04-08T06:56:04.874842,2026-04-08T06:56:04.874842,live,True
Regatta,Striped Polo,polo,"ign Details: Button-Fly Fabric: Pique Material Composition: 50% Cotton 50% Polyester Model's Body Measurements Height: 5'7"" Chest:","{""cotton"": 50.0, ""polyester"": 50.0}",cotton,50.0,medium,philippine,PH,https://www.regattalifestyle.com/collections/womens-polos/products/striped-polo-991564-mint-green,2026-04-08T06:56:06.693416,2026-04-08T06:56:06.693416,live,True
Regatta,Striped Dolman Polo,polo,"e who value both comfort and versatility. Made from premium 100% cotton heavy jersey knit, this piece offers a soft, breathable fee","{""cotton"": 100.0}",cotton,100.0,high,philippine,PH,https://www.regattalifestyle.com/collections/womens-polos/products/striped-dolman-polo-993720-navy-blue,2026-04-08T06:56:07.685483,2026-04-08T06:56:07.685483,live,True
Regatta,The Modern Polo,polo,Highlights Fit: Regular Fabric: Pique Material Composition: 60% Cotton 35% Polyester 5% Spandex Model's Body Measurements Height:,"{""cotton"": 60.0, ""polyester"": 35.0, ""elastane"": 5.0}",cotton,60.0,medium,philippine,PH,https://www.regattalifestyle.com/collections/womens-polos/products/the-modern-polo-984357-cream,2026-04-08T06:56:09.422977,2026-04-08T06:56:09.422977,live,True
Regatta,Half Placket Polo,polo,for the modern lifestyle. This sophisticated piece combines 70% viscose with 30% polyester in a smooth flat knit construction that,"{""viscose"": 70.0, ""polyester"": 30.0}",viscose,70.0,medium,philippine,PH,https://www.regattalifestyle.com/collections/womens-polos/products/half-placket-polo-993900-deep-brown,2026-04-08T06:56:10.864535,2026-04-08T06:56:10.864535,live,True
Regatta,V-Neck Regular Fit Polo Pique,polo,"Highlights Fit: Regular Fabric: Pique Material Composition: 63% Cotton 37% Polyester Model's Body Measurements Height: 5'7"" Chest:","{""cotton"": 63.0, ""polyester"": 37.0}",cotton,63.0,medium,philippine,PH,https://www.regattalifestyle.com/collections/womens-polos/products/v-neck-regular-fit-polo-pique-994323-heather-gray,2026-04-08T06:56:11.617381,2026-04-08T06:56:11.617381,live,True
Regatta,Half Zip Sleeveless Polo,polo,"e with this Half Zip Sleeveless Polo, designed in luxurious 100% viscose with a smooth flat knit finish. The streamlined slim fit cr","{""viscose"": 100.0}",viscose,100.0,high,philippine,PH,https://www.regattalifestyle.com/collections/womens-polos/products/half-zip-sleeveless-polo-995244-off-white,2026-04-08T06:56:14.873718,2026-04-08T06:56:14.873718,live,True
Regatta,Stripes Dolman Polo,polo,"lights Fit: Relaxed Fabric: Flat Knit Material Composition: 100% Viscose Model's Body Measurements Height: 5'7"" Chest: 29"" Waist: 23","{""viscose"": 100.0}",viscose,100.0,high,philippine,PH,https://www.regattalifestyle.com/collections/womens-polos/products/stripes-dolman-polo-992115-off-white,2026-04-08T06:56:19.799072,2026-04-08T06:56:19.799072,live,True
Regatta,Two-Fer Polo,polo,"ils: Two-Fer Detail Fabric: Flat Knit Material Composition: 70% Rayon 30% Polyester Model's Body Measurements Height: 5'7"" Chest:","{""rayon"": 70.0, ""polyester"": 30.0}",rayon,70.0,medium,philippine,PH,https://www.regattalifestyle.com/collections/womens-polos/products/two-fer-polo-991245-navy-blue,2026-04-08T06:56:20.799098,2026-04-08T06:56:20.799098,live,True
Regatta,Sleeveless Polo,polo,ighlights Fit: Slim Fabric: Flat Knit Material Composition: 50% Viscose 27% Polyester 23% Nylon Model's Body Measurements Height: 5,"{""viscose"": 50.0, ""polyester"": 27.0, ""nylon"": 23.0}",viscose,50.0,medium,philippine,PH,https://www.regattalifestyle.com/collections/womens-polos/products/sleeveless-polo-993216-blush,2026-04-08T06:56:21.533373,2026-04-08T06:56:21.533373,live,True
Regatta,Jacket With Drawstring Detail,jacket,is crafted from luxuriously soft micropeach twill weave in 100% polyester. The relaxed silhouette flatters all body types while maint,"{""polyester"": 100.0}",polyester,0.0,low,philippine,PH,https://www.regattalifestyle.com/collections/womens-jackets/products/jacket-with-drawstring-detail-994565-navy-blue,2026-04-08T06:56:26.024464,2026-04-08T06:56:26.024464,live,True
Regatta,Striped Knit Vest Cardigan,knitwear,"riped Knit Vest Cardigan. Crafted from a luxurious blend of 70% viscose and 30% nylon, this flat knit piece features classic stripe","{""viscose"": 70.0, ""nylon"": 30.0}",viscose,70.0,medium,philippine,PH,https://www.regattalifestyle.com/collections/womens-jackets/products/striped-knit-vest-cardigan-993982-off-white,2026-04-08T06:56:27.418095,2026-04-08T06:56:27.418095,live,True
Regatta,Button Down Knit Jacket,jacket,"tails: Button-Front Fabric: Flat Knit Material Composition: 100% Viscose Model's Body Measurements Height: 5'7"" Chest: 33"" Waist: 24","{""viscose"": 100.0}",viscose,100.0,high,philippine,PH,https://www.regattalifestyle.com/collections/womens-jackets/products/button-down-knit-jacket-993981-off-white,2026-04-08T06:56:28.209628,2026-04-08T06:56:28.209628,live,True
Regatta,Button Down Knit Cardigan,knitwear,"tails: Button-Front Fabric: Flat Knit Material Composition: 100% Viscose Model's Body Measurements Height: 5'7"" Chest: 31"" Waist: 24","{""viscose"": 100.0}",viscose,100.0,high,philippine,PH,https://www.regattalifestyle.com/collections/womens-jackets/products/button-down-knit-cardigan-992447-off-white,2026-04-08T06:56:28.989694,2026-04-08T06:56:28.989694,live,True
Regatta,Skorts,skirt,"- Sold Out Description Product Details Regular Twill Woven 98% Cotton 2% Spandex Sizing And Fit Fits true to size, take your norm","{""cotton"": 98.0, ""elastane"": 2.0}",cotton,98.0,high,philippine,PH,https://www.regattalifestyle.com/collections/womens-shorts-and-skirts/products/skorts-964018-black,2026-04-08T06:56:30.786764,2026-04-08T06:56:30.786764,live,True
Regatta,Pull-Up Skort,skirt,"gned for comfort and style. Crafted from a premium blend of 92% cotton, 6% polyester, and 2% spandex, the textured weave fabric of","{""cotton"": 92.0, ""polyester"": 6.0, ""elastane"": 2.0}",cotton,92.0,high,philippine,PH,https://www.regattalifestyle.com/collections/womens-shorts-and-skirts/products/pull-up-skort-993170-oatmilk,2026-04-08T06:56:32.201575,2026-04-08T06:56:32.201575,live,True
Regatta,Skort,skirt,ails: Button-Front Fabric: Fine Twill Material Composition: 97% Cotton 3% Elastane Waist Height: Mid Waist Product Dimension SIZE,"{""cotton"": 97.0, ""elastane"": 3.0}",cotton,97.0,high,philippine,PH,https://www.regattalifestyle.com/collections/womens-shorts-and-skirts/products/skort-992159-white,2026-04-08T06:56:33.041598,2026-04-08T06:56:33.041598,live,True
Regatta,Pull On Shorts,shorts,"t Height: Mid Rise Fabric: Fine Twill Material Composition: 98% Cotton 2% Spandex Model's Body Measurements Height: 5'7"" Chest: 31","{""cotton"": 98.0, ""elastane"": 2.0}",cotton,98.0,high,philippine,PH,https://www.regattalifestyle.com/collections/womens-shorts-and-skirts/products/pull-on-shorts-994281-off-white,2026-04-08T06:56:33.843574,2026-04-08T06:56:33.843574,live,True
Regatta,Pull Up Shorts,shorts,"meets casual style with these Pull Up Shorts. Crafted from 100% cotton in a plain weave linen-like fabric, they feature a mid-rise","{""cotton"": 100.0}",cotton,100.0,high,philippine,PH,https://www.regattalifestyle.com/collections/womens-shorts-and-skirts/products/pull-up-shorts-993167-navy-blue,2026-04-08T06:56:37.026068,2026-04-08T06:56:37.026068,live,True
Regatta,Chino Shorts,shorts,Elastic Waistband Fabric: Fine Twill Material Composition: 98% Cotton 2% Spandex Waist Height: Mid Rise Model's Body Measurements,"{""cotton"": 98.0, ""elastane"": 2.0}",cotton,98.0,high,philippine,PH,https://www.regattalifestyle.com/collections/womens-shorts-and-skirts/products/chino-shorts-992640-white,2026-04-08T06:56:37.821739,2026-04-08T06:56:37.821739,live,True
Regatta,Overlap Skort,skirt,tails: Side Zip Fabric: Textured Knit Material Composition: 85% Polyester 15% Cotton Waist Height: Mid Waist Model's Body Measurement,"{""polyester"": 85.0, ""cotton"": 15.0}",polyester,15.0,low,philippine,PH,https://www.regattalifestyle.com/collections/womens-shorts-and-skirts/products/overlap-skort-991345-beige,2026-04-08T06:56:38.541505,2026-04-08T06:56:38.541505,live,True
Regatta,Dark Wash Denim Skort,jeans,ils: Front Flap Closure Fabric: Denim Material Composition: 75% Cotton 23% Polyester 2% Spandex Waist Height: Mid Waist Model's Bo,"{""cotton"": 75.0, ""polyester"": 23.0, ""elastane"": 2.0}",cotton,75.0,medium,philippine,PH,https://www.regattalifestyle.com/collections/womens-shorts-and-skirts/products/dark-wash-denim-skort-992165-denim-blue,2026-04-08T06:56:45.138215,2026-04-08T06:56:45.138215,live,True
Regatta,Mid-Wash Denim Skort,jeans,ils: Front Flap Closure Fabric: Denim Material Composition: 75% Cotton 23% Polyester 2% Spandex Waist Height: Mid Waist Model's Bo,"{""cotton"": 75.0, ""polyester"": 23.0, ""elastane"": 2.0}",cotton,75.0,medium,philippine,PH,https://www.regattalifestyle.com/collections/womens-shorts-and-skirts/products/mid-wash-denim-skort-992158-light-blue,2026-04-08T06:56:45.996958,2026-04-08T06:56:45.996958,live,True
Regatta,White Twill Skort,skirt,ils: Front Flap Closure Fabric: Twill Material Composition: 100% Cotton Waist Height: Mid Waist Model's Body Measurements Height: 5,"{""cotton"": 100.0}",cotton,100.0,high,philippine,PH,https://www.regattalifestyle.com/collections/womens-shorts-and-skirts/products/white-twill-skort-992125-white,2026-04-08T06:56:46.734816,2026-04-08T06:56:46.734816,live,True
ForMe,Interlock T-Shirt with Trimming Detail,shirt,"Details: Lace Trim Fabric: Interlock Material Composition: 66% Rayon 28% Nylon 6% Spandex Model's Body Measurements Height: 5'7""","{""rayon"": 66.0, ""nylon"": 28.0, ""elastane"": 6.0}",rayon,66.0,medium,philippine,PH,https://www.formeclothing.com/products/interlock-t-shirt-with-trimming-detail-993451-off-white,2026-04-08T06:56:50.087025,2026-04-08T06:56:50.087025,live,True
ForMe,Graphic T-Shirt with Gartered Hem,shirt,"y Fabric: Jersey Knit (Single Jersey) Material Composition: 100% Cotton Model's Body Measurements Height: 5'7"" Chest: 31 Waist: 24""","{""cotton"": 100.0}",cotton,100.0,high,philippine,PH,https://www.formeclothing.com/products/graphic-t-shirt-with-gartered-hem-993710-sand,2026-04-08T06:56:51.933050,2026-04-08T06:56:51.933050,live,True
ForMe,Graphic T-Shirt,shirt,"y Fabric: Jersey Knit (Single Jersey) Material Composition: 60% Cotton 40% Polyester Model's Body Measurements Height: 5'7"" Chest:","{""cotton"": 60.0, ""polyester"": 40.0}",cotton,60.0,medium,philippine,PH,https://www.formeclothing.com/products/graphic-t-shirt-995051-cream,2026-04-08T06:56:53.651316,2026-04-08T06:56:53.651316,live,True
ForMe,Flat Knit T-Shirt,shirt,"lights Fit: Regular Fabric: Flat Knit Material Composition: 100% Viscose Model's Body Measurements Height: 5'7"" Chest: 31 Waist: 24""","{""viscose"": 100.0}",viscose,100.0,high,philippine,PH,https://www.formeclothing.com/products/flat-knit-t-shirt-993452,2026-04-08T06:56:55.210728,2026-04-08T06:56:55.210728,live,True
ForMe,Button Down Striped Long Sleeve Shirt,shirt,"ils: Button-Front Fabric: Plain Weave Material Composition: 100% Polyester Model's Body Measurements Height: 5'6"" Chest: 31 Waist: 25""","{""polyester"": 100.0}",polyester,0.0,low,philippine,PH,https://www.formeclothing.com/collections/shirts/products/button-down-striped-long-sleeve-shirt-993222-yellow,2026-04-08T06:56:56.934119,2026-04-08T06:56:56.934119,live,True
ForMe,Linen Blouse with Trimming Detail,shirt,": Lace Trim Fabric: Plain Weave Material Composition: Like: 97% Cotton 3% Spandex Model's Body Measurements Height: 5'7"" Chest: 31","{""cotton"": 97.0, ""elastane"": 3.0}",cotton,97.0,high,philippine,PH,https://www.formeclothing.com/products/linen-blouse-with-trimming-detail-993527-off-white,2026-04-08T06:56:58.382206,2026-04-08T06:56:58.382206,live,True
ForMe,Linen Sleeveless Shirt Dress with Trimming Detail,dress,"abric: Plain Weave (Linen-like) Material Composition: like: 97% Cotton 3% Spandex Model's Body Measurements Height: 5'7"" Chest: 31","{""cotton"": 97.0, ""elastane"": 3.0}",cotton,97.0,high,philippine,PH,https://www.formeclothing.com/products/linen-sleeveless-shirt-dress-with-trimming-detail-993566-off-white,2026-04-08T06:56:59.906600,2026-04-08T06:56:59.906600,live,True
ForMe,Flutter Sleeves Blouse,shirt,"Panel Fabric: Plain Weave (Crumpled) Material Composition: 67% Rayon 30% Cotton 3% Nylon Model's Body Measurements Height: 5'6""","{""rayon"": 67.0, ""cotton"": 30.0, ""nylon"": 3.0}",rayon,97.0,high,philippine,PH,https://www.formeclothing.com/collections/shirts/products/flutter-sleeves-blouse-993205,2026-04-08T06:57:01.615562,2026-04-08T06:57:01.615562,live,True
ForMe,Floral All Over Print Blouse,shirt,"Print Fabric: Plain Weave (Crumpled) Material Composition: 75% Rayon 25% Nylon Model's Body Measurements Height: 5'7"" Chest: 31","{""rayon"": 75.0, ""nylon"": 25.0}",rayon,75.0,medium,philippine,PH,https://www.formeclothing.com/products/floral-all-over-print-blouse-993658-multi-color-combination,2026-04-08T06:57:08.202408,2026-04-08T06:57:08.202408,live,True
ForMe,Textured Blouse with Bubble Sleeves,shirt,"egular Fabric: Plain Weave (Crumpled) Material Composition: 67% Rayon 30% Cotton 3% Nylon Model's Body Measurements Height: 5'7""","{""rayon"": 67.0, ""cotton"": 30.0, ""nylon"": 3.0}",rayon,97.0,high,philippine,PH,https://www.formeclothing.com/products/textured-blouse-with-bubble-sleeves-993472,2026-04-08T06:57:09.885182,2026-04-08T06:57:09.885182,live,True
ForMe,Textured Button Down Shirt with Shirring,shirt,"xtured Plain Weave (Crumpled Texture) Material Composition: 65% Rayon 30% Cotton 5% Nylon Model's Body Measurements Height: 5'6""","{""rayon"": 65.0, ""cotton"": 30.0, ""nylon"": 5.0}",rayon,95.0,high,philippine,PH,https://www.formeclothing.com/collections/shirts/products/textured-button-down-shirt-with-shirring-992500-tan,2026-04-08T06:57:11.611257,2026-04-08T06:57:11.611257,live,True
ForMe,Tapered Jeans,jeans,"ighlights Fabric: Twill Weave (Denim) Material Composition: 60% Cotton 40% Polyester Model's Body Measurements Height: 5'7"" Chest:","{""cotton"": 60.0, ""polyester"": 40.0}",cotton,60.0,medium,philippine,PH,https://www.formeclothing.com/products/tapered-jeans-994331,2026-04-08T06:57:13.234949,2026-04-08T06:57:13.234949,live,True
ForMe,Collared Button Down Top,top,"abric: Plain Weave (Linen-like) Material Composition: like: 97% Cotton 3% Spandex Model's Body Measurements Height: 5'7"" Chest: 31","{""cotton"": 97.0, ""elastane"": 3.0}",cotton,97.0,high,philippine,PH,https://www.formeclothing.com/products/collared-button-down-top-994369,2026-04-08T06:57:16.411342,2026-04-08T06:57:16.411342,live,True
ForMe,Wide Leg Trousers with Tie Detail,pants,Leg Fabric: Plain Weave (Linen-like) Material Composition: 47% Lyocell 38% Rayon 9% Spandex 6% Linen Model's Body Measurements Hei,"{""lyocell"": 47.0, ""rayon"": 38.0, ""elastane"": 9.0, ""linen"": 6.0}",lyocell,91.0,high,philippine,PH,https://www.formeclothing.com/products/wide-leg-trousers-with-tie-detail-993502-off-white,2026-04-08T06:57:18.143293,2026-04-08T06:57:18.143293,live,True
ForMe,Textured Collared Top,top,"-Front Fabric: Plain Weave (Crumpled) Material Composition: 67% Rayon 30% Cotton 3% Nylon Model's Body Measurements Height: 5'7""","{""rayon"": 67.0, ""cotton"": 30.0, ""nylon"": 3.0}",rayon,97.0,high,philippine,PH,https://www.formeclothing.com/products/textured-collared-top-993531-lilac,2026-04-08T06:57:21.455548,2026-04-08T06:57:21.455548,live,True
ForMe,Extended Sleeved Striped Shirt,shirt,"ghts Fit: Regular Fabric: Plain Weave Material Composition: 100% Polyester Model's Body Measurements Height: 5'6"" Chest: 31 Waist: 25""","{""polyester"": 100.0}",polyester,0.0,low,philippine,PH,https://www.formeclothing.com/collections/shirts/products/extended-sleeved-striped-shirt-993221-sand,2026-04-08T06:57:23.349416,2026-04-08T06:57:23.349416,live,True
ForMe,Linen Sleeveless Top with Trimming Detail,top,"etails: Lace Trim Fabric: Plain Weave Material Composition: 97% Cotton 3% Spandex Model's Body Measurements Height: 5'7"" Chest: 31","{""cotton"": 97.0, ""elastane"": 3.0}",cotton,97.0,high,philippine,PH,https://www.formeclothing.com/products/linen-sleeveless-top-with-trimming-detail-993528-off-white,2026-04-08T06:57:25.046336,2026-04-08T06:57:25.046336,live,True
ForMe,Extended Sleeved Embroidered Plaid Shirt,shirt,"ils: Button-Front Fabric: Plain Weave Material Composition: 100% Cotton Model's Body Measurements Height: 5'6"" Chest: 31 Waist: 25""","{""cotton"": 100.0}",cotton,100.0,high,philippine,PH,https://www.formeclothing.com/collections/shirts/products/extended-sleeved-embroidered-plaid-shirt-993212-off-white,2026-04-08T06:57:26.635296,2026-04-08T06:57:26.635296,live,True
ForMe,Crumpled Midi Skirt,skirt,"ic: Crumpled Plain Weave (Linen-like) Material Composition: 85% Viscose 9% Tencel 6% Nylon Model's Body Measurements Height: 5'7"" C","{""viscose"": 85.0, ""tencel"": 9.0, ""nylon"": 6.0}",viscose,94.0,high,philippine,PH,https://www.formeclothing.com/products/crumpled-midi-skirt-992680-cream,2026-04-08T06:57:28.314466,2026-04-08T06:57:28.314466,live,True
ForMe,Puff Sleeve Striped Blouse with Drawstring,shirt,": Self Fabric Tie Fabric: Plain Weave Material Composition: 100% Polyester Model's Body Measurements Height: 5'6"" Chest: 31 Waist: 25""","{""polyester"": 100.0}",polyester,0.0,low,philippine,PH,https://www.formeclothing.com/collections/shirts/products/puff-sleeve-striped-blouse-with-drawstring-993223-yellow,2026-04-08T06:57:29.851614,2026-04-08T06:57:29.851614,live,True
ForMe,Straight Leg Crumpled Pull Up Trousers,pants,"ic: Crumpled Plain Weave (Linen-like) Material Composition: 85% Viscose 9%Tencel 6% Nylon Model's Body Measurements Height: 5'7"" Ch","{""viscose"": 85.0, ""tencel"": 9.0, ""nylon"": 6.0}",viscose,94.0,high,philippine,PH,https://www.formeclothing.com/products/straight-leg-crumpled-pull-up-trousers-992684-cream,2026-04-08T06:57:31.731694,2026-04-08T06:57:31.731694,live,True
ForMe,Textured Collared Top with Drawstring Detail,top,"string Fabric: Plain Weave (Textured) Material Composition: 85% Rayon 9% Tencel 6% Nylon Model's Body Measurements Height: 5'7"" C","{""rayon"": 85.0, ""tencel"": 9.0, ""nylon"": 6.0}",rayon,94.0,high,philippine,PH,https://www.formeclothing.com/collections/shirts/products/textured-collared-top-with-drawstring-detail-993530-cream,2026-04-08T06:57:33.325520,2026-04-08T06:57:33.325520,live,True
ForMe,Drawstring Scoop Neck Volume Sleeve Blouse,shirt,"-Front Fabric: Plain Weave (Crumpled) Material Composition: 65% Rayon 30% Cotton 5% Nylon Model's Body Measurements Height: 5'6""","{""rayon"": 65.0, ""cotton"": 30.0, ""nylon"": 5.0}",rayon,95.0,high,philippine,PH,https://www.formeclothing.com/collections/shirts/products/drawstring-scoop-neck-volume-sleeve-blouse-993207-off-white,2026-04-08T06:57:34.989600,2026-04-08T06:57:34.989600,live,True
ForMe,Ribbed Knit T-Shirt,shirt,"hlights Fit: Slim Fabric: Ribbed Knit Material Composition: 93% Polyester 7% Spandex Model's Body Measurements Height: 5'7"" Chest: 31","{""polyester"": 93.0, ""elastane"": 7.0}",polyester,0.0,low,philippine,PH,https://www.formeclothing.com/products/ribbed-knit-t-shirt-994923,2026-04-08T06:57:36.472300,2026-04-08T06:57:36.472300,live,True
ForMe,Cozy: Straight Pull Up Trousers,pants,s Fit: Straight Leg Fabric: Interlock Material Composition: 61% Rayon 34% Nylon 5% Spandex Waist Height: High Waist Stretch Detai,"{""rayon"": 61.0, ""nylon"": 34.0, ""elastane"": 5.0}",rayon,61.0,medium,philippine,PH,https://www.formeclothing.com/products/cozy-straight-pull-up-trousers-992706,2026-04-08T06:57:38.331596,2026-04-08T06:57:38.331596,live,True
ForMe,Floral All Over Print Shirt Dress,dress,"Print Fabric: Plain Weave (Crumpled) Material Composition: 75% Rayon 25% Nylon Model's Body Measurements Height: 5'7"" Chest: 31","{""rayon"": 75.0, ""nylon"": 25.0}",rayon,75.0,medium,philippine,PH,https://www.formeclothing.com/products/floral-all-over-print-shirt-dress-993464-pink,2026-04-08T06:57:44.506007,2026-04-08T06:57:44.506007,live,True
ForMe,Eyelet Button Down Shirt,shirt,"Fabric: Textured Weave (Woven Eyelet) Material Composition: 100% Cotton Model's Body Measurements Height: 5'6.5"" Chest: 30.5 Waist:","{""cotton"": 100.0}",cotton,100.0,high,philippine,PH,https://www.formeclothing.com/collections/shirts/products/eyelet-button-down-shirt-992503-off-white,2026-04-08T06:57:46.246746,2026-04-08T06:57:46.246746,live,True
ForMe,Sublimation Print Graphic T-Shirt,shirt,"y Fabric: Jersey Knit (Single Jersey) Material Composition: 60% Cotton 40% Polyester Model's Body Measurements Height: 5'7"" Chest:","{""cotton"": 60.0, ""polyester"": 40.0}",cotton,60.0,medium,philippine,PH,https://www.formeclothing.com/products/sublimation-print-graphic-t-shirt-995055-cream,2026-04-08T06:57:47.871230,2026-04-08T06:57:47.871230,live,True
ForMe,Floral All Over Print Collared Top with Drawstring Detail,top,"-Front Fabric: Plain Weave (Crumpled) Material Composition: 75% Rayon 25% Nylon Model's Body Measurements Height: 5'7"" Chest: 31","{""rayon"": 75.0, ""nylon"": 25.0}",rayon,75.0,medium,philippine,PH,https://www.formeclothing.com/collections/shirts/products/floral-all-over-print-collared-top-with-drawstring-detail-993529-pink,2026-04-08T06:57:51.415479,2026-04-08T06:57:51.415479,live,True
ForMe,Button Down Shirt,shirt,"ils: Patch Pocket Fabric: Twill Weave Material Composition: 95% Polyester 5% Spandex Model's Body Measurements Height: 5'6.5"" Chest:","{""polyester"": 95.0, ""elastane"": 5.0}",polyester,0.0,low,philippine,PH,https://www.formeclothing.com/collections/shirts/products/button-down-shirt-992495,2026-04-08T06:57:56.920311,2026-04-08T06:57:56.920311,live,True
ForMe,Textured Flat Knit Button Down Top,top,"lights Fit: Regular Fabric: Flat Knit Material Composition: 100% Viscose Model's Body Measurements Height: 5'7"" Chest: 31 Waist: 24""","{""viscose"": 100.0}",viscose,100.0,high,philippine,PH,https://www.formeclothing.com/products/textured-flat-knit-button-down-top-993455-pink,2026-04-08T06:58:01.819047,2026-04-08T06:58:01.819047,live,True
ForMe,Textured Stripes Flat Knit T-Shirt,shirt,"ign Details: Stripe Fabric: Flat Knit Material Composition: 100% Viscose Model's Body Measurements Height: 5'7"" Chest: 31 Waist: 24""","{""viscose"": 100.0}",viscose,100.0,high,philippine,PH,https://www.formeclothing.com/products/textured-stripes-flat-knit-t-shirt-993453-lilac,2026-04-08T06:58:03.252729,2026-04-08T06:58:03.252729,live,True
ForMe,Linen Sleeveless Button Down Dress,dress,"-Front Fabric: Plain Weave (Crumpled) Material Composition: 67% Rayon 30% Cotton 3% Nylon Model's Body Measurements Height: 5'7""","{""rayon"": 67.0, ""cotton"": 30.0, ""nylon"": 3.0}",rayon,97.0,high,philippine,PH,https://www.formeclothing.com/products/linen-sleeveless-button-down-dress-993508-lilac,2026-04-08T06:58:06.081217,2026-04-08T06:58:06.081217,live,True
ForMe,Striped T-Shirt,shirt,"lor Combination Fabric: Single Jersey Material Composition: 52% Cotton 48% Polyester Model's Body Measurements Height: 5'7"" Chest:","{""cotton"": 52.0, ""polyester"": 48.0}",cotton,52.0,medium,philippine,PH,https://www.formeclothing.com/products/striped-t-shirt-993450,2026-04-08T06:58:09.512672,2026-04-08T06:58:09.512672,live,True
ForMe,Textured Shirt Dress,dress,"Shift Fabric: Plain Weave (Textured) Material Composition: 85% Rayon 9% Tencel 6% Nylon Model's Body Measurements Height: 5'7"" C","{""rayon"": 85.0, ""tencel"": 9.0, ""nylon"": 6.0}",rayon,94.0,high,philippine,PH,https://www.formeclothing.com/products/textured-shirt-dress-993510-cream,2026-04-08T06:58:12.568681,2026-04-08T06:58:12.568681,live,True
ForMe,Embroidered Extended Sleeve Tee,t-shirt,"y Fabric: Jersey Knit (Single Jersey) Material Composition: 60% Cotton 40% Polyester Model's Body Measurements Height: 5'7"" Chest:","{""cotton"": 60.0, ""polyester"": 40.0}",cotton,60.0,medium,philippine,PH,https://www.formeclothing.com/products/embroidered-extended-sleeve-tee-995049-lilac,2026-04-08T06:58:17.392335,2026-04-08T06:58:17.392335,live,True
ForMe,Straight Leg Trousers,pants,abric: Plain Weave (Linen-like) Material Composition: like: 97% Cotton 3% Spandex Stretch Detail: Stretchable Model's Body Measure,"{""cotton"": 97.0, ""elastane"": 3.0}",cotton,97.0,high,philippine,PH,https://www.formeclothing.com/products/straight-leg-trousers-993499-cream,2026-04-08T06:58:19.280516,2026-04-08T06:58:19.280516,live,True
ForMe,Tiered Midi Skirt with Trimming Detail,skirt,Fit: A-Line Fabric: Plain Weave Material Composition: Like: 97% Cotton 3% Spandex Stretch Detail: Stretchable Model's Body Measure,"{""cotton"": 97.0, ""elastane"": 3.0}",cotton,97.0,high,philippine,PH,https://www.formeclothing.com/products/tiered-midi-skirt-with-trimming-detail-992682-off-white,2026-04-08T06:58:20.920432,2026-04-08T06:58:20.920432,live,True
ForMe,Linen Vest Top,top,"ront Fabric: Plain Weave (Linen-like) Material Composition: 97% Cotton 3% Spandex Model's Body Measurements Height: 5'7"" Chest: 31","{""cotton"": 97.0, ""elastane"": 3.0}",cotton,97.0,high,philippine,PH,https://www.formeclothing.com/collections/shirts/products/linen-vest-top-993526,2026-04-08T06:58:22.808640,2026-04-08T06:58:22.808640,live,True
ForMe,Striped Elbow Sleeved Shirt,shirt,"t: All-Over Print Fabric: Plain Weave Material Composition: 100% Polyester Model's Body Measurements Height: 5'6"" Chest: 31 Waist: 25""","{""polyester"": 100.0}",polyester,0.0,low,philippine,PH,https://www.formeclothing.com/collections/shirts/products/striped-elbow-sleeved-shirt-993219-sand,2026-04-08T06:58:24.477996,2026-04-08T06:58:24.477996,live,True
ForMe,Denim Midi Skirt,skirt,"d Size Guide Highlights Fabric: Denim Materia Composition: (100% Cotton) Model's Body Measurements Height: 5'7"" Chest: 31 Waist: 24","{""cotton"": 100.0}",cotton,100.0,high,philippine,PH,https://www.formeclothing.com/products/denim-midi-skirt-994334,2026-04-08T06:58:26.281300,2026-04-08T06:58:26.281300,live,True
ForMe,Hybrid Boxy Tee,t-shirt,"r Fabric: Jersey Knit (Single Jersey) Material Composition: 95% Cotton 5% Spandex Model's Body Measurements Height: 5'7"" Chest: 31","{""cotton"": 95.0, ""elastane"": 5.0}",cotton,95.0,high,philippine,PH,https://www.formeclothing.com/products/hybrid-boxy-tee-995057-pink,2026-04-08T06:58:28.017278,2026-04-08T06:58:28.017278,live,True
ForMe,Cozy: Knitted Pull Up Tapered Trousers,pants,ze Guide Highlights Fabric: Interlock Material Composition: 57% Cotton 35% Polyester 8% Spandex Stretch Detail: Stretchable Model',"{""cotton"": 57.0, ""polyester"": 35.0, ""elastane"": 8.0}",cotton,57.0,medium,philippine,PH,https://www.formeclothing.com/products/cozy-knitted-pull-up-tapered-trousers-992560,2026-04-08T06:58:29.965229,2026-04-08T06:58:29.965229,live,True
ForMe,Floral All Over Print Graphic T-Shirt,shirt,"s Fit: Regular Fabric: Single Jersey Material Composition: (60% Cotton 40% Polyester) Model's Body Measurements Height: 5'7"" Chest","{""cotton"": 60.0, ""polyester"": 40.0}",cotton,60.0,medium,philippine,PH,https://www.formeclothing.com/products/floral-all-over-print-graphic-t-shirt-995050-pink,2026-04-08T06:58:33.093998,2026-04-08T06:58:33.093998,live,True
ForMe,Shorts with Trimming Detail,shorts,it: Regular Fabric: Plain Weave Material Composition: Like: 97% Cotton 3% Spandex Stretch Detail: Stretchable Model's Body Measure,"{""cotton"": 97.0, ""elastane"": 3.0}",cotton,97.0,high,philippine,PH,https://www.formeclothing.com/products/shorts-with-trimming-detail-992689-off-white,2026-04-08T06:58:37.500943,2026-04-08T06:58:37.500943,live,True
ForMe,Hybrid Graphic T-Shirt with Studs,shirt,"t Fabric: Jersey Knit (Single Jersey) Material Composition: 60% Cotton 40% Polyester Model's Body Measurements Height: 5'7"" Chest:","{""cotton"": 60.0, ""polyester"": 40.0}",cotton,60.0,medium,philippine,PH,https://www.formeclothing.com/products/hybrid-graphic-t-shirt-with-studs-993310-black,2026-04-08T06:58:41.187562,2026-04-08T06:58:41.187562,live,True
ForMe,Embroidered Plaid Sleeveless Midi Dress,dress,it: Fit and flare Fabric: Plain Weave Material Composition: 30% Cotton 30% Polyester 25% Viscose 15% Linen Model's Body Measuremen,"{""cotton"": 30.0, ""polyester"": 30.0, ""viscose"": 25.0, ""linen"": 15.0}",cotton,70.0,medium,philippine,PH,https://www.formeclothing.com/collections/dresses/products/embroidered-plaid-sleeveless-midi-dress-993120-off-white,2026-04-08T07:00:05.530016,2026-04-08T07:00:05.530016,live,True
ForMe,Embroidered Plaid Shirt Dress,dress,"hts Fit: Shift Fabric: Textured Weave Material Composition: 92% Cotton 8% Rayon Model's Body Measurements Height: 5'6"" Chest: 31 W","{""cotton"": 92.0, ""rayon"": 8.0}",cotton,100.0,high,philippine,PH,https://www.formeclothing.com/collections/dresses/products/embroidered-plaid-shirt-dress-993116-off-white,2026-04-08T07:00:07.545972,2026-04-08T07:00:07.545972,live,True
ForMe,Striped Button Shirt Dress,dress,t: All-Over Print Fabric: Plain Weave Material Composition: 30% Cotton 30% Polyester 25% Viscose 15% Linen Model's Body Measuremen,"{""cotton"": 30.0, ""polyester"": 30.0, ""viscose"": 25.0, ""linen"": 15.0}",cotton,70.0,medium,philippine,PH,https://www.formeclothing.com/collections/dresses/products/striped-button-shirt-dress-993118-sand,2026-04-08T07:00:12.788295,2026-04-08T07:00:12.788295,live,True
ForMe,Flutter Sleeve Wrap Dress,dress,"Front Fabric: Plain Weave (Crumpled) Material Composition: 67% Rayon 30% Cotton 3% Nylon Model's Body Measurements Height: 5'6""","{""rayon"": 67.0, ""cotton"": 30.0, ""nylon"": 3.0}",rayon,97.0,high,philippine,PH,https://www.formeclothing.com/collections/dresses/products/flutter-sleeve-wrap-dress-993122,2026-04-08T07:00:16.490281,2026-04-08T07:00:16.490281,live,True
ForMe,Eyelet Button Down Dress,dress,"Fabric: Textured Weave (Woven Eyelet) Material Composition: 100% Cotton Model's Body Measurements Height: 5'6.5"" Chest: 30.5 Waist:","{""cotton"": 100.0}",cotton,100.0,high,philippine,PH,https://www.formeclothing.com/collections/dresses/products/eyelet-button-down-dress-992485-off-white,2026-04-08T07:00:18.374041,2026-04-08T07:00:18.374041,live,True
ForMe,Textured Fit and Flare Dress with Garterized Waist,dress,stband Fabric: Plain Weave (Crumpled) Material Composition: 67% Rayon 30% Cotton 3% Nylon Model's Body Measurements Height: 5'6.5,"{""rayon"": 67.0, ""cotton"": 30.0, ""nylon"": 3.0}",rayon,97.0,high,philippine,PH,https://www.formeclothing.com/collections/dresses/products/textured-fit-and-flare-dress-with-garterized-waist-992477-pink,2026-04-08T07:00:22.912251,2026-04-08T07:00:22.912251,live,True
ForMe,Extended Sleeves Wrap Shirt Dress,dress,"etails: Wrap Front Fabric: Linen-like Material Composition: 80% Polyester 20% Rayon Model's Body Measurements Height: 5'6"" Chest: 31","{""polyester"": 80.0, ""rayon"": 20.0}",polyester,20.0,low,philippine,PH,https://www.formeclothing.com/collections/dresses/products/extended-sleeves-wrap-shirt-dress-992479-red,2026-04-08T07:00:24.792768,2026-04-08T07:00:24.792768,live,True
ForMe,Sleeveless Midi Dress with Pleating Details,dress,"abric: Plain Weave (Linen-like) Material Composition: Like: 60% Cotton 40% Polyester Model's Body Measurements Height: 5'6"" Chest:","{""cotton"": 60.0, ""polyester"": 40.0}",cotton,60.0,medium,philippine,PH,https://www.formeclothing.com/collections/dresses/products/sleeveless-midi-dress-with-pleating-details-992476-tan,2026-04-08T07:00:31.215380,2026-04-08T07:00:31.215380,live,True
ForMe,Textured Button Down Dress with Garterized Waist,dress,stband Fabric: Plain Weave (Crumpled) Material Composition: 67% Rayon 30% Cotton 3% Nylon Model's Body Measurements Height: 5'6.5,"{""rayon"": 67.0, ""cotton"": 30.0, ""nylon"": 3.0}",rayon,97.0,high,philippine,PH,https://www.formeclothing.com/collections/dresses/products/textured-button-down-dress-with-garterized-waist-993119-pink,2026-04-08T07:00:35.673985,2026-04-08T07:00:35.673985,live,True
ForMe,Striped Extended Sleeved Easy Shirt Dress,dress,"t: All-Over Print Fabric: Plain Weave Material Composition: 100% Polyester Model's Body Measurements Height: 5'6"" Chest: 31 Waist: 25""","{""polyester"": 100.0}",polyester,0.0,low,philippine,PH,https://www.formeclothing.com/collections/dresses/products/striped-extended-sleeved-easy-shirt-dress-993117-yellow,2026-04-08T07:00:55.205807,2026-04-08T07:00:55.205807,live,True
ForMe,Tiered Sleeveless Polka Dress,dress,"Details: Layered Fabric: Plain Weave Material Composition: 100% Polyester Model's Body Measurements Height: 5'7"" Chest: 32"" Waist: 25","{""polyester"": 100.0}",polyester,0.0,low,philippine,PH,https://www.formeclothing.com/collections/dresses/products/tiered-sleeveless-polka-dress-992965-sand,2026-04-08T07:01:06.219380,2026-04-08T07:01:06.219380,live,True
ForMe,Sleeveless Linen Trapeze Maxi Dress,dress,ift Fabric: Plain Weave (Linen-blend) Material Composition: 55% Viscose 30% Linen 15% Polyester Model's Body Measurements Height: 5,"{""viscose"": 55.0, ""linen"": 30.0, ""polyester"": 15.0}",viscose,85.0,high,philippine,PH,https://www.formeclothing.com/collections/dresses/products/sleeveless-linen-trapeze-maxi-dress-993121-taupe,2026-04-08T07:01:10.420948,2026-04-08T07:01:10.420948,live,True
ForMe,Crochet Flower Graphic Tee,t-shirt,"ts Fit: Regular Fabric: Single Jersey Material Composition: 60% Cotton 40% Polyester Model's Body Measurements Height: 5'7"" Chest:","{""cotton"": 60.0, ""polyester"": 40.0}",cotton,60.0,medium,philippine,PH,https://www.formeclothing.com/collections/sale/products/crochet-flower-graphic-tee-991940-tan,2026-04-08T07:01:18.896558,2026-04-08T07:01:18.896558,live,True
ForMe,Skirt with Side Slit Detail,skirt,"Height: High Waist Fabric: Fine Twill Material Composition: 95% Polyester 5% Spandex Model's Body Measurements Height: 5'7"" Chest: 31","{""polyester"": 95.0, ""elastane"": 5.0}",polyester,0.0,low,philippine,PH,https://www.formeclothing.com/collections/sale/products/skirt-with-side-slit-detail-990428-beige,2026-04-08T07:01:23.282476,2026-04-08T07:01:23.282476,live,True
ForMe,Cable Knit Button Down,knitwear,"lights Fit: Regular Fabric: Flat Knit Material Composition: 100% Polyester Model's Body Measurements Height: 5'6.5"" Chest: 30.5"" Waist","{""polyester"": 100.0}",polyester,0.0,low,philippine,PH,https://www.formeclothing.com/collections/sale/products/cable-knit-button-down-991555-sand,2026-04-08T07:01:25.218063,2026-04-08T07:01:25.218063,live,True
ForMe,Textured Straight Leg Trousers,pants,: Straight Leg Fabric: Textured Weave Material Composition: 85% Polyester 15% Nylon Waist Height: High Waist Model's Body Measurement,"{""polyester"": 85.0, ""nylon"": 15.0}",polyester,0.0,low,philippine,PH,https://www.formeclothing.com/collections/sale/products/textured-straight-leg-trousers-988722-sand,2026-04-08T07:01:34.218085,2026-04-08T07:01:34.218085,live,True
ForMe,Puff Sleeves V-Neck Blouse,shirt,"ghts Fit: Semi Fit Fabric: Fine Twill Material Composition: 94% Polyester 6% Spandex Model's Body Measurements Height: 5'7"" Chest: 31","{""polyester"": 94.0, ""elastane"": 6.0}",polyester,0.0,low,philippine,PH,https://www.formeclothing.com/collections/sale/products/puff-sleeves-v-neckline-blouse-991886-stone,2026-04-08T07:01:36.105985,2026-04-08T07:01:36.105985,live,True
ForMe,Textured Dobby Trousers,pants,ighlights Fit: Wide Leg Fabric: Dobby Material Composition: 100% Cotton Waist Height: High Waist Model's Body Measurements Height:,"{""cotton"": 100.0}",cotton,100.0,high,philippine,PH,https://www.formeclothing.com/collections/sale/products/textured-dobby-trousers-990596-off-white,2026-04-08T07:01:43.421654,2026-04-08T07:01:43.421654,live,True
ForMe,Sleeveless V-Neck Blouse,shirt,"ights Fit: Regular Fabric: Fine Twill Material Composition: 95% Polyester 5% Spandex Model's Body Measurements Height: 5'6.5"" Chest:","{""polyester"": 95.0, ""elastane"": 5.0}",polyester,0.0,low,philippine,PH,https://www.formeclothing.com/collections/sale/products/sleeveless-v-neck-blouse-990503-deep-teal,2026-04-08T07:01:44.919029,2026-04-08T07:01:44.919029,live,True
ForMe,Boho Abstract Woman Hybrid Tee,t-shirt,"blimation Print Fabric: Single Jersey Material Composition: 60% Cotton 40% Polyester Model's Body Measurements Height: 5'7"" Chest:","{""cotton"": 60.0, ""polyester"": 40.0}",cotton,60.0,medium,philippine,PH,https://www.formeclothing.com/collections/sale/products/boho-abstract-woman-hybrid-tee-992327-off-white,2026-04-08T07:01:52.191328,2026-04-08T07:01:52.191328,live,True
ForMe,Ruffled Sleeves A-Line Midi Dress,dress,ts Fit: A-Line Fabric: Textured Weave Material Composition: 39% Polyester 31% Viscose 28% Cotton 2% Elastane Model's Body Measurement,"{""polyester"": 39.0, ""viscose"": 31.0, ""cotton"": 28.0, ""elastane"": 2.0}",polyester,59.0,medium,philippine,PH,https://www.formeclothing.com/collections/sale/products/ruffled-sleeves-a-line-midi-dress-990396-deep-teal,2026-04-08T07:01:53.946487,2026-04-08T07:01:53.946487,live,True
ForMe,Front Tie Easy Blouse,shirt,"hts Fit: Loose Fabric: Textured Woven Material Composition: 100% Polyester Model's Body Measurements Height: 5'7"" Chest: 31"" Waist: 24","{""polyester"": 100.0}",polyester,0.0,low,philippine,PH,https://www.formeclothing.com/collections/sale/products/front-tie-easy-blouse-990400-tan,2026-04-08T07:01:58.447049,2026-04-08T07:01:58.447049,live,True
ForMe,Tapered Knit Trousers,pants,ght: High Waist Fabric: Ponte de Roma Material Composition: 61% Rayon 34% Nylon 5% Spandex Model's Body Measurements Height: 5'6.,"{""rayon"": 61.0, ""nylon"": 34.0, ""elastane"": 5.0}",rayon,61.0,medium,philippine,PH,https://www.formeclothing.com/collections/sale/products/tapered-knit-trousers-989449-sand,2026-04-08T07:02:05.776246,2026-04-08T07:02:05.776246,live,True
ForMe,A-Line Maxi Skirt with Button Placket Detail,skirt,"Height: High Waist Fabric: Linen-like Material Composition: 80% Polyester 20% Rayon Model's Body Measurements Height: 5'7"" Chest: 31""","{""polyester"": 80.0, ""rayon"": 20.0}",polyester,20.0,low,philippine,PH,https://www.formeclothing.com/collections/sale/products/a-line-maxi-skirt-with-button-placket-detail-990426-tan,2026-04-08T07:02:07.449120,2026-04-08T07:02:07.449120,live,True
ForMe,Bohemian Vase Hybrid Tee,t-shirt,"blimation Print Fabric: Single Jersey Material Composition: 60% Cotton 40% Polyester Model's Body Measurements Height: 5'6"" Chest:","{""cotton"": 60.0, ""polyester"": 40.0}",cotton,60.0,medium,philippine,PH,https://www.formeclothing.com/collections/sale/products/bohemian-vase-hybrid-tee-992519-pink,2026-04-08T07:02:11.766460,2026-04-08T07:02:11.766460,live,True
ForMe,Cable Knit Pullover Jacket,jacket,"lights Fit: Regular Fabric: Flat Knit Material Composition: 89% Viscose 11% Nylon Model's Body Measurements Height: 5'7"" Chest: 31""","{""viscose"": 89.0, ""nylon"": 11.0}",viscose,89.0,high,philippine,PH,https://www.formeclothing.com/collections/sale/products/cable-knit-pullover-jacket-989675-off-white,2026-04-08T07:02:13.801789,2026-04-08T07:02:13.801789,live,True
ForMe,Floral Midi Skirt,skirt,"aist Fabric: Plain Weave (Linen-Like) Material Composition: 100% Polyester Model's Body Measurements Height: 5'7.5"" Chest: 33"" Waist:","{""polyester"": 100.0}",polyester,0.0,low,philippine,PH,https://www.formeclothing.com/collections/sale/products/floral-midi-skirt-990696-stone,2026-04-08T07:02:18.551151,2026-04-08T07:02:18.551151,live,True
ForMe,Square Neck Tee with Contrast Tipping,t-shirt,"Color Combination Fabric: Ribbed Knit Material Composition: 73% Polyester 23% Rayon 4% Spandex Model's Body Measurements Height: 5'6""","{""polyester"": 73.0, ""rayon"": 23.0, ""elastane"": 4.0}",polyester,23.0,low,philippine,PH,https://www.formeclothing.com/collections/best-sellers/products/square-neck-tee-with-contrast-tipping-991232-off-white,2026-04-08T07:03:56.206909,2026-04-08T07:03:56.206909,live,True
ForMe,Embroidered Hem Tee,t-shirt,"Fabric Combination Fabric: Interlock Material Composition: 60% Cotton 40% Polyester Model's Body Measurements Height: 5'6"" Chest:","{""cotton"": 60.0, ""polyester"": 40.0}",cotton,60.0,medium,philippine,PH,https://www.formeclothing.com/collections/best-sellers/products/embroidered-hem-tee-993261-off-white,2026-04-08T07:03:59.849387,2026-04-08T07:03:59.849387,live,True
ForMe,Straight Leg Jeans,jeans,"aight Leg Fabric: Twill Weave (Denim) Material Composition: 100% Cotton Model's Body Measurements Height: 5'6"" Chest: 31 Waist: 25""","{""cotton"": 100.0}",cotton,100.0,high,philippine,PH,https://www.formeclothing.com/collections/best-sellers/products/straight-leg-jeans-992678-denim-blue,2026-04-08T07:04:05.624910,2026-04-08T07:04:05.624910,live,True
ForMe,Boxy Tee with Patch Pocket,t-shirt,"t Fabric: Jersey Knit (Single Jersey) Material Composition: 100% Cotton Model's Body Measurements Height: 5'6.5"" Chest: 30.5 Waist:","{""cotton"": 100.0}",cotton,100.0,high,philippine,PH,https://www.formeclothing.com/collections/best-sellers/products/boxy-tee-with-patch-pocket-993077-off-white,2026-04-08T07:04:23.107511,2026-04-08T07:04:23.107511,live,True
ForMe,Cozy: Everyday Trousers with Seam Detail,pants,ered Fabric: Twill Weave (Fine Twill) Material Composition: 97% Cotton 3% Spandex Stretch Detail: Stretchable Model's Body Measure,"{""cotton"": 97.0, ""elastane"": 3.0}",cotton,97.0,high,philippine,PH,https://www.formeclothing.com/collections/best-sellers/products/cozy-everyday-trousers-with-seam-detail-992704-off-white,2026-04-08T07:04:26.506274,2026-04-08T07:04:26.506274,live,True
ForMe,Straight Leg Jeans with Folded Hem Detail,jeans,"ights Fit: Straight Leg Fabric: Denim Material Composition: 84% Cotton 16% Polyester Model's Body Measurements Height: 5'6.5"" Ches","{""cotton"": 84.0, ""polyester"": 16.0}",cotton,84.0,medium,philippine,PH,https://www.formeclothing.com/collections/best-sellers/products/straight-leg-jeans-with-folded-hem-detail-992679-denim-blue,2026-04-08T07:04:36.880039,2026-04-08T07:04:36.880039,live,True
ForMe,Cullote Pants,pants,Fit: Straight Leg Fabric: Plain Weave Material Composition: 97% Polyester 3% Spandex Stretch Detail: Stretchable Model's Body Measure,"{""polyester"": 97.0, ""elastane"": 3.0}",polyester,0.0,low,philippine,PH,https://www.formeclothing.com/collections/best-sellers/products/cullote-pants-992566,2026-04-08T07:04:40.657426,2026-04-08T07:04:40.657426,live,True
ForMe,Cozy: Tapered Trousers,pants,ghts Fit: Tapered Fabric: Twill Weave Material Composition: 68% Rayon 27% Polyester 5% Spandex Waist Height: High Waist Stretch D,"{""rayon"": 68.0, ""polyester"": 27.0, ""elastane"": 5.0}",rayon,68.0,medium,philippine,PH,https://www.formeclothing.com/collections/best-sellers/products/cozy-tapered-trousers-985813-black,2026-04-08T07:04:54.865429,2026-04-08T07:04:54.865429,live,True
ForMe,Floral Hybrid Graphic Tee,t-shirt,"t Fabric: Jersey Knit (Single Jersey) Material Composition: 60% Cotton 40% Polyester Model's Body Measurements Height: 5'6.5"" Ches","{""cotton"": 60.0, ""polyester"": 40.0}",cotton,60.0,medium,philippine,PH,https://www.formeclothing.com/collections/tees/products/floral-hybrid-graphic-tee-993072-off-white,2026-04-08T07:05:00.352258,2026-04-08T07:05:00.352258,live,True
ForMe,Floral Graphic Tee with Patch Pocket,t-shirt,"t Fabric: Jersey Knit (Single Jersey) Material Composition: 60% Cotton 40% Polyester Model's Body Measurements Height: 5'6.5"" Ches","{""cotton"": 60.0, ""polyester"": 40.0}",cotton,60.0,medium,philippine,PH,https://www.formeclothing.com/collections/tees/products/floral-graphic-tee-with-patch-pocket-993244-pink,2026-04-08T07:05:03.059460,2026-04-08T07:05:03.059460,live,True
ForMe,Flat Knit Tee with Contrast Tipping,t-shirt,"gn Details: Tipping Fabric: Flat Knit Material Composition: 100% Viscose Model's Body Measurements Height: 5'6"" Chest: 29"" Waist: 25","{""viscose"": 100.0}",viscose,100.0,high,philippine,PH,https://www.formeclothing.com/collections/tees/products/flat-knit-tee-with-contrast-tipping-991239,2026-04-08T07:05:06.065436,2026-04-08T07:05:06.065436,live,True
ForMe,Flat Knit V-Neck Tank Top,top,"ze Guide Highlights Fabric: Flat Knit Material Composition: 100% Viscose Model's Body Measurements Height: 5'6.5"" Chest: 30.5 Waist:","{""viscose"": 100.0}",viscose,100.0,high,philippine,PH,https://www.formeclothing.com/collections/tees/products/flat-knit-v-neck-tank-top-993079-off-white,2026-04-08T07:05:07.842124,2026-04-08T07:05:07.842124,live,True
ForMe,Embroidered Lily Stripes Tee with Patch Pocket,t-shirt,"t Fabric: Jersey Knit (Single Jersey) Material Composition: 100% Cotton Model's Body Measurements Height: 5'6.5"" Chest: 30.5 Waist:","{""cotton"": 100.0}",cotton,100.0,high,philippine,PH,https://www.formeclothing.com/collections/tees/products/embroidered-lily-stripes-tee-with-patch-pocket-993241-pink,2026-04-08T07:05:13.218978,2026-04-08T07:05:13.218978,live,True
ForMe,Woman and Floral Hybrid Graphic Tee,t-shirt,"t Fabric: Jersey Knit (Single Jersey) Material Composition: 60% Cotton 40% Polyester Model's Body Measurements Height: 5'6.5"" Ches","{""cotton"": 60.0, ""polyester"": 40.0}",cotton,60.0,medium,philippine,PH,https://www.formeclothing.com/collections/tees/products/woman-and-floral-hybrid-graphic-tee-993242-off-white,2026-04-08T07:05:17.757664,2026-04-08T07:05:17.757664,live,True
ForMe,Knitted Sleeveless Top,top,"ighlights Fit: Slim Fabric: Flat Knit Material Composition: 100% Viscose Model's Body Measurements Height: 5'7"" Chest: 32"" Waist: 25","{""viscose"": 100.0}",viscose,100.0,high,philippine,PH,https://www.formeclothing.com/collections/tees/products/knitted-sleeveless-top-991237,2026-04-08T07:05:20.785576,2026-04-08T07:05:20.785576,live,True
ForMe,Stripes Flat Knit Tee with Contrast Tipping,t-shirt,"gn Details: Tipping Fabric: Flat Knit Material Composition: 100% Viscose Model's Body Measurements Height: 5'6.5"" Chest: 30.5 Waist:","{""viscose"": 100.0}",viscose,100.0,high,philippine,PH,https://www.formeclothing.com/collections/tees/products/stripes-flat-knit-tee-with-contrast-tipping-992664-pink,2026-04-08T07:05:29.182212,2026-04-08T07:05:29.182212,live,True
ForMe,Flat Knit Ringer Tee,t-shirt,"t Color Combination Fabric: Flat Knit Material Composition: 100% Viscose Model's Body Measurements Height: 5'6.5"" Chest: 30.5 Waist:","{""viscose"": 100.0}",viscose,100.0,high,philippine,PH,https://www.formeclothing.com/collections/tees/products/flat-knit-ringer-tee-992663-pink,2026-04-08T07:05:30.752276,2026-04-08T07:05:30.752276,live,True
ForMe,Embroidered Lemon Stripes Tee with Patch Pocket,t-shirt,"y Fabric: Jersey Knit (Single Jersey) Material Composition: 100% Cotton Model's Body Measurements Height: 5'6.5"" Chest: 30.5 Waist:","{""cotton"": 100.0}",cotton,100.0,high,philippine,PH,https://www.formeclothing.com/collections/tees/products/embroidered-lemon-stripes-tee-with-patch-pocket-993240-yellow,2026-04-08T07:05:33.588617,2026-04-08T07:05:33.588617,live,True
ForMe,Flat Knit Contrast Collar Polo,polo,"t Color Combination Fabric: Flat Knit Material Composition: 100% Viscose Model's Body Measurements Height: 5'6.5"" Chest: 30.5 Waist:","{""viscose"": 100.0}",viscose,100.0,high,philippine,PH,https://www.formeclothing.com/collections/tees/products/flat-knit-contrast-collar-polo-992660-black,2026-04-08T07:05:36.055641,2026-04-08T07:05:36.055641,live,True
ForMe,Pointelle Knit Tee,t-shirt,"lights Fit: Regular Fabric: Flat Knit Material Composition: 100% Viscose Model's Body Measurements Height: 5'6"" Chest: 31 Waist: 25""","{""viscose"": 100.0}",viscose,100.0,high,philippine,PH,https://www.formeclothing.com/collections/tees/products/pointelle-knit-tee-992651,2026-04-08T07:05:42.755083,2026-04-08T07:05:42.755083,live,True
ForMe,Ribbed Split Neck Tee,t-shirt,"ghts Fit: Regular Fabric: Ribbed Knit Material Composition: 93% Polyester 7% Spandex Model's Body Measurements Height: 5'6.5"" Chest:","{""polyester"": 93.0, ""elastane"": 7.0}",polyester,0.0,low,philippine,PH,https://www.formeclothing.com/collections/tees/products/ribbed-split-neck-tee-993075-off-white,2026-04-08T07:05:44.621116,2026-04-08T07:05:44.621116,live,True
ForMe,Boucle Button Down Tee,t-shirt,"lights Fit: Regular Fabric: Flat Knit Material Composition: 100% Polyester Model's Body Measurements Height: 5'7"" Chest: 32"" Waist: 25","{""polyester"": 100.0}",polyester,0.0,low,philippine,PH,https://www.formeclothing.com/collections/tees/products/boucle-button-down-tee-991236,2026-04-08T07:05:47.978037,2026-04-08T07:05:47.978037,live,True
ForMe,Butterfly Graphic Tee,t-shirt,"y Fabric: Jersey Knit (Single Jersey) Material Composition: 60% Cotton 40% Polyester Model's Body Measurements Height: 5'6.5"" Ches","{""cotton"": 60.0, ""polyester"": 40.0}",cotton,60.0,medium,philippine,PH,https://www.formeclothing.com/collections/tees/products/butterfly-graphic-tee-993243-sand,2026-04-08T07:05:51.588787,2026-04-08T07:05:51.588787,live,True
ForMe,Garden Graphic Tee,t-shirt,"y Fabric: Jersey Knit (Single Jersey) Material Composition: 60% Cotton 40% Polyester Model's Body Measurements Height: 5'6.5"" Ches","{""cotton"": 60.0, ""polyester"": 40.0}",cotton,60.0,medium,philippine,PH,https://www.formeclothing.com/collections/tees/products/garden-graphic-tee-992511-tan,2026-04-08T07:06:00.823452,2026-04-08T07:06:00.823452,live,True
ForMe,Stripes Flat Knit Henley Tee,t-shirt,"tails: Micro Stripe Fabric: Flat Knit Material Composition: 100% Viscose Model's Body Measurements Height: 5'6.5"" Chest: 30.5 Waist:","{""viscose"": 100.0}",viscose,100.0,high,philippine,PH,https://www.formeclothing.com/collections/tees/products/stripes-flat-knit-henley-tee-993078-black,2026-04-08T07:06:03.799771,2026-04-08T07:06:03.799771,live,True
ForMe,Button Down Knit Cardigan,knitwear,"tails: Button-Front Fabric: Flat Knit Material Composition: 100% Viscose Model's Body Measurements Height: 5'6"" Chest: 30"" Waist: 24","{""viscose"": 100.0}",viscose,100.0,high,philippine,PH,https://www.formeclothing.com/collections/jackets-cardigans/products/button-down-knit-cardigan-990391-deep-teal,2026-04-08T07:06:14.988079,2026-04-08T07:06:14.988079,live,True
ForMe,Textured Flat Knit Cardigan,knitwear,"tails: Button-Front Fabric: Flat Knit Material Composition: 100% Viscose Model's Body Measurements Height: 5'6"" Chest: 31 Waist: 25""","{""viscose"": 100.0}",viscose,100.0,high,philippine,PH,https://www.formeclothing.com/collections/jackets-cardigans/products/textured-flat-knit-cardigan-993761-taupe,2026-04-08T07:06:30.330519,2026-04-08T07:06:30.330519,live,True
Bench,Men's Pinstripe Long Sleeve Shirt,shirt,nt Button down Collared neckline Front chest pocket Fabric: 100% Cotton Material: Poplin Yarn Dyed Item Code: ILL0070 SHIPPING & RE,"{""cotton"": 100.0}",cotton,100.0,high,philippine,PH,https://shop.bench.com.ph/products/ill0070-mens-pinstripe-long-sleeve-shirt?variant=43801885376646,2026-04-08T07:06:51.278468,2026-04-08T07:06:51.278468,live,True
Bench,Men's Eyelet Woven Shirt,shirt,ve polo Full lace top Collared neckline Button down Fabric: 100% Cotton Material: Twill Item Code: ISF1322 SHIPPING & RETURNS Shipp,"{""cotton"": 100.0}",cotton,100.0,high,philippine,PH,https://shop.bench.com.ph/products/isf1322-mens-eyelet-woven-shirt?variant=43801885802630,2026-04-08T07:06:55.925436,2026-04-08T07:06:55.925436,live,True
Bench,Men's Short Sleeve Shirt,shirt,lor short sleeve polo Button down Collared neckline Fabric: 90% Cotton; 10% Linen Material: Chambray Item Code: ISP0216 SHIPPING &,"{""cotton"": 90.0, ""linen"": 10.0}",cotton,100.0,high,philippine,PH,https://shop.bench.com.ph/products/isp0216-mens-short-sleeve-shirt,2026-04-08T07:06:57.249829,2026-04-08T07:06:57.249829,live,True
Bench,Women's Long Sleeve Shirt,shirt,lor long sleeve shirt Button down Collared neckline Fabric: 100% Cotton Material: Poplin Item Code: YLF0232 SHIPPING & RETURNS Ship,"{""cotton"": 100.0}",cotton,100.0,high,philippine,PH,https://shop.bench.com.ph/products/ylf0232-womens-long-sleeve-shirt?variant=43755312644230,2026-04-08T07:07:03.820960,2026-04-08T07:07:03.820960,live,True
Bench,Men's Straight Denim Pants,pants,d zip fastening Front and back pockets Straight cut Fabric: 90% Cotton; 10% Polyester Material: Denim Item Code: BDP0321 SHIPPING,"{""cotton"": 90.0, ""polyester"": 10.0}",cotton,90.0,high,philippine,PH,https://shop.bench.com.ph/products/bdp0321-mens-straight-denim-pants?variant=43801886589062,2026-04-08T07:07:07.467947,2026-04-08T07:07:07.467947,live,True
Bench,Men's Twill Shorts,shorts,rts Gartered waist Drawstring Side and back pockets Fabric: 100% Cotton Material: Twill Item Code: ISW1639 SHIPPING & RETURNS Shipp,"{""cotton"": 100.0}",cotton,100.0,high,philippine,PH,https://shop.bench.com.ph/products/isw1639-mens-twill-shorts?variant=43801888325766,2026-04-08T07:07:16.923153,2026-04-08T07:07:16.923153,live,True
Bench,Women's Scoop Neck Tank Top,top,or bomber jacket when the cold sets in. Solid color Fabric: 90% Nylon; 10% Spandex Item Code: GES0032 SHIPPING & RETURNS Shipping,"{""nylon"": 90.0, ""elastane"": 10.0}",nylon,0.0,low,philippine,PH,https://shop.bench.com.ph/products/ges0032-womens-scoop-neck-tank-top?variant=42165287125126,2026-04-08T07:07:18.169812,2026-04-08T07:07:18.169812,live,True
Bench,Women's 2-in-1 Pack Wired Bra,underwear,re Light pads Adjustable straps Back hook fastening Fabric: 85% Nylon; 15% Spandex Item Code: TUR0040 SHIPPING & RETURNS Shipping,"{""nylon"": 85.0, ""elastane"": 15.0}",nylon,0.0,low,philippine,PH,https://shop.bench.com.ph/products/tur0040-womens-2-in-1-pack-push-up-bra,2026-04-08T07:07:23.876824,2026-04-08T07:07:23.876824,live,True
Bench,Men's Walking Shorts,shorts,00 DETAILS Solid color shorts Side and back pockets Fabric: 100% Cotton Material: Twill Item Code: BSW1103 SHIPPING & RETURNS Shipp,"{""cotton"": 100.0}",cotton,100.0,high,philippine,PH,https://shop.bench.com.ph/products/bsw1103-mens-walking-shorts?variant=43801887703174,2026-04-08T07:07:33.890748,2026-04-08T07:07:33.890748,live,True
Bench,Women's Walking Shorts,shorts,kets Adjustable drawstring Button and zip fastening Fabric: 50% Cotton; 40% Polyester; 10% Linen Material: Twill Item Code: YWD018,"{""cotton"": 50.0, ""polyester"": 40.0, ""linen"": 10.0}",cotton,60.0,medium,philippine,PH,https://shop.bench.com.ph/products/ywd0186-womens-walking-shorts,2026-04-08T07:07:35.293764,2026-04-08T07:07:35.293764,live,True
Bench,Men's Wide Leg Denim Pants,pants,d zip fastening Front and back pockets Wide leg fit Fabric: 93% Cotton; 7% Polyester Material: Denim Item Code: BDP0325 SHIPPING &,"{""cotton"": 93.0, ""polyester"": 7.0}",cotton,93.0,high,philippine,PH,https://shop.bench.com.ph/products/bdp0325-mens-wide-leg-denim-pants,2026-04-08T07:07:41.807703,2026-04-08T07:07:41.807703,live,True
Bench,Women's 2-in-1 Pack Wired Push Up Bra,underwear,r usual size Hook and eye closure Print on trimming Fabric: 85% Nylon; 15% Spandex Item Code: TUR0032 SHIPPING & RETURNS Shipping,"{""nylon"": 85.0, ""elastane"": 15.0}",nylon,0.0,low,philippine,PH,https://shop.bench.com.ph/products/tur0032-womens-2-in-1-pack-wired-push-up-bra?variant=42313993977990,2026-04-08T07:08:08.168934,2026-04-08T07:08:08.168934,live,True
Bench,Men's Mesh K-Fit T-Shirt,shirt,op with stripes on sleeves V-neckline Short sleeves Fabric: 100% Polyester Material: Full Mesh Item Code: ITO0369 SHIPPING & RETURNS S,"{""polyester"": 100.0}",polyester,0.0,low,philippine,PH,https://shop.bench.com.ph/products/ito0369-mens-mesh-k-fit-t-shirt?variant=43801886195846,2026-04-08T07:08:17.719225,2026-04-08T07:08:17.719225,live,True
Bench,Women's Sports T-Shirt,shirt,Short sleves Round neckline Bench Active collection Fabric: 88% Polyester; 12% Elastane Material: Polyester Elastane Item Code: YOA00,"{""polyester"": 88.0, ""elastane"": 12.0}",polyester,0.0,low,philippine,PH,https://shop.bench.com.ph/products/yoa0027-womens-sports-t-shirt?variant=42128141713542,2026-04-08T07:08:30.898832,2026-04-08T07:08:30.898832,live,True
Bench,Women's Wide Leg Woven Shorts,shorts,ockets Gartered back waist Button and zip fastening Fabric: 100% Polyester Material: Woven Item Code: YWD0184 SHIPPING & RETURNS Shipp,"{""polyester"": 100.0}",polyester,0.0,low,philippine,PH,https://shop.bench.com.ph/products/ywd0184-womens-wide-leg-woven-shorts,2026-04-08T07:08:37.133708,2026-04-08T07:08:37.133708,live,True
Bench,Women's Gingham Sleeveless Top,top,attern Button down Lace-up Casual Adjustable straps Fabric: 60% Cotton; 40% Polyester Material: Print Check Item Code: YHN0657 SHI,"{""cotton"": 60.0, ""polyester"": 40.0}",cotton,60.0,medium,philippine,PH,https://shop.bench.com.ph/products/yhn0657-womens-gingham-sleeveless-top,2026-04-08T07:08:43.042653,2026-04-08T07:08:43.042653,live,True
Bench,Women's Sports Tank Top,top,Round neckline Mesh detail Bench Active collection Fabric: 88% Polyester; 12% Spandex Material: Polyester Spandex Item Code: GTT0032,"{""polyester"": 88.0, ""elastane"": 12.0}",polyester,0.0,low,philippine,PH,https://shop.bench.com.ph/products/gtt0032-womens-sports-tank-top?variant=42132755644550,2026-04-08T07:09:28.409444,2026-04-08T07:09:28.409444,live,True
Bench,Men's Logo Varsity Jacket,jacket,eve jacket Zip fastening Bomber jacket Side pockets Fabric: 25% Cotton; 75% Polyester Material: Shell Item Code: IWR0223 SHIPPING,"{""cotton"": 25.0, ""polyester"": 75.0}",polyester,25.0,low,philippine,PH,https://shop.bench.com.ph/products/iwr0223-mens-logo-varsity-jacket,2026-04-08T07:09:34.261364,2026-04-08T07:09:34.261364,live,True
Bench,Bench x The Powerpuff Girls Women's Baggy Pants,pants,n and zip fastening Wide leg Front and back pockets Fabric: 70% Cotton; 30% Polyester Material: Denim Item Code: YPD0888 SHIPPING,"{""cotton"": 70.0, ""polyester"": 30.0}",cotton,70.0,medium,philippine,PH,https://shop.bench.com.ph/products/ypd0888-bench-x-the-powerpuff-girls-womens-baggy-pants,2026-04-08T07:09:47.200166,2026-04-08T07:09:47.200166,live,True
Bench,Men's Checkered Short Sleeve Shirt,shirt,d short sleeve polo Collared neckline Zip fastening Fabric: 100% Cotton Material: Twill Item Code: ISC0338 SHIPPING & RETURNS Shipp,"{""cotton"": 100.0}",cotton,100.0,high,philippine,PH,https://shop.bench.com.ph/products/isc0338-mens-checkered-short-sleeve-shirt,2026-04-08T07:09:52.951926,2026-04-08T07:09:52.951926,live,True
Bench,Men's Long Sleeve Shirt,shirt,olor top Button down Collared neckline Long sleeves Fabric: 100% Cotton Material: Chambray Item Code: ILF0721 SHIPPING & RETURNS Sh,"{""cotton"": 100.0}",cotton,100.0,high,philippine,PH,https://shop.bench.com.ph/products/ilf0721-mens-long-sleeve-shirt?variant=43801884295302,2026-04-08T07:10:25.570913,2026-04-08T07:10:25.570913,live,True
Bench,Women's Seamless Shapewear Shorts,shorts,5 DETAILS Light Support Solid color shorts Seamless Fabric: 76% Nylon; 24% Spandex Material: Nylon Spandex Item Code: GUG0031 SHI,"{""nylon"": 76.0, ""elastane"": 24.0}",nylon,0.0,low,philippine,PH,https://shop.bench.com.ph/products/gug0031-womens-seamless-shapewear-shorts,2026-04-08T07:11:01.907602,2026-04-08T07:11:01.907602,live,True
World Balance,WBM ACTIVE TEE 22,t-shirt,"PHP BLUE / 2XL - ₱899.00 PHP Description Fabric Composition 92% Polyester, 8% Spandex Fitting: Regular Fit Features This men’s active","{""polyester"": 92.0, ""elastane"": 8.0}",polyester,0.0,low,philippine,PH,https://worldbalance.com.ph/collections/shirts-men/products/wbm-active-tee-22-blk-s,2026-04-08T07:12:12.041961,2026-04-08T07:12:12.041961,live,True
World Balance,WBM ST MANTRA TEE 02,t-shirt,"HP WHITE / 2XL - ₱949.00 PHP Description Fabric Composition 95% Cotton, 5% Spandex Fitting: Regular Fit Features This piece from S","{""cotton"": 95.0, ""elastane"": 5.0}",cotton,95.0,high,philippine,PH,https://worldbalance.com.ph/collections/shirts-men/products/wbm-st-mantra-tee-02-blk-s,2026-04-08T07:12:13.041077,2026-04-08T07:12:13.041077,live,True
World Balance,WBM BELIEVE WE CAN TEE 07,t-shirt,"HP BLACK / 2XL - ₱899.00 PHP Description Fabric Composition 95% Cotton, 5% Spandex Fitting: Regular Fit Features This men’s basic","{""cotton"": 95.0, ""elastane"": 5.0}",cotton,95.0,high,philippine,PH,https://worldbalance.com.ph/collections/shirts-men/products/wbm-believe-we-can-tee-07-wht-s,2026-04-08T07:12:14.095597,2026-04-08T07:12:14.095597,live,True
World Balance,WBM TANK TOP 01,top,"GHT GRAY / 2XL - ₱699.00 PHP Description Fabric Composition 87% Nylon, 13% Spandex Fitting: Regular Fit Features This men's runni","{""nylon"": 87.0, ""elastane"": 13.0}",nylon,0.0,low,philippine,PH,https://worldbalance.com.ph/collections/shirts-men/products/wbm-tank-top-01-blk-s,2026-04-08T07:12:15.041662,2026-04-08T07:12:15.041662,live,True
World Balance,WBM ACTIVE POLO 03,polo,"BLACK / 2XL - ₱1,099.00 PHP Description Fabric composition 58% nylon, 42% polyester Fitting: Regular fit Features This active po","{""nylon"": 58.0, ""polyester"": 42.0}",nylon,0.0,low,philippine,PH,https://worldbalance.com.ph/collections/shirts-men/products/wbm-active-polo-03-wht-s,2026-04-08T07:12:16.021330,2026-04-08T07:12:16.021330,live,True
World Balance,WBM ST HUSTLEMAN-9 TEE 02,t-shirt,"PHP RED / 2XL - ₱949.00 PHP Description Fabric Composition 95% Cotton, 5% Spandex Fitting: Regular Fit Features This part of Scot","{""cotton"": 95.0, ""elastane"": 5.0}",cotton,95.0,high,philippine,PH,https://worldbalance.com.ph/collections/shirts-men/products/wbm-st-hustleman-9-tee-02-blk-s,2026-04-08T07:12:17.943017,2026-04-08T07:12:17.943017,live,True
World Balance,WBM ST HUSTLEMAN-9 TEE,t-shirt,"PHP RED / 2XL - ₱949.00 PHP Description Fabric Composition 95% Cotton, 5% Spandex Fitting: Regular Fit Features This part of Scot","{""cotton"": 95.0, ""elastane"": 5.0}",cotton,95.0,high,philippine,PH,https://worldbalance.com.ph/collections/shirts-men/products/wbm-st-hustleman-9-tee-blk-m,2026-04-08T07:12:18.846335,2026-04-08T07:12:18.846335,live,True
World Balance,WBM BELIEVE WE CAN TEE 05,t-shirt,"0 PHP BLACK / XXL - Sold Out Description Fabric composition 95% cotton, 5% spandex Fitting Regular fit Features this is a men’s ba","{""cotton"": 95.0, ""elastane"": 5.0}",cotton,95.0,high,philippine,PH,https://worldbalance.com.ph/collections/shirts-men/products/wbm-believe-we-can-tee-05,2026-04-08T07:12:19.832004,2026-04-08T07:12:19.832004,live,True
World Balance,WBM ST MANTRA TEE,t-shirt,"/ EXTRA LARGE - ₱949.00 PHP Description Fabric Composition 95% Cotton, 5% Spandex Fitting: Regular Fit Features This part of Scot","{""cotton"": 95.0, ""elastane"": 5.0}",cotton,95.0,high,philippine,PH,https://worldbalance.com.ph/collections/shirts-men/products/wbm-st-mantra-tee-blk-s,2026-04-08T07:12:21.060867,2026-04-08T07:12:21.060867,live,True
World Balance,WBM ACTIVE TEE 15,t-shirt,HITE-RED / 2XL - ₱899.00 PHP Description Fabric Composition 100% Polyester Fitting: Regular Fit Features This active crew neck tee for,"{""polyester"": 100.0}",polyester,0.0,low,philippine,PH,https://worldbalance.com.ph/collections/shirts-men/products/wbm-active-tee-15-wht-blu-s,2026-04-08T07:12:21.955884,2026-04-08T07:12:21.955884,live,True
World Balance,WBM ACTIVE TEE 19,t-shirt,"PHP BLUE / 2XL - ₱899.00 PHP Description Fabric composition 58% nylon, 42% polyester Fitting: Regular fit Features This men’s act","{""nylon"": 58.0, ""polyester"": 42.0}",nylon,0.0,low,philippine,PH,https://worldbalance.com.ph/collections/shirts-men/products/wbm-active-tee-19-blk-s,2026-04-08T07:12:22.955501,2026-04-08T07:12:22.955501,live,True
World Balance,WBM ACTIVE TEE 16,t-shirt,"UE-GREEN / 2XL - ₱899.00 PHP Description Fabric Composition 87% Nylon, 13% Spandex Fitting: Regular Fit Features This active crew","{""nylon"": 87.0, ""elastane"": 13.0}",nylon,0.0,low,philippine,PH,https://worldbalance.com.ph/collections/shirts-men/products/wbm-active-tee-16-blk-s,2026-04-08T07:12:24.419561,2026-04-08T07:12:24.419561,live,True
World Balance,WBM ACTIVE TEE 21,t-shirt,"HP WHITE / 2XL - ₱899.00 PHP Description Fabric Composition 92% Polyester, 8% Spandex Fitting: Regular Fit Features This men’s active","{""polyester"": 92.0, ""elastane"": 8.0}",polyester,0.0,low,philippine,PH,https://worldbalance.com.ph/collections/shirts-men/products/wbm-active-tee-21,2026-04-08T07:12:26.383234,2026-04-08T07:12:26.383234,live,True
World Balance,WBM ACTIVE POLO 02,polo,"OLIVE GREEN / XXL - Sold Out Description Fabric Composition 87% Nylon, 13% Spandex Fitting: Regular Fit Features This seamless po","{""nylon"": 87.0, ""elastane"": 13.0}",nylon,0.0,low,philippine,PH,https://worldbalance.com.ph/collections/shirts-men/products/wbm-active-polo-02,2026-04-08T07:12:27.457355,2026-04-08T07:12:27.457355,live,True
World Balance,WBM NSD TEE 13,t-shirt,"PHP RED / 2XL - ₱899.00 PHP Description Fabric Composition 95% Cotton, 5% Spandex Fitting: Regular Fit Features This is a men’s b","{""cotton"": 95.0, ""elastane"": 5.0}",cotton,95.0,high,philippine,PH,https://worldbalance.com.ph/collections/shirts-men/products/wbm-nsd-tee-13-blk-s,2026-04-08T07:12:28.716267,2026-04-08T07:12:28.716267,live,True
World Balance,WBM ACTIVE TEE 14,t-shirt,"0 PHP BLACK / 2XL - Sold Out Description Fabric Composition 87% Nylon, 13% Spandex Fitting: Regular Fit Features This seamless ac","{""nylon"": 87.0, ""elastane"": 13.0}",nylon,0.0,low,philippine,PH,https://worldbalance.com.ph/collections/shirts-men/products/wbm-active-tee-14-blk-s,2026-04-08T07:12:29.652988,2026-04-08T07:12:29.652988,live,True
World Balance,WBM NSD TEE 14,t-shirt,"PHP RED / 2XL - ₱899.00 PHP Description Fabric Composition 95% Cotton, 5% Spandex Fitting: Regular Fit Features This men’s basic","{""cotton"": 95.0, ""elastane"": 5.0}",cotton,95.0,high,philippine,PH,https://worldbalance.com.ph/collections/shirts-men/products/wbm-nsd-tee-14-blk-s,2026-04-08T07:12:30.659720,2026-04-08T07:12:30.659720,live,True
World Balance,WBM SCOTTIE GRAPHIC TEE,t-shirt,"0 PHP BLACK / XXL - Sold Out Description Fabric composition 95% cotton, 5% spandex Fitting Regular fit Features this part of Scott","{""cotton"": 95.0, ""elastane"": 5.0}",cotton,95.0,high,philippine,PH,https://worldbalance.com.ph/collections/shirts-men/products/wbm-scottie-graphic-tee,2026-04-08T07:12:31.657321,2026-04-08T07:12:31.657321,live,True
World Balance,WBM BELIEVE WE CAN TEE 06,t-shirt,"HP BLACK / 2XL - ₱899.00 PHP Description Fabric Composition 95% Cotton, 5% Spandex Fitting: Regular Fit Features This is a men’s b","{""cotton"": 95.0, ""elastane"": 5.0}",cotton,95.0,high,philippine,PH,https://worldbalance.com.ph/collections/shirts-men/products/wbm-believe-we-can-tee-06-wht-s,2026-04-08T07:12:32.678071,2026-04-08T07:12:32.678071,live,True
World Balance,WBL SHORTS 07,shorts,HP BEIGE / 2XL - ₱849.00 PHP Description Fabric Composition 43% Cotton 49% Polyester 8% Spandex Fitting: Regular Features Elevate,"{""cotton"": 43.0, ""polyester"": 49.0, ""elastane"": 8.0}",polyester,43.0,low,philippine,PH,https://worldbalance.com.ph/collections/women/products/wbl-shorts-07-blk-s,2026-04-08T07:12:37.651278,2026-04-08T07:12:37.651278,live,True
World Balance,WBL ACTIVE TEE 15,t-shirt,HP WHITE / 2XL - ₱749.00 PHP Description Fabric Composition 95% polyester 5% spandex Fitting: Regular Features A Modern performance t,"{""polyester"": 95.0, ""elastane"": 5.0}",polyester,0.0,low,philippine,PH,https://worldbalance.com.ph/collections/women/products/wbl-active-tee-15-wht-s,2026-04-08T07:12:40.358793,2026-04-08T07:12:40.358793,live,True
World Balance,WBL PERF JACKET 04,jacket,"T GRAY / 2XL - ₱1,599.00 PHP Description Fabric Composition 87% Nylon 13% Spandex Fitting: Regular Features Stay dry in light rai","{""nylon"": 87.0, ""elastane"": 13.0}",nylon,0.0,low,philippine,PH,https://worldbalance.com.ph/collections/women/products/wbl-perf-jacket-04-blk-s,2026-04-08T07:12:42.406277,2026-04-08T07:12:42.406277,live,True
World Balance,WBL ACTIVE SHORTS 13,shorts,GHT GRAY / 2XL - ₱949.00 PHP Description Fabric Composition 95% Polyester 5% Spandex Fitting: Regular Features The built-in cycling s,"{""polyester"": 95.0, ""elastane"": 5.0}",polyester,0.0,low,philippine,PH,https://worldbalance.com.ph/collections/women/products/wbl-active-shorts-13-lt-gry-s,2026-04-08T07:12:43.304120,2026-04-08T07:12:43.304120,live,True
World Balance,WBL BELIEVE WE CAN TEE 09,t-shirt,HP BEIGE / 2XL - ₱699.00 PHP Description Fabric Composition 95% cotton 5% spandex Fitting: Regular Features A Tee essentially made,"{""cotton"": 95.0, ""elastane"": 5.0}",cotton,95.0,high,philippine,PH,https://worldbalance.com.ph/collections/women/products/wbl-believe-we-can-tee-09-bge-s,2026-04-08T07:12:44.337327,2026-04-08T07:12:44.337327,live,True
World Balance,WBL ACTIVE TEE 13,t-shirt,PHP SAGE / 2XL - ₱799.00 PHP Description Fabric Composition 80% Nylon 20% Spandex Fitting: Regular Features A dual-tone textured,"{""nylon"": 80.0, ""elastane"": 20.0}",nylon,0.0,low,philippine,PH,https://worldbalance.com.ph/collections/women/products/wbl-active-tee-13,2026-04-08T07:12:45.391186,2026-04-08T07:12:45.391186,live,True
World Balance,WBL SHORTS 09,shorts,PHP BLUE / 2XL - ₱699.00 PHP Description Fabric Composition 51% Cotton 44% Polyester 5%Spandex Fitting: Regular Features Made with,"{""cotton"": 51.0, ""polyester"": 44.0, ""elastane"": 5.0}",cotton,51.0,medium,philippine,PH,https://worldbalance.com.ph/collections/women/products/wbl-shorts-09-blk-s,2026-04-08T07:12:46.360780,2026-04-08T07:12:46.360780,live,True
World Balance,WBL ACTIVE TEE 14,t-shirt,"HP BLACK / 2XL - ₱749.00 PHP Description Fabric Composition 87% Polyester 13% Spandex Fitting: Regular Features Features fine, lightw","{""polyester"": 87.0, ""elastane"": 13.0}",polyester,0.0,low,philippine,PH,https://worldbalance.com.ph/collections/women/products/wbl-active-tee-14-bge-s,2026-04-08T07:12:48.438268,2026-04-08T07:12:48.438268,live,True
World Balance,WBL EASYWEAR TEE 03,t-shirt,ROSE / MEDIUM - ₱699.00 PHP Description Fabric Composition 95% Cotton 5% Spandex Fitting: Regular Features A timeless round-neck,"{""cotton"": 95.0, ""elastane"": 5.0}",cotton,95.0,high,philippine,PH,https://worldbalance.com.ph/collections/women/products/wbl-easywear-tee-03-tea-s,2026-04-08T07:12:50.324744,2026-04-08T07:12:50.324744,live,True
World Balance,WBL SHORTS 08,shorts,HP BEIGE / 2XL - ₱699.00 PHP Description Fabric Composition 100% Polyester Fitting: Regular Features Made in textured knit fabric. An,"{""polyester"": 100.0}",polyester,0.0,low,philippine,PH,https://worldbalance.com.ph/collections/women/products/wbl-shorts-08-bge-s,2026-04-08T07:12:53.044619,2026-04-08T07:12:53.044619,live,True
World Balance,WBL BELIEVE WE CAN TEE 08,t-shirt,HP BLACK / 2XL - ₱799.00 PHP Description Fabric Composition 95% Cotton 5% Spandex Fitting: Boxy Features A tee essentially made fo,"{""cotton"": 95.0, ""elastane"": 5.0}",cotton,95.0,high,philippine,PH,https://worldbalance.com.ph/collections/women/products/wbl-believe-we-can-tee-08-bge-s,2026-04-08T07:12:55.029318,2026-04-08T07:12:55.029318,live,True
World Balance,WBL BASIC ACTIVE TEE 01,t-shirt,itness activities and keep you looking all day! Fabrication 95% polyester 5% spandex Fitting Regular Fit Features This is a women’s b,"{""polyester"": 95.0, ""elastane"": 5.0}",polyester,0.0,low,philippine,PH,https://worldbalance.com.ph/collections/sale-women/products/wbl-basic-active-tee-01,2026-04-08T07:13:24.198318,2026-04-08T07:13:24.198318,live,True
World Balance,WBL PERF JACKET 02,jacket,"Out PURPLE / 2XL - Sold Out Description Fabric Composition 100% polyester Fitting: Regular Fit Features This Jacket is lightweight, f","{""polyester"": 100.0}",polyester,0.0,low,philippine,PH,https://worldbalance.com.ph/collections/jackets-hoodies-women/products/wbl-perf-jacket-02-blk-s,2026-04-08T07:13:52.038398,2026-04-08T07:13:52.038398,live,True
World Balance,WBL ZIP JACKET 02,jacket,"BLACK / 2XL - ₱1,299.00 PHP Description Fabric Composition 95% COTTON 5% SPANDEX Fitting: Regular Fit Features A timeless terry-k","{""cotton"": 95.0, ""elastane"": 5.0}",cotton,95.0,high,philippine,PH,https://worldbalance.com.ph/collections/jackets-hoodies-women/products/wbl-zip-jacket-02-blk-s,2026-04-08T07:13:54.126950,2026-04-08T07:13:54.126950,live,True
World Balance,WBL PERF JACKET 03,jacket,ld Out PINK / 2XL - Sold Out Description Fabric Composition 100% Polyester Fitting: Regular Fit Features Stay comfortably dry during l,"{""polyester"": 100.0}",polyester,0.0,low,philippine,PH,https://worldbalance.com.ph/collections/jackets-hoodies-women/products/wbl-perf-jacket-03-blk-s,2026-04-08T07:13:54.963850,2026-04-08T07:13:54.963850,live,True
World Balance,WBC SCOTTIE TEE BB 01,t-shirt,-- perfect for both practice or casual wear. Fabrication : 100% cotton​ Features This is a children’s basic and stylish tee for al,"{""cotton"": 100.0}",cotton,100.0,high,philippine,PH,https://worldbalance.com.ph/collections/tops-shirts-kids/products/wbc-scottie-tee-bb-01,2026-04-08T07:13:57.288748,2026-04-08T07:13:57.288748,live,True
World Balance,WBC SCOTTIE TEE BB 02,t-shirt,o achieve a winning look for your little one. Fabrication : 60% cotton 40% polyester Features This is a Children’s basic and styli,"{""cotton"": 60.0, ""polyester"": 40.0}",cotton,60.0,medium,philippine,PH,https://worldbalance.com.ph/collections/tops-shirts-kids/products/wbc-scottie-tee-bb-02,2026-04-08T07:13:58.149352,2026-04-08T07:13:58.149352,live,True
World Balance,WBC SCOTTIE JERSEY BB 01,top,joggers and sneakers for a street-smart look. Fabrication : 100% Polyester​ Features This is a children’s basic and stylish tee for al,"{""polyester"": 100.0}",polyester,0.0,low,philippine,PH,https://worldbalance.com.ph/collections/tops-shirts-kids/products/wbc-scottie-jersey-bb-01,2026-04-08T07:13:59.066543,2026-04-08T07:13:59.066543,live,True
World Balance,WBC SCOTTIE TEE BB 03,t-shirt,worn during games and all types of occasions. Fabrication : 60% cotton 40% spandex Features This is a children’s basic and stylish,"{""cotton"": 60.0, ""elastane"": 40.0}",cotton,60.0,medium,philippine,PH,https://worldbalance.com.ph/collections/tops-shirts-kids/products/wbc-scottie-tee-bb-03,2026-04-08T07:14:00.164614,2026-04-08T07:14:00.164614,live,True
World Balance,WBC ZIP JACKET BB 01,jacket,n sunny days—you'll look good no matter what. Fabrication : 95% Cotton terry 5% Spandex​ Fitting : Regular fit Features This is a,"{""cotton"": 95.0, ""elastane"": 5.0}",cotton,95.0,high,philippine,PH,https://worldbalance.com.ph/collections/tops-shirts-kids/products/wbc-zip-jacket-bb-01,2026-04-08T07:14:01.035918,2026-04-08T07:14:01.035918,live,True
World Balance,WBM ACTIVE SHORTS 13,shorts,"HP BLACK / 2XL - ₱999.00 PHP Description Fabric Composition 92% Polyester, 8% Spandex Fitting: Regular Fit Features These men’s activ","{""polyester"": 92.0, ""elastane"": 8.0}",polyester,0.0,low,philippine,PH,https://worldbalance.com.ph/collections/men/products/wbm-active-shorts-13-blk-s,2026-04-08T07:14:06.487112,2026-04-08T07:14:06.487112,live,True
World Balance,WBM ACTIVE SHORTS 12,shorts,"PHP GRAY / 2XL - ₱799.00 PHP Description Fabric Composition 95% Polyester, 5% Spandex Fitting: Regular Fit Features These men’s activ","{""polyester"": 95.0, ""elastane"": 5.0}",polyester,0.0,low,philippine,PH,https://worldbalance.com.ph/collections/men/products/wbm-active-shorts-12-blk-s,2026-04-08T07:14:09.218398,2026-04-08T07:14:09.218398,live,True
World Balance,WBM NSD TEE 15,t-shirt,"old Out RED / 2XL - Sold Out Description Fabric Composition 95% Cotton, 5% Spandex Fitting: Regular Fit Features This men’s basic","{""cotton"": 95.0, ""elastane"": 5.0}",cotton,95.0,high,philippine,PH,https://worldbalance.com.ph/collections/men/products/wbm-nsd-tee-15-blk-s,2026-04-08T07:14:10.129253,2026-04-08T07:14:10.129253,live,True
World Balance,WBM ACTIVE POLO 04,polo,"BLACK / 2XL - ₱1,099.00 PHP Description Fabric Composition 100% Nylon Fitting: Regular Fit Features This active polo shirt in a r","{""nylon"": 100.0}",nylon,0.0,low,philippine,PH,https://worldbalance.com.ph/collections/men/products/wbm-active-polo-04-blk-s,2026-04-08T07:14:15.361115,2026-04-08T07:14:15.361115,live,True
World Balance,WBM ACTIVE PANTS 03,pants,"LACK / LARGE - ₱1,699.00 PHP Description Fabric Composition 100% Nylon Fitting: Regular Fit Features This men’s active pants featu","{""nylon"": 100.0}",nylon,0.0,low,philippine,PH,https://worldbalance.com.ph/collections/men/products/wbm-active-pants-03-blk-s,2026-04-08T07:14:17.409039,2026-04-08T07:14:17.409039,live,True
World Balance,WBM BELIEVE WE CAN TEE 08,t-shirt,"PHP RED / 2XL - ₱899.00 PHP Description Fabric Composition 95% Cotton, 5% Spandex Fitting: Regular Fit Features This men’s basic","{""cotton"": 95.0, ""elastane"": 5.0}",cotton,95.0,high,philippine,PH,https://worldbalance.com.ph/collections/men/products/wbm-believe-we-can-tee-08-blk-s,2026-04-08T07:14:23.218059,2026-04-08T07:14:23.218059,live,True
Old Navy,Long-Sleeve Lace Trim Top,top,pending on the brightness of your screen Materials & Care • 100% Cotton Better Cotton (Bci) • machine wash according to the care in,"{""cotton"": 100.0}",cotton,100.0,high,philippine,PH,https://oldnavy.com.ph/collections/womens-30-off-shirts-blouses/products/long-sleeve-lace-trim-top-886177-calla-lily-451,2026-04-08T07:14:30.874113,2026-04-08T07:14:30.874113,live,True
Old Navy,Classic Button-Down Shirt,shirt,tness of your screen Materials & Care • soft-washed twill • 100% cotton • machine wash according to the care instruction label • im,"{""cotton"": 100.0}",cotton,100.0,high,philippine,PH,https://oldnavy.com.ph/collections/womens-30-off-shirts-blouses/products/classic-button-down-shirt-513768-white-blue-stripe,2026-04-08T07:14:32.328011,2026-04-08T07:14:32.328011,live,True
Old Navy,Cropped Button-Down Shirt,shirt,pending on the brightness of your screen Materials & Care • 100% cotton poplin • machine wash according to the care instruction lab,"{""cotton"": 100.0}",cotton,100.0,high,philippine,PH,https://oldnavy.com.ph/collections/womens-30-off-shirts-blouses/products/cropped-button-down-shirt-886112-green-stripe,2026-04-08T07:14:33.892091,2026-04-08T07:14:33.892091,live,True
Old Navy,Puff Sleeve Peplum Smocked Top,top,pending on the brightness of your screen Materials & Care • 100% Cotton Better Cotton (Bci) • machine wash according to the care in,"{""cotton"": 100.0}",cotton,100.0,high,philippine,PH,https://oldnavy.com.ph/collections/womens-30-off-shirts-blouses/products/puff-sleeve-peplum-smocked-top-869815-white-blue-stripe,2026-04-08T07:14:37.141695,2026-04-08T07:14:37.141695,live,True
Old Navy,Bell-Sleeve Ruffle Top,top,pending on the brightness of your screen Materials & Care • 74% rayon • 26% nylon • machine wash according to the care instructio,"{""rayon"": 74.0, ""nylon"": 26.0}",rayon,74.0,medium,philippine,PH,https://oldnavy.com.ph/collections/womens-30-off-shirts-blouses/products/bell-sleeve-ruffle-top-886110-multi-floral-top,2026-04-08T07:14:38.857319,2026-04-08T07:14:38.857319,live,True
Old Navy,Flutter-Sleeve Poplin Top,top,pending on the brightness of your screen Materials & Care • 100% Cotton Better Cotton (Bci) • machine wash according to the care in,"{""cotton"": 100.0}",cotton,100.0,high,philippine,PH,https://oldnavy.com.ph/collections/womens-30-off-shirts-blouses/products/flutter-sleeve-poplin-top-868157-white-blue-stripe,2026-04-08T07:14:40.453900,2026-04-08T07:14:40.453900,live,True
Old Navy,Button-Down Oxford Crop Shirt,shirt,pending on the brightness of your screen Materials & Care • 100% Cotton Better Cotton (Bci) • machine wash according to the care in,"{""cotton"": 100.0}",cotton,100.0,high,philippine,PH,https://oldnavy.com.ph/collections/womens-30-off-shirts-blouses/products/button-down-oxford-crop-shirt-513755-white,2026-04-08T07:14:42.196212,2026-04-08T07:14:42.196212,live,True
Old Navy,Oversized Boyfriend Shirt for Women,shirt,ness of your screen Materials & Care • soft-washed poplin • 100% cotton • • imported Fit & Sizing • Oversized fit through body. • W,"{""cotton"": 100.0}",cotton,100.0,high,philippine,PH,https://oldnavy.com.ph/collections/womens-30-off-shirts-blouses/products/oversized-boyfriend-shirt-for-women-559368-white-oxford,2026-04-08T07:14:43.795960,2026-04-08T07:14:43.795960,live,True
Old Navy,Linen-Blend Loose Button-Down Shirt,shirt,"pending on the brightness of your screen Materials & Care • 55% Linen Conventional, 45% Viscose Rayon Conventional • machine wash","{""linen"": 55.0, ""viscose"": 45.0}",linen,100.0,high,philippine,PH,https://oldnavy.com.ph/collections/womens-30-off-shirts-blouses/products/linen-blend-loose-button-down-shirt-868159-neutral-stripe-top,2026-04-08T07:14:47.611475,2026-04-08T07:14:47.611475,live,True
Old Navy,Button-Down Smocked Top,top,pending on the brightness of your screen Materials & Care • 99% Cotton Better Cotton (Bci) • 1% Elastane Conventional Spandex • ma,"{""cotton"": 99.0, ""elastane"": 1.0}",cotton,99.0,high,philippine,PH,https://oldnavy.com.ph/collections/womens-30-off-shirts-blouses/products/button-down-smocked-top-868148-peach-gelato,2026-04-08T07:14:53.402619,2026-04-08T07:14:53.402619,live,True
Old Navy,Oversized Boyfriend Shirt,shirt,pending on the brightness of your screen Materials & Care • 100% Cotton Fit & Sizing • Oversized fit through body. • Women's Boyfri,"{""cotton"": 100.0}",cotton,100.0,high,philippine,PH,https://oldnavy.com.ph/collections/womens-30-off-shirts-blouses/products/oversized-boyfriend-shirt-559368-blue-stripe,2026-04-08T07:15:17.849779,2026-04-08T07:15:17.849779,live,True
Old Navy,Flutter-Sleeve Crop Top,top,pending on the brightness of your screen Materials & Care • 100% cotton • machine wash according to the care instruction label Fit,"{""cotton"": 100.0}",cotton,100.0,high,philippine,PH,https://oldnavy.com.ph/collections/womens-30-off-shirts-blouses/products/flutter-sleeve-crop-top-868150-arctic-depth,2026-04-08T07:15:22.976456,2026-04-08T07:15:22.976456,live,True
Old Navy,Oversized Button-Down Boyfriend Shirt for Women,shirt,pending on the brightness of your screen Materials & Care • 100% cotton • imported Fit & Sizing • oversized fit • hits at hip • mod,"{""cotton"": 100.0}",cotton,100.0,high,philippine,PH,https://oldnavy.com.ph/collections/womens-30-off-shirts-blouses/products/oversized-button-down-boyfriend-shirt-for-women-870150-medium-wash,2026-04-08T07:15:31.180661,2026-04-08T07:15:31.180661,live,True
Old Navy,Slim Short-Sleeve Cinched-Waist Button-Down Shirt,shirt,pending on the brightness of your screen Materials & Care • 100% cotton • machine wash according to the care instruction label Fit,"{""cotton"": 100.0}",cotton,100.0,high,philippine,PH,https://oldnavy.com.ph/collections/womens-30-off-shirts-blouses/products/slim-short-sleeve-cinched-waist-button-down-shirt-873529-navy-stripe,2026-04-08T07:15:34.155472,2026-04-08T07:15:34.155472,live,True
Old Navy,Tie-Back Button-Down Shirt,shirt,pending on the brightness of your screen Materials & Care • 100% Cotton Better Cotton (Bci) • machine wash according to the care in,"{""cotton"": 100.0}",cotton,100.0,high,philippine,PH,https://oldnavy.com.ph/collections/womens-30-off-shirts-blouses/products/tie-back-button-down-shirt-886178-neutral-stripe,2026-04-08T07:15:37.252469,2026-04-08T07:15:37.252469,live,True
Old Navy,Flutter-Sleeve Fit & Flare Top,top,pending on the brightness of your screen Materials & Care • 74% Rayon Conventional • 26% Nylon Conventional • machine wash accord,"{""rayon"": 74.0, ""nylon"": 26.0}",rayon,74.0,medium,philippine,PH,https://oldnavy.com.ph/collections/womens-30-off-shirts-blouses/products/flutter-sleeve-fit-flare-top-886782-multi-floral,2026-04-08T07:15:44.834149,2026-04-08T07:15:44.834149,live,True
Old Navy,Smocked Puff Sleeve Peplum Top,top,pending on the brightness of your screen Materials & Care • 100% Cotton Better Cotton (Bci) • machine wash according to the care in,"{""cotton"": 100.0}",cotton,100.0,high,philippine,PH,https://oldnavy.com.ph/collections/womens-30-off-shirts-blouses/products/smocked-puff-sleeve-peplum-top-869818-calla-lily-451,2026-04-08T07:15:46.476058,2026-04-08T07:15:46.476058,live,True
Old Navy,Cropped Button-Down Ruffle-Front Shirt,shirt,ending on the brightness of your screen Materials & Care •  100% Cotton Better Cotton (Bci) •  machine wash according to the care i,"{""cotton"": 100.0}",cotton,100.0,high,philippine,PH,https://oldnavy.com.ph/collections/womens-30-off-shirts-blouses/products/cropped-button-down-ruffle-front-shirt-844124-pink-stripe,2026-04-08T07:15:52.059107,2026-04-08T07:15:52.059107,live,True
Old Navy,Classic Button-Down Jean Shirt,shirt,pending on the brightness of your screen Materials & Care • 100% Cotton Conventional Fit & Sizing • relaxed fit • hits at hip • mod,"{""cotton"": 100.0}",cotton,100.0,high,philippine,PH,https://oldnavy.com.ph/collections/womens-30-off-shirts-blouses/products/classic-button-down-jean-shirt-576683-medium-wash,2026-04-08T07:15:56.351917,2026-04-08T07:15:56.351917,live,True
Old Navy,Rotation Popover Hoodie,hoodie,pending on the brightness of your screen Materials & Care • 60% Cotton Better Cotton (Bci) • 40% Polyester Recycled • 0% Cotton Co,"{""cotton"": 60.0, ""polyester"": 40.0}",cotton,60.0,medium,philippine,PH,https://oldnavy.com.ph/collections/womens-30-off-on-active-and-knit-tops/products/gender-neutral-pullover-hoodie-for-adults-710412,2026-04-08T07:16:00.379608,2026-04-08T07:16:00.379608,live,True
Old Navy,StudioSmooth Seamed Longline Top,top,pending on the brightness of your screen Materials & Care • 82% Nylon Conventional • 18% Elastane Conventional Spandex • machine,"{""nylon"": 82.0, ""elastane"": 18.0}",nylon,0.0,low,philippine,PH,https://oldnavy.com.ph/collections/womens-30-off-on-active-and-knit-tops/products/studiosmooth-seamed-longline-top-877609-monet-blue,2026-04-08T07:16:06.930917,2026-04-08T07:16:06.930917,live,True
Old Navy,CloudMotion T-Shirt,shirt,"pending on the brightness of your screen Materials & Care • 47% Polyester Recycled, 46% Polyester Conventional, 7% Elastane Conventio","{""polyester"": 93.0, ""elastane"": 7.0}",polyester,0.0,low,philippine,PH,https://oldnavy.com.ph/collections/womens-30-off-on-active-and-knit-tops/products/cloudmotion-t-shirt-purple-maxine,2026-04-08T07:16:08.431090,2026-04-08T07:16:08.431090,live,True
Old Navy,Light Support StudioSmooth Longline Sports Bra,underwear,"pending on the brightness of your screen Materials & Care • 77% Nylon Conventional, 23% Elastane Conventional Spandex Fit & Sizin","{""nylon"": 77.0, ""elastane"": 23.0}",nylon,0.0,low,philippine,PH,https://oldnavy.com.ph/collections/womens-30-off-on-active-and-knit-tops/products/light-support-studiosmooth-longline-sports-bra-694514-dusk-navy,2026-04-08T07:16:10.004622,2026-04-08T07:16:10.004622,live,True
Old Navy,Light Support PowerSoft Longline Sports Bra,underwear,ending on the brightness of your screen Materials & Care •  77% Nylon Conventional • 23% Elastane Conventional Spandex •  machine,"{""nylon"": 77.0, ""elastane"": 23.0}",nylon,0.0,low,philippine,PH,https://oldnavy.com.ph/collections/womens-30-off-on-active-and-knit-tops/products/light-support-powersoft-longline-sports-bra-723227-thimble-berry,2026-04-08T07:16:11.832574,2026-04-08T07:16:11.832574,live,True
Old Navy,StudioSmooth Tube Top,top,ending on the brightness of your screen Materials & Care •  84% Nylon Conventional • 16% Elastane Conventional Spandex •  machine,"{""nylon"": 84.0, ""elastane"": 16.0}",nylon,0.0,low,philippine,PH,https://oldnavy.com.ph/collections/womens-30-off-on-active-and-knit-tops/products/studiosmooth-tube-top-861297-black-jack,2026-04-08T07:16:17.222144,2026-04-08T07:16:17.222144,live,True
Old Navy,StudioSmooth Short-Sleeve Base Layer Top,top,pending on the brightness of your screen Materials & Care • 84% Nylon Conventional • 16% Elastane Conventional Spandex • machine,"{""nylon"": 84.0, ""elastane"": 16.0}",nylon,0.0,low,philippine,PH,https://oldnavy.com.ph/collections/womens-30-off-on-active-and-knit-tops/products/studiosmooth-short-sleeve-base-layer-top-861288-enchant-mint,2026-04-08T07:16:18.931535,2026-04-08T07:16:18.931535,live,True
Old Navy,Light Support StudioSmooth Square-Neck Sports Bra,underwear,pending on the brightness of your screen Materials & Care • 92% Polyester Conventional • 8% Elastane Conventional Spandex • machine w,"{""polyester"": 92.0, ""elastane"": 8.0}",polyester,0.0,low,philippine,PH,https://oldnavy.com.ph/collections/womens-30-off-on-active-and-knit-tops/products/light-support-studiosmooth-square-neck-sports-bra-861282-rosette,2026-04-08T07:16:22.150135,2026-04-08T07:16:22.150135,live,True
Old Navy,Fluid Seamless Fitted T-Shirt,shirt,ending on the brightness of your screen Materials & Care •  100% Nylon Conventional •  machine wash according to the care instruct,"{""nylon"": 100.0}",nylon,0.0,low,philippine,PH,https://oldnavy.com.ph/collections/womens-30-off-on-active-and-knit-tops/products/fluid-seamless-fitted-t-shirt-848776-purple-maxine,2026-04-08T07:16:25.746076,2026-04-08T07:16:25.746076,live,True
Old Navy,Gender-Neutral Pullover Hoodie for Adults,hoodie,pending on the brightness of your screen Materials & Care • 80% cotton • 20% polyester • Rib-knit cuffs & hem: 96% cotton • 4% spa,"{""cotton"": 80.0, ""polyester"": 20.0}",cotton,80.0,medium,philippine,PH,https://oldnavy.com.ph/collections/womens-30-off-on-active-and-knit-tops/products/gender-neutral-pullover-hoodie-for-adults-710412-panther,2026-04-08T07:16:30.865788,2026-04-08T07:16:30.865788,live,True
Old Navy,Seamless T-Shirt for Women,shirt,pending on the brightness of your screen Materials & Care • 100% nylon • imported Fit & Sizing • semi fitted • hits at hip • model,"{""nylon"": 100.0}",nylon,0.0,low,philippine,PH,https://oldnavy.com.ph/collections/womens-30-off-on-active-and-knit-tops/products/seamless-t-shirt-for-women-848776-heather-grey,2026-04-08T07:16:32.717856,2026-04-08T07:16:32.717856,live,True
Old Navy,Light Support PowerSoft Tank Top,top,pending on the brightness of your screen Materials & Care • 77% Polyester Recycled Traceable • 23% Elastane Conventional Spandex • ma,"{""polyester"": 77.0, ""elastane"": 23.0}",polyester,0.0,low,philippine,PH,https://oldnavy.com.ph/collections/womens-30-off-on-active-and-knit-tops/products/light-support-powersoft-tank-top-882292-black-floral,2026-04-08T07:16:46.295179,2026-04-08T07:16:46.295179,live,True
Old Navy,Curvy Extra High-Waisted Straight Jeans,jeans,"pending on the brightness of your screen Materials & Care • 52% cotton, 48% viscose rayon • machine wash according to the care ins","{""cotton"": 52.0, ""viscose"": 48.0}",cotton,100.0,high,philippine,PH,https://oldnavy.com.ph/collections/womens-30-off-on-active-and-knit-tops/products/curvy-extra-high-waisted-straight-jeans-805712-celine,2026-04-08T07:16:47.931694,2026-04-08T07:16:47.931694,live,True
Old Navy,Mesh Jersey Football Top,top,on the brightness of your screen Materials & Care •  mesh • 100% polyester • machine wash according to the care instruction label Fit,"{""polyester"": 100.0}",polyester,0.0,low,philippine,PH,https://oldnavy.com.ph/collections/womens-30-off-on-active-and-knit-tops/products/mesh-jersey-football-top-861286-peri-heir,2026-04-08T07:16:58.746435,2026-04-08T07:16:58.746435,live,True
Old Navy,Medium Support PowerSoft Sports Bra,underwear,pending on the brightness of your screen Materials & Care • 100% Nylon Conventional • machine wash according to the care instructi,"{""nylon"": 100.0}",nylon,0.0,low,philippine,PH,https://oldnavy.com.ph/collections/womens-30-off-on-active-and-knit-tops/products/medium-support-powersoft-sports-bra-785416-black-jack,2026-04-08T07:17:00.603154,2026-04-08T07:17:00.603154,live,True
Old Navy,Exhale Seamless Fitted Rib Tank,top,pending on the brightness of your screen Materials & Care • 94% Nylon Conventional • 6% Elastane Conventional Spandex • machine w,"{""nylon"": 94.0, ""elastane"": 6.0}",nylon,0.0,low,philippine,PH,https://oldnavy.com.ph/collections/womens-30-off-on-active-and-knit-tops/products/exhale-seamless-fitted-rib-tank-892252-magnolia,2026-04-08T07:17:04.692741,2026-04-08T07:17:04.692741,live,True
Old Navy,Ruffle Collar Button-Down Top,top,pending on the brightness of your screen Materials & Care • 100% cotton • machine wash according to the care instruction label Fit,"{""cotton"": 100.0}",cotton,100.0,high,philippine,PH,https://oldnavy.com.ph/collections/womens-tops/products/ruffle-collar-button-down-top-868132-cactus-bloom,2026-04-08T07:17:33.008417,2026-04-08T07:17:33.008417,live,True
Old Navy,Sleeveless Trapeze Tank Top,top,pending on the brightness of your screen Materials & Care • 100% Cotton Better Cotton (Bci) • machine wash according to the care in,"{""cotton"": 100.0}",cotton,100.0,high,philippine,PH,https://oldnavy.com.ph/collections/womens-tops/products/sleeveless-trapeze-tank-top-896579-coco-de-mer,2026-04-08T07:17:36.614424,2026-04-08T07:17:36.614424,live,True
Old Navy,Crew-Neck Logo-Graphic T-Shirt,shirt,pending on the brightness of your screen Materials & Care • 100% cotton • machine wash according to the care instruction label Fit,"{""cotton"": 100.0}",cotton,100.0,high,philippine,PH,https://oldnavy.com.ph/collections/womens-tops/products/crew-neck-logo-graphic-t-shirt-843382-black-spark,2026-04-08T07:17:38.643748,2026-04-08T07:17:38.643748,live,True
Old Navy,Snug Crop Tank Top,top,pending on the brightness of your screen Materials & Care • 48% cotton • 47% polyester • 5% spandex • machine wash according to th,"{""cotton"": 48.0, ""polyester"": 47.0, ""elastane"": 5.0}",cotton,48.0,low,philippine,PH,https://oldnavy.com.ph/collections/womens-tops/products/snug-crop-tank-top-537465-sky-maintenance,2026-04-08T07:17:43.261357,2026-04-08T07:17:43.261357,live,True
Old Navy,Flutter-Sleeve Emboirdered Top,top,pending on the brightness of your screen Materials & Care • 100% Cotton Better Cotton (Bci) • machine wash according to the care in,"{""cotton"": 100.0}",cotton,100.0,high,philippine,PH,https://oldnavy.com.ph/collections/womens-tops/products/flutter-sleeve-emboirdered-top-886168-bare-ground,2026-04-08T07:17:47.500026,2026-04-08T07:17:47.500026,live,True
Old Navy,Crew-Neck Graphic T-Shirt,shirt,pending on the brightness of your screen Materials & Care • 100% cotton • machine wash according to the care instruction label Fit,"{""cotton"": 100.0}",cotton,100.0,high,philippine,PH,https://oldnavy.com.ph/collections/womens-tops/products/crew-neck-graphic-t-shirt-843383-calla-lily-vintage,2026-04-08T07:17:49.816178,2026-04-08T07:17:49.816178,live,True
Old Navy,Vintage Crew-Neck T-Shirt,shirt,pending on the brightness of your screen Materials & Care • 100% Cotton Us Cotton Trust Protocol Equivalent (Us Cotton) • machine w,"{""cotton"": 100.0}",cotton,100.0,high,philippine,PH,https://oldnavy.com.ph/collections/womens-tops/products/vintage-crew-neck-t-shirt-537384-dahlia,2026-04-08T07:17:51.776396,2026-04-08T07:17:51.776396,live,True
Old Navy,Vintage Crew-Neck Cropped Lace-Trim T-Shirt,shirt,pending on the brightness of your screen Materials & Care • 100% Cotton Us Cotton Trust Protocol Equivalent (Us Cotton) • machine w,"{""cotton"": 100.0}",cotton,100.0,high,philippine,PH,https://oldnavy.com.ph/collections/womens-tops/products/vintage-crew-neck-cropped-lace-trim-t-shirt-885975-pastel-pink,2026-04-08T07:17:53.684403,2026-04-08T07:17:53.684403,live,True
Old Navy,Smocked Peplum Tank Top,top,pending on the brightness of your screen Materials & Care • 50% Cotton Us Cotton Trust Protocol Equivalent (Us Cotton) • 50% Cotto,"{""cotton"": 100.0}",cotton,100.0,high,philippine,PH,https://oldnavy.com.ph/collections/womens-tops/products/smocked-peplum-tank-top-886991-light-blue-stripe,2026-04-08T07:18:13.396310,2026-04-08T07:18:13.396310,live,True
Old Navy,EveryWear Crew-Neck Graphic T-Shirt,shirt,pending on the brightness of your screen Materials & Care • 100% cotton • machine wash according to the care instruction label Fit,"{""cotton"": 100.0}",cotton,100.0,high,philippine,PH,https://oldnavy.com.ph/collections/womens-tops/products/everywear-crew-neck-graphic-t-shirt-843343-red-07,2026-04-08T07:18:30.207469,2026-04-08T07:18:30.207469,live,True
Old Navy,Cropped Button-Down Ruffle Shirt,shirt,pending on the brightness of your screen Materials & Care • 100% cotton • machine wash according to the care instruction label Fit,"{""cotton"": 100.0}",cotton,100.0,high,philippine,PH,https://oldnavy.com.ph/collections/womens-tops/products/cropped-button-down-ruffle-shirt-869824-calla-lily-451,2026-04-08T07:18:38.671625,2026-04-08T07:18:38.671625,live,True
Old Navy,Button-Down Linen Blend Top,top,pending on the brightness of your screen Materials & Care • 55% linen • 45% rayon • machine wash according to the care instructio,"{""linen"": 55.0, ""rayon"": 45.0}",linen,100.0,high,philippine,PH,https://oldnavy.com.ph/collections/womens-tops/products/button-down-linen-blend-top-886789-black-jack,2026-04-08T07:18:40.670610,2026-04-08T07:18:40.670610,live,True
Old Navy,Sleeveless Button-Down Top,top,pending on the brightness of your screen Materials & Care • 67% viscose rayon • 28% nylon • 5% spandex • machine wash according to,"{""viscose"": 67.0, ""nylon"": 28.0, ""elastane"": 5.0}",viscose,67.0,medium,philippine,PH,https://oldnavy.com.ph/collections/womens-blouses-shirts/products/sleeveless-button-down-top-873544-black-jack,2026-04-08T07:19:05.692263,2026-04-08T07:19:05.692263,live,True
Old Navy,SoSoft Lite Pointelle Polo,polo,pending on the brightness of your screen Materials & Care • 55% Cotton Better Cotton (Bci) • 23% Polyester Recycled • 22% Polyeste,"{""cotton"": 55.0, ""polyester"": 45.0}",cotton,55.0,medium,philippine,PH,https://oldnavy.com.ph/collections/womens-blouses-shirts/products/sosoft-lite-pointelle-polo-861238-sea-salt,2026-04-08T07:19:18.980523,2026-04-08T07:19:18.980523,live,True
Old Navy,Jacquard Side-Drape Top,top,pending on the brightness of your screen Materials & Care • 94% polyester • 6% spandex • machine wash according to the care instructi,"{""polyester"": 94.0, ""elastane"": 6.0}",polyester,0.0,low,philippine,PH,https://oldnavy.com.ph/collections/womens-blouses-shirts/products/jacquard-side-drape-top-880776-black-jack,2026-04-08T07:19:20.560360,2026-04-08T07:19:20.560360,live,True
Old Navy,Tiered Lace Ruffle Top,top,pending on the brightness of your screen Materials & Care • 86% Nylon Conventional • 14% Elastane Conventional Spandex • machine,"{""nylon"": 86.0, ""elastane"": 14.0}",nylon,0.0,low,philippine,PH,https://oldnavy.com.ph/collections/womens-blouses-shirts/products/tiered-lace-ruffle-top-880762-frosted-cookie,2026-04-08T07:19:26.051059,2026-04-08T07:19:26.051059,live,True
Old Navy,Seaside Cotton Short-Sleeve Cable-Knit Cropped Sweater,knitwear,pending on the brightness of your screen Materials & Care • 100% Cotton Better Cotton (Bci) • machine wash according to the care in,"{""cotton"": 100.0}",cotton,100.0,high,philippine,PH,https://oldnavy.com.ph/collections/womens-blouses-shirts/products/seaside-cotton-short-sleeve-cable-knit-cropped-sweater-861244-cactus-bloom,2026-04-08T07:19:36.432070,2026-04-08T07:19:36.432070,live,True
Old Navy,Snug Ringer Tank,top,ending on the brightness of your screen Materials & Care •  48% cotton • 47% polyester • 5% spandex • machine wash according to th,"{""cotton"": 48.0, ""polyester"": 47.0, ""elastane"": 5.0}",cotton,48.0,low,philippine,PH,https://oldnavy.com.ph/collections/women-tank-tops/products/snug-ringer-tank-884937-green-stripe,2026-04-08T07:20:26.895626,2026-04-08T07:20:26.895626,live,True
Old Navy,Ribbed Tank Top,top,pending on the brightness of your screen Materials & Care • 58% cotton • 38% polyester • 4% spandex • machine wash according to th,"{""cotton"": 58.0, ""polyester"": 38.0, ""elastane"": 4.0}",cotton,58.0,medium,philippine,PH,https://oldnavy.com.ph/collections/women-tank-tops/products/ribbed-tank-top-417548-storm-cloud,2026-04-08T07:20:28.589300,2026-04-08T07:20:28.589300,live,True
Old Navy,90's Ribbed Tank Top,top,pending on the brightness of your screen Materials & Care • 48% Cotton Us Cotton Trust Protocol Equivalent (Us Cotton) • 47% Polye,"{""cotton"": 48.0, ""polyester"": 47.0, ""elastane"": 5.0}",cotton,48.0,low,philippine,PH,https://oldnavy.com.ph/collections/women-tank-tops/products/90s-ribbed-tank-top-693012-blossom-petal,2026-04-08T07:20:32.262100,2026-04-08T07:20:32.262100,live,True
Old Navy,Rib-Knit Tank Top for Women,top,pending on the brightness of your screen Materials & Care • 48% cotton • 47% polyester • 5% spandex • Machine wash cold • tumble d,"{""cotton"": 48.0, ""polyester"": 47.0, ""elastane"": 5.0}",cotton,48.0,low,philippine,PH,https://oldnavy.com.ph/collections/women-tank-tops/products/rib-knit-tank-top-for-women-649926-wild-currant,2026-04-08T07:20:38.488964,2026-04-08T07:20:38.488964,live,True
Old Navy,Bestee Tank Top,top,"pending on the brightness of your screen Materials & Care • 57% Cotton Us Cotton Trust Protocol Equivalent (Us Cotton), 37% Modal","{""cotton"": 57.0, ""modal"": 37.0, ""elastane"": 6.0}",cotton,94.0,high,philippine,PH,https://oldnavy.com.ph/collections/women-tank-tops/products/bestee-tank-top-864808-bronzed-amber,2026-04-08T07:20:42.225495,2026-04-08T07:20:42.225495,live,True
Old Navy,Rib-Knit Cami Top,top,pending on the brightness of your screen Materials & Care • 58% Cotton Better Cotton (Bci) • 38% Polyester Conventional • 4% Elast,"{""cotton"": 58.0, ""polyester"": 38.0, ""elastane"": 4.0}",cotton,58.0,medium,philippine,PH,https://oldnavy.com.ph/collections/women-tank-tops/products/rib-knit-cami-top-416998-jade-shadow,2026-04-08T07:20:47.862450,2026-04-08T07:20:47.862450,live,True
Old Navy,Snug Striped Tank Top,top,pending on the brightness of your screen Materials & Care • 96% cotton • 4% spandex • machine wash according to the care instructi,"{""cotton"": 96.0, ""elastane"": 4.0}",cotton,96.0,high,philippine,PH,https://oldnavy.com.ph/collections/women-tank-tops/products/snug-striped-tank-top-693071-green-stripe,2026-04-08T07:20:49.843137,2026-04-08T07:20:49.843137,live,True
Old Navy,Square-Neck Tank Top Bodysuit,top,ess of your screen Materials & Care • double-layer jersey • 95% cotton • 5% spandex • machine wash according to the care instructi,"{""cotton"": 95.0, ""elastane"": 5.0}",cotton,95.0,high,philippine,PH,https://oldnavy.com.ph/collections/women-tank-tops/products/square-neck-tank-top-bodysuit-860966-conifer,2026-04-08T07:20:54.860439,2026-04-08T07:20:54.860439,live,True
Old Navy,Luxe Sleeveless Top for Women,top,tness of your screen Materials & Care • super-soft jersey • 95% rayon • 5% spandex • imported Fit & Sizing • BodEquality means si,"{""rayon"": 95.0, ""elastane"": 5.0}",rayon,95.0,high,philippine,PH,https://oldnavy.com.ph/collections/women-tank-tops/products/luxe-sleeveless-top-for-women-790940-white-lilies,2026-04-08T07:20:58.381377,2026-04-08T07:20:58.381377,live,True
Old Navy,Rib-Knit Strappy Tank Top,top,pending on the brightness of your screen Materials & Care • 60% Rayon Conventional • 40% Polyester Recycled (Grs) Fit & Sizing •,"{""rayon"": 60.0, ""polyester"": 40.0}",rayon,60.0,medium,philippine,PH,https://oldnavy.com.ph/collections/women-tank-tops/products/rib-knit-strappy-tank-top-416990-wish-bone,2026-04-08T07:21:01.985534,2026-04-08T07:21:01.985534,live,True
Old Navy,Heathered Rib-Knit Cropped Tank Top for Women,top,pending on the brightness of your screen Materials & Care • 96% cotton • 4% spandex • Machine wash cold • tumble dry low. Fit & Si,"{""cotton"": 96.0, ""elastane"": 4.0}",cotton,96.0,high,philippine,PH,https://oldnavy.com.ph/collections/women-tank-tops/products/heathered-rib-knit-cropped-tank-top-for-women-585855,2026-04-08T07:21:03.953168,2026-04-08T07:21:03.953168,live,True
Old Navy,Crop Rib-Knit Tank Top,top,"pending on the brightness of your screen Materials & Care • 48% Cotton Us Cotton Trust Protocol Equivalent (Us Cotton), 47% Polyes","{""cotton"": 48.0, ""polyester"": 47.0, ""elastane"": 5.0}",cotton,48.0,low,philippine,PH,https://oldnavy.com.ph/collections/women-tank-tops/products/cropped-rib-knit-tank-top-418821-white-light-blue,2026-04-08T07:21:05.854754,2026-04-08T07:21:05.854754,live,True
Old Navy,Ultra-Crop Rib-Knit Top,top,pending on the brightness of your screen Materials & Care • 96% Cotton Better Cotton (Bci) • 4% Elastane Conventional Spandex Fit,"{""cotton"": 96.0, ""elastane"": 4.0}",cotton,96.0,high,philippine,PH,https://oldnavy.com.ph/collections/women-tank-tops/products/ultra-cropped-rib-knit-top-864830-cream-floral,2026-04-08T07:21:07.783269,2026-04-08T07:21:07.783269,live,True
Old Navy,Sleeveless Square-Neck Bodysuit,top,pending on the brightness of your screen Materials & Care • 95% Cotton Conventional • 5% Elastane Conventional Spandex Fit & Sizin,"{""cotton"": 95.0, ""elastane"": 5.0}",cotton,95.0,high,philippine,PH,https://oldnavy.com.ph/collections/women-tank-tops/products/sleeveless-square-neck-bodysuit-860966-black-jack,2026-04-08T07:21:15.540476,2026-04-08T07:21:15.540476,live,True
Old Navy,Luxe Swing Tank Top for Women,top,pending on the brightness of your screen Materials & Care • 95% rayon • 5% spandex • imported Fit & Sizing • BodEquality means si,"{""rayon"": 95.0, ""elastane"": 5.0}",rayon,95.0,high,philippine,PH,https://oldnavy.com.ph/collections/women-tank-tops/products/luxe-swing-tank-top-for-women-790940-black-jack,2026-04-08T07:21:16.927303,2026-04-08T07:21:16.927303,live,True
Old Navy,FlowForm Cutout-Back Tank Top for Women,top,pending on the brightness of your screen Materials & Care • 88% polyester • 12% spandex • imported Fit & Sizing • Semi-fitted. • Hits,"{""polyester"": 88.0, ""elastane"": 12.0}",polyester,0.0,low,philippine,PH,https://oldnavy.com.ph/collections/women-tank-tops/products/flowform-cutout-back-tank-top-for-women-809355-black-jack,2026-04-08T07:21:23.354495,2026-04-08T07:21:23.354495,live,True
Old Navy,Strappy Rib-Knit Cropped Tank Top for Women,top,pending on the brightness of your screen Materials & Care • 92% cotton • 8% spandex • machine wash according to the care instructi,"{""cotton"": 92.0, ""elastane"": 8.0}",cotton,92.0,high,philippine,PH,https://oldnavy.com.ph/collections/women-tank-tops/products/strappy-rib-knit-cropped-tank-top-for-women-624122-flower-trail,2026-04-08T07:21:25.003411,2026-04-08T07:21:25.003411,live,True
Old Navy,Ribbed Tank Top for Women,top,"pending on the brightness of your screen Materials & Care • 58% Cotton Better Cotton (Bci), 38% Polyester Conventional, 4% Elastan","{""cotton"": 58.0, ""polyester"": 38.0, ""elastane"": 4.0}",cotton,58.0,medium,philippine,PH,https://oldnavy.com.ph/collections/women-tank-tops/products/ribbed-tank-top-for-women-417548-northern-lights,2026-04-08T07:21:26.872996,2026-04-08T07:21:26.872996,live,True
Old Navy,Ultra-Crop Rib-Knit Tank Top,top,pending on the brightness of your screen Materials & Care • 48% Cotton Us Cotton Trust Protocol Equivalent (Us Cotton) • 47% Polye,"{""cotton"": 48.0, ""polyester"": 47.0, ""elastane"": 5.0}",cotton,48.0,low,philippine,PH,https://oldnavy.com.ph/collections/women-tank-tops/products/ultra-cropped-rib-knit-tank-top-864811-carousel-pink,2026-04-08T07:21:41.291992,2026-04-08T07:21:41.291992,live,True
Old Navy,Ruffle-Sleeve Fit & Flare Midi Dress,dress,pending on the brightness of your screen Materials & Care • 74% rayon • 26% nylon • machine wash according to the care instructio,"{""rayon"": 74.0, ""nylon"": 26.0}",rayon,74.0,medium,philippine,PH,https://oldnavy.com.ph/collections/womens-dresses/products/ruffle-sleeve-fit-flare-midi-dress-886571-white-floral,2026-04-08T07:21:57.284553,2026-04-08T07:21:57.284553,live,True
Old Navy,Puff-Sleeve Jean Mini Dress,dress,pending on the brightness of your screen Materials & Care • 100% cotton • machine wash according to the care instruction label Fit,"{""cotton"": 100.0}",cotton,100.0,high,philippine,PH,https://oldnavy.com.ph/collections/womens-dresses/products/puff-sleeve-jean-mini-dress-705465-medium-wash,2026-04-08T07:21:58.549604,2026-04-08T07:21:58.549604,live,True
Old Navy,Airy Smocked Maxi Dress,dress,pending on the brightness of your screen Materials & Care • 100% rayon • machine wash according to the care instruction label Fit,"{""rayon"": 100.0}",rayon,100.0,high,philippine,PH,https://oldnavy.com.ph/collections/womens-dresses/products/airy-smocked-maxi-dress-886766-lost-at-sea-navy,2026-04-08T07:22:02.319402,2026-04-08T07:22:02.319402,live,True
Old Navy,Fit & Flare Sleeveless Linen-Blend Midi Dress,dress,pending on the brightness of your screen Materials & Care • 55% linen • 45% viscose rayon • machine wash according to the care in,"{""linen"": 55.0, ""viscose"": 45.0}",linen,100.0,high,philippine,PH,https://oldnavy.com.ph/collections/womens-dresses/products/fit-flare-sleeveless-linen-blend-midi-dress-705281-light-blue-floral,2026-04-08T07:22:04.393265,2026-04-08T07:22:04.393265,live,True
Old Navy,Fit & Flare Seamed Linen-Blend Midi Dress,dress,pending on the brightness of your screen Materials & Care • 55% Linen European Flax Standard (Efs) • 45% Viscose Rayon Convention,"{""linen"": 55.0, ""viscose"": 45.0}",linen,100.0,high,philippine,PH,https://oldnavy.com.ph/collections/womens-dresses/products/fit-flare-seamed-linen-blend-midi-dress-843983-black-jack,2026-04-08T07:22:06.305306,2026-04-08T07:22:06.305306,live,True
Old Navy,Short-Sleeve Shirt Dress,dress,pending on the brightness of your screen Materials & Care • 100% cotton • machine wash according to the care instruction label • im,"{""cotton"": 100.0}",cotton,100.0,high,philippine,PH,https://oldnavy.com.ph/collections/womens-dresses/products/short-sleeve-shirt-dress-559484-white,2026-04-08T07:22:09.687751,2026-04-08T07:22:09.687751,live,True
Old Navy,Smocked-Waist Midi Shirt Dress,dress,ending on the brightness of your screen Materials & Care •  100% cotton twill •  machine wash according to the care instruction lab,"{""cotton"": 100.0}",cotton,100.0,high,philippine,PH,https://oldnavy.com.ph/collections/womens-dresses/products/smocked-waist-midi-shirt-dress-886544-white-blue-stripe,2026-04-08T07:22:13.298244,2026-04-08T07:22:13.298244,live,True
Old Navy,Sleeveless Ponte-Knit Mini Swing Dress,dress,en Materials & Care • ponte knit with comfortable stretch • 69% rayon • 27% nylon • 4% spandex •  machine wash according to the c,"{""rayon"": 69.0, ""nylon"": 27.0, ""elastane"": 4.0}",rayon,69.0,medium,philippine,PH,https://oldnavy.com.ph/collections/womens-dresses/products/sleeveless-ponte-knit-mini-swing-dress-843996-black-jack,2026-04-08T07:22:15.294870,2026-04-08T07:22:15.294870,live,True
Old Navy,Fit & Flare Linen Mini Dress,dress,pending on the brightness of your screen Materials & Care • 55% Linen European Flax Standard (Efs) • 45% Viscose Rayon Convention,"{""linen"": 55.0, ""viscose"": 45.0}",linen,100.0,high,philippine,PH,https://oldnavy.com.ph/collections/womens-dresses/products/fit-flare-linen-mini-dress-872577-flax-linen,2026-04-08T07:22:25.223956,2026-04-08T07:22:25.223956,live,True
Old Navy,Fit & Flare Floral Maxi Dress,dress,pending on the brightness of your screen Materials & Care • 100% viscose rayon • machine wash according to the care instruction labe,"{""viscose"": 100.0}",viscose,100.0,high,philippine,PH,https://oldnavy.com.ph/collections/womens-dresses/products/fit-flare-floral-maxi-dress-808837-black-floral,2026-04-08T07:22:26.815291,2026-04-08T07:22:26.815291,live,True
Old Navy,Flutter-Sleeve Fit & Flare Mini Dress,dress,pending on the brightness of your screen Materials & Care • 74% rayon • 26% nylon • machine wash according to the care instructio,"{""rayon"": 74.0, ""nylon"": 26.0}",rayon,74.0,medium,philippine,PH,https://oldnavy.com.ph/collections/womens-dresses/products/flutter-sleeve-fit-flare-mini-dress-886424-white-floral,2026-04-08T07:22:30.034549,2026-04-08T07:22:30.034549,live,True
Old Navy,Fit & Flare Smocked-Bodice Midi Dress,dress,brightness of your screen Materials & Care • cotton twill • 100% cotton • machine wash according to the care instruction label Fit,"{""cotton"": 100.0}",cotton,100.0,high,philippine,PH,https://oldnavy.com.ph/collections/womens-dresses/products/fit-flare-smocked-bodice-midi-dress-898921-white-blue-stripe,2026-04-08T07:22:31.638275,2026-04-08T07:22:31.638275,live,True
Old Navy,Fit & Flare Cami Mini Dress,dress,pending on the brightness of your screen Materials & Care • 100% Cotton Better Cotton (Bci) • machine wash according to the care in,"{""cotton"": 100.0}",cotton,100.0,high,philippine,PH,https://oldnavy.com.ph/collections/womens-dresses/products/fit-flare-cami-mini-dress-843982-multi-floral,2026-04-08T07:22:33.572388,2026-04-08T07:22:33.572388,live,True
Old Navy,Puff-Sleeve Plaid Fit & Flare Taffeta Mini Dress,dress,pending on the brightness of your screen Materials & Care • 100% Polyester Recycled •  machine wash according to the care instruction,"{""polyester"": 100.0}",polyester,0.0,low,philippine,PH,https://oldnavy.com.ph/collections/womens-dresses/products/puff-sleeve-plaid-fit-flare-taffeta-mini-dress-843984-small-red-plaid,2026-04-08T07:22:43.185561,2026-04-08T07:22:43.185561,live,True
Old Navy,THE OCCASION by Old Navy Twist-Front Maxi Dress,dress,pending on the brightness of your screen Materials & Care • 92% Polyester Conventional • 8% Elastane Conventional Spandex Fit & Sizin,"{""polyester"": 92.0, ""elastane"": 8.0}",polyester,0.0,low,philippine,PH,https://oldnavy.com.ph/collections/womens-dresses/products/the-occasion-by-old-navy-twist-front-maxi-dress-759228-dusk-navy,2026-04-08T07:22:48.817544,2026-04-08T07:22:48.817544,live,True
Old Navy,Ruffle-Trim V-Neck Midi Dress,dress,pending on the brightness of your screen Materials & Care • 55% Cotton Better Cotton (Bci) • 45% Viscose Rayon • machine wash acco,"{""cotton"": 55.0, ""viscose"": 45.0}",cotton,100.0,high,philippine,PH,https://oldnavy.com.ph/collections/womens-dresses/products/ruffle-trim-v-neck-midi-dress-886515-arctic-depth,2026-04-08T07:22:56.284371,2026-04-08T07:22:56.284371,live,True
Old Navy,Waist-Defined Puff-Sleeve Smocked Embroidered Midi Dress for Women,dress,pending on the brightness of your screen Materials & Care • 53% cotton • 47% rayon • Machine wash cold • gentle cycle • hang dry.,"{""cotton"": 53.0, ""rayon"": 47.0}",cotton,100.0,high,philippine,PH,https://oldnavy.com.ph/collections/womens-dresses/products/waist-defined-puff-sleeve-smocked-embroidered-midi-dress-for-women-419296,2026-04-08T07:22:59.884064,2026-04-08T07:22:59.884064,live,True
Old Navy,Sleeveless Scoop-Neck Mini Swing Dress,dress,pending on the brightness of your screen Materials & Care • 100% Cotton Better Cotton (Bci) • machine wash according to the care in,"{""cotton"": 100.0}",cotton,100.0,high,philippine,PH,https://oldnavy.com.ph/collections/womens-dresses/products/sleeveless-scoop-neck-mini-swing-dress-896719-blue-retro-stripe,2026-04-08T07:23:01.534155,2026-04-08T07:23:01.534155,live,True
Old Navy,THE OCCASION by Old Navy Flutter-Sleeve Maxi Dress,dress,pending on the brightness of your screen Materials & Care • 98% Polyester Recycled • 2% Elastane Conventional Spandex Fit & Sizing •,"{""polyester"": 98.0, ""elastane"": 2.0}",polyester,0.0,low,philippine,PH,https://oldnavy.com.ph/collections/womens-dresses/products/the-occasion-by-old-navy-flutter-sleeve-maxi-dress-705394-bare-ground,2026-04-08T07:23:02.937684,2026-04-08T07:23:02.937684,live,True
Old Navy,Airy Smocked Jumpsuit,dress,pending on the brightness of your screen Materials & Care • 100% rayon • machine wash according to the care instruction label Fit,"{""rayon"": 100.0}",rayon,100.0,high,philippine,PH,https://oldnavy.com.ph/collections/womens-dresses/products/airy-smocked-jumpsuit-886487-large-blue-floral,2026-04-08T07:23:04.639532,2026-04-08T07:23:04.639532,live,True
Old Navy,THE OCCASION by Old Navy Fit & Flare Cami Mini Dress,dress,pending on the brightness of your screen Materials & Care • 100% Cotton Better Cotton (Bci) Fit & Sizing • fitted at top with a ful,"{""cotton"": 100.0}",cotton,100.0,high,philippine,PH,https://oldnavy.com.ph/collections/womens-dresses/products/the-occasion-by-old-navy-fit-flare-cami-mini-dress-705692-black-jack,2026-04-08T07:23:14.258639,2026-04-08T07:23:14.258639,live,True
Old Navy,PowerSoft Athletic Dress,dress,"pending on the brightness of your screen Materials & Care • 77% Polyester Recycled, 23% Elastane Conventional Spandex Fit & Sizing •","{""polyester"": 77.0, ""elastane"": 23.0}",polyester,0.0,low,philippine,PH,https://oldnavy.com.ph/collections/womens-dresses/products/powersoft-athletic-dress-749126-crayon-blue,2026-04-08T07:23:16.202892,2026-04-08T07:23:16.202892,live,True
Old Navy,Airy Smocked-Top Jumpsuit,top,pending on the brightness of your screen Materials & Care • 100% rayon • machine wash according to the care instruction label Fit,"{""rayon"": 100.0}",rayon,100.0,high,philippine,PH,https://oldnavy.com.ph/collections/womens-dresses/products/airy-smocked-top-jumpsuit-886488-russet-moon,2026-04-08T07:23:17.774730,2026-04-08T07:23:17.774730,live,True
Old Navy,THE OCCASION by Old Navy Satin Cowl Maxi Dress,dress,brightness of your screen Materials & Care • smooth satin • 100% polyester • machine wash according to the care instruction label • im,"{""polyester"": 100.0}",polyester,0.0,low,philippine,PH,https://oldnavy.com.ph/collections/womens-dresses/products/the-occasion-by-old-navy-satin-cowl-maxi-dress-759326-dawn-light,2026-04-08T07:23:20.973696,2026-04-08T07:23:20.973696,live,True
Old Navy,V-Neck Flutter-Sleeve Midi Dress,dress,our screen Materials & Care • lightweight textured fabric • 74% rayon • 26% nylon • machine wash according to the care instructio,"{""rayon"": 74.0, ""nylon"": 26.0}",rayon,74.0,medium,philippine,PH,https://oldnavy.com.ph/collections/womens-dresses/products/v-neck-flutter-sleeve-midi-dress-886516-calla-lily-2,2026-04-08T07:23:24.501373,2026-04-08T07:23:24.501373,live,True
Old Navy,Vintage Logo Graphic Sweatshirt,hoodie,pending on the brightness of your screen Materials & Care • 95% Cotton Conventional • 5% Elastane Conventional Spandex Fit & Sizin,"{""cotton"": 95.0, ""elastane"": 5.0}",cotton,95.0,high,philippine,PH,https://oldnavy.com.ph/collections/womens-sweatshirts-sweatpants/products/vintage-logo-graphic-sweatshirt-865020-medium-heather-gray,2026-04-08T07:23:27.785686,2026-04-08T07:23:27.785686,live,True
Old Navy,Oversized Cozy Waffle Henley Top,top,pending on the brightness of your screen Materials & Care • 62% Cotton Better Cotton (Bci) • 35% Polyester Conventional • 3% Elast,"{""cotton"": 62.0, ""polyester"": 35.0, ""elastane"": 3.0}",cotton,62.0,medium,philippine,PH,https://oldnavy.com.ph/collections/womens-sweatshirts-sweatpants/products/oversized-cozy-waffle-henley-top-804760-mushroom,2026-04-08T07:23:31.245317,2026-04-08T07:23:31.245317,live,True
Old Navy,Logo Zip Hoodie,hoodie,pending on the brightness of your screen Materials & Care • 95% Cotton Conventional • 5% Elastane Conventional Spandex Fit & Sizin,"{""cotton"": 95.0, ""elastane"": 5.0}",cotton,95.0,high,philippine,PH,https://oldnavy.com.ph/collections/womens-sweatshirts-sweatpants/products/logo-zip-hoodie-864993-wish-bone,2026-04-08T07:23:36.162609,2026-04-08T07:23:36.162609,live,True
Old Navy,Vintage Crew-Neck Logo-Graphic Sweatshirt,hoodie,pending on the brightness of your screen Materials & Care • 80% cotton •20% polyester •95% cotton • 5% spandex rib-knit trim • mac,"{""cotton"": 80.0, ""polyester"": 20.0}",cotton,80.0,medium,philippine,PH,https://oldnavy.com.ph/collections/womens-sweatshirts-sweatpants/products/vintage-crew-neck-logo-graphic-sweatshirt-808192-a-shore-thing,2026-04-08T07:23:56.819239,2026-04-08T07:23:56.819239,live,True
Old Navy,Logo Zip Hoodie Sweatshirt,hoodie,pending on the brightness of your screen Materials & Care • 95% Cotton Conventional • 5% Elastane Conventional Spandex Fit & Sizin,"{""cotton"": 95.0, ""elastane"": 5.0}",cotton,95.0,high,philippine,PH,https://oldnavy.com.ph/collections/womens-sweatshirts-sweatpants/products/logo-zip-hoodie-sweatshirt-864993-abalone-pink,2026-04-08T07:24:03.612872,2026-04-08T07:24:03.612872,live,True
Old Navy,Bounce Fleece Sweatshirt,hoodie,pending on the brightness of your screen Materials & Care • 55% Polyester Recycled • 29% Viscose Rayon Conventional • 11% Polyester C,"{""polyester"": 66.0, ""viscose"": 29.0, ""elastane"": 5.0}",polyester,29.0,low,philippine,PH,https://oldnavy.com.ph/collections/womens-sweatshirts-sweatpants/products/bounce-fleece-sweatshirt-784478-oatmeal-heather,2026-04-08T07:24:05.193522,2026-04-08T07:24:05.193522,live,True
Old Navy,Bounce Fleece Half-Zip Pullover Sweatshirt,hoodie,"pending on the brightness of your screen Materials & Care • 55% Polyester Recycled, 29% Viscose Rayon Conventional, 11% Polyester Con","{""polyester"": 66.0, ""viscose"": 29.0, ""elastane"": 5.0}",polyester,29.0,low,philippine,PH,https://oldnavy.com.ph/collections/womens-sweatshirts-sweatpants/products/bounce-fleece-half-zip-pullover-sweatshirt-583079-lakeshore,2026-04-08T07:24:07.044503,2026-04-08T07:24:07.044503,live,True
Old Navy,Disney© Minnie Mouse Vintage Sweatshirt,hoodie,pending on the brightness of your screen Materials & Care • 100% Cotton Better Cotton (Bci) • machine wash according to the care in,"{""cotton"": 100.0}",cotton,100.0,high,philippine,PH,https://oldnavy.com.ph/collections/womens-sweatshirts-sweatpants/products/disney-minnie-mouse-vintage-sweatshirt-843768-blush-on-you,2026-04-08T07:24:39.161418,2026-04-08T07:24:39.161418,live,True
Old Navy,Dynamic Fleece Oversized Tunic Sweatshirt,hoodie,pending on the brightness of your screen Materials & Care • 60% Cotton Better Cotton (Bci) • 40% Polyester Conventional • machine,"{""cotton"": 60.0, ""polyester"": 40.0}",cotton,60.0,medium,philippine,PH,https://oldnavy.com.ph/collections/womens-sweatshirts-sweatpants/products/dynamic-fleece-oversized-tunic-sweatshirt-784472-oatmeal-heather,2026-04-08T07:24:51.735906,2026-04-08T07:24:51.735906,live,True
Old Navy,StudioSmooth Crop Full Zip,top,"pending on the brightness of your screen Materials & Care • 82% Nylon Conventional, 18% Elastane Conventional Spandex • machine w","{""nylon"": 82.0, ""elastane"": 18.0}",nylon,0.0,low,philippine,PH,https://oldnavy.com.ph/collections/womens-activewear-tops/products/studiosmooth-crop-full-zip-663729-salt-marsh,2026-04-08T07:24:59.138365,2026-04-08T07:24:59.138365,live,True
Old Navy,Fluid Seamless Fitted Tank Top,top,ending on the brightness of your screen Materials & Care •  100% nylon •  machine wash according to the care instruction label Fit,"{""nylon"": 100.0}",nylon,0.0,low,philippine,PH,https://oldnavy.com.ph/collections/womens-activewear-tops/products/fluid-seamless-fitted-tank-top-848693-ancient-forest,2026-04-08T07:25:01.161167,2026-04-08T07:25:01.161167,live,True
Old Navy,Bounce Fleece Full-Zip Jacket,jacket,"pending on the brightness of your screen Materials & Care • 55% Polyester Recycled, 29% Viscose Rayon Conventional, 11% Polyester Con","{""polyester"": 66.0, ""viscose"": 29.0, ""elastane"": 5.0}",polyester,29.0,low,philippine,PH,https://oldnavy.com.ph/collections/womens-activewear-tops/products/bounce-fleece-full-zip-jacket-805759-black-coffee,2026-04-08T07:25:07.696660,2026-04-08T07:25:07.696660,live,True
Old Navy,CloudMotion Split-Back Top,top,pending on the brightness of your screen Materials & Care • 47% Polyester Recycled • 46% Polyester Conventional • 7% Elastane Convent,"{""polyester"": 93.0, ""elastane"": 7.0}",polyester,0.0,low,philippine,PH,https://oldnavy.com.ph/collections/womens-activewear-tops/products/cloudmotion-split-back-top-784481-dusk-bloom,2026-04-08T07:25:09.537654,2026-04-08T07:25:09.537654,live,True
Old Navy,CloudMotion Seamed T-Shirt,shirt,"pending on the brightness of your screen Materials & Care • 47% Polyester Recycled, 46% Polyester Conventional, 7% Elastane Conventio","{""polyester"": 93.0, ""elastane"": 7.0}",polyester,0.0,low,philippine,PH,https://oldnavy.com.ph/collections/womens-activewear-tops/products/cloudmotion-seamed-t-shirt-784479-black-jack,2026-04-08T07:25:18.594782,2026-04-08T07:25:18.594782,live,True
Old Navy,StudioSmooth Full-Zip Jacket,jacket,pending on the brightness of your screen Materials & Care • 82% nylon • 18% spandex • crease lines from packing can be easily rem,"{""nylon"": 82.0, ""elastane"": 18.0}",nylon,0.0,low,philippine,PH,https://oldnavy.com.ph/collections/womens-activewear-tops/products/studiosmooth-full-zip-jacket-884906-rosette,2026-04-08T07:26:07.406751,2026-04-08T07:26:07.406751,live,True
GQ,Aubyn - Natural Linen Relaxed Fit Trousers,pants,"oach to summer tailoring, the Aubyn trouser is crafted from 100% linen for a lightweight, breathable feel. Cut with a relaxed, tap","{""linen"": 100.0}",linen,100.0,high,philippine,PH,https://cna.st/p/aZVusrPUqGnXdib1q5jdtaoVHgny6cE6pUsNxXE62sn1MbmtG4LqEPUU35783kZN2QHbGPweRHY6gnywiVuzC5wPnV4RPJFBSNHWES6jQKEck4irLKq6NYF9mmdmEeox4icwKVvPnJeHY5UxycBv58AF15ujms7CKGAjjgDqeMpD9ChRTkTQsVH8jxrnce6oSeVzi3B3rwYZSiZPtb7RhjRswc3Q1Q7FC1L1Z1nTnFzR8mdHfGCDR4s1W3iKGGVAfMyFP7Ka1x68cg7JYhuQ7VnuVBtsoA3QU6BoDinnaakbAdLLPdXE8Y7Ah3nLduKom29jMw38X3cyjfyXndj4zxNwxhEAH73de7MVEpGLufwJiZkHbGebC7QP4931jMHjmEAeE9PRNxZgadvivnpM7YBdeyGfYSUR5ULMPGXGgxvoVVB2jJwLaSSHbXALHs2MLZvdWvMnYK8qKfuhu3RM7f1UogiB9xVtx2WsxaMus3,2026-04-08T07:27:17.413156,2026-04-08T07:27:17.413156,live,True
GQ,White Cotton Long Point Collar Dinner Shirt,shirt,"de shirting, and is ideal for pairing with our dinner suit. 100% Cotton Made in Our Factory in Somerset, England Concealed Placket","{""cotton"": 100.0}",cotton,100.0,high,philippine,PH,https://cna.st/p/2GmHeMjwwVgCNrBegUXbVVn4RM9mUcdaJjBroENvsFnuiMjH2oTp8Yq2kkuvaHnBAC1ZjTYps4HjuwJmiS2NryvLrKvnkfwFkUSnY8CqqWo3XA5NjhGwS8eEXgVRRQEZ1FFBnpjzjWtjx8tcD1d3ssJMRpjnNoArozL9wmVTDvgNb7GT2k7nzU8s22BZw85YKmgsEv1e7wqNgGYSMgURG4LQB5FcLUh6krnfTrP6xq7nhCo1S4x1XPbEf6UPuFSH8psLUi3ofFkpc5MJFBzhkTVdzqeGPFwAAgViHgTLxUuNn2SxQ8Fa7cLZHGFf2NRFWAJGxEr4FRBMRCSFDkwsCqtb8kiBPU8mNCiHETDTQReyTt7onT6Hjpq3DpDJyEgb4rqxYg1C1JkyqZj8ooqt2Z3mYJFWhRe2bnJPzELKJ9DT1cS9zWV3fez6rHPAsdGLqcRo8k2h5kprwjyGsGJfHhqau7bpnUrFivWLjkcg8x4wDoLgNdK,2026-04-08T07:27:20.207814,2026-04-08T07:27:20.207814,live,True
GQ,The Soho - Tailored-Fit Navy Wool 'A Suit To Travel In',suit,"the Suit To Travel in is crafted in Italy from a high-twist 100% wool cloth with water repellent, natural stretch and crease resi","{""wool"": 100.0}",wool,100.0,high,philippine,PH,https://cna.st/p/59MzXwwQy9Q71A7vzdMBU8XEU4qNowCbKFds4Y22vFFTW9or3uzEQ2SRHs4vHemVkHM7b18YACAQFD5Rm8sQ2qHDeeQT2zx7MVbZVDMFe4JYpDAeQdJd7VEWHgLg56LLLSWD9zUiJQRhfCY6bZuaenuR88Fcp53PN2jVPTxCbeqo7wEkBQkjoaMqg1YAnq2B8jR5S8pTHTvGWwuLfcXYMufemSkgnUztDZHk5DHu7MAvFQQj1xEHQGRddayWsJYyXWJz9f1m1HxgPZZtM51W6pyN9XjLgVJTzcB8UUgFgEvyNXWyWv738ioZpvzsFFyQypK3mDgd1Rfoy24jBQ7Jo88MmSKoomBHGctmrprdubsbPpLhehin7FAxrEonmYvHxJg85BXEyP5XZsg9MeWDT9zYtknLjj6ALpX5NEtahsucMeeyLghWmcGh5PeXbTnPo47ZKRqAZ5WJsJ3Hs2a8mCep6uRmoscz9Pur3k2ttte95Xv8yTj1kJ4FpME1KjT,2026-04-08T07:28:18.357550,2026-04-08T07:28:18.357550,live,True
GQ,Men’s Lightweight Hooded Sweatshirt Reverse Weave Light Grey,hoodie,"bric: Soft Reverse Terry Solid Colors 400 g/m² Composition: 82% Cotton, 18% Polyester Unbrushed Terry fabric Reverse Weave fabric:","{""cotton"": 82.0, ""polyester"": 18.0}",cotton,82.0,medium,philippine,PH,https://cna.st/p/34hCzmKur5YmMC99oeDXMLYvJgDeQEjzGgowZr4XkByZMC4cWycNWGjGsYrojWJVVE4zRa26XQYfAnoHNPG4qSpGmnYgDMzAked9RYtYuhQjvVu29RxzCX5Yd9YhtxNpMSVAy2XyyzD8KmZGTkBzNZN8GtVyEKybHfnF1uSygmXir3qShU8w7BAX6TZxh1Q6S4uJyiv4bTAeeeLQs1qE8yJLpw1Q7fW2B76xbccUwF4CMXYHEZ3tPg57hTMc9pt8bgaZmnBUQjKyRCLntY4Fq91zD1kLZWWgPE8Cky6mr89WzAbBD55GB7ZZGWxCZATM72bKWa7euPcgfdVyzxH85nzJ9vFhNpj9a9djMoNrgnZwVfbHhYiwsWAMDhrr3YQN8JM32pRUGrgNNt2mBJskNAETRpW97TGpV96e42YMtoKCTAnuxTgkcGDLUqLR8pGFSXgUbVE6rhtxQLey151cVTQauqP1wqAow8bmbPhuX558q28DCDn2DKLJdj87Wo1uwFMBcZ,2026-04-08T07:28:28.563441,2026-04-08T07:28:28.563441,live,True
GQ,Single Breasted Coat,jacket,"ial composition and care instructions Fabric details Shell: 51% Polyester - Recycled Fiber, 49% Polyester/ Lining: 100% Polyester/ Po","{""polyester"": 100.0}",polyester,0.0,low,philippine,PH,https://cna.st/p/44T8pouMBMznPWMkx6cq8vL4tqZL9peoysNzVSRGPQEBumUtceTzEJwuEmKiewnGgpKSJcWvCVvUK24FKzKxPFD1i6ZZBycAsbDwdcL41ZVLMDSKggZ2fT6cPcQVpk5VpquJ7X6AEsF3s8DNTW6vq5gjGaFDFLVPESrTRSZi3C8FVLDazARxGmToJmWajfG7v9y5mT4M9GajoxyXDzLhLNNhNp8n91rSsd2jo753FFxAzyxPdnuAPe7LTgj6i5p8tASrbokz6mvCa8dK8bxbQq6XDYrnfaWYYuxXk1uzER3xb7te4pJjBzKbGtaY56wXuqUg8Gvg8oKk2YRowL35m84aLGPCjxu1L614CuYdgz5UsGuhVYRb3WAQdpvjxm5cfoW3QgeWgKhy5JnVgFNNf8CSKQeYTqpPpYaYenkLqMAuGq5Zq8wxMZyEnQveHPYG2yDSPrg1wvEDuBYPXJUqddTG29nPhP5pfCP4nXGJC2iDDLf95bQHci7sQcwdms2QiVv3RPA5g9,2026-04-08T07:28:43.200955,2026-04-08T07:28:43.200955,live,True
GQ,247 regular work trousers,pants,"ight: 186 cm, Size Worn: 32W/32L Size chart Made with 8.3oz 100% cotton twill with an enzyme wash for a softened hand-feel Regular,","{""cotton"": 100.0}",cotton,100.0,high,philippine,PH,https://cna.st/p/DLbk5icZaC4DrNtCZHxcymZU4nQZGDTLiNSYAv4NDvM8XFRLEA3N19bSDQrPfgCUnp82jLGXzaoPShAgeVfYEr9RQLNkAXn3c4yUEcUUTmJVrz4Jc3rNq1DLH8nSiRovwSwAZKNXzEq84H799VJz8KMuVxpL2ZKEXe3rCafpgdAba9eFruCpNY9TBeznTrUBkxeq5PtwggZaJRckN9a8KPghST7ZVnR8tJGMM7XUy4XpkiV6r1KznuMpgy4CLgA484tC6rdWt5idiSSskfCveuVcaRzj3A6b5JzXGLseHNvnMcfT9usuqBgqBEWZiK86mKkQ2XKgxYX2tNRMJV26bihkMBHx7FY4pNJZyYbXEeDBNB8Bmxaf65btfa15fjgg6VFTFxuqbZmJ3D8EghecQM7ZUuRR59kzNjQYnxwHwGJSpKCvGJARgf5CUsy4QgfeaHB8HCvGumUYyecvRHp2WZ6rwd8mNXYPcEpJ92VTkBfuQ9uMVXVUjRrfzGvq,2026-04-08T07:28:47.218860,2026-04-08T07:28:47.218860,live,True
GQ,Come-Up-To-The-Studio Shirt,shirt,"2,800 Unit price / per Sale Sold out Add to bag Fabric Ecru 50% wool 50% cotton 108 gsm Italy 'Ecru Wool/Cotton Fine Twill' Deta","{""wool"": 50.0, ""cotton"": 50.0}",wool,100.0,high,philippine,PH,https://cna.st/p/hCp5wacPHYDYqLf3y6rRT8VXKhreo97ZpfWnsAaPkKr9L98ciZrDXoRXJkCgF5ASyqynnGwLrdwYFbUyPhSohyZRrqKhZFVbt5MY54SFvD7pKZt4xHrmLr3ktKERkYdNbsyxAdfxc7B63FwWJyDJXicSspjat1yeyg2kUAL3Zaa3XcBq8FBtmVLeVaqyVYyvFDVexdogoDV2XruvBRkCctsEKP33SCoQcvqGsQYfh3pSL2p5o1Dphxz5F2QRBXh7nUE2tm1MupH7NeuaRFEXYyevSp6P6FiwkVWWYTtLkBSxPxzfWnsJr4dZwChMn2DWRnRCFi1Mxvjm2ANBeJmXmBH6fiBRN3Bg9fRXXe7nkrUS9aYswP2hinMLSLj5kKyBkCu35yhGUzuTHfBBjT77HDmEMUZbxjGFM1LkMey7aS6FKePkmc6LfXYMx6qnuwGPo86woP2UwbwHNPD7yHARaiy4qohka6mkTd2ypXTh7PdzubYRcUeanLoDyZSy4DqbaoGwC8yK,2026-04-08T07:29:11.030051,2026-04-08T07:29:11.030051,live,True
GQ,Navy Perennial Tailored Fit Havana Suit,suit,"roduct Code C9669-S Material Pure Tropical Wool Composition 100% Wool Color Navy Woven by Vitale Barberis Canonico, Italy Care In","{""wool"": 100.0}",wool,100.0,high,philippine,PH,https://cna.st/p/hCp5wacPHYDYqLf3y6rRT8VXKhreo97ZpfWnsAaPkKr9L98ciZrDXoRXJkCyyytwmC2qVa1iTt2H34kUH1GjDdETjumo9Xpb9qnub3i1XmdNKT4EEg4XDnhhqFPJcsaEi2YSVvQMvMbWZk15HUqk8HdF3iFwHSbCWrf2nU4gitFnQ98ZBEHQsLdNwYSYPEtxZcpqbtXYpamyygerZdjKXHBnw7tYem8ZaxX73jfmTH8bCPRQCeQJbnfmkDgd5D4QJDz83TSqTQnneLE2xAqJqL9Ks4WoGfFNptZg34Y9ZhiFUPAs3f9V1yxJDno9G9Q11XAooZhdyQrXXFvHyEDrQ3VicRnW8aTGbduoMceuwLCR315WRod63fuXjggRzQhnF6yfhuD64soYPk2FV4cZ14eRaqQQh5JB2jmqgTGYdjTixZKehybQrJCUrRErczUKGkz93bocrsBHvcMcKWM9sMs6iVccrvwsLJJ5Pxbpo1BCMGVhnTGGgxLn378fC36GBMgBmro7,2026-04-08T07:29:30.871716,2026-04-08T07:29:30.871716,live,True
GQ,White Tailored Fit Essential Double Cuff Poplin Formal Shirt,shirt,"al occasion, it ensures a polished, authoritative presence. 100% Cotton Classic Poplin Weave Thomas Pink Cutaway Collar Double Cuff","{""cotton"": 100.0}",cotton,100.0,high,philippine,PH,https://cna.st/p/2privsRGdsZnsNWhgWEWQmsSm9SABQZTB5sfSj42amgjqvyqWtNubvDSW1cMjDGrG98Jp7H4qXCYawfxKEmK3SAti8K4x43sVipY9XRrixSKTwERQhjsn4TrEmTRbaV4DDPTNTumKPkkLY7z8DoBWGB5uSoEsYgAXkfiucNGKCSa3cffmm2XdEYhqRQyERWe2d2V87XzJjLszaKPmiJw7AVt2kKUZj9CrBJqu3kU4mTuSaSckaVNi8n3UAEAxEpD3VfCrinoNgVCFN3r3eZVdfo4z1yceKbeGFephqJpW8oQeXfVdR4UH52Ne3dMAVf9moijp9LLEcCgMMBRr9izD2KiQ12GLhzoqQYRmkNEtG6FzJ8T1AnZ1q4sRT3btmssLRP4nAS2ejypThre5vF6VwRjqmcjShHezJR9jw4ceR7wJqHfY1mUrpjFnHTJdKhrgPak8CzfKrjZfendPkefTj6TGjqqVD43Pd8FHEAXrsuSdSWpxQboSS99EdxQbpwm3EqKbBAN1mGZMHN1HiCzrf1Qafukz6canE2FctTv9irteyj,2026-04-08T07:29:57.227289,2026-04-08T07:29:57.227289,live,True
GQ,The Linen Trousers,pants,ets at the back. Release 2025 Version 2.0 Fiber composition 100% linen Fiber certification European flax Fabric construction Plain,"{""linen"": 100.0}",linen,100.0,high,philippine,PH,https://cna.st/p/24aLNwh3dUe58H6kdCwc2Uq5o1oQcqvYFLJWjpSgW8UxJYbW1oEE1SzuKgYZ5fqC516jEJta9JVzwdrD3DfVoNuh6diVnkeXdcUWL2WBNJKbv3a7ted5LKepzD2sDko8e9AQaxscrCS4xVXYuYbYMe8QDfnvLPkLWr65Fu4xNK8NaQmbkgWLoW1sFRjExAnaSrUQoLAZcs3QGbSVrDPDHhV81KVy4GCmHoYdeQMAf5iCHW4nrurnNbHwBXARcTiRffiPxcypF1LmAdL5VYKDDuyV8B1eWQVrSVRB7Yu4GidZVcECA1B8S8K9eE483qbGkksJamRoSYmKdNCcXLLynNbcMgUSuhdXNwjt7ejo5AJ6Ex9dP1kVcDAsUbPExEo87XyMLupYVQUevJHuUbmLuyajQ2LPHiG2yGw5BSzKQN4HERmgCm5Fr3HR6hVwe4pyRvG6N75kHDhNETEp21dBs,2026-04-08T07:30:18.394678,2026-04-08T07:30:18.394678,live,True
GQ,Loopback Hoodie,hoodie,"ting layer. Product Code: MHOD1525-BKAA Fabric & Care Main: 100% Cotton Ribs: 95% Cotton, 5% Elastane Gentle wash at 30°C Do not tu","{""cotton"": 100.0}",cotton,100.0,high,philippine,PH,https://cna.st/p/wTWM9pfxmVoDiwaz1XrVoZgJThQyQ9yG1bdiamBrg2TrCWePs4uRhevzHnJ4KXUMi6rGS87FBh6WTCzo6hDRBHmFBQk6xzbao4A7CTNUKQFnnKXXMWzniyobr9ABxp46Dg3m2iEJtaedVXUoKypA3urxLZGVpwbzeKXA51xcGvoN53V7RzyumSymzGKV3E65MeH2kSrjGWiLuZnpNNohK4ezPHxQFV9oehEm1cLEvKRmwLnVxbgjAXDizX7JaYoqKCnHbvV1prCSBWah9yVZ2BLnL1sKXA5V1QaVXPpwxGLSc1jcBqU6Ya8DTjHfj4GST87KiUzoVeKkHnu6jLEWZwdWh5NXZSz475PaypibYFgR6vVw5XHhx3sPTVtWNN8rc6eUW2SgJru1Ar7eY6MxFugpX7Ks5mFZiNMCgZXjArsJbgN6tNdRD7Bx6fhbXQatinNWBMuB1ByYxSJQATED1zqp7DzprJtXD1neWqJCDFuweQxh5AXFnnDQX6TJm,2026-04-08T07:31:44.565370,2026-04-08T07:31:44.565370,live,True
GQ,Vigo - Natural Linen Double-Breasted Blazer,blazer,"ss take on formal dressing, the Vigo blazer is crafted from 100% linen in an unstructured double-breasted silhouette. It features","{""linen"": 100.0}",linen,100.0,high,philippine,PH,https://cna.st/p/A7JTwxeUFd5Ck8AyrsGGxmHtH26p5ZejnEiBqyYahdSdn7pwmJs7vCRb47cqDmrARvkWmVJqqm1ysjgci8qXGVkZtw6bDmqYwBtgo9sQDhYc41X4FnMZw1bdX2eeckNhUcMVce2b5et8zEvEpBiw11zumBCGL6VtcSku3Utva9Xw8XYgF6oP6pGCpKmPi96cP3Ax21nTJzxQtEvCNGv1T8GmCCvqMPutAREuKyvcSnztMTuW6civ6G8VU3hjfzVc7ANFvjRmuZgEGWGRY1GQUWWtVHNGE3QrS4iZqYTFXaVQiCwzNuYH6w7icXxY1ryNMzYuZDYbuMxFBoJJT6gCv1aB4T8JSc97uV5F2JDaXdYKAsWDVfE15kL1Y7HWhhCji6hPkxGSEp1YQFjEiRfuo7Gn11dhG4t3b8qYfFi24Rr4oqU61Xh1rD8BuZPXzjmXXtighPcALL8JmtK8XiTAioBhzmtqYcTta1kWc263dmAfxvAtiQmnEVd7tWqKuuRc1CpD533,2026-04-08T07:31:52.821580,2026-04-08T07:31:52.821580,live,True
No Emotions,THE MIA BLOUSE,shirt,hat. fit and fabric Fits true to size Sheer silky chiffon - 100% polyester Made in Turkey Shipping UK Standard: Royal Mail Tracked 48,"{""polyester"": 100.0}",polyester,0.0,low,philippine,PH,https://www.noemotions.co.uk/products/khaki-sheer-smocked-blouse,2026-04-08T07:38:14.014664,2026-04-08T07:38:14.014664,live,True
No Emotions,THE MIA TOP,top,ric Size up to fit a larger bust size Sheer silky chiffon - 100% polyester Made in Turkey Shipping UK Standard: Royal Mail Tracked 48,"{""polyester"": 100.0}",polyester,0.0,low,philippine,PH,https://www.noemotions.co.uk/products/sheer-burgundy-chiffon-top,2026-04-08T07:38:15.035060,2026-04-08T07:38:15.035060,live,True
No Emotions,THE JULIA TROUSERS,pants,ocket Work to evening style for the ultimate in flexibility 51% Wool 49% Polyester Made in Turkey Shipping UK Standard: Royal Ma,"{""wool"": 51.0, ""polyester"": 49.0}",wool,51.0,medium,philippine,PH,https://www.noemotions.co.uk/products/navy-pinstripe-tailored-trousers,2026-04-08T07:38:18.319566,2026-04-08T07:38:18.319566,live,True
No Emotions,THE EVA TOP,top,Gently puffed sleeves Curved bound hem for flattering shape 100% polyester taffeta Made in Romania Shipping UK Standard: Royal Mail Tr,"{""polyester"": 100.0}",polyester,0.0,low,philippine,PH,https://www.noemotions.co.uk/products/champagne-satin-cropped-puff-sleeve-top,2026-04-08T07:38:22.934835,2026-04-08T07:38:22.934835,live,True
No Emotions,THE MIA SKIRT,skirt,ity. fit and fabric Fits true to size Sheer silky chiffon - 100% polyester Made in Turkey Shipping UK Standard: Royal Mail Tracked 48,"{""polyester"": 100.0}",polyester,0.0,low,philippine,PH,https://www.noemotions.co.uk/products/sheer-burgundy-chiffon-maxi-skirt,2026-04-08T07:38:24.746998,2026-04-08T07:38:24.746998,live,True
No Emotions,THE COCO SHIRT,shirt,ue asymmetric design Deep cuffs with double buttons Made in 100% cotton fit and fabric Size up as comes up small Elevated classic w,"{""cotton"": 100.0}",cotton,100.0,high,philippine,PH,https://www.noemotions.co.uk/products/white-asymmetric-collar-blouse,2026-04-08T07:38:26.269599,2026-04-08T07:38:26.269599,live,True
No Emotions,THE BESSIE TOP,top,"Gentle ruching at sides with asymmetric hem Made in premium 100% modal fit and fabric Fits true to size Clean, timeless silhouette","{""modal"": 100.0}",modal,100.0,high,philippine,PH,https://www.noemotions.co.uk/products/grey-asymmetric-long-sleeve-top,2026-04-08T07:38:27.823423,2026-04-08T07:38:27.823423,live,True
No Emotions,THE KATE JACKET,jacket,the waist Structured shoulders Eyelet and strap tie detail 100% polyester Made in Romania Shipping UK Standard: Royal Mail Tracked 48,"{""polyester"": 100.0}",polyester,0.0,low,philippine,PH,https://www.noemotions.co.uk/products/olive-green-structured-wrap-jacket,2026-04-08T07:38:29.716471,2026-04-08T07:38:29.716471,live,True
No Emotions,THE CLAUDIA TROUSERS,pants,"d, straight leg trousers Side zip for flattering silhouette 100% polyester Made in Romania Shipping UK Standard: Royal Mail Tracked 48","{""polyester"": 100.0}",polyester,0.0,low,philippine,PH,https://www.noemotions.co.uk/products/dark-grey-tailored-straight-leg-trousers,2026-04-08T07:38:35.479219,2026-04-08T07:38:35.479219,live,True
No Emotions,THE CLAUDIA TOP,top,a matching set. fit and fabric Fits true to size Boxy shape 100% polyester Made in Romania Shipping UK Standard: Royal Mail Tracked 48,"{""polyester"": 100.0}",polyester,0.0,low,philippine,PH,https://www.noemotions.co.uk/products/dark-grey-fitted-puff-sleeve-top,2026-04-08T07:38:45.303958,2026-04-08T07:38:45.303958,live,True
No Emotions,THE KATE KILT,skirt,mmetric style with box pleats Eyelet detail with strap ties 100% polyester Made in Romania Shipping UK Standard: Royal Mail Tracked 48,"{""polyester"": 100.0}",polyester,0.0,low,philippine,PH,https://www.noemotions.co.uk/products/olive-green-pleated-wrap-midi-skirt,2026-04-08T07:38:52.336375,2026-04-08T07:38:52.336375,live,True
No Emotions,THE CINDY SHIRT,shirt,ine and side gathers Deep cuffs with double buttons Made in 97% cotton and 3% elastane fit and fabric Fits true to size Ruched nec,"{""cotton"": 97.0, ""elastane"": 3.0}",cotton,97.0,high,philippine,PH,https://www.noemotions.co.uk/products/white-mandarin-collar-blouse,2026-04-08T07:39:06.903785,2026-04-08T07:39:06.903785,live,True
No Emotions,THE JEANNE DRESS,dress,"sizing up, particularly if you have a sizeable bust Made in 97% cotton 3% elastane Made in Turkey Shipping UK Standard: Royal Mail","{""cotton"": 97.0, ""elastane"": 3.0}",cotton,97.0,high,philippine,PH,https://www.noemotions.co.uk/products/slate-grey-asymmetric-midi-dress,2026-04-08T07:39:39.349810,2026-04-08T07:39:39.349810,live,True
No Emotions,COLOURS OF NO EMOTIONS TEE,t-shirt,size up for a looser fit Machine wash on gentle temperature 95% cotton 5% elastane Made in Turkey Shipping UK Standard: Royal Mail,"{""cotton"": 95.0, ""elastane"": 5.0}",cotton,95.0,high,philippine,PH,https://www.noemotions.co.uk/products/colours-of-no-emotions-tee,2026-04-08T07:40:04.283361,2026-04-08T07:40:04.283361,live,True
No Emotions,Linen Trousers,pants,", mid waisted. Model is UK8 and 5'6"" | She wears size small 100% linen Machine wash with similar colours cold and iron on reverse","{""linen"": 100.0}",linen,100.0,high,philippine,PH,https://www.noemotions.co.uk/products/ivory-linen-trousers,2026-04-08T07:40:08.738655,2026-04-08T07:40:08.738655,live,True
No Emotions,ASYMMETRIC TOP,top,"nt, making it a great choice for any season. fit and fabric 96% Bamboo & 4% Elastane Machine wash with similar colours at 30º and","{""bamboo"": 96.0, ""elastane"": 4.0}",bamboo,96.0,high,philippine,PH,https://www.noemotions.co.uk/products/magenta-bamboo-asymmetric-top,2026-04-08T07:40:10.935937,2026-04-08T07:40:10.935937,live,True
No Emotions,BOMBER JACKET,jacket,trimmed with khaki detail fit and fabric Fits true to size 90% cotton & 10% elastane Shipping UK Standard: Royal Mail Tracked 48,"{""cotton"": 90.0, ""elastane"": 10.0}",cotton,90.0,high,philippine,PH,https://www.noemotions.co.uk/products/black-cord-jacket,2026-04-08T07:40:13.814366,2026-04-08T07:40:13.814366,live,True
No Emotions,Linen Shirt,shirt,"ur button loops Pair with khaki linen shorts fit and fabric 100% Linen. Machine wash cold with similar colours, hang to dry and wa","{""linen"": 100.0}",linen,100.0,high,philippine,PH,https://www.noemotions.co.uk/products/khaki-linen-shirt,2026-04-08T07:40:23.538161,2026-04-08T07:40:23.538161,live,True
No Emotions,Linen Shorts,shorts,"ons Pair with khaki linen shirt fit and fabric True to size 100% linen Machine wash cold with similar colours, hang to dry and war","{""linen"": 100.0}",linen,100.0,high,philippine,PH,https://www.noemotions.co.uk/products/khaki-linen-shorts-1,2026-04-08T07:40:57.127974,2026-04-08T07:40:57.127974,live,True
No Emotions,THE NAOMI TROUSERS,pants,ile - just like their namesake. fit and fabric True to size 35% silk 65%viscose Made in China Shipping UK Standard: Royal Mail T,"{""silk"": 35.0, ""viscose"": 65.0}",viscose,100.0,high,philippine,PH,https://www.noemotions.co.uk/products/chocolate-brown-satin-wide-leg-trousers,2026-04-08T07:42:37.960846,2026-04-08T07:42:37.960846,live,True
Frank and Eileen,T-Shirt Cardigan,shirt,"d signature raw edge hem. Fits true to size Vintage Jersey, 100% Cotton Description This sophisticated style has all the hallmarks","{""cotton"": 100.0}",cotton,100.0,high,philippine,PH,https://www.frankandeileen.com/collections/spring-clothes/products/jackie-lazuli-blue-vintage-jersey,2026-04-08T07:45:19.373597,2026-04-08T07:45:19.373597,live,True
Frank and Eileen,Maxi Shirtdress,jeans,"loose fit in a maxi-length. Fits true to size Famous Denim, 100% Cotton Description Rory is everything we ever wanted in a full-len","{""cotton"": 100.0}",cotton,100.0,high,philippine,PH,https://www.frankandeileen.com/products/rory-black-famous-denim?variant=39515599110218,2026-04-08T07:45:20.576007,2026-04-08T07:45:20.576007,live,True
Frank and Eileen,Classic Pullover Sweater,knitwear,"or and shape no matter how many times you wash and wear it. 100% Cotton Our cotton is spun in Egypt, then brought to life in Italy—","{""cotton"": 100.0}",cotton,100.0,high,philippine,PH,https://www.frankandeileen.com/products/montecito-sweater-marine-pure-italian-cotton?variant=40764052242506,2026-04-08T07:45:22.333219,2026-04-08T07:45:22.333219,live,True
Frank and Eileen,Oversized Tee,t-shirt,"Runs large by design, if in doubt size down Vintage Jersey, 100% Cotton Description Every closet needs a crewneck tee, dialed up wi","{""cotton"": 100.0}",cotton,100.0,high,philippine,PH,https://www.frankandeileen.com/collections/spring-clothes/products/presley-british-royal-navy-vintage-jersey,2026-04-08T07:45:24.174796,2026-04-08T07:45:24.174796,live,True
Frank and Eileen,Polo Dress,dress,"xed fit in a mini-length. Fits true to size Vintage Jersey, 100% Cotton Description While this style is inspired by the preppy polo","{""cotton"": 100.0}",cotton,100.0,high,philippine,PH,https://www.frankandeileen.com/collections/spring-clothes/products/lauren-dive-blue-vintage-jersey,2026-04-08T07:45:27.577934,2026-04-08T07:45:27.577934,live,True
Frank and Eileen,Classic Shirtdress,jeans,"laxed fit in a mini length. Fits true to size Famous Denim, 100% Cotton Description Consider Mary your four-seasons favorite. Ridic","{""cotton"": 100.0}",cotton,100.0,high,philippine,PH,https://www.frankandeileen.com/products/mary-classic-blue-tattered-wash-famous-denim?variant=39638558933066,2026-04-08T07:45:33.298604,2026-04-08T07:45:33.298604,live,True
Frank and Eileen,Everyday Barrel Jean,jeans,". Runs small, if in doubt size up California Vintage Denim, 73% Cotton, 25% Lyocell, 2% Elastane Description Brennan is the barrel","{""cotton"": 73.0, ""lyocell"": 25.0, ""elastane"": 2.0}",cotton,98.0,high,philippine,PH,https://www.frankandeileen.com/products/brennan-white-california-vintage-denim?variant=43122957058122,2026-04-08T07:45:35.149698,2026-04-08T07:45:35.149698,live,True
Frank and Eileen,Short-Sleeve Button-Up Shirt,shirt,"pped, relaxed fit. Fits true to size Italian Classic Linen, 100% Linen Description Say hello to the short-sleeve button-up you ask","{""linen"": 100.0}",linen,100.0,high,philippine,PH,https://www.frankandeileen.com/collections/spring-clothes/products/rosie-multi-stripe-italian-classic-linen,2026-04-08T07:45:36.623295,2026-04-08T07:45:36.623295,live,True
Frank and Eileen,Relaxed Button-Up Shirt,shirt,". Designed for a relaxed fit. Fits true to size Tana Lawn™, 100% Cotton Description Eileen’s relaxed fit looks phenomenal on every","{""cotton"": 100.0}",cotton,100.0,high,philippine,PH,https://www.frankandeileen.com/products/eileen-neon-florals-made-with-liberty-fabric?variant=42065863573578,2026-04-08T07:45:40.170037,2026-04-08T07:45:40.170037,live,True
Frank and Eileen,Long-Sleeve Crewneck Tee,t-shirt,"htly cropped relaxed fit. Fits true to size Vintage Jersey, 100% Cotton Description A relaxed fit and raw hem add an understated, l","{""cotton"": 100.0}",cotton,100.0,high,philippine,PH,https://www.frankandeileen.com/products/quinn-dive-blue-vintage-jersey?variant=43123037667402,2026-04-08T07:45:46.901644,2026-04-08T07:45:46.901644,live,True
Frank and Eileen,Utility Dress,dress,"a mini length. Fits true to size Italian Performance Linen, 50% Cotton, 48% Linen, 2% Elastane Description Meet the casually eleva","{""cotton"": 50.0, ""linen"": 48.0, ""elastane"": 2.0}",cotton,98.0,high,philippine,PH,https://www.frankandeileen.com/collections/spring-clothes/products/ireland-dress-cement-italian-performance-linen,2026-04-08T07:45:52.002946,2026-04-08T07:45:52.002946,live,True
Frank and Eileen,Gabi Shirt & Madeline Pant,shirt,"or sightseeing in Positano. Fits true to size Washed Linen, 100% Linen Description The Positano Getaway Set pairs our flowy Gabi t","{""linen"": 100.0}",linen,100.0,high,philippine,PH,https://www.frankandeileen.com/collections/spring-clothes/products/positano-getaway-set-sand,2026-04-08T07:45:55.544827,2026-04-08T07:45:55.544827,live,True
Frank and Eileen,Sweatshirt Cardigan,hoodie,"and signature raw edge hem. Fits true to size Triple Terry, 100% Cotton Description This sophisticated style has all the hallmarks","{""cotton"": 100.0}",cotton,100.0,high,philippine,PH,https://www.frankandeileen.com/products/jackie-lemon-yellow-triple-terry?variant=43123050709066,2026-04-08T07:46:08.498876,2026-04-08T07:46:08.498876,live,True
Frank and Eileen,Jackie Cardigan & Kennedy Mini Skirt,skirt,"Rhode Island look and feel. Fits true to size Triple Terry, 100% Cotton Description Our Kennedy skirt paired with our casually eleg","{""cotton"": 100.0}",cotton,100.0,high,philippine,PH,https://www.frankandeileen.com/collections/spring-clothes/products/newport-travel-set-white,2026-04-08T07:46:18.198369,2026-04-08T07:46:18.198369,live,True
Frank and Eileen,Polo dress,dress,"xed fit in a mini-length. Fits true to size Vintage Jersey, 100% Cotton Description While this style is inspired by the preppy polo","{""cotton"": 100.0}",cotton,100.0,high,philippine,PH,https://www.frankandeileen.com/products/lauren-british-royal-navy-vintage-jersey?variant=31894978396234,2026-04-08T07:47:12.909733,2026-04-08T07:47:12.909733,live,True
Frank and Eileen,Popover Henley Maxi Dress,dress,"xed fit in a maxi-length. Fits true to size Vintage Jersey, 100% Cotton Description Inspired by our best-selling Popover Henley, Em","{""cotton"": 100.0}",cotton,100.0,high,philippine,PH,https://www.frankandeileen.com/collections/spring-clothes/products/emma-lazuli-blue-vintage-jersey,2026-04-08T07:47:24.110146,2026-04-08T07:47:24.110146,live,True
Frank and Eileen,Tailored Button-Up Shirt,shirt,"arance and a full-bodied hand for a more structured fabric. 100% Cotton. Our cotton is sourced from the U.S., spun in Egypt, woven","{""cotton"": 100.0}",cotton,100.0,high,philippine,PH,https://www.frankandeileen.com/products/barry-white-superluxe?variant=39716105846858,2026-04-08T07:47:50.205912,2026-04-08T07:47:50.205912,live,True
Frank and Eileen,NYC Button-Up Tee,t-shirt,"nic yet understated look. Fits true to size Vintage Jersey, 100% Cotton Description Waverly is the cool button-up we all want, insp","{""cotton"": 100.0}",cotton,100.0,high,philippine,PH,https://www.frankandeileen.com/products/waverly-white-vintage-jersey?variant=43213598228554,2026-04-08T07:51:54.915572,2026-04-08T07:51:54.915572,live,True
Frank and Eileen,Short-Sleeve Popover Henley,top,"htly cropped relaxed fit. Fits true to size Vintage Jersey, 100% Cotton Description Consider Patty the short-sleeved sibling to Pat","{""cotton"": 100.0}",cotton,100.0,high,philippine,PH,https://www.frankandeileen.com/collections/tops/products/patty-green-and-white-stripe-vintage-jersey,2026-04-08T07:51:57.886758,2026-04-08T07:51:57.886758,live,True
Frank and Eileen,NYC Crewneck Tee,t-shirt,"raw hem adds an understated, lived-in look. Vintage Jersey, 100% Cotton Description Co-created for House of Frank & Eileen by the i","{""cotton"": 100.0}",cotton,100.0,high,philippine,PH,https://www.frankandeileen.com/collections/tops/products/perry-black-vintage-jersey,2026-04-08T07:52:16.151292,2026-04-08T07:52:16.151292,live,True
Frank and Eileen,Funnel Neck Capelet,top,". Designed for a loose fit. Fits true to size Triple Terry, 100% Cotton Description This airy capelet is perfect for those hint-of-","{""cotton"": 100.0}",cotton,100.0,high,philippine,PH,https://www.frankandeileen.com/collections/tops/products/audrey-black-triple-terry,2026-04-08T07:52:22.182701,2026-04-08T07:52:22.182701,live,True
Frank and Eileen,Untuckable Button-Up Shirt,shirt,"arance and a full-bodied hand for a more structured fabric. 100% Cotton. Our cotton is sourced from the U.S., spun in Egypt, woven","{""cotton"": 100.0}",cotton,100.0,high,philippine,PH,https://www.frankandeileen.com/products/silvio-white-superluxe?variant=32673718698058,2026-04-08T07:52:28.957385,2026-04-08T07:52:28.957385,live,True
Frank and Eileen,Popover Shirt,shirt,"ghtly cropped, relaxed fit. Fits true to size Washed Linen, 100% Linen Description Gabi's continuous, three-quarter-length sleeve","{""linen"": 100.0}",linen,100.0,high,philippine,PH,https://www.frankandeileen.com/products/gabi-white-washed-linen?variant=42065891819594,2026-04-08T07:52:30.792453,2026-04-08T07:52:30.792453,live,True
Frank and Eileen,Ruffle Collar Button-Up Shirt,shirt,"Designed for a relaxed fit. Fits true to size Famous Denim, 100% Cotton Description Eileen is our best-selling button-up for a reas","{""cotton"": 100.0}",cotton,100.0,high,philippine,PH,https://www.frankandeileen.com/collections/tops/products/eileen-ruffle-vintage-stonewashed-indigo-famous-denim,2026-04-08T07:52:31.820103,2026-04-08T07:52:31.820103,live,True
Frank and Eileen,Popover Henley,top,"htly cropped relaxed fit. Fits true to size Vintage Jersey, 100% Cotton Description Our runaway hit Popover Henley has a slight dro","{""cotton"": 100.0}",cotton,100.0,high,philippine,PH,https://www.frankandeileen.com/collections/tops/products/patrick-white-vintage-jersey,2026-04-08T07:52:38.650690,2026-04-08T07:52:38.650690,live,True
Frank and Eileen,Popover Henley Tank,top,"htly cropped relaxed fit. Fits true to size Vintage Jersey, 100% Cotton Description Olivia has all the preppy perfection of our bes","{""cotton"": 100.0}",cotton,100.0,high,philippine,PH,https://www.frankandeileen.com/collections/tops/products/olivia-birdie-green-vintage-jersey,2026-04-08T07:53:31.207469,2026-04-08T07:53:31.207469,live,True
Frank and Eileen,Sleeveless Layering Button-Up Shirt,shirt,"Designed for a relaxed fit. Fits true to size Washed Linen, 100% Linen Description Finley will be your layering hero! This sleevel","{""linen"": 100.0}",linen,100.0,high,philippine,PH,https://www.frankandeileen.com/collections/tops/products/finley-white-washed-linen,2026-04-08T07:53:42.865370,2026-04-08T07:53:42.865370,live,True
Frank and Eileen,Sweatshirt Button-Up,hoodie,"Designed for a relaxed fit. Fits true to size Triple Terry, 100% Cotton Description Eileen’s relaxed fit looks phenomenal on every","{""cotton"": 100.0}",cotton,100.0,high,philippine,PH,https://www.frankandeileen.com/collections/tops/products/eileen-british-royal-navy-triple-terry,2026-04-08T07:54:08.862364,2026-04-08T07:54:08.862364,live,True
Frank and Eileen,Oversized Button-Up Shirt,shirt,"zed fit. Runs large, if in doubt size down Everyday Poplin, 100% Cotton Description Inspired by Frank and Eileen's beloved daughter","{""cotton"": 100.0}",cotton,100.0,high,philippine,PH,https://www.frankandeileen.com/products/shirley-white-everyday-poplin,2026-04-08T07:56:14.615843,2026-04-08T07:56:14.615843,live,True
Frank and Eileen,Ruffle Collar Shirtdress,dress,"laxed fit in a mini length. Fits true to size Famous Denim, 100% Cotton Description We’ve added a fresh, elegant ruffle collar to o","{""cotton"": 100.0}",cotton,100.0,high,philippine,PH,https://www.frankandeileen.com/collections/dresses/products/mary-ruffle-white-famous-denim,2026-04-08T07:58:22.279327,2026-04-08T07:58:22.279327,live,True
Frank and Eileen,Perfect Tee Dress,dress,"ini-length. Runs small, if in doubt size up Vintage Jersey, 100% Cotton Description Imagine the most perfect crew neck tee as an ea","{""cotton"": 100.0}",cotton,100.0,high,philippine,PH,https://www.frankandeileen.com/collections/dresses/products/mini-harper-wide-navy-french-stripe-vintage-jersey,2026-04-08T07:58:26.815247,2026-04-08T07:58:26.815247,live,True
Frank and Eileen,Popover Henley Tank Maxi Dress,dress,"ready to throw on and go. Fits true to size Vintage Jersey, 100% Cotton Description Inspired by the sporty-chic ease of our best-se","{""cotton"": 100.0}",cotton,100.0,high,philippine,PH,https://www.frankandeileen.com/products/lily-british-royal-navy-vintage-jersey?variant=43123044843594,2026-04-08T07:58:28.494890,2026-04-08T07:58:28.494890,live,True
Frank and Eileen,Hooded Maxi Dress,dress,"laxed fit in a maxi-length. Fits true to size Triple Terry, 100% Cotton Description Consider James the effortlessly cool dress vers","{""cotton"": 100.0}",cotton,100.0,high,philippine,PH,https://www.frankandeileen.com/products/james-dark-green-triple-terry?variant=42361868582986,2026-04-08T07:58:35.280413,2026-04-08T07:58:35.280413,live,True
Frank and Eileen,Step-Hem Shirtdress,dress,"in a mini length. Fits true to size Italian Classic Linen, 100% Linen Description Think of the Hunter as our quintessential shirt","{""linen"": 100.0}",linen,100.0,high,philippine,PH,https://www.frankandeileen.com/collections/dresses/products/hunter-blue-check-italian-classic-linen,2026-04-08T07:58:44.752963,2026-04-08T07:58:44.752963,live,True
Frank and Eileen,One-Size Maxi Shirtdress,dress,"t in a maxi length. Designed to fit oversized Washed Linen, 100% Linen Description Megan is the easiest one-size-flatters-all dres","{""linen"": 100.0}",linen,100.0,high,philippine,PH,https://www.frankandeileen.com/collections/dresses/products/megan-white-washed-linen,2026-04-08T07:58:47.089051,2026-04-08T07:58:47.089051,live,True
Frank and Eileen,Vintage Muscle Tee Maxi Dress,dress,"signed for a relaxed fit. Fits true to size Vintage Jersey, 100% Cotton Description Meet the longer version of our best-selling Vin","{""cotton"": 100.0}",cotton,100.0,high,philippine,PH,https://www.frankandeileen.com/collections/dresses/products/cory-navy-french-stripe-vintage-jersey,2026-04-08T07:58:51.509741,2026-04-08T07:58:51.509741,live,True
Frank and Eileen,Popover Henley Tank Dress,dress,"xed fit in a mini-length. Fits true to size Vintage Jersey, 100% Cotton Description Inspired by the preppy perfection of our best-s","{""cotton"": 100.0}",cotton,100.0,high,philippine,PH,https://www.frankandeileen.com/products/mini-lily-british-royal-navy-vintage-jersey?variant=41904320217162,2026-04-08T07:58:54.485344,2026-04-08T07:58:54.485344,live,True
Frank and Eileen,Sleeveless Popover Dress,dress,"h. Runs large, if in doubt size down Italian Classic Linen, 100% Linen Description Introducing Daphne, an outrageously effortless,","{""linen"": 100.0}",linen,100.0,high,philippine,PH,https://www.frankandeileen.com/products/daphne-spring-bouquet-italian-classic-linen?variant=43122965381194,2026-04-08T07:59:26.173797,2026-04-08T07:59:26.173797,live,True
Frank and Eileen,Sleeveless Maxi Shirtdress,dress,"loose fit in a maxi-length. Fits true to size Famous Denim, 100% Cotton Description Our new sleeveless sibling to best-selling Rory","{""cotton"": 100.0}",cotton,100.0,high,philippine,PH,https://www.frankandeileen.com/collections/dresses/products/rory-sleeveless-vintage-stonewashed-indigo-famous-denim,2026-04-08T07:59:27.774368,2026-04-08T07:59:27.774368,live,True
Frank and Eileen,Sweatshirt Mini Skirt,skirt,"unging, or running errands. Fits true to size Triple Terry, 100% Cotton Description With an A-line silhouette that hits just above","{""cotton"": 100.0}",cotton,100.0,high,philippine,PH,https://www.frankandeileen.com/collections/shop-all/products/kennedy-white-triple-terry,2026-04-08T08:04:48.468328,2026-04-08T08:04:48.468328,live,True
Frank and Eileen,Cropped Sweatshirt Peacoat,hoodie,"Designed for a relaxed fit. Fits true to size Triple Terry, 100% Cotton Description Our Belfast Sweatshirt Peacoat was love at firs","{""cotton"": 100.0}",cotton,100.0,high,philippine,PH,https://www.frankandeileen.com/collections/new-arrivals/products/mini-belfast-fog-triple-terry,2026-04-08T08:07:08.580139,2026-04-08T08:07:08.580139,live,True
Made by Fade,Iconic Boxy Fit T-Shirt Black,shirt,"yle from Fade's essentials collection for men. Crafted from 100% cotton, this t-shirt offers a luxurious feel and exceptional comfo","{""cotton"": 100.0}",cotton,100.0,high,philippine,PH,https://madebyfade.com/collections/tops/products/fade-iconic-boxy-fit-t-shirt-black,2026-04-08T08:12:34.239883,2026-04-08T08:12:34.239883,live,True
Made by Fade,Essential Sweatshirt Off-White,hoodie,"xude modern sophistication. Crafted from a premium blend of 75% cotton, 20% polyester, and 5% spandex, the stretch cotton fabric e","{""cotton"": 75.0, ""polyester"": 20.0, ""elastane"": 5.0}",cotton,75.0,medium,philippine,PH,https://madebyfade.com/collections/tops/products/fade-essential-sweatshirt-off-white,2026-04-08T08:12:35.661015,2026-04-08T08:12:35.661015,live,True
Made by Fade,Iconic Sweatshirt Black,hoodie,"entials collection for men. Crafted from a premium blend of 75% cotton, 20% polyester, and 5% spandex, this sweatshirt offers a lu","{""cotton"": 75.0, ""polyester"": 20.0, ""elastane"": 5.0}",cotton,75.0,medium,philippine,PH,https://madebyfade.com/collections/tops/products/fade-iconic-sweatshirt-black,2026-04-08T08:12:38.077338,2026-04-08T08:12:38.077338,live,True
Made by Fade,Signature Sweatshirt Black,hoodie,"iew details THE COMPOSITION Crafted from a premium blend of 85% cotton and 15% polyester, the Fade Signature Sweatshirt in Black o","{""cotton"": 85.0, ""polyester"": 15.0}",cotton,85.0,high,philippine,PH,https://madebyfade.com/collections/tops/products/signature-sweatshirt-black,2026-04-08T08:12:43.356440,2026-04-08T08:12:43.356440,live,True
Made by Fade,Essential Slim T-Shirt White,shirt,"designed for everyday wear. Crafted from a premium blend of 95% cotton and 5% spandex, it offers a comfortable, tailored fit. Fini","{""cotton"": 95.0, ""elastane"": 5.0}",cotton,95.0,high,philippine,PH,https://madebyfade.com/collections/tops/products/essential-slim-fit-t-shirt-white,2026-04-08T08:12:44.604694,2026-04-08T08:12:44.604694,live,True
Made by Fade,Iconic Boxy Fit T-Shirt Stone,shirt,"yle from Fade's essentials collection for men. Crafted from 100% cotton, this t-shirt offers a luxurious feel and exceptional comfo","{""cotton"": 100.0}",cotton,100.0,high,philippine,PH,https://madebyfade.com/collections/tops/products/fade-iconic-boxy-fit-t-shirt-stone,2026-04-08T08:12:46.974119,2026-04-08T08:12:46.974119,live,True
Made by Fade,Iconic Badge Slim Fit T-Shirt White,shirt,"elegance for everyday wear. Crafted from a premium blend of 95% cotton and 5% spandex, this t-shirt offers superior comfort and a","{""cotton"": 95.0, ""elastane"": 5.0}",cotton,95.0,high,philippine,PH,https://madebyfade.com/collections/tops/products/fade-iconic-badge-slim-fit-t-shirt-white,2026-04-08T08:12:48.374967,2026-04-08T08:12:48.374967,live,True
Made by Fade,Essential Sweatshirt Black,hoodie,"red for a modern aesthetic. Crafted from a premium blend of 75% cotton, 20% polyester, and 5% spandex, the stretch cotton fabric e","{""cotton"": 75.0, ""polyester"": 20.0, ""elastane"": 5.0}",cotton,75.0,medium,philippine,PH,https://madebyfade.com/collections/tops/products/fade-essential-sweatshirt-black,2026-04-08T08:12:50.680868,2026-04-08T08:12:50.680868,live,True
Made by Fade,Signature Slim Fit T-Shirt Grey,shirt,"refined everyday essential, crafted from a premium blend of 95% cotton and 5% spandex for all-day comfort and a tailored silhouett","{""cotton"": 95.0, ""elastane"": 5.0}",cotton,95.0,high,philippine,PH,https://madebyfade.com/collections/tops/products/signature-slim-fit-t-shirt-grey,2026-04-08T08:12:51.841285,2026-04-08T08:12:51.841285,live,True
Made by Fade,Essential Hooded Sweatshirt Grey,hoodie,"al Hooded Sweatshirt Green. Crafted from a premium blend of 75% cotton, 20% polyester, and 5% spandex, this sweatshirt offers a lu","{""cotton"": 75.0, ""polyester"": 20.0, ""elastane"": 5.0}",cotton,75.0,medium,philippine,PH,https://madebyfade.com/collections/tops/products/fade-essential-hooded-sweatshirt-green,2026-04-08T08:12:52.821335,2026-04-08T08:12:52.821335,live,True
Made by Fade,Iconic Sweatshirt Grey,hoodie,"entials collection for men. Crafted from a premium blend of 75% cotton, 20% polyester, and 5% spandex, this sweatshirt offers a lu","{""cotton"": 75.0, ""polyester"": 20.0, ""elastane"": 5.0}",cotton,75.0,medium,philippine,PH,https://madebyfade.com/collections/tops/products/fade-iconic-sweatshirt-green,2026-04-08T08:12:54.226637,2026-04-08T08:12:54.226637,live,True
Made by Fade,Iconic Badge Slim Fit T-Shirt Grey,shirt,"entials collection for men. Crafted from a premium blend of 95% cotton and 5% spandex, this t-shirt offers exceptional comfort and","{""cotton"": 95.0, ""elastane"": 5.0}",cotton,95.0,high,philippine,PH,https://madebyfade.com/collections/tops/products/fade-iconic-badge-slim-fit-t-shirt-grey,2026-04-08T08:12:55.437904,2026-04-08T08:12:55.437904,live,True
Made by Fade,Signature Slim Fit T-Shirt Black,shirt,"this premium tee is crafted from a soft, stretchy blend of 95% cotton and 5% spandex for a tailored, comfortable fit. It features","{""cotton"": 95.0, ""elastane"": 5.0}",cotton,95.0,high,philippine,PH,https://madebyfade.com/collections/tops/products/signature-slim-fit-t-shirt-black,2026-04-08T08:12:58.370962,2026-04-08T08:12:58.370962,live,True
Made by Fade,Signature Quarter Zip Black,top,"iew details THE COMPOSITION Crafted from a premium blend of 85% cotton and 15% polyester, the Fade Signature Quarter Zip Black off","{""cotton"": 85.0, ""polyester"": 15.0}",cotton,85.0,high,philippine,PH,https://madebyfade.com/collections/tops/products/signature-quarter-zip-black,2026-04-08T08:13:01.635557,2026-04-08T08:13:01.635557,live,True
Made by Fade,Iconic Badge Slim Fit T-Shirt Stone,shirt,"entials collection for men. Crafted from a premium blend of 95% cotton and 5% spandex, this t-shirt offers exceptional comfort and","{""cotton"": 95.0, ""elastane"": 5.0}",cotton,95.0,high,philippine,PH,https://madebyfade.com/collections/tops/products/fade-iconic-badge-slim-fit-t-shirt-stone,2026-04-08T08:13:04.223382,2026-04-08T08:13:04.223382,live,True
Made by Fade,Iconic Badge Slim Fit T-Shirt Black,shirt,"dge Slim Fit T-shirt Black .Crafted from a premium blend of 95% cotton and 5% spandex, this t-shirt offers exceptional comfort wit","{""cotton"": 95.0, ""elastane"": 5.0}",cotton,95.0,high,philippine,PH,https://madebyfade.com/collections/tops/products/fade-iconic-badge-slim-fit-t-shirt-black,2026-04-08T08:13:05.501986,2026-04-08T08:13:05.501986,live,True
Made by Fade,Signature Sweatshirt Grey,hoodie,"iew details THE COMPOSITION Crafted from a premium blend of 85% cotton and 15% polyester, the Fade Signature Sweatshirt in Grey of","{""cotton"": 85.0, ""polyester"": 15.0}",cotton,85.0,high,philippine,PH,https://madebyfade.com/collections/tops/products/signature-sweatshirt-grey,2026-04-08T08:13:06.524000,2026-04-08T08:13:06.524000,live,True
Made by Fade,Essential Hooded Sweatshirt Black,hoodie,"al Hooded Sweatshirt Black. Crafted from a premium blend of 75% cotton, 20% polyester, and 5% spandex, this sweatshirt offers a lu","{""cotton"": 75.0, ""polyester"": 20.0, ""elastane"": 5.0}",cotton,75.0,medium,philippine,PH,https://madebyfade.com/collections/tops/products/fade-essential-hooded-sweatshirt-black,2026-04-08T08:13:07.952133,2026-04-08T08:13:07.952133,live,True
Made by Fade,Signature Hooded Sweatshirt Black,hoodie,"iew details THE COMPOSITION Crafted from a premium blend of 85% cotton and 15% polyester, the Fade Signature Hooded Sweatshirt in","{""cotton"": 85.0, ""polyester"": 15.0}",cotton,85.0,high,philippine,PH,https://madebyfade.com/collections/tops/products/signature-hooded-sweatshirt-black,2026-04-08T08:13:08.956200,2026-04-08T08:13:08.956200,live,True
Made by Fade,Essential Slim T-Shirt Black,shirt,"designed for everyday wear. Crafted from a premium blend of 95% cotton and 5% spandex, it offers a soft feel with a slim, tailored","{""cotton"": 95.0, ""elastane"": 5.0}",cotton,95.0,high,philippine,PH,https://madebyfade.com/collections/tops/products/essential-slim-fit-t-shirt-black,2026-04-08T08:13:11.913105,2026-04-08T08:13:11.913105,live,True
Made by Fade,Signature Hooded Sweatshirt Grey,hoodie,"iew details THE COMPOSITION Crafted from a premium blend of 85% cotton and 15% polyester, the Fade Signature Hooded Sweatshirt in","{""cotton"": 85.0, ""polyester"": 15.0}",cotton,85.0,high,philippine,PH,https://madebyfade.com/collections/tops/products/signature-hooded-sweatshirt-grey,2026-04-08T08:13:14.890309,2026-04-08T08:13:14.890309,live,True
Made by Fade,Iconic Midnight Slim Fit Jeans,jeans,"ic Midnight Slim Fit Jeans. Crafted from a premium blend of 98% Cotton and 2% Elastane, these jeans feature exquisite details like","{""cotton"": 98.0, ""elastane"": 2.0}",cotton,98.0,high,philippine,PH,https://madebyfade.com/collections/new/products/fade-iconic-midnight-slim-fit-jeans,2026-04-08T08:14:09.315438,2026-04-08T08:14:09.315438,live,True
Made by Fade,Iconic Sky Slim Fit Jeans,jeans,"Iconic Sky Slim Fit Jeans. Crafted from a premium blend of 98% Cotton and 2% Elastane, these jeans feature exquisite details such","{""cotton"": 98.0, ""elastane"": 2.0}",cotton,98.0,high,philippine,PH,https://madebyfade.com/collections/new/products/fade-iconic-sky-slim-fit-jeans,2026-04-08T08:14:10.456382,2026-04-08T08:14:10.456382,live,True
Made by Fade,Iconic Smoke Slim Fit Jeans,jeans,"conic Smoke Slim Fit Jeans. Crafted from a premium blend of 98% Cotton and 2% Elastane, these jeans feature exquisite details such","{""cotton"": 98.0, ""elastane"": 2.0}",cotton,98.0,high,philippine,PH,https://madebyfade.com/collections/new/products/fade-iconic-smoke-slim-fit-jeans,2026-04-08T08:14:11.851561,2026-04-08T08:14:11.851561,live,True
Made by Fade,Fadeflex Ash Slim Fit Jeans Grey,jeans,"ur Fadeflex Ash Jeans Grey. Crafted from a premium blend of 98% Cotton and 2% Elastane, these jeans feature exquisite details such","{""cotton"": 98.0, ""elastane"": 2.0}",cotton,98.0,high,philippine,PH,https://madebyfade.com/collections/new/products/iconic-supersoft-jeans-charcoal,2026-04-08T08:14:14.618237,2026-04-08T08:14:14.618237,live,True
Made by Fade,Iconic Dusk Slim Fit Jeans,jeans,"conic Dusk Slim Fit Jeans . Crafted from a premium blend of 98% Cotton and 2% Elastane, these jeans feature exquisite details such","{""cotton"": 98.0, ""elastane"": 2.0}",cotton,98.0,high,philippine,PH,https://madebyfade.com/collections/new/products/fade-iconic-dusk-slim-fit-jeans,2026-04-08T08:14:17.312437,2026-04-08T08:14:17.312437,live,True
Made by Fade,Fadeflex Cinder Slim Fit Jeans Black,jeans,"adeflex Cinder Jeans Black. Crafted from a premium blend of 98% Cotton and 2% Elastane, these jeans feature exquisite details such","{""cotton"": 98.0, ""elastane"": 2.0}",cotton,98.0,high,philippine,PH,https://madebyfade.com/collections/new/products/iconic-supersoft-jeans-black,2026-04-08T08:14:19.753275,2026-04-08T08:14:19.753275,live,True
Made by Fade,Essential Mid Wash Slim Tapered Jeans,jeans,"ed Jeans are a modern wardrobe staple, crafted from premium 98% cotton and 2% elastane for a comfortable, flexible fit. Designed w","{""cotton"": 98.0, ""elastane"": 2.0}",cotton,98.0,high,philippine,PH,https://madebyfade.com/collections/new/products/essential-mid-wash-slim-tapered-jeans,2026-04-08T08:14:26.166556,2026-04-08T08:14:26.166556,live,True
Made by Fade,Fadeflex Moss Slim Fit Jeans Green,jeans,"Fadeflex Moss Jeans Green. Crafted from a premium blend of 98% Cotton and 2% Elastane, these jeans feature exquisite details such","{""cotton"": 98.0, ""elastane"": 2.0}",cotton,98.0,high,philippine,PH,https://madebyfade.com/collections/new/products/iconic-supersoft-jeans-green,2026-04-08T08:14:29.367631,2026-04-08T08:14:29.367631,live,True
Made by Fade,Essential Dark Wash Slim Tapered Jeans,jeans,"ay versatility with a clean, modern edge. Made from premium 98% cotton and 2% elastane, they offer comfort and flexibility with po","{""cotton"": 98.0, ""elastane"": 2.0}",cotton,98.0,high,philippine,PH,https://madebyfade.com/collections/new/products/essential-dark-wash-slim-tapered-jeans,2026-04-08T08:14:33.161045,2026-04-08T08:14:33.161045,live,True
Made by Fade,Iconic Storm Skinny Fit Jeans,jeans,"ce timeless sophistication. Crafted from a premium blend of 98% Cotton and 2% Elastane, these jeans offer the perfect blend of com","{""cotton"": 98.0, ""elastane"": 2.0}",cotton,98.0,high,philippine,PH,https://madebyfade.com/collections/bottoms/products/fade-iconic-storm-skinny-fit-jeans,2026-04-08T08:14:37.074274,2026-04-08T08:14:37.074274,live,True
Made by Fade,Iconic Shadow Wax Coated Slim Fit Jeans,jeans,"et timeless sophistication. Crafted from a premium blend of 98% Cotton and 2% Elastane, these jeans offer the perfect blend of com","{""cotton"": 98.0, ""elastane"": 2.0}",cotton,98.0,high,philippine,PH,https://madebyfade.com/collections/bottoms/products/fade-iconic-shadow-wax-coated-slim-fit-jeans,2026-04-08T08:14:39.485475,2026-04-08T08:14:39.485475,live,True
Made by Fade,Iconic Flow Slim Fit Jeans,jeans,"ce timeless sophistication. Crafted from a premium blend of 98% Cotton and 2% Elastane, these jeans offer the perfect blend of com","{""cotton"": 98.0, ""elastane"": 2.0}",cotton,98.0,high,philippine,PH,https://madebyfade.com/collections/bottoms/products/fade-iconic-flow-slim-fit-jeans,2026-04-08T08:14:40.730960,2026-04-08T08:14:40.730960,live,True
Made by Fade,Iconic Carbon Slim Fit Jeans,jeans,"th our Iconic Carbon-Jeans. Crafted from a premium blend of 98% Cotton and 2% Elastane, these jeans feature exquisite details such","{""cotton"": 98.0, ""elastane"": 2.0}",cotton,98.0,high,philippine,PH,https://madebyfade.com/collections/bottoms/products/iconic-carbon-slim-fit-jeans,2026-04-08T08:14:46.102778,2026-04-08T08:14:46.102778,live,True
Made by Fade,Iconic Rogue Wax Coated Slim Fit Jeans,jeans,"et timeless sophistication. Crafted from a premium blend of 98% Cotton and 2% Elastane, these jeans offer the perfect blend of com","{""cotton"": 98.0, ""elastane"": 2.0}",cotton,98.0,high,philippine,PH,https://madebyfade.com/collections/bottoms/products/fade-iconic-rogue-wax-coated-slim-fit-jeans,2026-04-08T08:14:52.537297,2026-04-08T08:14:52.537297,live,True
Made by Fade,Iconic Graphite Slim Fit Jeans,jeans,"our Iconic Graphite Jeans. Crafted from a premium blend of 98% Cotton and 2% Elastane, these jeans feature unique details like th","{""cotton"": 98.0, ""elastane"": 2.0}",cotton,98.0,high,philippine,PH,https://madebyfade.com/collections/bottoms/products/iconic-graphite-slim-fit-jeans,2026-04-08T08:14:57.668580,2026-04-08T08:14:57.668580,live,True
Made by Fade,Iconic Matte Skinny Fit Jeans,jeans,"ith our Iconic Matte Jeans. Crafted from a premium blend of 98% Cotton and 2% Elastane, these jeans feature exquisite details like","{""cotton"": 98.0, ""elastane"": 2.0}",cotton,98.0,high,philippine,PH,https://madebyfade.com/collections/bottoms/products/iconic-matte-skinny-fit-jeans,2026-04-08T08:14:59.839303,2026-04-08T08:14:59.839303,live,True
Made by Fade,Essential Cargo Pants Black,pants,"t and refined style. Crafted with precision from a blend of 98% cotton and 2% elastane, these joggers redefine the essence of ever","{""cotton"": 98.0, ""elastane"": 2.0}",cotton,98.0,high,philippine,PH,https://madebyfade.com/collections/bottoms/products/fade-essential-cargo-pants-black,2026-04-08T08:15:00.857228,2026-04-08T08:15:00.857228,live,True
Made by Fade,Essential Cargo Pants Stone,pants,"t and refined style. Crafted with precision from a blend of 98% cotton and 2% elastane, these joggers redefine the essence of ever","{""cotton"": 98.0, ""elastane"": 2.0}",cotton,98.0,high,philippine,PH,https://madebyfade.com/collections/bottoms/products/fade-essential-cargopants-stone,2026-04-08T08:15:07.339360,2026-04-08T08:15:07.339360,live,True
Gaui,The Ivy Wide-Leg Trousers - WhiteThe Ivy Wide-Leg Trousers,pants,"no stretch, no compression, slightly sheer (lighter colors) 95% polyester, 5% spandex Wash and Care: cold wash, dry on low heat, cool","{""polyester"": 95.0, ""elastane"": 5.0}",polyester,0.0,low,philippine,PH,https://shopgaui.com/products/the-ivy-wide-leg-trousers-white,2026-04-08T08:15:30.084336,2026-04-08T08:15:30.084336,live,True
Gaui,Lace Demi Tank - Strawberries & CreamLace Demi Tank,top,"h stretch, low compression, slightly sheer (lighter colors) 94% rayon, 6% spandex Wash and Care: cold wash, dry on low heat, cool","{""rayon"": 94.0, ""elastane"": 6.0}",rayon,94.0,high,philippine,PH,https://shopgaui.com/collections/tops-gaui/products/micro-ribbed-camisole-tank-strawberries-cream,2026-04-08T08:15:32.268159,2026-04-08T08:15:32.268159,live,True
Gaui,Classic Cami - True NavyClassic Cami,top,"bbed: high stretch, low compression, sheer (lighter colors) 94% rayon, 6% spandex Wash and Care: cold wash, dry on low heat, cool","{""rayon"": 94.0, ""elastane"": 6.0}",rayon,94.0,high,philippine,PH,https://shopgaui.com/collections/tops-gaui/products/classic-cami-true-navy,2026-04-08T08:15:35.739694,2026-04-08T08:15:35.739694,live,True
Gaui,Classic Tube Top - PistachioClassic Tube Top,top,"ape Matte-Mist: high stretch, medium compression, not sheer 95% polyester & 5% Spandex Wash and Care: cold wash, dry on low heat, coo","{""polyester"": 95.0, ""elastane"": 5.0}",polyester,0.0,low,philippine,PH,https://shopgaui.com/collections/tops-gaui/products/classic-tube-top-pistachio,2026-04-08T08:15:38.235831,2026-04-08T08:15:38.235831,live,True
Gaui,Relaxed Baby Tee - BlackRelaxed Baby Tee,t-shirt,"lite: slight stretch, no compression, not sheer, breathable 95% Cotton, 5% Spandex Wash and Care: cold wash, dry on low heat, cool","{""cotton"": 95.0, ""elastane"": 5.0}",cotton,95.0,high,philippine,PH,https://shopgaui.com/collections/tops-gaui/products/relaxed-baby-tee-black,2026-04-08T08:15:42.106160,2026-04-08T08:15:42.106160,live,True
Gaui,Mist Short Sleeve T-Shirt - True NavyMist Short Sleeve T-Shirt,shirt,"ook Matte-Mist: high stretch, medium compression, not sheer 95% polyester, 5% spandex Wash and Care: cold wash, dry on low heat, cool","{""polyester"": 95.0, ""elastane"": 5.0}",polyester,0.0,low,philippine,PH,https://shopgaui.com/collections/tops-gaui/products/mist-short-sleeve-t-shirt-true-navy,2026-04-08T08:15:43.810439,2026-04-08T08:15:43.810439,live,True
Gaui,T-Shape Tank Top - PistachioT-Shape Tank Top,top,"bbed: high stretch, low compression, sheer (lighter colors) 94% rayon, 6% spandex Wash and Care: cold wash, dry on low heat, cool","{""rayon"": 94.0, ""elastane"": 6.0}",rayon,94.0,high,philippine,PH,https://shopgaui.com/collections/tops-gaui/products/t-shape-tank-top-pistachio,2026-04-08T08:15:45.672280,2026-04-08T08:15:45.672280,live,True
Gaui,Mist Short Sleeve T-Shirt - WhiteMist Short Sleeve T-Shirt,shirt,"ook Matte-Mist: high stretch, medium compression, not sheer 95% polyester, 5% spandex Wash and Care: cold wash, dry on low heat, cool","{""polyester"": 95.0, ""elastane"": 5.0}",polyester,0.0,low,philippine,PH,https://shopgaui.com/collections/tops-gaui/products/mist-short-sleeve-t-shirt-white,2026-04-08T08:15:47.557894,2026-04-08T08:15:47.557894,live,True
Gaui,Mist Short Sleeve T-Shirt - PistachioMist Short Sleeve T-Shirt,shirt,"ook Matte-Mist: high stretch, medium compression, not sheer 95% polyester, 5% spandex Wash and Care: cold wash, dry on low heat, cool","{""polyester"": 95.0, ""elastane"": 5.0}",polyester,0.0,low,philippine,PH,https://shopgaui.com/collections/tops-gaui/products/mist-short-sleeve-t-shirt-pistachio,2026-04-08T08:15:49.527871,2026-04-08T08:15:49.527871,live,True
Gaui,Classic Plunge Tank - WhiteClassic Plunge Tank,top,"retch, medium compression,  slightly sheer (lighter colors) 95% polyester & 5% Spandex Wash and Care: cold wash, dry on low heat, coo","{""polyester"": 95.0, ""elastane"": 5.0}",polyester,0.0,low,philippine,PH,https://shopgaui.com/collections/tops-gaui/products/classic-plunge-tank-white,2026-04-08T08:15:51.260366,2026-04-08T08:15:51.260366,live,True
Gaui,Drop Shoulder Sweatshirt - BlackDrop Shoulder Sweatshirt,hoodie,"ior, natural cotton fibers, breathable, moisture absorption 100% Cotton Wash and Care: cold wash, dry on low heat, cool iron if nee","{""cotton"": 100.0}",cotton,100.0,high,philippine,PH,https://shopgaui.com/collections/tops-gaui/products/drop-shoulder-sweatshirt-black,2026-04-08T08:15:52.752463,2026-04-08T08:15:52.752463,live,True
Gaui,Classic Cami - Light Heather GrayClassic Cami,top,"bbed: high stretch, low compression, sheer (lighter colors) 94% rayon, 6% spandex Wash and Care: cold wash, dry on low heat, cool","{""rayon"": 94.0, ""elastane"": 6.0}",rayon,94.0,high,philippine,PH,https://shopgaui.com/collections/tops-gaui/products/classic-cami-light-heather-gray,2026-04-08T08:15:54.587133,2026-04-08T08:15:54.587133,live,True
Gaui,Crew Cross-Back Tank - WhiteCrew Cross-Back Tank,top,"igh stretch, low-medium compression, sheer (lighter colors) 96% cotton, 4% spandex Wash and Care: cold wash, dry on low heat, cool","{""cotton"": 96.0, ""elastane"": 4.0}",cotton,96.0,high,philippine,PH,https://shopgaui.com/collections/tops-gaui/products/crew-form-ribbed-cross-back-tank-top-white,2026-04-08T08:15:55.820497,2026-04-08T08:15:55.820497,live,True
Gaui,Rounded Plunge Tank - True NavyRounded Plunge Tank,top,"bric: high stretch, low compression, sheer (lighter colors) 94% rayon, 6% spandex Wash and Care: cold wash, dry on low heat, cool","{""rayon"": 94.0, ""elastane"": 6.0}",rayon,94.0,high,philippine,PH,https://shopgaui.com/collections/tops-gaui/products/round-neck-micro-ribbed-tank-top-navy,2026-04-08T08:15:57.212074,2026-04-08T08:15:57.212074,live,True
Gaui,Lace Demi Tank - ShortcakeLace Demi Tank,top,"h stretch, low compression, slightly sheer (lighter colors) 94% rayon, 6% spandex Wash and Care: cold wash, dry on low heat, cool","{""rayon"": 94.0, ""elastane"": 6.0}",rayon,94.0,high,philippine,PH,https://shopgaui.com/collections/tops-gaui/products/micro-ribbed-camisole-tank-shortcake,2026-04-08T08:15:58.687649,2026-04-08T08:15:58.687649,live,True
Gaui,Rounded Plunge Tank - Light Heather GrayRounded Plunge Tank,top,"h stretch, low compression, slightly sheer (lighter colors) 94% rayon, 6% spandex Wash and Care: cold wash, dry on low heat, cool","{""rayon"": 94.0, ""elastane"": 6.0}",rayon,94.0,high,philippine,PH,https://shopgaui.com/collections/tops-gaui/products/rounded-plunge-tank-light-heather-gray,2026-04-08T08:16:00.019237,2026-04-08T08:16:00.019237,live,True
Gaui,Mist Short Sleeve T-Shirt - BlackMist Short Sleeve T-Shirt,shirt,"ook Matte-Mist: high stretch, medium compression, not sheer 95% polyester, 5% spandex Wash and Care: cold wash, dry on low heat, cool","{""polyester"": 95.0, ""elastane"": 5.0}",polyester,0.0,low,philippine,PH,https://shopgaui.com/collections/tops-gaui/products/mist-short-sleeve-t-shirt-black,2026-04-08T08:16:01.892845,2026-04-08T08:16:01.892845,live,True
Gaui,T-Shape Tank Top - True NavyT-Shape Tank Top,top,"bbed: high stretch, low compression, sheer (lighter colors) 94% rayon, 6% spandex Wash and Care: cold wash, dry on low heat, cool","{""rayon"": 94.0, ""elastane"": 6.0}",rayon,94.0,high,philippine,PH,https://shopgaui.com/collections/tops-gaui/products/t-shape-tank-top-true-navy,2026-04-08T08:16:03.643882,2026-04-08T08:16:03.643882,live,True
Gaui,Relaxed Baby Tee - WhiteRelaxed Baby Tee,t-shirt,"stretch, no compression, breathable, sheer (lighter colors) 95% Cotton, 5% Spandex Size and Fit: True to size Size & Fit Size and","{""cotton"": 95.0, ""elastane"": 5.0}",cotton,95.0,high,philippine,PH,https://shopgaui.com/products/relaxed-baby-tee-white,2026-04-08T08:16:05.513775,2026-04-08T08:16:05.513775,live,True
Gaui,Rounded Plunge Tank - ShortcakeRounded Plunge Tank,top,"h stretch, low compression, slightly sheer (lighter colors) 94% rayon, 6% spandex Wash and Care: cold wash, dry on low heat, cool","{""rayon"": 94.0, ""elastane"": 6.0}",rayon,94.0,high,philippine,PH,https://shopgaui.com/collections/tops-gaui/products/round-neck-micro-ribbed-tank-top-shortcake,2026-04-08T08:16:07.023768,2026-04-08T08:16:07.023768,live,True
Gaui,TwoTone Reframe Long Sleeve Top - BlackTwoTone Reframe Long Sleeve Top,top,"h stretch, low compression, slightly sheer (lighter colors) 94% rayon, 6% spandex Wash and Care: cold wash, dry on low heat, cool","{""rayon"": 94.0, ""elastane"": 6.0}",rayon,94.0,high,philippine,PH,https://shopgaui.com/collections/tops-gaui/products/two-tone-reframe-long-sleeve-top-black,2026-04-08T08:16:08.512627,2026-04-08T08:16:08.512627,live,True
Gaui,Classic Plunge Tank - PistachioClassic Plunge Tank,top,"retch, medium compression,  slightly sheer (lighter colors) 95% polyester & 5% Spandex Wash and Care: cold wash, dry on low heat, coo","{""polyester"": 95.0, ""elastane"": 5.0}",polyester,0.0,low,philippine,PH,https://shopgaui.com/collections/tops-gaui/products/classic-plunge-tank-pistachio,2026-04-08T08:16:10.661424,2026-04-08T08:16:10.661424,live,True
Gaui,Crewneck Oversized Sweatshirt - BlackCrewneck Oversized Sweatshirt,hoodie,"rovides warmth and comfort, breathable, moisture absorption 100% Cotton Ribbing: 97% Cotton & 3% spandex Wash and Care: cold wash,","{""cotton"": 100.0}",cotton,100.0,high,philippine,PH,https://shopgaui.com/collections/tops-gaui/products/crewneck-oversized-sweatshirt-black,2026-04-08T08:16:11.979889,2026-04-08T08:16:11.979889,live,True
Gaui,Classic Plunge Tank - BlackClassic Plunge Tank,top,"retch, medium compression,  slightly sheer (lighter colors) 95% polyester & 5% Spandex Wash and Care: cold wash, dry on low heat, coo","{""polyester"": 95.0, ""elastane"": 5.0}",polyester,0.0,low,philippine,PH,https://shopgaui.com/collections/tops-gaui/products/classic-plunge-tank-black,2026-04-08T08:16:13.234706,2026-04-08T08:16:13.234706,live,True
Gaui,Reframe Long Sleeve Top - IcewaterReframe Long Sleeve Top,top,"h stretch, low compression, slightly sheer (lighter colors) 94% rayon, 6% spandex Wash and Care: cold wash, dry on low heat, cool","{""rayon"": 94.0, ""elastane"": 6.0}",rayon,94.0,high,philippine,PH,https://shopgaui.com/collections/tops-gaui/products/reframe-long-sleeve-top-icewater,2026-04-08T08:16:14.963875,2026-04-08T08:16:14.963875,live,True
Gaui,V-Shape Long Sleeve T-Shirt - WhiteV-Shape Long Sleeve T-Shirt,shirt,"gnature Fabric: high stretch, medium compression, not sheer 95% polyester, 5% spandex Wash and Care:&nbsp;cold wash, dry on low heat,","{""polyester"": 95.0, ""elastane"": 5.0}",polyester,0.0,low,philippine,PH,https://shopgaui.com/collections/tops/products/v-shape-long-sleeve-t-shirt-white,2026-04-08T08:16:20.319870,2026-04-08T08:16:20.319870,live,True
Gaui,Air-Sleep Dream Cami - CelesteAir-Sleep Dream Cami,top,"w stretch, low compression, slightly sheer (lighter colors) 93% cotton, 7% spandex Wash and Care: cold wash, dry on low heat, cool","{""cotton"": 93.0, ""elastane"": 7.0}",cotton,93.0,high,philippine,PH,https://shopgaui.com/collections/tops/products/air-sleep-dream-cami-celeste,2026-04-08T08:16:22.575643,2026-04-08T08:16:22.575643,live,True
Gaui,Air-Sleep Ease Tank Top - LuneAir-Sleep Ease Tank Top,top,"w stretch, low compression, slightly sheer (lighter colors) 93% cotton, 7% spandex Wash and Care: cold wash, dry on low heat, cool","{""cotton"": 93.0, ""elastane"": 7.0}",cotton,93.0,high,philippine,PH,https://shopgaui.com/collections/tops/products/air-sleep-ease-tank-top-lune,2026-04-08T08:16:25.690609,2026-04-08T08:16:25.690609,live,True
Gaui,Refined Sleeveless Turtleneck T-Shirt - Vintage BerryRefined Sleeveless Turtleneck T-Shirt,shirt,"gnature Fabric: high stretch, medium compression, not sheer 95% polyester, 5% spandex Wash and Care: cold wash, dry on low heat, cool","{""polyester"": 95.0, ""elastane"": 5.0}",polyester,0.0,low,philippine,PH,https://shopgaui.com/collections/tops/products/refined-sleeveless-turtleneck-t-shirt-vintage-berry,2026-04-08T08:16:27.312942,2026-04-08T08:16:27.312942,live,True
Gaui,Mist Long Sleeve T-Shirt - BlackMist Long Sleeve T-Shirt,shirt,"gnature Fabric: high stretch, medium compression, not sheer 95% polyester, 5% spandex Wash and Care: cold wash, dry on low heat, cool","{""polyester"": 95.0, ""elastane"": 5.0}",polyester,0.0,low,philippine,PH,https://shopgaui.com/collections/tops/products/mist-long-sleeve-t-shirt-black,2026-04-08T08:16:29.061031,2026-04-08T08:16:29.061031,live,True
Gaui,Gallerie Long Sleeve Top - OliveGallerie Long Sleeve Top,top,"uctured fit, low-medium compression, sheer (lighter colors) 96% Cotton & 4% Spandex Wash and Care: cold wash, dry on low heat, coo","{""cotton"": 96.0, ""elastane"": 4.0}",cotton,96.0,high,philippine,PH,https://shopgaui.com/collections/tops/products/form-ribbed-one-shoulder-long-sleeve-olive,2026-04-08T08:16:31.970188,2026-04-08T08:16:31.970188,live,True
Gaui,Refined Long Sleeve Turtleneck T-Shirt - Vintage BerryRefined Long Sleeve Turtleneck T-Shirt,shirt,"gnature Fabric: high stretch, medium compression, not sheer 95% polyester, 5% spandex Wash and Care: cold wash, dry on low heat, cool","{""polyester"": 95.0, ""elastane"": 5.0}",polyester,0.0,low,philippine,PH,https://shopgaui.com/collections/tops/products/refined-long-sleeve-turtleneck-t-shirt-vintage-berry,2026-04-08T08:16:33.508010,2026-04-08T08:16:33.508010,live,True
Gaui,V-Shape Long Sleeve T-Shirt - BlackV-Shape Long Sleeve T-Shirt,shirt,"gnature Fabric: high stretch, medium compression, not sheer 95% polyester, 5% spandex Wash and Care: cold wash, dry on low heat, cool","{""polyester"": 95.0, ""elastane"": 5.0}",polyester,0.0,low,philippine,PH,https://shopgaui.com/collections/tops/products/v-shape-long-sleeve-t-shirt-black,2026-04-08T08:16:34.954645,2026-04-08T08:16:34.954645,live,True
Gaui,T-Shape Tank Top - ButtercreamT-Shape Tank Top,top,"h stretch, low compression, slightly sheer (lighter colors) 94% rayon, 6% spandex Wash and Care: cold wash, dry on low heat, cool","{""rayon"": 94.0, ""elastane"": 6.0}",rayon,94.0,high,philippine,PH,https://shopgaui.com/collections/tops/products/t-shape-micro-ribbed-tank-top-buttercream,2026-04-08T08:16:36.345855,2026-04-08T08:16:36.345855,live,True
Gaui,Essential Tank Top - BlackEssential Tank Top,top,"uctured fit, low-medium compression, sheer (lighter colors) 96% Cotton & 4% Spandex Size & Fit Size and Fit: true to size | full l","{""cotton"": 96.0, ""elastane"": 4.0}",cotton,96.0,high,philippine,PH,https://shopgaui.com/collections/tops/products/essential-form-ribbed-tank-top-black,2026-04-08T08:16:37.876877,2026-04-08T08:16:37.876877,live,True
Gaui,Split-Back Tank Top - CelesteSplit-Back Tank Top,top,"re, low-medium compression, slightly sheer (lighter colors) 96% cotton, 4% spandex Wash and Care: cold wash, dry on low heat, cool","{""cotton"": 96.0, ""elastane"": 4.0}",cotton,96.0,high,philippine,PH,https://shopgaui.com/collections/tops/products/form-ribbed-split-back-tank-top-celeste,2026-04-08T08:16:39.836112,2026-04-08T08:16:39.836112,live,True
Gaui,Refined Sleeveless Turtleneck T-Shirt - Light OatRefined Sleeveless Turtleneck T-Shirt,shirt,"gnature Fabric: high stretch, medium compression, not sheer 95% polyester, 5% spandex Wash and Care: cold wash, dry on low heat, cool","{""polyester"": 95.0, ""elastane"": 5.0}",polyester,0.0,low,philippine,PH,https://shopgaui.com/collections/tops/products/refined-sleeveless-turtleneck-t-shirt-light-oat,2026-04-08T08:16:41.195522,2026-04-08T08:16:41.195522,live,True
Gaui,Air-Sleep Dream Cami - Light Heather GrayAir-Sleep Dream Cami,top,"w stretch, low compression, slightly sheer (lighter colors) 93% cotton, 7% spandex Wash and Care: cold wash, dry on low heat, cool","{""cotton"": 93.0, ""elastane"": 7.0}",cotton,93.0,high,philippine,PH,https://shopgaui.com/collections/tops/products/air-sleep-dream-cami-light-heather-gray,2026-04-08T08:16:42.785668,2026-04-08T08:16:42.785668,live,True
Gaui,The Dual Frame Tank Top - NavyThe Dual Frame Tank Top,top,"h stretch, low compression, slightly sheer (lighter colors) 94% rayon, 6% spandex Wash and Care: cold wash, dry on low heat, cool","{""rayon"": 94.0, ""elastane"": 6.0}",rayon,94.0,high,philippine,PH,https://shopgaui.com/collections/tops/products/dual-frame-tank-top-navy,2026-04-08T08:16:44.779782,2026-04-08T08:16:44.779782,live,True
Gaui,Contour Two-Tone Split-Back Cami - White/Black CherryContour Two-Tone Split-Back Cami,top,"bbed: high stretch, low compression, sheer (lighter colors) 94% rayon, 6% spandex Wash and Care: cold wash, dry on low heat, cool","{""rayon"": 94.0, ""elastane"": 6.0}",rayon,94.0,high,philippine,PH,https://shopgaui.com/collections/tops/products/contour-two-tone-split-back-cami-white-black-cherry,2026-04-08T08:16:46.841563,2026-04-08T08:16:46.841563,live,True
Gaui,Air-Sleep Dream Cami - LuneAir-Sleep Dream Cami,top,"w stretch, low compression, slightly sheer (lighter colors) 93% cotton, 7% spandex Wash and Care: cold wash, dry on low heat, cool","{""cotton"": 93.0, ""elastane"": 7.0}",cotton,93.0,high,philippine,PH,https://shopgaui.com/collections/tops/products/air-sleep-dream-cami-lune,2026-04-08T08:16:49.763836,2026-04-08T08:16:49.763836,live,True
Gaui,Crew Form-Ribbed Cross-Back Tank Top - CelesteCrew Form-Ribbed Cross-Back Tank Top,top,"ch, low-medium compression, slightly sheer (lighter colors) 96% cotton, 4% spandex Wash and Care: cold wash, dry on low heat, cool","{""cotton"": 96.0, ""elastane"": 4.0}",cotton,96.0,high,philippine,PH,https://shopgaui.com/collections/tops/products/form-ribbed-crew-cross-back-tank-top-celeste,2026-04-08T08:16:51.340335,2026-04-08T08:16:51.340335,live,True
Gaui,High Neck Top - WhiteHigh Neck Top,top,"uctured fit, low-medium compression, sheer (lighter colors) 96% Cotton & 4% Spandex Wash and Care: cold wash, dry on low heat, coo","{""cotton"": 96.0, ""elastane"": 4.0}",cotton,96.0,high,philippine,PH,https://shopgaui.com/collections/tops/products/form-ribbed-halter-tank-top-white,2026-04-08T08:16:53.462352,2026-04-08T08:16:53.462352,live,True
Gaui,Air-Sleep Ease Tank Top - CelesteAir-Sleep Ease Tank Top,top,"w stretch, low compression, slightly sheer (lighter colors) 93% cotton, 7% spandex Wash and Care: cold wash, dry on low heat, cool","{""cotton"": 93.0, ""elastane"": 7.0}",cotton,93.0,high,philippine,PH,https://shopgaui.com/collections/tops/products/air-sleep-ease-tank-top-celeste,2026-04-08T08:16:55.050577,2026-04-08T08:16:55.050577,live,True
Gaui,Air-Sleep Ease Tank Top - Light Heather GrayAir-Sleep Ease Tank Top,top,"w stretch, low compression, slightly sheer (lighter colors) 93% cotton, 7% spandex Wash and Care: cold wash, dry on low heat, cool","{""cotton"": 93.0, ""elastane"": 7.0}",cotton,93.0,high,philippine,PH,https://shopgaui.com/collections/tops/products/air-sleep-ease-tank-top-light-heather-gray,2026-04-08T08:16:56.410467,2026-04-08T08:16:56.410467,live,True
Gaui,Frame Long Sleeve Top - BlackFrame Long Sleeve Top,top,"line Signature: high stretch, medium compression, not sheer 95% polyester, 5% spandex Wash and Care: cold wash, dry on low heat, cool","{""polyester"": 95.0, ""elastane"": 5.0}",polyester,0.0,low,philippine,PH,https://shopgaui.com/collections/tops/products/frame-long-sleeve-top-black,2026-04-08T08:16:57.893393,2026-04-08T08:16:57.893393,live,True
Gaui,High Neck Top - OliveHigh Neck Top,top,"uctured fit, low-medium compression, sheer (lighter colors) 96% Cotton & 4% Spandex Wash and Care: cold wash, dry on low heat, coo","{""cotton"": 96.0, ""elastane"": 4.0}",cotton,96.0,high,philippine,PH,https://shopgaui.com/collections/tops/products/form-ribbed-halter-tank-top-olive,2026-04-08T08:16:59.584505,2026-04-08T08:16:59.584505,live,True
Gaui,The Dual Frame Tank Top - Mango CremeThe Dual Frame Tank Top,top,"h stretch, low compression, slightly sheer (lighter colors) 94% rayon, 6% spandex Wash and Care: cold wash, dry on low heat, cool","{""rayon"": 94.0, ""elastane"": 6.0}",rayon,94.0,high,philippine,PH,https://shopgaui.com/collections/tops/products/dual-frame-tank-top-mango-creme,2026-04-08T08:17:01.091631,2026-04-08T08:17:01.091631,live,True
Gaui,Off Shoulder Top - Brown SugarOff Shoulder Top,top,"uctured fit, low-medium compression, sheer (lighter colors) 96% Cotton & 4% Spandex Wash and Care: cold wash, dry on low heat, coo","{""cotton"": 96.0, ""elastane"": 4.0}",cotton,96.0,high,philippine,PH,https://shopgaui.com/collections/tops/products/form-ribbed-off-shoulder-brown-sugar,2026-04-08T08:17:04.284095,2026-04-08T08:17:04.284095,live,True
Gaui,T-Shape Tank Top - BlackT-Shape Tank Top,top,"h stretch, low compression, slightly sheer (lighter colors) 94% rayon, 6% spandex Wash and Care: cold wash, dry on low heat, cool","{""rayon"": 94.0, ""elastane"": 6.0}",rayon,94.0,high,philippine,PH,https://shopgaui.com/collections/tank-tops-gaui/products/t-shape-tank-top-black,2026-04-08T08:17:10.193144,2026-04-08T08:17:10.193144,live,True
Gaui,Classic Tube Top - WhiteClassic Tube Top,top,"ook Matte-Mist: high stretch, medium compression, not sheer 95% polyester, 5% spandex Wash and Care: cold wash, dry on low heat, cool","{""polyester"": 95.0, ""elastane"": 5.0}",polyester,0.0,low,philippine,PH,https://shopgaui.com/collections/tank-tops-gaui/products/classic-tube-top-white,2026-04-08T08:17:11.952600,2026-04-08T08:17:11.952600,live,True
Gaui,Classic Tube Top - True NavyClassic Tube Top,top,"ook Matte-Mist: high stretch, medium compression, not sheer 95% polyester, 5% spandex Wash and Care: cold wash, dry on low heat, cool","{""polyester"": 95.0, ""elastane"": 5.0}",polyester,0.0,low,philippine,PH,https://shopgaui.com/collections/tank-tops-gaui/products/classic-tube-top-true-navy,2026-04-08T08:17:13.655030,2026-04-08T08:17:13.655030,live,True
Gaui,TwoTone Gaui Cami - White/HoneybutterTwoTone Gaui Cami,top,"h stretch, low compression, slightly sheer (lighter colors) 94% rayon, 6% spandex Wash and Care: cold wash, dry on low heat, cool","{""rayon"": 94.0, ""elastane"": 6.0}",rayon,94.0,high,philippine,PH,https://shopgaui.com/collections/tank-tops-gaui/products/twotone-gaui-cami-white-honeybutter,2026-04-08T08:17:15.622670,2026-04-08T08:17:15.622670,live,True
Gaui,Classic Tube Top - BlackClassic Tube Top,top,"gnature Fabric: high stretch, medium compression, not sheer 95% polyester, 5% spandex Wash and Care: cold wash, dry on low heat, cool","{""polyester"": 95.0, ""elastane"": 5.0}",polyester,0.0,low,philippine,PH,https://shopgaui.com/collections/tank-tops-gaui/products/classic-tube-top-black,2026-04-08T08:17:22.168474,2026-04-08T08:17:22.168474,live,True
Gaui,TwoTone Gaui Cami - Honeybutter/WhiteTwoTone Gaui Cami,top,"traps Lite-Ribbed: High stretch, low compression, not sheer 94% rayon, 6% spandex Wash and Care: cold wash, dry on low heat, cool","{""rayon"": 94.0, ""elastane"": 6.0}",rayon,94.0,high,philippine,PH,https://shopgaui.com/collections/tank-tops-gaui/products/twotone-gaui-cami-honeybutter-white,2026-04-08T08:17:28.551323,2026-04-08T08:17:28.551323,live,True
Gaui,T-Shape Tank Top - WhiteT-Shape Tank Top,top,"bric: high stretch, low compression, sheer (lighter colors) 94% rayon, 6% spandex Wash and Care: cold wash, dry on low heat, cool","{""rayon"": 94.0, ""elastane"": 6.0}",rayon,94.0,high,philippine,PH,https://shopgaui.com/collections/tank-tops-gaui/products/t-shape-tank-top-white,2026-04-08T08:17:30.691866,2026-04-08T08:17:30.691866,live,True
Gaui,TwoTone Gaui Cami - Black/Stone GrayTwoTone Gaui Cami,top,"traps Lite-Ribbed: High stretch, low compression, not sheer 94% rayon, 6% spandex Size & Fit Size and Fit: fits true to size | fu","{""rayon"": 94.0, ""elastane"": 6.0}",rayon,94.0,high,philippine,PH,https://shopgaui.com/collections/tank-tops-gaui/products/twotone-gaui-cami-black,2026-04-08T08:17:32.616374,2026-04-08T08:17:32.616374,live,True
Gaui,TwoTone Plunge Halter Top - Honeybutter/WhiteTwoTone Plunge Halter Top,top,"it, low-medium compression, slightly sheer (lighter colors) 96% Cotton & 4% Spandex Wash and Care: cold wash, dry on low heat, coo","{""cotton"": 96.0, ""elastane"": 4.0}",cotton,96.0,high,philippine,PH,https://shopgaui.com/collections/tank-tops-gaui/products/twotone-plunge-halter-top-honeybutter-white,2026-04-08T08:17:37.995366,2026-04-08T08:17:37.995366,live,True
Gaui,TwoTone Gaui Cami - Cocoa/WhiteTwoTone Gaui Cami,top,"traps Lite-Ribbed: High stretch, low compression, not sheer 94% rayon, 6% spandex Wash and Care: cold wash, dry on low heat, cool","{""rayon"": 94.0, ""elastane"": 6.0}",rayon,94.0,high,philippine,PH,https://shopgaui.com/collections/tank-tops-gaui/products/twotone-gaui-cami-cocoa-white,2026-04-08T08:17:39.232665,2026-04-08T08:17:39.232665,live,True
Gaui,Classic Plunge Tank - True NavyClassic Plunge Tank,top,"retch, medium compression,  slightly sheer (lighter colors) 95% polyester & 5% Spandex Wash and Care: cold wash, dry on low heat, coo","{""polyester"": 95.0, ""elastane"": 5.0}",polyester,0.0,low,philippine,PH,https://shopgaui.com/collections/tank-tops-gaui/products/classic-plunge-tank-true-navy,2026-04-08T08:17:41.113630,2026-04-08T08:17:41.113630,live,True
Gaui,Plunge Halter Top - WhitePlunge Halter Top,top,"uctured fit, low-medium compression, sheer (lighter colors) 96% Cotton & 4% Spandex Wash and Care: cold wash, dry on low heat, coo","{""cotton"": 96.0, ""elastane"": 4.0}",cotton,96.0,high,philippine,PH,https://shopgaui.com/collections/tank-tops-gaui/products/plunge-halter-top-white,2026-04-08T08:17:42.779380,2026-04-08T08:17:42.779380,live,True
Gaui,Soft Plunge Cami - Strawberries & CreamSoft Plunge Cami,top,"l stretch, low compression, slightly sheer (lighter colors) 93% cotton, 7% spandex Wash and Care: cold wash, dry on low heat, cool","{""cotton"": 93.0, ""elastane"": 7.0}",cotton,93.0,high,philippine,PH,https://shopgaui.com/collections/tank-tops-gaui/products/air-sleep-lowback-tank-strawberries-cream,2026-04-08T08:17:44.833524,2026-04-08T08:17:44.833524,live,True
Gaui,TwoTone Gaui T-Shape Tank -  Black/Stone GrayTwoTone Gaui T-Shape Tank,top,"h stretch, low compression, slightly sheer (lighter colors) 94% rayon, 6% spandex Wash and Care: cold wash, dry on low heat, cool","{""rayon"": 94.0, ""elastane"": 6.0}",rayon,94.0,high,philippine,PH,https://shopgaui.com/collections/tank-tops-gaui/products/twotone-gaui-t-shape-tank-top-black-stonegray,2026-04-08T08:17:46.143326,2026-04-08T08:17:46.143326,live,True
Gaui,Rounded Plunge Tank - Berry GlazeRounded Plunge Tank,top,"h stretch, low compression, slightly sheer (lighter colors) 94% rayon, 6% spandex Wash and Care: cold wash, dry on low heat, cool","{""rayon"": 94.0, ""elastane"": 6.0}",rayon,94.0,high,philippine,PH,https://shopgaui.com/collections/tank-tops-gaui/products/round-neck-micro-ribbed-tank-top-berry-glaze,2026-04-08T08:17:49.267018,2026-04-08T08:17:49.267018,live,True
Gaui,Crew Cross-Back Tank - HoneybutterCrew Cross-Back Tank,top,"igh stretch, low-medium compression, sheer (lighter colors) 96% cotton, 4% spandex Wash and Care: cold wash, dry on low heat, cool","{""cotton"": 96.0, ""elastane"": 4.0}",cotton,96.0,high,philippine,PH,https://shopgaui.com/collections/tank-tops-gaui/products/crew-form-ribbed-cross-back-tank-top-celeste-copy,2026-04-08T08:17:51.217274,2026-04-08T08:17:51.217274,live,True
Gaui,Quarter Zip Sweatshirt - IcewaterQuarter Zip Sweatshirt,hoodie,"nter back 380Cotton:  no stretch, no compression, not sheer 100% cotton Wash and Care: cold wash, dry on low heat, cool iron if nee","{""cotton"": 100.0}",cotton,100.0,high,philippine,PH,https://shopgaui.com/collections/icewater-1/products/quarter-zip-sweatshirt-icewater,2026-04-08T08:19:03.177217,2026-04-08T08:19:03.177217,live,True
Gaui,Drop Shoulder Sweatshirt - IcewaterDrop Shoulder Sweatshirt,hoodie,"ior, natural cotton fibers, breathable, moisture absorption 100% Cotton Wash and Care: cold wash, dry on low heat, cool iron if nee","{""cotton"": 100.0}",cotton,100.0,high,philippine,PH,https://shopgaui.com/collections/icewater-1/products/drop-shoulder-sweatshirt-icewater,2026-04-08T08:19:04.825916,2026-04-08T08:19:04.825916,live,True
Gaui,The Meridian Straight-Leg Pants - IcewaterThe Meridian Straight-Leg Pants,pants,"djustable waistband Soft Cotton: no stretch, no compression 100% cotton Lining: blend creates for a very luxuriously smooth, while","{""cotton"": 100.0}",cotton,100.0,high,philippine,PH,https://shopgaui.com/collections/icewater-1/products/the-meridian-straight-leg-pants-icewater,2026-04-08T08:19:08.227116,2026-04-08T08:19:08.227116,live,True
Gaui,The Modern Straight-Leg Trousers - BlackThe Modern Straight-Leg Trousers,pants,"no stretch, no compression, slightly sheer (lighter colors) 95% polyester, 5% spandex Wash and Care: cold wash, dry on low heat, cool","{""polyester"": 95.0, ""elastane"": 5.0}",polyester,0.0,low,philippine,PH,https://shopgaui.com/collections/core-essentials-spring-summer-26/products/the-modern-straight-leg-trousers-black,2026-04-08T08:19:18.099922,2026-04-08T08:19:18.099922,live,True
Gaui,The Ivy Wide-Leg Trousers - True NavyThe Ivy Wide-Leg Trousers,pants,"no stretch, no compression, slightly sheer (lighter colors) 95% polyester, 5% spandex Wash and Care: cold wash, dry on low heat, cool","{""polyester"": 95.0, ""elastane"": 5.0}",polyester,0.0,low,philippine,PH,https://shopgaui.com/collections/core-essentials-spring-summer-26/products/the-ivy-wide-leg-trousers-true-navy,2026-04-08T08:19:19.608146,2026-04-08T08:19:19.608146,live,True
Gaui,The Ivy Wide-Leg Trousers - BlackThe Ivy Wide-Leg Trousers,pants,"no stretch, no compression, slightly sheer (lighter colors) 95% polyester, 5% spandex Wash and Care: cold wash, dry on low heat, cool","{""polyester"": 95.0, ""elastane"": 5.0}",polyester,0.0,low,philippine,PH,https://shopgaui.com/collections/core-essentials-spring-summer-26/products/the-ivy-wide-leg-trousers-black,2026-04-08T08:19:40.204073,2026-04-08T08:19:40.204073,live,True
Gaui,The Ivy Wide-Leg Trousers - PistachioThe Ivy Wide-Leg Trousers,pants,"no stretch, no compression, slightly sheer (lighter colors) 95% polyester, 5% spandex Wash and Care: cold wash, dry on low heat, cool","{""polyester"": 95.0, ""elastane"": 5.0}",polyester,0.0,low,philippine,PH,https://shopgaui.com/collections/core-essentials-spring-summer-26/products/the-ivy-wide-leg-trousers-pistachio,2026-04-08T08:19:44.794435,2026-04-08T08:19:44.794435,live,True
Gaui,The Modern Straight-Leg Trousers - True NavyThe Modern Straight-Leg Trousers,pants,"no stretch, no compression, slightly sheer (lighter colors) 95% polyester, 5% spandex Wash and Care: cold wash, dry on low heat, cool","{""polyester"": 95.0, ""elastane"": 5.0}",polyester,0.0,low,philippine,PH,https://shopgaui.com/collections/core-essentials-spring-summer-26/products/modern-straight-leg-trousers-true-navy,2026-04-08T08:19:50.084868,2026-04-08T08:19:50.084868,live,True
Gaui,The Ivy Wide-Leg Linen Trousers - TerraThe Ivy Wide-Leg Linen Trousers,pants,", soft, breathable texture, slightly sheer (lighter colors) 100% Linen Wash and Care: cold wash, air dry, cool iron if needed, no","{""linen"": 100.0}",linen,100.0,high,philippine,PH,https://shopgaui.com/collections/archive-access/products/the-ivy-wide-leg-linen-trousers-terra,2026-04-08T08:20:01.683853,2026-04-08T08:20:01.683853,live,True
Gaui,Heritage Linen Wide-Leg Pants - WhiteHeritage Linen Wide-Leg Pants,pants,": soft, breathable texture, slightly sheer (lighter colors) 100% linen Wash and Care: cold wash, air dry, cool iron if needed, no","{""linen"": 100.0}",linen,100.0,high,philippine,PH,https://shopgaui.com/collections/archive-access/products/heritage-linen-wide-leg-pants-white,2026-04-08T08:20:04.464006,2026-04-08T08:20:04.464006,live,True
Gaui,Prime Cami Tank Top - WhitePrime Cami Tank Top,top,"gnature Fabric: high stretch, medium compression, not sheer 95% polyester, 5% spandex Wash and Care: cold wash, dry on low heat, cool","{""polyester"": 95.0, ""elastane"": 5.0}",polyester,0.0,low,philippine,PH,https://shopgaui.com/collections/archive-access/products/prime-cami-tank-top-white,2026-04-08T08:20:07.073281,2026-04-08T08:20:07.073281,live,True
Gaui,The Ivy Linen Shorts - TerraThe Ivy Linen Shorts,shorts,"thable texture, no stretch, slightly sheer (lighter colors) 100% linen Wash and Care: cold wash, air dry, cool iron if needed, no","{""linen"": 100.0}",linen,100.0,high,philippine,PH,https://shopgaui.com/collections/archive-access/products/the-ivy-linen-shorts-terra,2026-04-08T08:20:10.140982,2026-04-08T08:20:10.140982,live,True
Gaui,"3"" Shorts - Celeste3"" Shorts",shorts,"it, low-medium compression, slightly sheer (lighter colors) 96% cotton, 4% spandex Wash and Care: cold wash, dry on low heat, cool","{""cotton"": 96.0, ""elastane"": 4.0}",cotton,96.0,high,philippine,PH,https://shopgaui.com/collections/archive-access/products/form-ribbed-3-shorts-celeste,2026-04-08T08:20:11.808175,2026-04-08T08:20:11.808175,live,True
Gaui,The Ivy Wide-Leg Linen Trousers - SandThe Ivy Wide-Leg Linen Trousers,pants,", soft, breathable texture, slightly sheer (lighter colors) 100% Linen Wash and Care: cold wash, air dry, cool iron if needed, no","{""linen"": 100.0}",linen,100.0,high,philippine,PH,https://shopgaui.com/collections/archive-access/products/the-ivy-wide-leg-linen-trousers-sand,2026-04-08T08:20:14.831271,2026-04-08T08:20:14.831271,live,True
Gaui,The Oversized Linen Button-Down Top - WhiteThe Oversized Linen Button-Down Top,top,": soft, breathable texture, slightly sheer (lighter colors) 100% linen Wash and Care: cold wash, dry on low heat, cool iron if nee","{""linen"": 100.0}",linen,100.0,high,philippine,PH,https://shopgaui.com/collections/archive-access/products/the-oversized-linen-button-down-top-white,2026-04-08T08:20:18.436134,2026-04-08T08:20:18.436134,live,True
Gaui,The Meridian Blazer - Brown SugarThe Meridian Blazer,blazer,"6,000.00 Regular price ₱7,500.00 Unit price / per Made from 100% cotton, the Meridian Blazer blends classic tailoring with breathab","{""cotton"": 100.0}",cotton,100.0,high,philippine,PH,https://shopgaui.com/collections/archive-access/products/the-meridian-blazer-brown-sugar,2026-04-08T08:20:20.275057,2026-04-08T08:20:20.275057,live,True
Gaui,The Ivy Wide-Leg Trousers - BrownThe Ivy Wide-Leg Trousers,pants,"no stretch, no compression, slightly sheer (lighter colors) 95% polyester, 5% spandex Wash and Care: cold wash, dry on low heat, cool","{""polyester"": 95.0, ""elastane"": 5.0}",polyester,0.0,low,philippine,PH,https://shopgaui.com/collections/archive-access/products/the-ivy-wide-leg-trousers-brown,2026-04-08T08:20:22.539542,2026-04-08T08:20:22.539542,live,True
Gaui,Prime Cami Tank Top- SerenePrime Cami Tank Top- Serene,top,"gnature Fabric: high stretch, medium compression, not sheer 95% polyester, 5% spandex Wash and Care: cold wash, dry on low heat, cool","{""polyester"": 95.0, ""elastane"": 5.0}",polyester,0.0,low,philippine,PH,https://shopgaui.com/collections/archive-access/products/prime-cami-tank-top-serene,2026-04-08T08:20:24.604167,2026-04-08T08:20:24.604167,live,True
Gaui,Split-Back Maxi Dress - CelesteSplit-Back Maxi Dress,dress,"ribbed design Form-Ribbed Fabric: soft, breathable texture 96% cotton, 4% spandex Wash and Care: cold wash, dry on low heat, cool","{""cotton"": 96.0, ""elastane"": 4.0}",cotton,96.0,high,philippine,PH,https://shopgaui.com/collections/archive-access/products/form-ribbed-split-back-maxi-dress-celeste,2026-04-08T08:20:26.307562,2026-04-08T08:20:26.307562,live,True
Gaui,The Ivy Wide-Leg Trousers- SereneThe Ivy Wide-Leg Trousers- Serene,pants,"no stretch, no compression, slightly sheer (lighter colors) 95% polyester, 5% spandex Wash and Care: cold wash, dry on low heat, cool","{""polyester"": 95.0, ""elastane"": 5.0}",polyester,0.0,low,philippine,PH,https://shopgaui.com/collections/archive-access/products/the-ivy-wide-leg-trousers-serene,2026-04-08T08:20:29.850288,2026-04-08T08:20:29.850288,live,True
Gaui,The Oversized Linen Button-Down Top - SandThe Oversized Linen Button-Down Top,top,": soft, breathable texture, slightly sheer (lighter colors) 100% linen Wash and Care: cold wash, dry on low heat, cool iron if nee","{""linen"": 100.0}",linen,100.0,high,philippine,PH,https://shopgaui.com/collections/archive-access/products/the-oversized-linen-button-down-top-sand,2026-04-08T08:20:31.365462,2026-04-08T08:20:31.365462,live,True
Gaui,Heritage Linen Wide-Leg Pants - SandHeritage Linen Wide-Leg Pants,pants,": soft, breathable texture, slightly sheer (lighter colors) 100% linen Wash and Care: cold wash, air dry, cool iron if needed, no","{""linen"": 100.0}",linen,100.0,high,philippine,PH,https://shopgaui.com/collections/archive-access/products/heritage-linen-wide-leg-pants-sand,2026-04-08T08:20:33.237215,2026-04-08T08:20:33.237215,live,True
Gaui,The Meridian Wide-Leg Trousers - Olive OilThe Meridian Wide-Leg Trousers,pants,"structured wide leg Soft Cotton: no stretch, no compression 100% cotton Lining: blend creates for a very luxuriously smooth, while","{""cotton"": 100.0}",cotton,100.0,high,philippine,PH,https://shopgaui.com/collections/archive-access/products/the-meridian-wide-leg-trousers-olive-oil,2026-04-08T08:20:35.089975,2026-04-08T08:20:35.089975,live,True
Gaui,High Neck Maxi Dress - OliveHigh Neck Maxi Dress,dress,"uctured fit, low-medium compression, sheer (lighter colors) 96% Cotton & 4% Spandex Wash and Care: cold wash, dry on low heat, coo","{""cotton"": 96.0, ""elastane"": 4.0}",cotton,96.0,high,philippine,PH,https://shopgaui.com/collections/archive-access/products/form-ribbed-high-neck-maxi-dress-olive,2026-04-08T08:20:40.921885,2026-04-08T08:20:40.921885,live,True
Gaui,Prime Cami Tank Top - BlackPrime Cami Tank Top,top,"gnature Fabric: high stretch, medium compression, not sheer 95% polyester, 5% spandex Wash and Care: cold wash, dry on low heat, cool","{""polyester"": 95.0, ""elastane"": 5.0}",polyester,0.0,low,philippine,PH,https://shopgaui.com/collections/archive-access/products/prime-cami-tank-top-black,2026-04-08T08:20:42.767355,2026-04-08T08:20:42.767355,live,True
Just G,Ditsy Floral Midi Skirt Set with Ruffled Straps,skirt,"et pairs a sweet floral print with delicate ruffle accents. 100% Polyester Offwhite Color Machine Wash Warm Gentle Cycle, With Like Co","{""polyester"": 100.0}",polyester,0.0,low,philippine,PH,https://justg.com.ph/products/ditsy-floral-midi-skirt-set-with-ruffled-straps,2026-04-08T08:20:47.492259,2026-04-08T08:20:47.492259,live,True
Just G,STRIPED COTTON LINEN PULL-ON PANTS WITH PATCH POCKETS,pants,"triped cotton linen pants evoke laid-back chic for any day. 90% Cotton, 10% Linen Red Color Turn Garment Inside Out, Machine Wash","{""cotton"": 90.0, ""linen"": 10.0}",cotton,100.0,high,philippine,PH,https://justg.com.ph/products/striped-cotton-linen-pull-on-pants-with-patch-pockets,2026-04-08T08:20:49.496092,2026-04-08T08:20:49.496092,live,True
Just G,PRINTED MIDI SLIP SKIRT WITH PICOT TRIM,skirt,"midi slip skirt brings effortless charm to summer styling. 100% Polyester Red Color Machine Wash Cold Gentle Cycle, Wash Separately,","{""polyester"": 100.0}",polyester,0.0,low,philippine,PH,https://justg.com.ph/products/printed-midi-slip-skirt-with-picot-trim,2026-04-08T08:20:50.750667,2026-04-08T08:20:50.750667,live,True
Just G,RELAXED CARGO PANTS WITH ADJUSTABLE HEM,pants,"ants bring a utilitarian edge to relaxed, everyday fashion. 100% Cotton Beige Color Turn Garment Inside Out, Machine Wash Cold Gent","{""cotton"": 100.0}",cotton,100.0,high,philippine,PH,https://justg.com.ph/products/relaxed-cargo-pants-with-adjustable-hem,2026-04-08T08:20:51.807796,2026-04-08T08:20:51.807796,live,True
Just G,KNITTED BARDOT TOP WITH TIE DETAIL AND SCALLOPED EDGE,top,"nine charm with its off-shoulder design and dainty details. 100% Cotton Beige Color Wash By Hand, Use Only Non- Chlorine Bleach Whe","{""cotton"": 100.0}",cotton,100.0,high,philippine,PH,https://justg.com.ph/products/knitted-bardot-top-with-tie-detail-and-scalloped-edge,2026-04-08T08:20:53.053451,2026-04-08T08:20:53.053451,live,True
Just G,FLORAL BUTTON-DOWN MIDI DRESS,dress,"midi dress?flowy, breezy, and perfect for every sunny day. 70% Cotton, 20% Viscose, 10% Linen Offwhite Color Turn Garment Inside","{""cotton"": 70.0, ""viscose"": 20.0, ""linen"": 10.0}",cotton,100.0,high,philippine,PH,https://justg.com.ph/products/floral-button-down-midi-dress,2026-04-08T08:20:55.220609,2026-04-08T08:20:55.220609,live,True
Just G,STRIPED COTTON LINEN RELAXED PULL-ON PANTS,pants,"riped cotton linen pull-on pants?perfect for everyday ease. 90% Cotton, 10% Linen Blue Color Turn Garment Inside Out, Machine Wash","{""cotton"": 90.0, ""linen"": 10.0}",cotton,100.0,high,philippine,PH,https://justg.com.ph/products/striped-cotton-linen-relaxed-pull-on-pants,2026-04-08T08:20:57.302995,2026-04-08T08:20:57.302995,live,True
Just G,CROCHET-LOOK OPEN-KNIT CROPPED CARDIGAN WITH SELF-TIE CLOSURE,knitwear,"s perfect for layering over tanks, minis, and slip dresses. 70% Cotton, 30% Polyester Offwhite Color Machine Wash Warm Gentle Cycl","{""cotton"": 70.0, ""polyester"": 30.0}",cotton,70.0,medium,philippine,PH,https://justg.com.ph/products/crochet-look-open-knit-cropped-cardigan-with-self-tie-closure,2026-04-08T08:20:58.068020,2026-04-08T08:20:58.068020,live,True
Just G,KNITTED BUTTON-DOWN TOP,top,"eeves, and buttons that make layering or solo styling easy. 100% Cotton Blue Color Wash By Hand, Use Only Non- Chlorine Bleach When","{""cotton"": 100.0}",cotton,100.0,high,philippine,PH,https://justg.com.ph/products/knitted-button-down-top,2026-04-08T08:20:58.890845,2026-04-08T08:20:58.890845,live,True
Just G,RELAXED EMBROIDERED SWISS COTTON PULL-ON PANTS,pants,"cotton pull-on pants are an easy way to elevate your look. 100% Cotton White Color Turn Garment Inside Out, Machine Wash Cold Gent","{""cotton"": 100.0}",cotton,100.0,high,philippine,PH,https://justg.com.ph/products/relaxed-embroidered-swiss-cotton-pull-on-pants,2026-04-08T08:20:59.906015,2026-04-08T08:20:59.906015,live,True
Just G,STRIPED CORSET MINI DRESS,dress,"p stripes, cinched corset, and major energy for any outing. 50% Cotton, 50% Polyester Blue Color Turn Garment Inside Out, Machine","{""cotton"": 50.0, ""polyester"": 50.0}",cotton,50.0,medium,philippine,PH,https://justg.com.ph/products/striped-corset-mini-dress,2026-04-08T08:21:01.020313,2026-04-08T08:21:01.020313,live,True
Just G,FLORAL BUSTIER TOP WITH LACE-UP FRONT AND RUFFLE TRIM,top,"lace-up details coming together for a statement-worthy top. 70% Cotton, 20% Viscose, 10% Linen Offwhite Color Turn Garment Inside","{""cotton"": 70.0, ""viscose"": 20.0, ""linen"": 10.0}",cotton,100.0,high,philippine,PH,https://justg.com.ph/products/floral-bustier-top-with-lace-up-front-and-ruffle-trim,2026-04-08T08:21:02.078008,2026-04-08T08:21:02.078008,live,True
Just G,RELAXED PULL-ON WIDE-LEG SHORTS WITH CONTRAST STITCHING,shorts,"these wide-leg shorts basically do the summer mood for you. 100% Cotton Offwhite Color Turn Garment Inside Out, Machine Wash Cold G","{""cotton"": 100.0}",cotton,100.0,high,philippine,PH,https://justg.com.ph/products/relaxed-pull-on-wide-leg-shorts-with-contrast-stitching,2026-04-08T08:21:02.816808,2026-04-08T08:21:02.816808,live,True
Just G,DITSY FLORAL RUFFLED ROMANTIC MIDI DRESS WITH TIE BACK DETAIL,dress,"romantic strolls, brunches, and easy weekend styling. Body: 80% Viscose, 20% Cotton Lining: 100% Cotton Multicolor Machine Wash Col","{""viscose"": 80.0, ""cotton"": 20.0}",viscose,100.0,high,philippine,PH,https://justg.com.ph/products/ditsy-floral-ruffled-romantic-midi-dress-with-tie-back-detail,2026-04-08T08:21:05.407120,2026-04-08T08:21:05.407120,live,True
Just G,VELVET STRAPPY MIDI DRESS WITH  VELVET BOWS,dress,"r parties, festive events, or evening outings with friends. 100% Polyester Black Color Machine Wash  Cold Gentle Cycle, Wash Separatel","{""polyester"": 100.0}",polyester,0.0,low,philippine,PH,https://justg.com.ph/products/velvet-strappy-midi-dress-with-velvet-bows,2026-04-08T08:21:06.598286,2026-04-08T08:21:06.598286,live,True
Just G,FLORAL SMOCKED CRISS CROSS BACK DRESS,dress,k a Question Description Additional Information Description 100% Polyester Multicolor Wash care label found inside the garment Style N,"{""polyester"": 100.0}",polyester,0.0,low,philippine,PH,https://justg.com.ph/products/floral-smocked-criss-cross-back-dress,2026-04-08T08:21:10.671829,2026-04-08T08:21:10.671829,live,True
Just G,STRIPED 2 WAY DRESS,dress,k a Question Description Additional Information Description 100% Cotton Multicolor color Wash care label found inside the garment S,"{""cotton"": 100.0}",cotton,100.0,high,philippine,PH,https://justg.com.ph/products/striped-2-way-dress,2026-04-08T08:21:11.795409,2026-04-08T08:21:11.795409,live,True
Just G,ROMANTIC FLORAL STRAPPY MIDI DRESS WITH SLIT,dress,"ummer dates, brunches, or weekend getaways in warm weather. 100% Polyester Multi Color Machine Wash Cold Gentle Cycle,  Use Gentle Det","{""polyester"": 100.0}",polyester,0.0,low,philippine,PH,https://justg.com.ph/products/romantic-floral-strappy-midi-dress-with-slit,2026-04-08T08:21:12.586799,2026-04-08T08:21:12.586799,live,True
Just G,FLORAL RUFFLED CORSETRY DRESS,dress,k a Question Description Additional Information Description 100% Cotton Multicolor Wash care label found inside the garment Style N,"{""cotton"": 100.0}",cotton,100.0,high,philippine,PH,https://justg.com.ph/products/floral-ruffled-corsetry-dress,2026-04-08T08:21:13.712903,2026-04-08T08:21:13.712903,live,True
Just G,FLORAL STRAPPY DRESS,dress,k a Question Description Additional Information Description 100% Polyester Pink color Wash care label found inside the garment Style N,"{""polyester"": 100.0}",polyester,0.0,low,philippine,PH,https://justg.com.ph/products/floral-strappy-dress3,2026-04-08T08:21:14.968171,2026-04-08T08:21:14.968171,live,True
Just G,POLKA DOT TUBE DRESS W/ ASYMMETRICAL RUFFLED HEM,dress,"l day out and let the playful ruffles do the talking. Body: 100% Polyester  Lining: 88% Polyester, 12% Elastane Black Color Turn Garme","{""polyester"": 100.0}",polyester,0.0,low,philippine,PH,https://justg.com.ph/products/polka-dot-tube-dress-w-asymmetrical-ruffled-hem,2026-04-08T08:21:16.267524,2026-04-08T08:21:16.267524,live,True
Just G,FLORAL FRILLY LACED MIDI DRESS,dress,k a Question Description Additional Information Description 100% Polyester Brown color Wash care label found inside the garment Style,"{""polyester"": 100.0}",polyester,0.0,low,philippine,PH,https://justg.com.ph/products/floral-frilly-laced-midi-dress,2026-04-08T08:21:17.003586,2026-04-08T08:21:17.003586,live,True
Just G,90S STRAPPY MINI SATIN DRESS,dress,"k a Question Description Additional Information Description 96% Polyester, 4% Elastane Brown color Wash care label found inside the g","{""polyester"": 96.0, ""elastane"": 4.0}",polyester,0.0,low,philippine,PH,https://justg.com.ph/products/90s-strappy-mini-satin-dress,2026-04-08T08:21:19.465827,2026-04-08T08:21:19.465827,live,True
Just G,FLORAL OPEN BACK DRESS,dress,k a Question Description Additional Information Description 100% Cotton Multicolor Wash care label found inside the garment Style N,"{""cotton"": 100.0}",cotton,100.0,high,philippine,PH,https://justg.com.ph/products/floral-open-back-dress,2026-04-08T08:21:20.272369,2026-04-08T08:21:20.272369,live,True
Just G,GROOVY FLORAL PRINT HALTER CUT OUT DRESS,dress,k a Question Description Additional Information Description 100% Viscose Multicolor Wash care label found inside the garment Style N,"{""viscose"": 100.0}",viscose,100.0,high,philippine,PH,https://justg.com.ph/products/groovy-floral-print-halter-cut-out-dress,2026-04-08T08:21:21.425987,2026-04-08T08:21:21.425987,live,True
Just G,DITSY FLORAL PRINT CORSET-LIKE CAP SLEEVE TOP,top,"r brunches, cafe hopping, or relaxed weekend styling. Body: 80% Viscose 20% Cotton Lining: 100% Cotton Multi Color Machine Wash Col","{""viscose"": 80.0, ""cotton"": 20.0}",viscose,100.0,high,philippine,PH,https://justg.com.ph/products/ditsy-floral-print-corset-like-cap-sleeve-top,2026-04-08T08:21:23.779163,2026-04-08T08:21:23.779163,live,True
Just G,STRIPED TUBE TOP WITH RUFFLE TRIM AND EMBROIDERY,top,"rm with zero effort. Your new go-to for mood-lifting style. 90% Cotton, 10% Linen Red Color Turn Garment Inside Out, Machine Wash","{""cotton"": 90.0, ""linen"": 10.0}",cotton,100.0,high,philippine,PH,https://justg.com.ph/products/striped-tube-top-with-ruffle-trim-and-embroidery,2026-04-08T08:21:25.850350,2026-04-08T08:21:25.850350,live,True
Just G,OFF SHOULDER FOLDOVER L/S KNITTED TOP WITH BELT,top,"ne, and a waist-cinching belt for laid-back sophistication. 50% Viscose, 50% Nylon Beige Color Wash By Hand, Use Only Non- Chlorine","{""viscose"": 50.0, ""nylon"": 50.0}",viscose,50.0,medium,philippine,PH,https://justg.com.ph/products/off-shoulder-foldover-l-s-knitted-top-with-belt,2026-04-08T08:21:27.024384,2026-04-08T08:21:27.024384,live,True
Just G,CROPPED BUTTON FRONT SHIRT AND SMOCKED STRAPPY TOP SET,top,"relaxed brunches, shopping trips, or easy weekend styling. 100% Cotton Offwhite Color Machine Wash Warm Gentle Cycle, Wash Separat","{""cotton"": 100.0}",cotton,100.0,high,philippine,PH,https://justg.com.ph/products/cropped-button-front-shirt-and-smocked-strappy-top-set,2026-04-08T08:21:28.191415,2026-04-08T08:21:28.191415,live,True
Just G,POLKA DOT ROMANTIC TOP WITH SLOTTED RIBBON AND LACE NECKLINE AND STRAPS,top,ckline and delicate straps make a feminine statement. Body: 100% Polyester Lining: 88% Polyester 12% Elastane Black Color Turn Garment,"{""polyester"": 100.0}",polyester,0.0,low,philippine,PH,https://justg.com.ph/products/polka-dot-romantic-top-with-slotted-ribbon-and-lace-neckline-and-straps,2026-04-08T08:21:30.357737,2026-04-08T08:21:30.357737,live,True
Just G,SMOCKED TOP WITH PUFF SLEEVES AND SLOTTED RIBBON LACE,top,"e it with denim or a flowy skirt for a soft, feminine look. 100% Cotton Offwhite Color Machine Wash Warm Gentle Cycle, With Like Co","{""cotton"": 100.0}",cotton,100.0,high,philippine,PH,https://justg.com.ph/products/smocked-top-with-puff-sleeves-and-slotted-ribbon-lace,2026-04-08T08:21:31.299052,2026-04-08T08:21:31.299052,live,True
Just G,POINTELLE JERSEY CORSET-LIKE TANK TOP WITH CONTRAST SATIN BOWS,top,"ce trim, and ribbon details that elevate any casual outfit. 100% Cotton Blue Machine Wash, Cold Gentle Cycle, With Like Colors, Do","{""cotton"": 100.0}",cotton,100.0,high,philippine,PH,https://justg.com.ph/products/pointelle-jersey-corset-like-tank-top-with-contrast-satin-bows,2026-04-08T08:21:33.955792,2026-04-08T08:21:33.955792,live,True
Just G,POINTELLE JERSEY PUFF SLEEVE CROP TOP WITH SIDE TIES,top,"white. Style it with denim or skirts for an easy chic look. 100% Cotton Green / Offwhite Machine Wash Cold Gentle Cycle, With Like","{""cotton"": 100.0}",cotton,100.0,high,philippine,PH,https://justg.com.ph/products/pointelle-jersey-puff-sleeve-crop-top-with-side-ties2,2026-04-08T08:21:35.129251,2026-04-08T08:21:35.129251,live,True
Just G,ROMANTIC FLORAL PRINT PUFF SLEEVE TOP W/ BOW AND LACE DETAIL,top,"line, and puff sleeves for a dreamy, feminine finish. Body: 80% Polyester, 20% Nylon Lining: 88% Polyester, 12% Elastane Multicolor T","{""polyester"": 80.0, ""nylon"": 20.0}",polyester,0.0,low,philippine,PH,https://justg.com.ph/products/romantic-floral-print-puff-sleeve-top-w-bow-and-lace-detail,2026-04-08T08:21:37.709674,2026-04-08T08:21:37.709674,live,True
Just G,CORSET-LIKE TOP WITH PICOTING AND BOW,top,"ty bow. Pair it with your go-to bottoms for any chill plan. 100% Cotton Offwhite Color Turn garment inside out, machine wash cold s","{""cotton"": 100.0}",cotton,100.0,high,philippine,PH,https://justg.com.ph/products/corset-like-top-with-picoting-and-bow2,2026-04-08T08:21:42.692999,2026-04-08T08:21:42.692999,live,True
Just G,POINTELLE JERSEY TANK TOP W/ RUFFLED STRAPS AND SMOCKED BODICE,top,"ith skirts, jeans, or shorts for an effortlessly cute look. 100% Cotton Green Turn Garment Inside  Out, Machine Wash Cold Separatel","{""cotton"": 100.0}",cotton,100.0,high,philippine,PH,https://justg.com.ph/products/ditsy-floral-print-pointelle-jersey-lettuce-edge-tank-top-w-satin-rosebud,2026-04-08T08:21:44.342245,2026-04-08T08:21:44.342245,live,True
Just G,BABY TEE WITH SIDE RUCHING,t-shirt,"d Blue is your go-to for daytime dates or coffee catch-ups. 95% Cotton, 5% Elastane Black/Blue Color Machine Wash Cold Gentle Cycl","{""cotton"": 95.0, ""elastane"": 5.0}",cotton,95.0,high,philippine,PH,https://justg.com.ph/products/pointelle-jersey-ruched-baby-tee,2026-04-08T08:21:46.688998,2026-04-08T08:21:46.688998,live,True
Just G,TANK TOP WITH RUFFLE TRIMS AND BOW,top,"rfect for picnics, coffee runs, or strolling under the sun. 95% Cotton, 5% Elastane Brown/Pink Color Machine Wash Cold Gentle Cycl","{""cotton"": 95.0, ""elastane"": 5.0}",cotton,95.0,high,philippine,PH,https://justg.com.ph/products/pointelle-jersey-tank-top-with-ruffle-trims-and-bow2,2026-04-08T08:21:47.618902,2026-04-08T08:21:47.618902,live,True
Just G,ENVELOPE NECK TOP WITH CAP SLEEVES AND BOWS,top,"effortlessly with skirts, wide-leg pants, or denim shorts. 95% Cotton, 5% Elastane Pink Color / Multi Color Machine Wash Cold Gen","{""cotton"": 95.0, ""elastane"": 5.0}",cotton,95.0,high,philippine,PH,https://justg.com.ph/products/pointelle-jersey-envelope-neck-top-with-puff-sleeves-and-bows,2026-04-08T08:21:49.906957,2026-04-08T08:21:49.906957,live,True
Just G,CROPPED MUSCLE TEE WITH GARTERIZED HEM,t-shirt,"te or black, this tee is perfect for layering or solo wear. 100% Cotton Offwhite / Black Color Turn garment inside out, machine was","{""cotton"": 100.0}",cotton,100.0,high,philippine,PH,https://justg.com.ph/products/cropped-muscle-tee-with-garterized-hem,2026-04-08T08:21:50.696628,2026-04-08T08:21:50.696628,live,True
Just G,RUCHED TANK TOP WITH RUFFLE AND LETTUCE EDGE,top,"m, and delicate lettuce edging. Looks cute solo or layered. 95% Cotton, 5% Elastane Brown / Beige Color Machine wash cold gentle c","{""cotton"": 95.0, ""elastane"": 5.0}",cotton,95.0,high,philippine,PH,https://justg.com.ph/products/ruched-tank-top-with-ruffle-and-lettuce-edge,2026-04-08T08:21:53.323712,2026-04-08T08:21:53.323712,live,True
Just G,TANK TOP WITH LACE TRIM AND BOWS,top,"top for layering or solo wear, available in blue or black. 100% Cotton Blue / Black Color Machine wash cold gentle cycle, with lik","{""cotton"": 100.0}",cotton,100.0,high,philippine,PH,https://justg.com.ph/products/tank-top-with-lace-trim-and-bows,2026-04-08T08:21:54.433776,2026-04-08T08:21:54.433776,live,True
Just G,SQUARE NECK TOP WITH LACE AND BOW,top,"cotton blend, it?s the perfect blend of sweet and stylish. 95% Cotton, 5% Elastane Gray / Beige Machine Wash Cold Gentle Cycle, W","{""cotton"": 95.0, ""elastane"": 5.0}",cotton,95.0,high,philippine,PH,https://justg.com.ph/products/pointelle-jersey-square-neck-short-sleeves-top-with-lace-and-bow2,2026-04-08T08:21:55.610445,2026-04-08T08:21:55.610445,live,True
Just G,PEANUT PRINTED AND DENIM SCRUNCHIE SET,jeans,k a Question Description Additional Information Description 100% Cotton Multicolor Style No. APSCR0001-2 This is also available in,"{""cotton"": 100.0}",cotton,100.0,high,philippine,PH,https://justg.com.ph/products/peanut-printed-and-denim-scrunchie-set,2026-04-08T08:22:02.169540,2026-04-08T08:22:02.169540,live,True
Just G,DENIM BODY BAG,jeans,"k a Question Description Additional Information Description 100% Cotton Blue Color Wash by hand separately, with like colors, do no","{""cotton"": 100.0}",cotton,100.0,high,philippine,PH,https://justg.com.ph/products/denim-body-bag,2026-04-08T08:22:02.850865,2026-04-08T08:22:02.850865,live,True
Just G,HIGH WAISTED CHECKERED WIDE LEG PANTS,pants,"k a Question Description Additional Information Description 100% Cotton Multicolor Machine wash cold gentle cycle, use gentle deter","{""cotton"": 100.0}",cotton,100.0,high,philippine,PH,https://justg.com.ph/products/just-g-high-waisted-checkered-wide-leg-pants,2026-04-08T08:22:14.733690,2026-04-08T08:22:14.733690,live,True
Just G,TWO PIECE FLORAL MESH CROPPED TEE WITH LETTUCE EDGE AND CAMISOLE TOP,top,"stion Description Additional Information Description Outer: 95% Polyester, 5% Elastane, Inner: 100% Polyester Gray Color Machine wash","{""polyester"": 95.0, ""elastane"": 5.0}",polyester,0.0,low,philippine,PH,https://justg.com.ph/products/just-g-two-piece-floral-mesh-cropped-tee-with-lettuce-edge-and-camisole-top,2026-04-08T08:22:16.780743,2026-04-08T08:22:16.780743,live,True
Just G,CHECKERED CHIFFON MIDI SKIRT WITH LETTUCE HEM,skirt,"k a Question Description Additional Information Description 100% Polyester Multicolor Machine wash cold gentle cycle, use gentle deter","{""polyester"": 100.0}",polyester,0.0,low,philippine,PH,https://justg.com.ph/products/just-g-checkered-chiffon-midi-skirt-with-lettuce-hem,2026-04-08T08:22:17.889272,2026-04-08T08:22:17.889272,live,True
Just G,STRAPPY DOGSTOOTH MINI DRESS WITH BOWS,dress,"k a Question Description Additional Information Description 100% Polyester Gray Color Machine wash cold gentle cycle, with like colors","{""polyester"": 100.0}",polyester,0.0,low,philippine,PH,https://justg.com.ph/products/just-g-strappy-dogstooth-mini-dress-with-bows,2026-04-08T08:22:18.711403,2026-04-08T08:22:18.711403,live,True
Just G,ELEMENTAL STONES REGULAR FIT TEE,t-shirt,"k a Question Description Additional Information Description 100% Cotton Beige Color Machine wash cold gentle cycle, with like color","{""cotton"": 100.0}",cotton,100.0,high,philippine,PH,https://justg.com.ph/products/just-g-elemental-stones-regular-fit-tee,2026-04-08T08:22:19.661581,2026-04-08T08:22:19.661581,live,True
Just G,CABLE-LIKE KNIT COLLARED VEST TOP,top,"k a Question Description Additional Information Description 41% Acrylic, 31% Nylon, 28% Polyester Offwhite Color Wash by hand, use","{""acrylic"": 41.0, ""nylon"": 31.0, ""polyester"": 28.0}",acrylic,0.0,low,philippine,PH,https://justg.com.ph/products/just-g-cable-like-knit-collared-vest-top,2026-04-08T08:22:23.586908,2026-04-08T08:22:23.586908,live,True
Just G,CROPPED L/S POINTELLE KNIT CARDIGAN,knitwear,"k a Question Description Additional Information Description 100% Cotton Pink Color Wash by hand, use only non-chlorine bleach when","{""cotton"": 100.0}",cotton,100.0,high,philippine,PH,https://justg.com.ph/products/just-g-cropped-l-s-pointelle-knit-cardigan2,2026-04-08T08:22:24.836712,2026-04-08T08:22:24.836712,live,True
Just G,LOW WAIST STRAIGHT LEG CORDUROY PANTS,pants,"k a Question Description Additional Information Description 100% Polyester Brown Color Machine wash cold gentle cycle, use gentle dete","{""polyester"": 100.0}",polyester,0.0,low,philippine,PH,https://justg.com.ph/products/just-g-low-waist-straight-leg-corduroy-pants,2026-04-08T08:22:27.077935,2026-04-08T08:22:27.077935,live,True
Just G,RUFFLED COLLAR CROPPED KNIT TOP,top,"k a Question Description Additional Information Description 100% Cotton Brown Color Wash by hand, use only non-chlorine bleach when","{""cotton"": 100.0}",cotton,100.0,high,philippine,PH,https://justg.com.ph/products/just-g-ruffled-collar-cropped-knit-top,2026-04-08T08:22:28.796157,2026-04-08T08:22:28.796157,live,True
Just G,TEA CROPPED HOODIE,hoodie,"k a Question Description Additional Information Description 100% Cotton Beige Color Machine wash cold gentle cycle, with like color","{""cotton"": 100.0}",cotton,100.0,high,philippine,PH,https://justg.com.ph/products/just-g-tea-cropped-hoodie,2026-04-08T08:22:29.928668,2026-04-08T08:22:29.928668,live,True
Just G,CHECKERED PLEATED MINI SKIRT,skirt,"k a Question Description Additional Information Description 97% Polyester/ 3% Elastane Multicolor Machine wash cold gentle cycle, use","{""polyester"": 97.0, ""elastane"": 3.0}",polyester,0.0,low,philippine,PH,https://justg.com.ph/products/just-g-checkered-pleated-mini-skirt2,2026-04-08T08:22:30.765354,2026-04-08T08:22:30.765354,live,True
Just G,POLKA DOT LAYERED HANDKERCHIEF MIDI SKIRT,skirt,"t for summer hangouts, weekend outings, or casual brunches. 50% Nylon, 50% Polyester Black Color Turn Garment Inside Out, Turn Ga","{""nylon"": 50.0, ""polyester"": 50.0}",nylon,0.0,low,philippine,PH,https://justg.com.ph/products/polka-dot-layered-handkerchief-midi-skirt,2026-04-08T08:22:46.046786,2026-04-08T08:22:46.046786,live,True
Just G,TWILL HIGHWAISTED WIDE LEG PANTS WITH CUT AND SEW AND PATCH POCKET DETAIL,pants,"bedford cord, they?re perfect for laid-back, chic outfits. 100% Cotton Khaki Green Color Machine Wash Cold Gentle Cycle, Use Gentl","{""cotton"": 100.0}",cotton,100.0,high,philippine,PH,https://justg.com.ph/products/twill-wide-leg-pants-with-front-seam-and-pockets,2026-04-08T08:22:49.130264,2026-04-08T08:22:49.130264,live,True
Just G,"HIGHWAISTED A LINE CHECKERED MINI SKIRT WITH SLITS, LACE, AND BOWS",skirt,"accents for a feminine edge that?s still everyday-wearable. 90% Lyocell, 6% Cotton, 4% Elastane Multicolor Turn Garment Inside Out,","{""lyocell"": 90.0, ""cotton"": 6.0, ""elastane"": 4.0}",lyocell,96.0,high,philippine,PH,https://justg.com.ph/products/highwaisted-a-line-checkered-mini-skirt-with-slits-lace-and-bows,2026-04-08T08:22:52.057019,2026-04-08T08:22:52.057019,live,True
Just G,HIGH-WAIST TAILORED WOOL SHORTS,shorts,"for city strolls, brunch dates, and casual workdays. Body: 50% Wool, 36% Polyester, 14% Lyocell Lining, 100% Polyester Black Co","{""wool"": 50.0, ""polyester"": 36.0, ""lyocell"": 14.0}",wool,64.0,medium,philippine,PH,https://justg.com.ph/products/high-waist-tailored-wool-shorts,2026-04-08T08:22:57.569403,2026-04-08T08:22:57.569403,live,True
Just G,ZIP UP A LINE FLORAL MINI SKIRT WITH CONTRAST PIPING DETAIL,skirt,"a must-have for fashion-forward brunches or sunny strolls. 100% Cotton Multicolor Color Machine Wash  Cold Gentle Cycle,  Use Gent","{""cotton"": 100.0}",cotton,100.0,high,philippine,PH,https://justg.com.ph/products/zip-up-a-line-floral-mini-skirt-with-contrast-piping-detail,2026-04-08T08:23:00.589648,2026-04-08T08:23:00.589648,live,True
Sola,Sculpting Highwaisted Shapewear Shorts,shorts,"gives lift, comfort, and support. With overlapping gusset. 76% Nylon / 24% Elastane Machine Wash Cold, Tumble Dry Low, Do Not Bl","{""nylon"": 76.0, ""elastane"": 24.0}",nylon,0.0,low,philippine,PH,https://sola.com.ph/collections/womens-sculpting-shapewear/products/sculpting-shorts-highwaisted,2026-04-08T08:23:04.823470,2026-04-08T08:23:04.823470,live,True
Sola,Hugging Shapewear Tank Top,top,"own. SOLÁ logo woven at the back Medium compression Unisex 92% Nylon / 8% Elastane Machine Wash Cold, Tumble Dry Low, Do Not Ble","{""nylon"": 92.0, ""elastane"": 8.0}",nylon,0.0,low,philippine,PH,https://sola.com.ph/collections/mens-tops/products/hugging-shapewear-tank-top,2026-04-08T08:23:19.761191,2026-04-08T08:23:19.761191,live,True
Sola,Sculpting Sleeveless Shapewear Shirt,shirt,"hnology to create a seamless and durable quality shapewear. 76% Nylon / 24% Elastane Machine Wash Cold, Tumble Dry Low, Do Not Bl","{""nylon"": 76.0, ""elastane"": 24.0}",nylon,0.0,low,philippine,PH,https://sola.com.ph/collections/mens-tops/products/sleeveless-shapewear-shirt,2026-04-08T08:23:21.262684,2026-04-08T08:23:21.262684,live,True
Sola,INVISEAM™ V-Neck Inner T-Shirt,shirt,"touch, moisture-wicking, and quick-drying fabric technology 80% Nylon / 20% Elastane Machine Wash Cold - Gentle Cycle, Do Not Dry","{""nylon"": 80.0, ""elastane"": 20.0}",nylon,0.0,low,philippine,PH,https://sola.com.ph/collections/mens-tops/products/inviseam-v-neck-inner-t-shirt,2026-04-08T08:23:22.487337,2026-04-08T08:23:22.487337,live,True
Sola,Sculpting Shortsleeve Shapewear Shirt,shirt,"hnology to create a seamless and durable quality shapewear. 76% Nylon / 24% Elastane Machine Wash Cold, Tumble Dry Low, Do Not Bl","{""nylon"": 76.0, ""elastane"": 24.0}",nylon,0.0,low,philippine,PH,https://sola.com.ph/collections/mens-tops/products/shortsleeve-shapewear-shirt,2026-04-08T08:23:23.737097,2026-04-08T08:23:23.737097,live,True
Sola,Sculpting Boxer Shapewear Shorts,shorts,"hnology to create a seamless and durable quality shapewear. 76% Nylon / 24% Elastane Machine Wash Cold, Tumble Dry Low, Do Not Bl","{""nylon"": 76.0, ""elastane"": 24.0}",nylon,0.0,low,philippine,PH,https://sola.com.ph/collections/mens/products/boxer-shapewear-shorts,2026-04-08T08:23:32.607735,2026-04-08T08:23:32.607735,live,True
Sola,Hugging Shapewear Halter Top,top,"Medium compression Unpadded Low back Non-adjustable straps 92% Nylon / 8% Elastane Machine Wash Cold, Tumble Dry Low, Do Not Ble","{""nylon"": 92.0, ""elastane"": 8.0}",nylon,0.0,low,philippine,PH,https://sola.com.ph/collections/tops/products/hugging-shapewear-halter-top,2026-04-08T08:23:43.201222,2026-04-08T08:23:43.201222,live,True
Sola,Hugging Shapewear Cami Top,top,"n at the back Medium compression Unpadded Adjustable straps 92% Nylon / 8% Elastane Machine Wash Cold, Tumble Dry Low, Do Not Ble","{""nylon"": 92.0, ""elastane"": 8.0}",nylon,0.0,low,philippine,PH,https://sola.com.ph/collections/tops/products/hugging-shapewear-cami-top,2026-04-08T08:23:44.894130,2026-04-08T08:23:44.894130,live,True
Sola,Basic Fitted Shortsleeve Top,top,"pper-hip length shirt Discreet external SOLÁ tag on the hem 95% Modal / 5% Spandex Machine Wash Cold with Like Colors, Only Non-C","{""modal"": 95.0, ""elastane"": 5.0}",modal,95.0,high,philippine,PH,https://sola.com.ph/collections/essentialwear-tops/products/basic-fitted-shortsleeve-top,2026-04-08T08:23:57.050536,2026-04-08T08:23:57.050536,live,True
Sola,Basic Asymmetric Longsleeve Top,top,"pper-hip length shirt Discreet external SOLÁ tag on the hem 95% Modal / 5% Spandex Machine Wash Cold with Like Colors, Only Non-C","{""modal"": 95.0, ""elastane"": 5.0}",modal,95.0,high,philippine,PH,https://sola.com.ph/collections/essentialwear-tops/products/basic-asymmetric-longsleeve-top,2026-04-08T08:23:58.422318,2026-04-08T08:23:58.422318,live,True
Sola,Basic Tube Top w/ Side Slit,top,"slit Lower-hip length Discreet external SOLÁ tag on the hem 95% Modal / 5% Spandex Machine Wash Cold with Like Colors, Only Non-C","{""modal"": 95.0, ""elastane"": 5.0}",modal,95.0,high,philippine,PH,https://sola.com.ph/collections/essentialwear-tops/products/basic-tube-top-w-side-slit,2026-04-08T08:23:59.620472,2026-04-08T08:23:59.620472,live,True
Gymshark,Vital Tank With Shelf,top,"t Regular length Model is 5'9"" and wears S MATERIALS & CARE 96% Nylon, 4% Elastane SKU: B4C6D-KDHF Not sure what size to choose?","{""nylon"": 96.0, ""elastane"": 4.0}",nylon,0.0,low,international,GLOBAL,https://www.gymshark.com/products/gymshark-vital-tank-with-shelf-sleeveless-tops-pink-ss26,2026-04-08T08:24:10.348021,2026-04-08T08:24:10.348021,live,True
Gymshark,Interval Seamless Short Sleeve Crop Top,top,"t Cropped length Model is 5'4"" and wears S MATERIALS & CARE 59% Nylon, 31% Polyester, 10% Elastane​ SKU: B6B1K-UD74 Not sure what","{""nylon"": 59.0, ""polyester"": 31.0, ""elastane"": 10.0}",nylon,0.0,low,international,GLOBAL,https://www.gymshark.com/products/gymshark-interval-seamless-short-sleeve-crop-top-ss-tops-blue-ss26,2026-04-08T08:24:15.912207,2026-04-08T08:24:15.912207,live,True
Gymshark,Run Club Graphic Short Sleeve T-Shirt,shirt,"rsized fit Model is 5'7 1/2""  and wears XS MATERIALS & CARE 100% Cotton SKU: B6B6A-WCMY Delivery & Returns Delivery & Returns Stand","{""cotton"": 100.0}",cotton,100.0,high,international,GLOBAL,https://www.gymshark.com/products/gymshark-run-club-graphic-short-sleeve-t-shirt-ss-tops-white-ss26,2026-04-08T08:24:21.494730,2026-04-08T08:24:21.494730,live,True
Gymshark,Interval Seamless Midi Tank,top,"fit Midi length Model is 5'4"" and wears S MATERIALS & CARE 59% Nylon, 31% Polyester, 10% Elastane​ SKU: B6B1J-KDHK Not sure what","{""nylon"": 59.0, ""polyester"": 31.0, ""elastane"": 10.0}",nylon,0.0,low,international,GLOBAL,https://www.gymshark.com/products/gymshark-interval-seamless-midi-tank-sleeveless-tops-light-pink-ss26,2026-04-08T08:24:23.812159,2026-04-08T08:24:23.812159,live,True
Gymshark,Collegiate Graphic T-Shirt,shirt,"ular length Model is 5'9"" and wears size S MATERIALS & CARE 100% Cotton 220gsm, heavyweight fabric SKU: B4C7W-BB3L Delivery & Retur","{""cotton"": 100.0}",cotton,100.0,high,international,GLOBAL,https://www.gymshark.com/products/gymshark-collegiate-graphic-t-shirt-ss-tops,2026-04-08T08:24:26.736206,2026-04-08T08:24:26.736206,live,True
Gymshark,Adapt Animal X Whitney Tank Top with Shelf,top,"th Light support Model is 5'8"" and wears S MATERIALS & CARE 79% Nylon, 14% Polyester, 7% Elastane SKU: B5C7O-BDQR Not sure what s","{""nylon"": 79.0, ""polyester"": 14.0, ""elastane"": 7.0}",nylon,0.0,low,international,GLOBAL,https://www.gymshark.com/products/gymshark-adapt-animal-tank-top-with-shelf-sleeveless-tops-black-ss26,2026-04-08T08:24:29.531506,2026-04-08T08:24:29.531506,live,True
Gymshark,Lift Seamless Tank with Shelf,top,"th Light support Model is 5'9"" and wears S MATERIALS & CARE 61% Nylon, 31% Polyester, 8% Elastane SKU: B6B8Q-BCPV Delivery & Retu","{""nylon"": 61.0, ""polyester"": 31.0, ""elastane"": 8.0}",nylon,0.0,low,international,GLOBAL,https://www.gymshark.com/products/gymshark-lift-seamless-tank-with-shelf-sleeveless-tops-black-ss26,2026-04-08T08:24:32.389094,2026-04-08T08:24:32.389094,live,True
Gymshark,Vital Seamless 2.0 Light T-Shirt,shirt,"Raglan sleeves Model is 5'9"" and wears XS MATERIALS & CARE 100% Nylon 127gsm, lightweight fabric SKU: B2A4I-UD6Z Not sure what si","{""nylon"": 100.0}",nylon,0.0,low,international,GLOBAL,https://www.gymshark.com/products/gymshark-vital-light-t-shirt-ss-tops-blue-ss26-b2a4i-ud6z,2026-04-08T08:24:39.714676,2026-04-08T08:24:39.714676,live,True
Gymshark,Storm Seamless Short Sleeve Top,top,"fit Midi length Model is 5'9"" and wears XS MATERIALS & CARE 63% Polyester, 23% Nylon, 14% Elastane SKU: B5B8R-BDFS Delivery & Returns","{""polyester"": 63.0, ""nylon"": 23.0, ""elastane"": 14.0}",polyester,0.0,low,international,GLOBAL,https://www.gymshark.com/products/gymshark-storm-seamless-short-sleeve-top-ss-tops,2026-04-08T08:24:45.219529,2026-04-08T08:24:45.219529,live,True
Gymshark,To From Cut Off Tee,t-shirt,"t Cropped length Model is 5'8"" and wears S MATERIALS & CARE 100% Cotton 260gsm SKU: B5C7V-WD9L Delivery & Returns Delivery & Return","{""cotton"": 100.0}",cotton,100.0,high,international,GLOBAL,https://www.gymshark.com/products/gymshark-to-from-cut-off-tee-sleeveless-tops-white-ss26,2026-04-08T08:24:53.542357,2026-04-08T08:24:53.542357,live,True
Gymshark,Vital Seamless Light Long Sleeve Top,top,"Raglan sleeves Model is 5'9"" and wears XS MATERIALS & CARE 100% Nylon 127gsm, lightweight fabric SKU: B4A8C-UD6Z Not sure what si","{""nylon"": 100.0}",nylon,0.0,low,international,GLOBAL,https://www.gymshark.com/products/gymshark-vital-light-long-sleeve-top-ls-tops-blue-ss26,2026-04-08T08:25:01.898592,2026-04-08T08:25:01.898592,live,True
Gymshark,Lift Seamless Short Sleeve Top,top,"port Midi length Model is 5'5"" and wears S MATERIALS & CARE 90% Nylon, 10% Elastane SKU: B6B4Q-RBQW Delivery & Returns Delivery &","{""nylon"": 90.0, ""elastane"": 10.0}",nylon,0.0,low,international,GLOBAL,https://www.gymshark.com/products/gymshark-lift-seamless-short-sleeve-top-ss-tops-red-ss26,2026-04-08T08:25:04.324212,2026-04-08T08:25:04.324212,live,True
Gymshark,Adapt Animal Long Sleeve Crop Top,top,"Body fit Model is 5’5” and wears a size S MATERIALS & CARE 82% Nylon, 12% Polyester, 6% Elastane SKU: B4C2Z-PCGP Delivery & Retu","{""nylon"": 82.0, ""polyester"": 12.0, ""elastane"": 6.0}",nylon,0.0,low,international,GLOBAL,https://www.gymshark.com/products/gymshark-adapt-animal-long-sleeve-crop-top-crop-tops-purple-aw25,2026-04-08T08:25:06.856796,2026-04-08T08:25:06.856796,live,True
Gymshark,Stacked Graphic Short Sleeve T-Shirt,shirt,"T Oversized fit Model is 5'9"" and wears XS MATERIALS & CARE 100% Cotton SKU: B6B4V-BB2J Delivery & Returns Delivery & Returns Stand","{""cotton"": 100.0}",cotton,100.0,high,international,GLOBAL,https://www.gymshark.com/products/gymshark-stacked-graphic-short-sleeve-t-shirt-ss-tops-black-ss26,2026-04-08T08:25:09.205616,2026-04-08T08:25:09.205616,live,True
Gymshark,Vital Sweetheart Neck Crop Top,top,"Cropped length Model is  5'9"" and wears S MATERIALS & CARE 96% Nylon, 4% Elastane SKU: B5C9W-BBF3 Not sure what size to choose?","{""nylon"": 96.0, ""elastane"": 4.0}",nylon,0.0,low,international,GLOBAL,https://www.gymshark.com/products/gymshark-vital-sweetheart-neck-crop-top-ls-tops-black-ss26,2026-04-08T08:25:12.006965,2026-04-08T08:25:12.006965,live,True
Gymshark,Everyday Seamless Wide Neck Long Sleeve Top,top,"ular length Model is 5'7"" and wears size S MATERIALS & CARE 86% Nylon, 14% Elastane SKU: B5B5F-BB2J Not sure what size to choose?","{""nylon"": 86.0, ""elastane"": 14.0}",nylon,0.0,low,international,GLOBAL,https://www.gymshark.com/products/gymshark-everyday-seamless-wide-neck-long-sleeve-top-ls-tops-black-aw25,2026-04-08T08:25:14.958974,2026-04-08T08:25:14.958974,live,True
Gymshark,Glutey Calls Graphic T-Shirt,shirt,"T Oversized fit Model is 5'10"" and wears S MATERIALS & CARE 100% Cotton SKU: B6B5Z-GBCN Delivery & Returns Delivery & Returns Stand","{""cotton"": 100.0}",cotton,100.0,high,international,GLOBAL,https://www.gymshark.com/products/gymshark-glutey-calls-graphic-t-shirt-ss-tops-grey-ss26,2026-04-08T08:25:16.796359,2026-04-08T08:25:16.796359,live,True
Gymshark,Adapt Animal X Whitney Long Sleeve Crop Top,top,"h Light support Model is 5'10"" and wears S MATERIALS & CARE 79% Nylon, 15% Polyester, 6% Elastane SKU: B5C9X-NDJW Not sure what s","{""nylon"": 79.0, ""polyester"": 15.0, ""elastane"": 6.0}",nylon,0.0,low,international,GLOBAL,https://www.gymshark.com/products/gymshark-adapt-animal-long-sleeve-crop-top-ls-tops-brown-ss26,2026-04-08T08:25:24.643675,2026-04-08T08:25:24.643675,live,True
Gymshark,Halter Neck Cami with Shelf,top,"ular length Model is 5'9"" and wears size S MATERIALS & CARE 78% Polyester, 22% Elastane SKU: B8A5T-UD6S Delivery & Returns Delivery &","{""polyester"": 78.0, ""elastane"": 22.0}",polyester,0.0,low,international,GLOBAL,https://www.gymshark.com/products/gymshark-halter-neck-cami-with-shelf-sleeveless-tops-blue-ss26,2026-04-08T08:25:50.002931,2026-04-08T08:25:50.002931,live,True
Gymshark,Vital Crop Top,top,"length • Model is 5'8"" and wears size S MATERIALS & CARE • 96% Nylon, 4% Elastane • Machine wash cold with the same or similar c","{""nylon"": 96.0, ""elastane"": 4.0}",nylon,0.0,low,international,GLOBAL,https://www.gymshark.com/products/gymshark-vital-seamless-2-0-crop-top-black-marl-ss23,2026-04-08T08:25:53.018614,2026-04-08T08:25:53.018614,live,True
Gymshark,TRAINING OVERSIZED T-SHIRT,shirt,"red Sharkhead Logo - Ribbed neckline - Logo to left chest - 100% cotton - Model is 5'8"" and wears size XS - SKU: B1A7M-BBBB Deliver","{""cotton"": 100.0}",cotton,100.0,high,international,GLOBAL,https://www.gymshark.com/products/gymshark-training-oversized-t-shirt-black-logo,2026-04-08T08:25:56.208758,2026-04-08T08:25:56.208758,live,True
Gymshark,Everyday Seamless Long Sleeve Crop Top,top,"ped length Model is 5'9"" and wears size XS MATERIALS & CARE 86% Nylon, 14% Elastane SKU: B7A2S-BB2J Not sure what size to choose?","{""nylon"": 86.0, ""elastane"": 14.0}",nylon,0.0,low,international,GLOBAL,https://www.gymshark.com/products/gymshark-everyday-seamless-long-sleeve-crop-top-black-aw23,2026-04-08T08:26:06.801856,2026-04-08T08:26:06.801856,live,True
Gymshark,Interval Seamless Shrug,top,"T Body fit Model is 5'10"" and wears size S MATERIALS & CARE 59% Nylon, 31% Polyester, 10% Elastane​ SKU:  B5C8D-KDFY Not sure wha","{""nylon"": 59.0, ""polyester"": 31.0, ""elastane"": 10.0}",nylon,0.0,low,international,GLOBAL,https://www.gymshark.com/products/gymshark-interval-seamless-shrug-ls-tops-pink-ss26,2026-04-08T08:26:19.283807,2026-04-08T08:26:19.283807,live,True
Gymshark,Everyday Seamless Tank With Shelf,top,"Midi length Model is 5'8"" and wears size S MATERIALS & CARE 86% Nylon, 14% Elastane SKU: B4C6F-PCDS Not sure what size to choose?","{""nylon"": 86.0, ""elastane"": 14.0}",nylon,0.0,low,international,GLOBAL,https://www.gymshark.com/products/gymshark-everyday-seamless-tank-with-shelf-sleeveless-tops-purple-aw25,2026-04-08T08:26:21.993281,2026-04-08T08:26:21.993281,live,True
Gymshark,GS Power Oversized T-Shirt,shirt,"T Oversized fit Model is 5'10"" and wears S MATERIALS & CARE 64% Cotton, 33% Polyester, 3% Elastane 160 gsm SKU: B4A7O-UDRL Deliver","{""cotton"": 64.0, ""polyester"": 33.0, ""elastane"": 3.0}",cotton,64.0,medium,international,GLOBAL,https://www.gymshark.com/products/gymshark-power-oversized-t-shirt-ss-tops,2026-04-08T08:26:41.543401,2026-04-08T08:26:41.543401,live,True
Gymshark,Everyday Seamless Ribbed Tank,top,"t Regular length Model is 5'9"" and wears S MATERIALS & CARE 92% Nylon, 8% Elastane SKU: B5C9P-BB2J Not sure what size to choose?","{""nylon"": 92.0, ""elastane"": 8.0}",nylon,0.0,low,international,GLOBAL,https://www.gymshark.com/products/gymshark-everyday-seamless-ribbed-tank-sleeveless-tops-black-ss26,2026-04-08T08:26:43.938544,2026-04-08T08:26:43.938544,live,True
Gymshark,Vital Seamless T-Shirt,shirt,"T Slim fit Model is 5'10"" and wears size M MATERIALS & CARE 65% Nylon, 35% Polyester 187gsm, lightweight fabric SKU: A2B5P-UD79 D","{""nylon"": 65.0, ""polyester"": 35.0}",nylon,0.0,low,international,GLOBAL,https://www.gymshark.com/products/gymshark-vital-t-shirt-ss-tops,2026-04-08T08:26:51.121192,2026-04-08T08:26:51.121192,live,True
Gymshark,Legacy T-Shirt,shirt,"Slim fit Model is 5'11"" and wears size XL MATERIALS & CARE 95% Cotton, 5% Elastane 180gsm SKU: A5A3B-KC2J Delivery & Returns Deli","{""cotton"": 95.0, ""elastane"": 5.0}",cotton,95.0,high,international,GLOBAL,https://www.gymshark.com/products/gymshark-legacy-t-shirt-ss-tops-pink-ss26,2026-04-08T08:26:53.749904,2026-04-08T08:26:53.749904,live,True
Gymshark,Conditioning Club Washed T-Shirt,shirt,"T Oversized fit Model is 5'10"" and wears M MATERIALS & CARE 100% Polyester SKU: A4C5N-WFXT Not sure what size to choose? Check out our","{""polyester"": 100.0}",polyester,0.0,low,international,GLOBAL,https://www.gymshark.com/products/gymshark-conditioning-club-washed-t-shirt-ss-tops-white-ss26,2026-04-08T08:26:56.770171,2026-04-08T08:26:56.770171,live,True
Gymshark,Arrival Oversized T-Shirt,shirt,"ew neck • Model is 6'0"" and wears size M MATERIALS & CARE • 100% Polyester • Sweat-wicking fabric SKU: A6A4W-BB2J Delivery & Returns D","{""polyester"": 100.0}",polyester,0.0,low,international,GLOBAL,https://www.gymshark.com/products/gymshark-oversized-performance-t-shirt-black-ss24,2026-04-08T08:26:59.165926,2026-04-08T08:26:59.165926,live,True
Gymshark,Crest T-Shirt,shirt,"lar fit • Model is 6'0"" and wears size M MATERIALS & CARE • 100% Cotton SKU: A1A3J-UBCY Delivery & Returns Delivery & Returns Stand","{""cotton"": 100.0}",cotton,100.0,high,international,GLOBAL,https://www.gymshark.com/products/gymshark-crest-t-shirt-navy-aw21,2026-04-08T08:27:02.373133,2026-04-08T08:27:02.373133,live,True
Gymshark,Conditioning Club Washed Tank,top,"T Oversized fit Model is 5'10"" and wears M MATERIALS & CARE 100% Polyester SKU:  A4C3Z-BDQV Not sure what size to choose? Check out ou","{""polyester"": 100.0}",polyester,0.0,low,international,GLOBAL,https://www.gymshark.com/products/gymshark-conditioning-club-washed-tank-sleeveless-tops-black-aw26,2026-04-08T08:27:04.549109,2026-04-08T08:27:04.549109,live,True
Gymshark,Power T-Shirt,shirt,"ersized fit Model is 6'1"" and wears size L MATERIALS & CARE 95% Cotton, 5% Elastane 180 gsm SKU: A4B9W-BC1D Delivery & Returns Del","{""cotton"": 95.0, ""elastane"": 5.0}",cotton,95.0,high,international,GLOBAL,https://www.gymshark.com/products/gymshark-power-t-shirt-ss-tops-black-aw25-3,2026-04-08T08:27:07.246677,2026-04-08T08:27:07.246677,live,True
Gymshark,Strength Fitness & Lifestyle Long Sleeve T-Shirt,shirt,"T Oversized fit Model is 5'10"" and wears M MATERIALS & CARE 100% Cotton 260gsm, heavyweight fabric SKU: A4C8R-WCMY Delivery & Retur","{""cotton"": 100.0}",cotton,100.0,high,international,GLOBAL,https://www.gymshark.com/products/gymshark-strength-fitness-and-lifestyle-long-sleeve-t-shirt-ls-tops-white-ss26,2026-04-08T08:27:13.451841,2026-04-08T08:27:13.451841,live,True
Gymshark,GSCC Graphic T-Shirt,shirt,"T Oversized fit Model is 5'10"" and wears M MATERIALS & CARE 100% Polyester SKU: A4C8E-WCMY Delivery & Returns Delivery & Returns Stand","{""polyester"": 100.0}",polyester,0.0,low,international,GLOBAL,https://www.gymshark.com/products/gymshark-gscc-graphic-t-shirt-ss-tops-white-ss26,2026-04-08T08:27:16.137867,2026-04-08T08:27:16.137867,live,True
Gymshark,Hybrid Engineered Jacquard T-Shirt,shirt,"& FIT Slim fit Model is 5'10"" and wears M MATERIALS & CARE 100% Polyester SKU: A2B5U-GB7N Not sure what size to choose? Check out our","{""polyester"": 100.0}",polyester,0.0,low,international,GLOBAL,https://www.gymshark.com/products/gymshark-running-t-shirt-ss-tops-grey-ss25,2026-04-08T08:27:18.151327,2026-04-08T08:27:18.151327,live,True
Gymshark,Element Baselayer T-Shirt,shirt,"• Model is 5'11"" and wears size M MATERIALS & CARE • Main: 84% Polyester, 16% Elastane • Mesh: 93% Polyester, 7% Elastane SKU: A2B4C","{""polyester"": 84.0, ""elastane"": 16.0}",polyester,0.0,low,international,GLOBAL,https://www.gymshark.com/products/gymshark-element-baselayer-t-shirt-black-ss25,2026-04-08T08:27:20.705730,2026-04-08T08:27:20.705730,live,True
Gymshark,Power Cut Off Tank,top,"ized fit Model is 5'11""  and wears size XL MATERIALS & CARE 95% Cotton, 5% Elastane 180gsm SKU: A4B9U-BCYL Delivery & Returns Deli","{""cotton"": 95.0, ""elastane"": 5.0}",cotton,95.0,high,international,GLOBAL,https://www.gymshark.com/products/gymshark-power-cut-off-tank-sleeveless-tops-black-aw25,2026-04-08T08:27:39.109840,2026-04-08T08:27:39.109840,live,True
Gymshark,Weekend T-Shirt,shirt,"fit Model is 5'10"" and wears M MATERIALS & CARE Main body: 94% Polyester, 6% Nylon Sleeves & shoulder panels: 100% Polyester SKU: A4","{""polyester"": 94.0, ""nylon"": 6.0}",polyester,0.0,low,international,GLOBAL,https://www.gymshark.com/products/gymshark-weekend-t-shirt-ss-tops-brown-ss26,2026-04-08T08:27:52.172741,2026-04-08T08:27:52.172741,live,True
Gymshark,Hybrid Engineered Jacquard Tank,top,"& FIT Slim fit Model is 5'10"" and wears M MATERIALS & CARE 100% Polyester SKU: A2B4H-BB2J Not sure what size to choose? Check out our","{""polyester"": 100.0}",polyester,0.0,low,international,GLOBAL,https://www.gymshark.com/products/gymshark-running-tank-sleeveless-tops-black-ss25,2026-04-08T08:27:57.633042,2026-04-08T08:27:57.633042,live,True
Gymshark,Legacy Drop Arm Tank,top,"Slim fit Model is 5'11"" and wears size XL MATERIALS & CARE 95% Cotton, 5% Elastane 180gsm SKU: A5A2Z-EDCZ Delivery & Returns Deli","{""cotton"": 95.0, ""elastane"": 5.0}",cotton,95.0,high,international,GLOBAL,https://www.gymshark.com/products/gymshark-legacy-drop-arm-tank-sleeveless-tops-green-ss26,2026-04-08T08:28:12.531714,2026-04-08T08:28:12.531714,live,True
Gymshark,Atlas T-Shirt,shirt,"T Oversized Fit Model is 5'10"" and wears M MATERIALS & CARE 100% Cotton SKU: A2B7U-RCF3 Delivery & Returns Delivery & Returns Stand","{""cotton"": 100.0}",cotton,100.0,high,international,GLOBAL,https://www.gymshark.com/products/gymshark-atlas-t-shirt-ss-tops-red-ss26,2026-04-08T08:28:17.709735,2026-04-08T08:28:17.709735,live,True
Gymshark,Geo Seamless T-Shirt,shirt,"sealed Gymshark logo to chest and wordmark to centre back - 73% Polyester, 27% Nylon - Model is 5'11"" and wears size M - SKU: A5A2D-B","{""polyester"": 73.0, ""nylon"": 27.0}",polyester,0.0,low,international,GLOBAL,https://www.gymshark.com/products/gymshark-geo-seamless-t-shirt-black-charcoal-grey-ss23,2026-04-08T08:28:35.487632,2026-04-08T08:28:35.487632,live,True
Gymshark,Shadow Seamless T Shirt,shirt,"ngth • Model is 5'10"" and wears a size M MATERIALS & CARE • 90% Nylon, 10% Elastane SKU: A1B2A-BB2J Delivery & Returns Delivery &","{""nylon"": 90.0, ""elastane"": 10.0}",nylon,0.0,low,international,GLOBAL,https://www.gymshark.com/products/gymshark-shadow-seamless-t-shirt-black-aw24,2026-04-08T08:28:42.842670,2026-04-08T08:28:42.842670,live,True
Gymshark,GSCC Graphic Tank,top,"E & FIT Oversized fit Model is 5'10"" and wears M SIZE & FIT 100% Polyester SKU: A4C8V-WCMY Delivery & Returns Delivery & Returns Stand","{""polyester"": 100.0}",polyester,0.0,low,international,GLOBAL,https://www.gymshark.com/products/gymshark-gscc-graphic-tank-sleeveless-tops-white-ss26,2026-04-08T08:28:48.024296,2026-04-08T08:28:48.024296,live,True
Gymshark,Charge T-Shirt,shirt,"FIT Muscle fit Model is 5'11"" and wears XL MATERIALS & CARE 90% Nylon, 10% Elastane SKU: A4C9Y-BDQX Delivery & Returns Delivery &","{""nylon"": 90.0, ""elastane"": 10.0}",nylon,0.0,low,international,GLOBAL,https://www.gymshark.com/products/gymshark-charge-t-shirt-ss-tops-black-ss26-a4c9y-bdqx,2026-04-08T08:29:15.871826,2026-04-08T08:29:15.871826,live,True
Gymshark,Twist Front Sports Bra,underwear,"Medium support Model is 5'10"" and wears S MATERIALS & CARE 91% Nylon, 9% Elastane SKU: B5C6A-PCK2 Delivery & Returns Delivery &","{""nylon"": 91.0, ""elastane"": 9.0}",nylon,0.0,low,international,GLOBAL,https://www.gymshark.com/products/gymshark-twist-front-sports-bra-sports-bras-purple-ss26,2026-04-08T08:29:30.111769,2026-04-08T08:29:30.111769,live,True
Gymshark,Interval Seamless Short,shorts,"based on size M Model is 5'4"" and wears S MATERIALS & CARE 59% Nylon, 31% Polyester, 10% Elastane​ SKU: B6B3K-OBXB Not sure what","{""nylon"": 59.0, ""polyester"": 31.0, ""elastane"": 10.0}",nylon,0.0,low,international,GLOBAL,https://www.gymshark.com/products/gymshark-interval-seamless-short-shorts-orange-ss26,2026-04-08T08:29:38.314128,2026-04-08T08:29:38.314128,live,True
Gymshark,Ruched Sports Bra,underwear,"ium support Model is 5'9"" and wears size S MATERIALS & CARE 78% Polyester, 22% Elastane SKU: B2A7A-KDFX Delivery & Returns Delivery &","{""polyester"": 78.0, ""elastane"": 22.0}",polyester,0.0,low,international,GLOBAL,https://www.gymshark.com/products/gymshark-ruched-sports-bra-sports-bras-pink-ss26,2026-04-08T08:29:44.365219,2026-04-08T08:29:44.365219,live,True
Gymshark,Whitney Mid-High Rise Legging,activewear,"IT Mid-high rise Model is 5'6"" and wears S MATERIALS & CARE 78% Nylon, 22% Elastane SKU: B6B2A-UCVG Not sure what size to choose?","{""nylon"": 78.0, ""elastane"": 22.0}",nylon,0.0,low,international,GLOBAL,https://www.gymshark.com/products/gymshark-whitney-mid-rise-legging-leggings-blue-ss26,2026-04-08T08:29:50.645524,2026-04-08T08:29:50.645524,live,True
Gymshark,Whitney Mid-High Rise Flared Leggings,activewear,"ength Flared leg Model is 5'6"" and wears M MATERIALS & CARE 78% Nylon, 22% Elastane SKU: B6B1Z-KDFX Not sure what size to choose?","{""nylon"": 78.0, ""elastane"": 22.0}",nylon,0.0,low,international,GLOBAL,https://www.gymshark.com/products/gymshark-whitney-mid-high-rise-flared-leggings-leggings-pink-ss26,2026-04-08T08:29:53.530071,2026-04-08T08:29:53.530071,live,True
Gymshark,Gymshark Whitney Shorts - Focus Pink,shorts,"m based on size M Model is 5'6"" and wears M MATERIAL & CARE 78% Nylon, 22% Elastane SKU: B3C8R-KDFX Not sure what size to choose?","{""nylon"": 78.0, ""elastane"": 22.0}",nylon,0.0,low,international,GLOBAL,https://www.gymshark.com/products/gymshark-whitney-shorts-shorts-pink-ss26,2026-04-08T08:29:56.695877,2026-04-08T08:29:56.695877,live,True
Gymshark,Interval Seamless Medium Support Sports Bra,underwear,"um support Model is 5'10"" and wears size S MATERIALS & CARE 59% Nylon, 31% Polyester, 10% Elastane​ SKU: B5C9J-KDHK Not sure what","{""nylon"": 59.0, ""polyester"": 31.0, ""elastane"": 10.0}",nylon,0.0,low,international,GLOBAL,https://www.gymshark.com/products/gymshark-interval-seamless-medium-support-sports-bra-sports-bras-pink-ss26,2026-04-08T08:30:04.287064,2026-04-08T08:30:04.287064,live,True
Gymshark,Minimal Sports Bra,underwear,"ht support Model is 5'10"" and wears size S MATERIALS & CARE 78% Polyester, 22% Elastane SKU: B3A2J-EDC3 Not sure what size to choose?","{""polyester"": 78.0, ""elastane"": 22.0}",polyester,0.0,low,international,GLOBAL,https://www.gymshark.com/products/gymshark-minimal-sports-bra-sports-bras-green-ss26-b3a2j-edc3,2026-04-08T08:30:10.254740,2026-04-08T08:30:10.254740,live,True
Gymshark,Interval Seamless Legging,activewear,"based on size M Model is 5'4"" and wears S MATERIALS & CARE 59% Nylon, 31% Polyester, 10% Elastane​ SKU: B6B2M-KDFY Not sure what","{""nylon"": 59.0, ""polyester"": 31.0, ""elastane"": 10.0}",nylon,0.0,low,international,GLOBAL,https://www.gymshark.com/products/gymshark-interval-seamless-legging-leggings-electric-pink-ss26,2026-04-08T08:30:15.215888,2026-04-08T08:30:15.215888,live,True
Gymshark,To From Pant,pants,"zed fit Mid-rise Model is 5'8"" and wears S MATERIALS & CARE 100% Nylon 112gsm, lightweight fabric SKU: B5C8Q-PCFH Delivery & Retur","{""nylon"": 100.0}",nylon,0.0,low,international,GLOBAL,https://www.gymshark.com/products/gymshark-to-from-pant-pants-purple-ss26,2026-04-08T08:30:26.023782,2026-04-08T08:30:26.023782,live,True
Gymshark,Gymshark Whitney Shorts - Force Blue,shorts,"m based on size M Model is 5'6"" and wears M MATERIAL & CARE 78% Nylon, 22% Elastane SKU: B3C8R-UCVG Not sure what size to choose?","{""nylon"": 78.0, ""elastane"": 22.0}",nylon,0.0,low,international,GLOBAL,https://www.gymshark.com/products/gymshark-whitney-shorts-shorts-blue-ss26,2026-04-08T08:30:28.540418,2026-04-08T08:30:28.540418,live,True
Gymshark,Interval Seamless Light Support Sports Bra,underwear,"ht support Model is 5'10"" and wears size S MATERIALS & CARE 59% Nylon, 31% Polyester, 10% Elastane​ SKU: B5C9R-BB2J Not sure what","{""nylon"": 59.0, ""polyester"": 31.0, ""elastane"": 10.0}",nylon,0.0,low,international,GLOBAL,https://www.gymshark.com/products/gymshark-interval-seamless-light-support-sports-bra-sports-bras-black-ss26,2026-04-08T08:30:33.844568,2026-04-08T08:30:33.844568,live,True
Gymshark,Whitney Regular Flared Leggings,activewear,"83cm Flared leg Model is 5'6"" and wears S MATERIALS & CARE 78% Nylon, 22% Elastane SKU: B3C8S-UCVG Delivery & Returns Delivery &","{""nylon"": 78.0, ""elastane"": 22.0}",nylon,0.0,low,international,GLOBAL,https://www.gymshark.com/products/gymshark-whitney-flared-leggings-leggings-blue-ss26,2026-04-08T08:30:52.552753,2026-04-08T08:30:52.552753,live,True
Gymshark,Whitney Regular Leggings,activewear,"d Regular length Model is 5'9"" and wears XS MATERIAL & CARE 78% Nylon, 22% Elastane SKU: B3C6K-EDC3 Delivery & Returns Delivery &","{""nylon"": 78.0, ""elastane"": 22.0}",nylon,0.0,low,international,GLOBAL,https://www.gymshark.com/products/gymshark-whitney-leggings-leggings-green-ss26,2026-04-08T08:30:55.411250,2026-04-08T08:30:55.411250,live,True
Gymshark,Adapt Animal X Whitney Short Sleeve Top,top,"Midi length Model is 5'8"" and wears size S MATERIALS & CARE 79% Nylon, 14% Polyester, 7% Elastane SKU: B6B4N-KDHZ Not sure what s","{""nylon"": 79.0, ""polyester"": 14.0, ""elastane"": 7.0}",nylon,0.0,low,international,GLOBAL,https://www.gymshark.com/products/gymshark-adapt-animal-short-sleeve-top-ss-tops-pink-ss26,2026-04-08T08:32:06.600722,2026-04-08T08:32:06.600722,live,True
Gymshark,Lift Seamless Shorts,shorts,"M • Model is 5'9"" and wears size S MATERIALS & CARE • Main: 61% Nylon, 31% Polyester, 8% Elastane • Seamless construction SKU: B6","{""nylon"": 61.0, ""polyester"": 31.0, ""elastane"": 8.0}",nylon,0.0,low,international,GLOBAL,https://www.gymshark.com/products/gymshark-lift-contour-seamless-shorts-black-black-marl-aw23,2026-04-08T08:32:09.034772,2026-04-08T08:32:09.034772,live,True
Gymshark,Vital Seamless 2.0 Leggings,activewear,"based on size M Model is 5'9"" and wears XS MATERIALS & CARE 96% Nylon, 4% Elastane SKU: B1A2B-UD6Z Not sure what size to choose?","{""nylon"": 96.0, ""elastane"": 4.0}",nylon,0.0,low,international,GLOBAL,https://www.gymshark.com/products/gymshark-vital-regular-leggings-leggings-blue-ss26,2026-04-08T08:32:24.478606,2026-04-08T08:32:24.478606,live,True
Gymshark,Vital Seamless Shorts,shorts,"d on size M Model is 5'9"" and wears size S MATERIALS & CARE 93% Nylon, 7% Elastane SKU: B1A4J-YBTX Not sure what size to choose?","{""nylon"": 93.0, ""elastane"": 7.0}",nylon,0.0,low,international,GLOBAL,https://www.gymshark.com/products/gymshark-vital-shorts-shorts-yellow-ss26,2026-04-08T08:32:30.097945,2026-04-08T08:32:30.097945,live,True
Gymshark,Everyday Seamless Racerback Sports Bra,underwear,"ht support Model is 5'8"" and wears size XS MATERIALS & CARE 86% Nylon, 14% Elastane SKU: B4C1V-BB2J Not sure what size to choose?","{""nylon"": 86.0, ""elastane"": 14.0}",nylon,0.0,low,international,GLOBAL,https://www.gymshark.com/products/gymshark-everyday-seamless-racerback-sports-bra-sports-bras-black-aw25,2026-04-08T08:32:34.950144,2026-04-08T08:32:34.950144,live,True
Gymshark,Power Washed Joggers,pants,"leg design Model is 5'10"" and wears size S MATERIALS & CARE 78% Cotton, 22% Polyester 330gsm, heavyweight fabric Note: the fabric’","{""cotton"": 78.0, ""polyester"": 22.0}",cotton,78.0,medium,international,GLOBAL,https://www.gymshark.com/products/gymshark-power-washed-joggers-pants,2026-04-08T08:32:40.751204,2026-04-08T08:32:40.751204,live,True
Gymshark,Training Everyday Woven Jacket,jacket,"Regular length Model is 5'9"" and wears XS MATERIALS & CARE 87% Polyester, 13% Elastane SKU: B4C4L-BB2J Delivery & Returns Delivery &","{""polyester"": 87.0, ""elastane"": 13.0}",polyester,0.0,low,international,GLOBAL,https://www.gymshark.com/products/gymshark-training-everyday-woven-jacket-jackets-outerwear-1,2026-04-08T08:32:45.926055,2026-04-08T08:32:45.926055,live,True
Gymshark,Vital Sports Bra,underwear,"IT Light support Model is 5'8"" and wears S MATERIALS & CARE 96% Nylon, 4% Elastane SKU: B5C7S-NC65 Delivery & Returns Delivery &","{""nylon"": 96.0, ""elastane"": 4.0}",nylon,0.0,low,international,GLOBAL,https://www.gymshark.com/products/gymshark-vital-sports-bra-sports-bras-brown-ss26,2026-04-08T08:32:50.819690,2026-04-08T08:32:50.819690,live,True
Gymshark,Collegiate Graphic Crew Neck Pullover,knitwear,"ular length Model is 5'9"" and wears size S MATERIALS & CARE 79% Cotton, 21% Polyester 400gsm, heavyweight fabric SKU: B4C8Z-WCMY D","{""cotton"": 79.0, ""polyester"": 21.0}",cotton,79.0,medium,international,GLOBAL,https://www.gymshark.com/products/gymshark-collegiate-graphic-crew-neck-pullover-pullovers-white-ss26,2026-04-08T08:32:53.189963,2026-04-08T08:32:53.189963,live,True
Gymshark,Whitney Short Flared Leggings,activewear,"Flared leg Model is 5'6"" and wears size S MATERIALS & CARE 78% Nylon, 22% Elastane SKU: B4C1S-KDFX Delivery & Returns Delivery &","{""nylon"": 78.0, ""elastane"": 22.0}",nylon,0.0,low,international,GLOBAL,https://www.gymshark.com/products/gymshark-whitney-flared-leggings-short-leggings-pink-ss26,2026-04-08T08:32:56.737076,2026-04-08T08:32:56.737076,live,True
Gymshark,Whitney Tall Flared Leggings,activewear,"90cm Flared leg Model is 5'11"" and wears S MATERIALS & CARE 78% Nylon, 22% Elastane SKU: B4C1T-KDFX Delivery & Returns Delivery &","{""nylon"": 78.0, ""elastane"": 22.0}",nylon,0.0,low,international,GLOBAL,https://www.gymshark.com/products/gymshark-whitney-flared-leggings-tall-leggings-pink-ss26,2026-04-08T08:33:01.842586,2026-04-08T08:33:01.842586,live,True
Gymshark,Lift Seamless Leggings,activewear,"gh-waisted Model is 5'5"" and wears size XS MATERIALS & CARE 61% Nylon, 31% Polyester, 8% Elastane SKU: B6A9C-NBZG Delivery & Retu","{""nylon"": 61.0, ""polyester"": 31.0, ""elastane"": 8.0}",nylon,0.0,low,international,GLOBAL,https://www.gymshark.com/products/gymshark-lift-seamless-leggings-leggings-brown-ss26,2026-04-08T08:33:04.924476,2026-04-08T08:33:04.924476,live,True
Gymshark,Pumper Pants,pants,"ed fit • Model is 5'11"" and wears size M MATERIALS & CARE • 100% Cotton SKU: A6A3R-BB2J Delivery & Returns Delivery & Returns Stand","{""cotton"": 100.0}",cotton,100.0,high,international,GLOBAL,https://www.gymshark.com/products/gymshark-pumper-pants-black-ss24,2026-04-08T08:33:12.850177,2026-04-08T08:33:12.850177,live,True
Gymshark,Adapt Animal X Whitney Leggings,activewear,"based on size M Model is 5'10"" and wears S MATERIALS & CARE 79% Nylon, 14% Polyester, 7% Elastane SKU: B6B2K-NDJQ Not sure what s","{""nylon"": 79.0, ""polyester"": 14.0, ""elastane"": 7.0}",nylon,0.0,low,international,GLOBAL,https://www.gymshark.com/products/gymshark-adapt-animal-leggings-leggings-brown-ss26,2026-04-08T08:33:15.337206,2026-04-08T08:33:15.337206,live,True
Gymshark,Pump Zip Through Hoodie,hoodie,"fit Midi length Model is 5'6"" and wears S MATERIALS & CARE 100% Cotton 400gsm, heavyweight fabric Due to the nature of this produc","{""cotton"": 100.0}",cotton,100.0,high,international,GLOBAL,https://www.gymshark.com/products/gymshark-pump-zip-through-hoodie-pullovers-black-ss26,2026-04-08T08:33:22.516125,2026-04-08T08:33:22.516125,live,True
Gymshark,Everyday Seamless Long Sleeve Top,top,"egular fit Model is 5'10"" and wears size S MATERIALS & CARE 100% Nylon SKU: B8A4Q-BB2J Not sure what size to choose? Check out our","{""nylon"": 100.0}",nylon,0.0,low,international,GLOBAL,https://www.gymshark.com/products/gymshark-everyday-seamless-long-sleeve-top-black-ss24,2026-04-08T08:33:29.832279,2026-04-08T08:33:29.832279,live,True
Gymshark,Running 2-in-1 Shorts,shorts,"ize M • Model is 5'8"" and wears a size S MATERIALS & CARE • 78% Nylon, 22% Elastane SKU: B3C4D-BB2J Delivery & Returns Delivery &","{""nylon"": 78.0, ""elastane"": 22.0}",nylon,0.0,low,international,GLOBAL,https://www.gymshark.com/products/gymshark-running-2-in-1-shorts-black-ss25,2026-04-08T08:33:54.811099,2026-04-08T08:33:54.811099,live,True
Gymshark,Adapt Animal X Whitney Shorts,shorts,"based on size M Model is 5'8"" and wears XS MATERIALS & CARE 79% Nylon, 14% Polyester, 7% Elastane SKU: B6B3H-NDJQ Not sure what s","{""nylon"": 79.0, ""polyester"": 14.0, ""elastane"": 7.0}",nylon,0.0,low,international,GLOBAL,https://www.gymshark.com/products/gymshark-adapt-animal-shorts-shorts-brown-ss26,2026-04-08T08:34:02.567658,2026-04-08T08:34:02.567658,live,True
Gymshark,Medium Support Running Sports Bra,underwear,"dium support Model is 5'7 1/2"" and wears S MATERIALS & CARE 78% Nylon, 22% Elastane SKU: B6B7S-BB2J Delivery & Returns Delivery &","{""nylon"": 78.0, ""elastane"": 22.0}",nylon,0.0,low,international,GLOBAL,https://www.gymshark.com/products/gymshark-medium-support-running-sports-bra-sports-bras,2026-04-08T08:35:13.654345,2026-04-08T08:35:13.654345,live,True
Gymshark,Training Leggings 2.0,activewear,"ular length Model is 5'8"" and wears size S MATERIALS & CARE 78% Polyester, 22% Elastane SKU: B4B7V-BB2J Delivery & Returns Delivery &","{""polyester"": 78.0, ""elastane"": 22.0}",polyester,0.0,low,international,GLOBAL,https://www.gymshark.com/products/gymshark-training-legging-2-0-leggings-black-aw25,2026-04-08T08:35:23.691521,2026-04-08T08:35:23.691521,live,True
Gymshark,Training Straight Leg Leggings,activewear,"ht leg fit Model is 5'9"" and wears size XS MATERIALS & CARE 78% Polyester, 22% Elastane SKU: B4B7Y-BB2J Delivery & Returns Delivery &","{""polyester"": 78.0, ""elastane"": 22.0}",polyester,0.0,low,international,GLOBAL,https://www.gymshark.com/products/gymshark-training-straight-leg-legging-leggings-black-aw25,2026-04-08T08:35:34.395225,2026-04-08T08:35:34.395225,live,True
Gymshark,High Support V-Neck Sports Bra,underwear,"IT High support Model is 5'9"" and wears XS MATERIALS & CARE 76% Nylon, 24% Elastane SKU: B3B3L-OBXB Delivery & Returns Delivery &","{""nylon"": 76.0, ""elastane"": 24.0}",nylon,0.0,low,international,GLOBAL,https://www.gymshark.com/products/gymshark-high-support-v-neck-sports-bra-sports-bras-pink-ss26,2026-04-08T08:36:09.358786,2026-04-08T08:36:09.358786,live,True
Gymshark,Training Straight Leg Tall Leggings,activewear,"ort and regular Model is 5'11"" and wears S MATERIALS & CARE 78% Polyester, 22% Elastane SKU: B6B6W-BB2J Delivery & Returns Delivery &","{""polyester"": 78.0, ""elastane"": 22.0}",polyester,0.0,low,international,GLOBAL,https://www.gymshark.com/products/gymshark-training-straight-leg-tall-legging-leggings,2026-04-08T08:36:17.913661,2026-04-08T08:36:17.913661,live,True
Gymshark,Training Tight Shorts 2.0,shorts,"d on size M Model is 5'8"" and wears size S MATERIALS & CARE 78% Polyester, 22% Elastane SKU: B4B9G-BB2J Delivery & Returns Delivery &","{""polyester"": 78.0, ""elastane"": 22.0}",polyester,0.0,low,international,GLOBAL,https://www.gymshark.com/products/gymshark-training-tight-shorts-2-0-shorts-black-aw25,2026-04-08T08:37:15.599630,2026-04-08T08:37:15.599630,live,True
Gymshark,Running Pocket Leggings,activewear,"igh-waisted Model is 5'8"" and wears size S MATERIALS & CARE 78% Nylon, 22% Elastane SKU: B3C7S-NBY9 Delivery & Returns Delivery &","{""nylon"": 78.0, ""elastane"": 22.0}",nylon,0.0,low,international,GLOBAL,https://www.gymshark.com/products/gymshark-running-pocket-leggings-leggings,2026-04-08T08:37:26.214898,2026-04-08T08:37:26.214898,live,True
Gymshark,Everyday Seamless Tight Fit Crew Neck Tee,t-shirt,"IT Body fit Model is 5'9"" and wears size S MATERIALS & CARE 86% Nylon, 14% Elastane SKU: B3B1O-BB2J Not sure what size to choose?","{""nylon"": 86.0, ""elastane"": 14.0}",nylon,0.0,low,international,GLOBAL,https://www.gymshark.com/products/gymshark-everyday-seamless-tight-fit-crew-neck-tee-black-ss25,2026-04-08T08:37:29.058199,2026-04-08T08:37:29.058199,live,True
Gymshark,Running Elite Loose Fit Tank,top,"FIT Regular fit Model is 5'8"" and wears XS MATERIALS & CARE 73% Nylon, 27% Elastane SKU: B4B2L-UCMQ Not sure what size to choose?","{""nylon"": 73.0, ""elastane"": 27.0}",nylon,0.0,low,international,GLOBAL,https://www.gymshark.com/products/gymshark-running-elite-loose-fit-tank-sleeveless-tops-blue-aw25,2026-04-08T08:37:44.419466,2026-04-08T08:37:44.419466,live,True
Gymshark,Vital Seamless Midi Zip 2.0 Pullover,knitwear,"Raglan sleeves Model is 5'9"" and wears XS MATERIALS & CARE 96% Nylon, 4% Elastane SKU: B5A9Q-KDHF Not sure what size to choose?","{""nylon"": 96.0, ""elastane"": 4.0}",nylon,0.0,low,international,GLOBAL,https://www.gymshark.com/products/gymshark-vital-midi-zip-up-jacket-jackets-outerwear-pink-ss26,2026-04-08T08:37:59.568227,2026-04-08T08:37:59.568227,live,True
Gymshark,Light Hold Shorts,shorts,"vary by body shape. Model is X and wears X MATERIALS & SIZE 91% Nylon, 9% Elastane SKU: Delivery & Returns Delivery & Returns Sta","{""nylon"": 91.0, ""elastane"": 9.0}",nylon,0.0,low,international,GLOBAL,https://www.gymshark.com/products/gymshark-light-hold-shorts-gs-stealth-blue,2026-04-08T08:38:11.269113,2026-04-08T08:38:11.269113,live,True
Gymshark,Running Short Sleeve T-Shirt,shirt,"FIT Regular fit Model is 5'8"" and wears S MATERIALS & CARE 54% Nylon, 46% Elastane 95gsm, lightweight fabric SKU; B6B4O-UD6X Del","{""nylon"": 54.0, ""elastane"": 46.0}",nylon,0.0,low,international,GLOBAL,https://www.gymshark.com/products/gymshark-running-short-sleeve-t-shirt-ss-tops-blue-ss26,2026-04-08T08:38:16.684481,2026-04-08T08:38:16.684481,live,True
Gymshark,Running Elite T-Shirt,shirt,"E & FIT Slim fit Model is 5'7"" and wears S MATERIALS & CARE 73% Nylon, 27% Elastane SKU: B4B2J-UCMQ Not sure what size to choose?","{""nylon"": 73.0, ""elastane"": 27.0}",nylon,0.0,low,international,GLOBAL,https://www.gymshark.com/products/gymshark-running-elite-t-shirt-ss-tops-blue-aw25,2026-04-08T08:38:59.268944,2026-04-08T08:38:59.268944,live,True
Gymshark,Alpha High Support Sports Bra,underwear,"port • Model is 5'8"" and wears a size XS MATERIALS & CARE • 78% Polyester, 22% Elastane SKU: B9A7J-BB2J Delivery & Returns Delivery &","{""polyester"": 78.0, ""elastane"": 22.0}",polyester,0.0,low,international,GLOBAL,https://www.gymshark.com/products/gymshark-alpha-high-support-sports-bra-black-aw24,2026-04-08T08:39:24.052942,2026-04-08T08:39:24.052942,live,True
Gymshark,Running Elite Windproof Jacket,jacket,"FIT Regular fit Model is 5'7"" and wears S MATERIALS & CARE 100% Nylon SKU: B4B2I-KCPK Not sure what size to choose? Check out our","{""nylon"": 100.0}",nylon,0.0,low,international,GLOBAL,https://www.gymshark.com/products/gymshark-running-elite-windproof-jacket-jackets-outerwear-pink-aw25,2026-04-08T08:39:32.250791,2026-04-08T08:39:32.250791,live,True
Gymshark,Gymshark Whitney Shorts - Black,shorts,"m based on size M Model is 5'7"" and wears S MATERIAL & CARE 78% Nylon, 22% Elastane SKU: B3C8R-BB2J Not sure what size to choose?","{""nylon"": 78.0, ""elastane"": 22.0}",nylon,0.0,low,international,GLOBAL,https://www.gymshark.com/products/gymshark-gymshark-x-whitney-simmons-shorts-shorts-black-ss25,2026-04-08T08:39:38.092978,2026-04-08T08:39:38.092978,live,True
Gymshark,Adapt Fleck x Whitney Tank With Shelf,top,"idi length Model is 5'9"" and wears size XS MATERIALS & CARE 80% Nylon, 14% Polyester, 6% Elastane SKU: B5C1E-BBDG Delivery & Retu","{""nylon"": 80.0, ""polyester"": 14.0, ""elastane"": 6.0}",nylon,0.0,low,international,GLOBAL,https://www.gymshark.com/products/gymshark-adapt-fleck-tank-with-shelf-crop-tops-black-aw25,2026-04-08T08:40:08.262234,2026-04-08T08:40:08.262234,live,True
Gymshark,Adapt Fleck x Whitney Leggings,activewear,"n - Sweat-wicking finishing - Heat sealed branding to hip - 79% Nylon, 15% Polyester, 6% Elastane - Model is 5'9"" and wears size","{""nylon"": 79.0, ""polyester"": 15.0, ""elastane"": 6.0}",nylon,0.0,low,international,GLOBAL,https://www.gymshark.com/products/gymshark-adapt-fleck-seamless-leggings-jewel-green-ss23,2026-04-08T08:40:10.876644,2026-04-08T08:40:10.876644,live,True
Gymshark,Adapt Fleck Sports Bra,underwear,"ht support Model is 5'10"" and wears size S MATERIALS & CARE 80% Nylon, 14% Polyester, 6% Elastane SKU: B5C7R-NDF4 Delivery & Retu","{""nylon"": 80.0, ""polyester"": 14.0, ""elastane"": 6.0}",nylon,0.0,low,international,GLOBAL,https://www.gymshark.com/products/gymshark-adapt-fleck-sports-bra-sports-bras-brown-ss26,2026-04-08T08:40:16.005548,2026-04-08T08:40:16.005548,live,True
Gymshark,Adapt Houndstooth Midi Top,top,"fit Midi length Model is 5'8"" and wears XS MATERIALS & CARE 82% Nylon, 13% Polyester, 5% Elastane SKU: B5B8H-KC4L Delivery & Retu","{""nylon"": 82.0, ""polyester"": 13.0, ""elastane"": 5.0}",nylon,0.0,low,international,GLOBAL,https://www.gymshark.com/products/gymshark-adapt-houndstooth-midi-top-crop-tops-pink-aw25,2026-04-08T08:40:28.339091,2026-04-08T08:40:28.339091,live,True
Gymshark,Adapt Fleck Seamless Shorts,shorts,"size M • Model is 5'3"" and wears size S MATERIALS & CARE • 79% Nylon, 15% Polyester, 6% Elastane • Seamless construction SKU: B6","{""nylon"": 79.0, ""polyester"": 15.0, ""elastane"": 6.0}",nylon,0.0,low,international,GLOBAL,https://www.gymshark.com/products/gymshark-adapt-seamless-fleck-shorts-black-smokey-grey-aw23,2026-04-08T08:40:40.679050,2026-04-08T08:40:40.679050,live,True
Gymshark,Adapt Animal Seamless Sports Bra,underwear,"t support Model is 5’5” and wears a size S MATERIALS & CARE 82% Nylon, 12% Polyester, 6% Elastane SKU: B5B4F-PCFQ Delivery & Retu","{""nylon"": 82.0, ""polyester"": 12.0, ""elastane"": 6.0}",nylon,0.0,low,international,GLOBAL,https://www.gymshark.com/products/gymshark-adapt-animal-seamless-sports-bra-sports-bras-purple-aw25,2026-04-08T08:40:50.053009,2026-04-08T08:40:50.053009,live,True
Gymshark,Adapt Fleck x Whitney Halterneck Sports Bra,underwear,"ght support Model is 5'5"" and wears size S MATERIALS & CARE 80% Nylon, 14% Polyester, 6% Elastane SKU: B4C1J-WBDB Delivery & Retu","{""nylon"": 80.0, ""polyester"": 14.0, ""elastane"": 6.0}",nylon,0.0,low,international,GLOBAL,https://www.gymshark.com/products/gymshark-adapt-fleck-halterneck-sports-bra-sports-bras-white-aw25,2026-04-08T08:41:00.190281,2026-04-08T08:41:00.190281,live,True
Gymshark,Adapt Camo Cross Back Sports Bra,underwear,"T Light support Model is 5'9"" and wears XS MATERIALS & CARE 78% Nylon, 15% Polyester, 7% Elastane SKU: B3C2E-KC3N Delivery & Retu","{""nylon"": 78.0, ""polyester"": 15.0, ""elastane"": 7.0}",nylon,0.0,low,international,GLOBAL,https://www.gymshark.com/products/gymshark-adapt-camo-cross-back-sports-bra-sports-bras-pink-aw25,2026-04-08T08:41:36.195666,2026-04-08T08:41:36.195666,live,True
Gymshark,Adapt Animal Seamless T-Shirt,shirt,"Dropped shoulder - Heatseal logo to left hand side chest - 84% Nylon, 16% Polyester - We’ve cut down our use of swing tags, so t","{""nylon"": 84.0, ""polyester"": 16.0}",nylon,0.0,low,international,GLOBAL,https://www.gymshark.com/products/gymshark-adapt-animal-seamless-t-shirt-reef-cherry-brown-aw22,2026-04-08T08:42:00.611101,2026-04-08T08:42:00.611101,live,True
Gymshark,Adapt Houndstooth Jacket,jacket,"fit Midi length Model is 5'9"" and wears XS MATERIALS & CARE 82% Nylon, 13% Polyester, 5% Elastane SKU:B5B8M-KC4N Delivery & Retur","{""nylon"": 82.0, ""polyester"": 13.0, ""elastane"": 5.0}",nylon,0.0,low,international,GLOBAL,https://www.gymshark.com/products/gymshark-adapt-houndstooth-jacket-jackets-outerwear-pink-aw25-1,2026-04-08T08:42:34.137981,2026-04-08T08:42:34.137981,live,True
Gymshark,Light Hold Leggings,activewear,"by body shape. Model is 5'9"" and wears XS MATERIALS & SIZE 91% Nylon, 9% Elastane SKU: B5C6K-BB2J Delivery & Returns Delivery &","{""nylon"": 91.0, ""elastane"": 9.0}",nylon,0.0,low,international,GLOBAL,https://www.gymshark.com/products/gymshark-light-hold-leggings-gs-black,2026-04-08T08:42:41.279332,2026-04-08T08:42:41.279332,live,True
Gymshark,Everyday Seamless Leggings,activewear,"igh-waisted Model is 5'9"" and wears size S MATERIALS & CARE 86% Nylon, 14% Elastane Note: Fabric can become sheer when it’s stret","{""nylon"": 86.0, ""elastane"": 14.0}",nylon,0.0,low,international,GLOBAL,https://www.gymshark.com/products/gymshark-everyday-seamless-leggings-black-aw23,2026-04-08T08:43:07.558846,2026-04-08T08:43:07.558846,live,True
Gymshark,Soft Sculpt Leggings,activewear,"lar length Model is 5'9"" and wears size XS MATERIALS & CARE 93% Nylon, 7% Elastane SKU:  B2C7T-NBZG Delivery & Returns Delivery &","{""nylon"": 93.0, ""elastane"": 7.0}",nylon,0.0,low,international,GLOBAL,https://www.gymshark.com/products/gymshark-soft-sculpt-leggings-leggings-brown-ss26,2026-04-08T08:43:12.605033,2026-04-08T08:43:12.605033,live,True
Gymshark,Soft Sculpt Flared Legging,activewear,"t Regular length Model is 5'9"" and wears S MATERIALS & CARE 93% Nylon, 7% Elastane SKU: B4B8F-BB2J Delivery & Returns Delivery &","{""nylon"": 93.0, ""elastane"": 7.0}",nylon,0.0,low,international,GLOBAL,https://www.gymshark.com/products/gymshark-soft-sculpt-flared-legging-leggings-black-aw25,2026-04-08T08:43:16.720509,2026-04-08T08:43:16.720509,live,True
Gymshark,Storm Seamless Leggings,activewear,"Regular length Model is 5'9"" and wears XS MATERIALS & CARE 63% Polyester, 23% Nylon, 14% Elastane SKU: B5B8O-UDSM Delivery & Returns","{""polyester"": 63.0, ""nylon"": 23.0, ""elastane"": 14.0}",polyester,0.0,low,international,GLOBAL,https://www.gymshark.com/products/gymshark-storm-seamless-leggings-leggings-2,2026-04-08T08:43:40.553349,2026-04-08T08:43:40.553349,live,True
Gymshark,Weekend Seamless Leggings,activewear,"IT High-waisted Model is 5'10"" and wears S MATERIALS & CARE 64% Nylon, 26% Polyester, 10% Elastane SKU: B6B2B-UD73 Delivery & Ret","{""nylon"": 64.0, ""polyester"": 26.0, ""elastane"": 10.0}",nylon,0.0,low,international,GLOBAL,https://www.gymshark.com/products/gymshark-weekend-seamless-legging-leggings-blue-ss26,2026-04-08T08:44:08.404705,2026-04-08T08:44:08.404705,live,True
Gymshark,Light Hold Flared Leggings,activewear,"by body shape. Model is 5'9"" and wears XS MATERIALS & SIZE 91% Nylon, 9% Elastane SKU: B6B2G-UD6S Delivery & Returns Delivery &","{""nylon"": 91.0, ""elastane"": 9.0}",nylon,0.0,low,international,GLOBAL,https://www.gymshark.com/products/gymshark-light-hold-flared-leggings-gs-stealth-blue,2026-04-08T08:44:18.831470,2026-04-08T08:44:18.831470,live,True
Gymshark,Flex High Waisted Leggings,activewear,"d fit • Model is 5'3"" and wears a size S MATERIALS & CARE • 91% Nylon, 9% Elastane SKU: B1A2Q-BBBB Delivery & Returns Delivery &","{""nylon"": 91.0, ""elastane"": 9.0}",nylon,0.0,low,international,GLOBAL,https://www.gymshark.com/products/gymshark-flex-high-waisted-leggings-black-aw21,2026-04-08T08:44:38.535938,2026-04-08T08:44:38.535938,live,True
Adored Vintage,Whispering Breeze Dress,dress,"n-drenched days, weekend getaways, or relaxed evenings out. 100% Rayon Imported Fit Notes & Measurements Size 4 dress form (34C/26","{""rayon"": 100.0}",rayon,100.0,high,international,GLOBAL,https://adoredvintage.com/products/romantic-blue-green-ditsy-floral-ruffle-sleeveless-maxi-dress,2026-04-08T08:45:09.388077,2026-04-08T08:45:09.388077,live,True
Adored Vintage,Cottage Bloom Sweater,knitwear,"t an effortless staple for cooler days. Era: 1970's Fabric: 100% Wool Measurements: 24.5"" length / 19"" across chest / 25"" (sleeve","{""wool"": 100.0}",wool,100.0,high,international,GLOBAL,https://adoredvintage.com/products/vintage-1970s-peach-cream-cable-knit-crewneck-sweater,2026-04-08T08:45:11.794219,2026-04-08T08:45:11.794219,live,True
Adored Vintage,Verdant Cashmere Cardigan,knitwear,"rsatile layering staple for any season. Era: 1960's Fabric: 100% Cashmere Measurements: 24"" length /  20"" across chest / 27.5"" (sleev","{""cashmere"": 100.0}",cashmere,100.0,high,international,GLOBAL,https://adoredvintage.com/products/vintage-1960s-hunter-green-cashmere-cardigan-sweater,2026-04-08T08:45:13.582103,2026-04-08T08:45:13.582103,live,True
Adored Vintage,Solstice Patchwork Dress,dress,barefoot afternoons in the grass to golden hour gatherings. 100% Rayon (Cotton Gauze Feel) Hidden side pockets Imported Fit Notes,"{""rayon"": 100.0}",rayon,100.0,high,international,GLOBAL,https://adoredvintage.com/products/feminine-patchwork-smocked-bodice-short-sleeve-midi-dress,2026-04-08T08:45:15.840809,2026-04-08T08:45:15.840809,live,True
Adored Vintage,Honey Blossom Dress,dress,"ilhouette drapes effortlessly for an easy, comfortable fit. 40% Cotton, 40% Rayon, 20% Polyester Imported Fit Notes & Measurements","{""cotton"": 40.0, ""rayon"": 40.0, ""polyester"": 20.0}",cotton,80.0,medium,international,GLOBAL,https://adoredvintage.com/products/sweet-vintage-inspired-cream-floral-print-lace-trim-mini-dress,2026-04-08T08:45:17.338158,2026-04-08T08:45:17.338158,live,True
Adored Vintage,Maiden in the Moor Top,top,"with sweeping skirts, a brocade partlet, and lace up boots. 100% Polyester (has a slight sheen finish) Imported Fit Notes & Measuremen","{""polyester"": 100.0}",polyester,0.0,low,international,GLOBAL,https://adoredvintage.com/products/romantic-denim-blue-lace-up-embroidered-puff-long-sleeve-blouse,2026-04-08T08:45:18.719211,2026-04-08T08:45:18.719211,live,True
Adored Vintage,Springtime Keepsake Dress,dress,"t for warm days, it captures a breezy, effortless elegance. 100% Rayon Imported Fit Notes & Measurements Size 4 dress form (34C/26","{""rayon"": 100.0}",rayon,100.0,high,international,GLOBAL,https://adoredvintage.com/products/sweet-off-white-scattered-floral-midi-patch-pocket-sundress,2026-04-08T08:45:20.288559,2026-04-08T08:45:20.288559,live,True
Adored Vintage,Mabel Floral Cardigan,dress,"earing on its own for an effortlessly sweet, polished look. 42% Acrylic, 30% Polyester, 28% Nylon Imported Fit Notes & Measurements","{""acrylic"": 42.0, ""polyester"": 30.0, ""nylon"": 28.0}",acrylic,0.0,low,international,GLOBAL,https://adoredvintage.com/products/classic-feminine-navy-blue-scattered-floral-midi-dress-copy,2026-04-08T08:45:26.388429,2026-04-08T08:45:26.388429,live,True
Adored Vintage,Sunday Picnic Blouse,shirt,an effortless piece for pairing with skirts or denim alike. 90% Cotton 10% Polyester Imported Fit Notes & Measurements Size 4 dres,"{""cotton"": 90.0, ""polyester"": 10.0}",cotton,90.0,high,international,GLOBAL,https://adoredvintage.com/products/feminine-blue-gingham-cotton-ruffle-collar-short-sleeve-blouse,2026-04-08T08:45:30.513937,2026-04-08T08:45:30.513937,live,True
Adored Vintage,Orense Barn Jacket,jacket,button down shirts or to pare down a feminine floral dress. 75% Cotton 25% Polyester Functional front patch pockets Imported Fit N,"{""cotton"": 75.0, ""polyester"": 25.0}",cotton,75.0,medium,international,GLOBAL,https://adoredvintage.com/products/classic-denim-corduroy-collar-oversized-jacket,2026-04-08T08:45:32.600973,2026-04-08T08:45:32.600973,live,True
Adored Vintage,Reformation Smocked Dress,dress,"waist / 24.5"" (sleeves to neckline) Tagged Size: XS Fabric: 100% Viscose Condition: Gently worn *All preloved items are FINAL SALE.","{""viscose"": 100.0}",viscose,100.0,high,international,GLOBAL,https://adoredvintage.com/products/dark-burgundy-reformation-smocked-bodice-midi-dress,2026-04-08T08:45:33.991221,2026-04-08T08:45:33.991221,live,True
Adored Vintage,Cloudlight Pintuck Top,top,"l drape, it moves beautifully and feels effortless to wear. 100% Rayon Imported Fit Notes & Measurements Size 4 dress form (34C/26","{""rayon"": 100.0}",rayon,100.0,high,international,GLOBAL,https://adoredvintage.com/products/romantic-off-white-pintuck-puff-sleeve-a-line-top,2026-04-08T08:45:38.233694,2026-04-08T08:45:38.233694,live,True
Adored Vintage,Midnight Garden Dress,dress,"aytime outings to evening occasions with understated grace. 55% Viscose, 45% Rayon / Lining: 100% Rayon Imported Fit Notes & Measur","{""viscose"": 55.0, ""rayon"": 45.0}",viscose,100.0,high,international,GLOBAL,https://adoredvintage.com/products/classic-feminine-navy-blue-scattered-floral-midi-dress,2026-04-08T08:45:42.068363,2026-04-08T08:45:42.068363,live,True
Adored Vintage,Coastal Breeze Dress,dress,"y with every step, making it perfect for warm, sunlit days. 65% Polyester 35% Cotton Imported Fit Notes & Measurements Size 4 dress f","{""polyester"": 65.0, ""cotton"": 35.0}",polyester,35.0,low,international,GLOBAL,https://adoredvintage.com/products/timeless-chambray-blue-pinstriped-midi-sundress,2026-04-08T08:45:46.329787,2026-04-08T08:45:46.329787,live,True
Adored Vintage,Marguerite Lace Top,top,"wing skirt or classic denim for an effortlessly sweet look. 65% Polyester, 35% Cotton Imported Fit Notes & Measurements Size 0/2 dres","{""polyester"": 65.0, ""cotton"": 35.0}",polyester,35.0,low,international,GLOBAL,https://adoredvintage.com/products/romantic-cream-floral-lace-up-sleeveless-blouse,2026-04-08T08:45:48.651900,2026-04-08T08:45:48.651900,live,True
Adored Vintage,Heritage Bloom Skirt,skirt,ozy knit for a look that’s equal parts relaxed and refined. 100% Cotton Imported Fit Notes & Measurements Size 4 dress form (34C/26,"{""cotton"": 100.0}",cotton,100.0,high,international,GLOBAL,https://adoredvintage.com/products/classic-feminine-cream-navy-floral-striped-smocked-midi-skirt,2026-04-08T08:45:52.379139,2026-04-08T08:45:52.379139,live,True
Adored Vintage,Lumière Camisole,top,tile piece that brings a hint of vintage charm to any look. 97% Polyester 3% Spandex Imported Fit Notes & Measurements Size 4 dress f,"{""polyester"": 97.0, ""elastane"": 3.0}",polyester,0.0,low,international,GLOBAL,https://adoredvintage.com/products/vintage-inspired-cream-satin-lace-trim-embroidered-cami-top,2026-04-08T08:45:54.447584,2026-04-08T08:45:54.447584,live,True
Adored Vintage,Potigny Chambray Shorts,shorts,elasticated waistband for ease of wear. Color: Blue Fabric: 100% Cotton Imported Fit Notes & Measurements Size 4/6 dress form (35B/,"{""cotton"": 100.0}",cotton,100.0,high,international,GLOBAL,https://adoredvintage.com/products/classic-feminine-chambray-elastic-waistband-shorts,2026-04-08T08:46:21.465302,2026-04-08T08:46:21.465302,live,True
Adored Vintage,Whitley Top - Lake,top,ve top with crew neck. Perfect for lounging and staying in. 100% Cotton Hand Wash Cold / Line Dry Imported Fit Notes & Measurements,"{""cotton"": 100.0}",cotton,100.0,high,international,GLOBAL,https://adoredvintage.com/products/effortless-classic-blue-solid-oversized-long-sleeve-top,2026-04-08T08:46:30.850477,2026-04-08T08:46:30.850477,live,True
Adored Vintage,Matter of Fact Top - Black,top,"vates your everyday look while keeping it easy and timeless 60% Cotton, 40% Linen Hand Wash Cold / Line Dry Imported Fit Notes & M","{""cotton"": 60.0, ""linen"": 40.0}",cotton,100.0,high,international,GLOBAL,https://adoredvintage.com/products/timeless-and-minimal-black-solid-linen-tank-top,2026-04-08T08:46:52.208149,2026-04-08T08:46:52.208149,live,True
Adored Vintage,Pemberly Dress - Terre,dress,"endlessly versatile, and effortlessly feminine. Material - 100% Cotton Garment Care - Hand Wash Cold / Line Dry Production - Consc","{""cotton"": 100.0}",cotton,100.0,high,international,GLOBAL,https://adoredvintage.com/products/pemberly-dress-terre,2026-04-08T08:47:07.646008,2026-04-08T08:47:07.646008,live,True
Adored Vintage,Pontevedra Dress,dress,e dress bodice is smocked and elasticated for ease of wear. 100% Cotton Imported Fit Notes & Measurements Size 4 dress form (34C/26,"{""cotton"": 100.0}",cotton,100.0,high,international,GLOBAL,https://adoredvintage.com/products/vintage-inspired-olive-green-floral-cotton-corset-sleeveless-midi-dress,2026-04-08T08:47:13.694235,2026-04-08T08:47:13.694235,live,True
Adored Vintage,Theodosia Dress,dress,ned style slips on overhead and moves gently with the body. 100% cotton gauze with subtle woven stripe Ethically Made in India Meas,"{""cotton"": 100.0}",cotton,100.0,high,international,GLOBAL,https://adoredvintage.com/products/theodosia-dress,2026-04-08T08:47:17.940586,2026-04-08T08:47:17.940586,live,True
Adored Vintage,Take Her to Paris Dress,dress,little dangly earrings you inherited from your grandmother. 100% Polyester Imported Fit Notes & Measurements Size 4 dress form (34C/26,"{""polyester"": 100.0}",polyester,0.0,low,international,GLOBAL,https://adoredvintage.com/products/romantic-black-floral-print-cowl-neck-maxi-slip-dress,2026-04-08T08:47:44.069599,2026-04-08T08:47:44.069599,live,True
Adored Vintage,Last Summer at the Cape Dress,dress,your most perfect companion for the upcoming warmer months. 100% Cotton Imported Fit Notes & Measurements Size 4 dress form (34C/26,"{""cotton"": 100.0}",cotton,100.0,high,international,GLOBAL,https://adoredvintage.com/products/feminine-blue-striped-cotton-a-line-spaghetti-strap-midi-dress,2026-04-08T08:47:45.527768,2026-04-08T08:47:45.527768,live,True
Adored Vintage,Calais Dress - Navy,dress,"h. Neckline, sleeves, and waist are elasticated. Material - 100% Cotton Garment Care - Hand Wash Cold / Line Dry Production - Consc","{""cotton"": 100.0}",cotton,100.0,high,international,GLOBAL,https://adoredvintage.com/products/calai-dress-midnight-sun,2026-04-08T08:47:47.212526,2026-04-08T08:47:47.212526,live,True
Adored Vintage,Bluebell Garden Dress,dress,"s, or layered with a cardigan for a classic, feminine look. 83% Polyester, 17% Spandex Imported Fit Notes & Measurements Size 4 dress","{""polyester"": 83.0, ""elastane"": 17.0}",polyester,0.0,low,international,GLOBAL,https://adoredvintage.com/products/vintage-inspired-blue-floral-print-sleeveless-midi-dress,2026-04-08T08:47:51.393620,2026-04-08T08:47:51.393620,live,True
Adored Vintage,Leith Top,top,—whether worn slightly off the shoulder or softly centered. 100% Cotton Ethically Made in India Measurements Size 4/6 Dress form is,"{""cotton"": 100.0}",cotton,100.0,high,international,GLOBAL,https://adoredvintage.com/products/leith-top,2026-04-08T08:48:02.284971,2026-04-08T08:48:02.284971,live,True
Adored Vintage,Breathwork Buttondown Top,top,"ign adapts effortlessly to your style, season after season. 100% Cotton Imported Fit Notes & Measurements Size 4 dress form (34C/26","{""cotton"": 100.0}",cotton,100.0,high,international,GLOBAL,https://adoredvintage.com/products/breathwork-buttondown-top,2026-04-08T08:48:06.055223,2026-04-08T08:48:06.055223,live,True
Adored Vintage,Cherry Picking Top,top,"ing for a feminine touch and a sweet but subtle peplum hem. 50% Cotton, 50% Polyester Imported Fit Notes & Measurements Size 4 dre","{""cotton"": 50.0, ""polyester"": 50.0}",cotton,50.0,medium,international,GLOBAL,https://adoredvintage.com/products/feminine-red-gingham-cotton-square-neck-short-sleeve-blouse,2026-04-08T08:48:19.039894,2026-04-08T08:48:19.039894,live,True
Adored Vintage,Printemps Top,top,"skirt for a look that feels light, graceful, and timeless. 95% Polyester, 5% Spandex Imported Fit Notes & Measurements Size 4 dress","{""polyester"": 95.0, ""elastane"": 5.0}",polyester,0.0,low,international,GLOBAL,https://adoredvintage.com/products/romantic-buttercream-floral-satin-lace-trim-sleeveless-blouse,2026-04-08T08:48:20.351244,2026-04-08T08:48:20.351244,live,True
Adored Vintage,Nesaea Top - Prairie Noir,top,— a versatile piece designed for modern romantic dressing. 100% Cotton / Deadstock Ethically Made in India Measurements Size 4/6 D,"{""cotton"": 100.0}",cotton,100.0,high,international,GLOBAL,https://adoredvintage.com/products/nesaea-top-prairie-noir,2026-04-08T08:48:22.504493,2026-04-08T08:48:22.504493,live,True
Adored Vintage,Seeking Finches Shirt,shirt,"e enough for layering or wearing solo, season after season. 100% Cotton Imported Fit Notes & Measurements Size 4 dress form (34C/26","{""cotton"": 100.0}",cotton,100.0,high,international,GLOBAL,https://adoredvintage.com/products/seeking-finches-shirt,2026-04-08T08:48:29.566418,2026-04-08T08:48:29.566418,live,True
Adored Vintage,Prochaine Top,top,layered over a camisole or your beloved floral print dress. 77% Rayon 18% Nylon 5% Linen Imported Fit Notes & Measurements Size 4,"{""rayon"": 77.0, ""nylon"": 18.0, ""linen"": 5.0}",rayon,82.0,medium,international,GLOBAL,https://adoredvintage.com/products/romantic-cream-rayon-eyelet-embroidered-front-tie-long-sleeve-top,2026-04-08T08:48:31.665470,2026-04-08T08:48:31.665470,live,True
Adored Vintage,Heirloom Lace Blouse,shirt,we recommend layering with a camisole or bralette beneath. 100% Polyester Imported Fit Notes & Measurements Size 4 dress form (34C/26,"{""polyester"": 100.0}",polyester,0.0,low,international,GLOBAL,https://adoredvintage.com/products/romantic-white-chiffon-eyelet-long-sleeve-blouse,2026-04-08T08:48:35.289860,2026-04-08T08:48:35.289860,live,True
Tayo Studio,"STATEMENT SHIRTS - 100% COTTON, 10000% ANGRY",shirt,"STATEMENT SHIRTS - 100% COTTON, 10000% ANGRY
 – Shop.TayoStudio Skip to content Search HOM","{""cotton"": 100.0}",cotton,100.0,high,philippine,PH,https://shoptayostudio.com/products/statement-shirts-100-cotton-10000-anfy,2026-04-08T08:50:02.645900,2026-04-08T08:50:02.645900,live,True
Linya Linya,Dri-Fit T-Shirt: Maka-Pickle Hininga,shirt,"maka-pickle hininga sa pagod! Ang drifit shirt na to ay: ✅ 100% polyester knitted interlock ✅ 3.5 OZ / 120gsm ✅ Lightweight, absorbs","{""polyester"": 100.0}",polyester,0.0,low,philippine,PH,https://linyalinya.ph/products/drifittshirtmakapicklehininga,2026-04-08T08:50:07.131358,2026-04-08T08:50:07.131358,live,True
Linya Linya,Ringer Tee: Tired Since 1989 (White),t-shirt,"ift. Inspired by Taylor Swift's ""1989"" album, this shirt is 60% cotton, 40% polyester, and 100% comfortable to wear kahit pagod ka","{""cotton"": 60.0, ""polyester"": 40.0}",cotton,60.0,medium,philippine,PH,https://linyalinya.ph/products/ringer-tee-tired-since-1989-white,2026-04-08T08:50:42.820516,2026-04-08T08:50:42.820516,live,True
Linya Linya,Crop Top: Bahagi Ka Ng Bahaghari,top,". Huwag ikahiya ang tunay na ikaw. ✨ This crop top shirt is 60% cotton, 40% polyester, at 200% presko at komportableng suotin, hab","{""cotton"": 60.0, ""polyester"": 40.0}",cotton,60.0,medium,philippine,PH,https://linyalinya.ph/products/croptopbahagikangbahaghari,2026-04-08T08:51:05.673550,2026-04-08T08:51:05.673550,live,True
Linya Linya,Crop Top: Magpatuloy (Black),top,"at kailangan lang ng paalala, para sa’yo ito. This shirt is 60% cotton, 40% polyester, and 100% inclusive to each and everyone. --","{""cotton"": 60.0, ""polyester"": 40.0}",cotton,60.0,medium,philippine,PH,https://linyalinya.ph/products/croptopmagpatuloyblack,2026-04-08T08:51:07.147181,2026-04-08T08:51:07.147181,live,True
Linya Linya,Dri-Fit T-Shirt: Tambay sa Kitchen (Red),shirt,"tchen? Heto ang shirt para sa 'yo. This dri-fit shirt is: ✅ 100% polyester knitted interlock ✅ 3.5 OZ / 120gsm ✅ Lightweight, absorbs","{""polyester"": 100.0}",polyester,0.0,low,philippine,PH,https://linyalinya.ph/products/drifittshirttambaysakitchenred,2026-04-08T08:51:17.869918,2026-04-08T08:51:17.869918,live,True
Linya Linya,Dri-Fit T-Shirt: Tatakbo,shirt,"ano'ng mangyari! Go go go! 🏃♂️🏃♀️ This dri-fit shirt is: ✅ 100% polyester knitted interlock ✅ 3.5 OZ / 120gsm ✅ Lightweight, absorbs","{""polyester"": 100.0}",polyester,0.0,low,philippine,PH,https://linyalinya.ph/products/drifitshirttatakbo,2026-04-08T08:52:05.386034,2026-04-08T08:52:05.386034,live,True
Linya Linya,Dri-Fit T-Shirt: Laging Tumatakbo Sa Isip Ko,shirt,"saktong dri-fit shirt para sa'yo. This dri-fit shirt is: ✅ 100% polyester knitted interlock ✅ 3.5 OZ / 120gsm ✅ Lightweight, absorbs","{""polyester"": 100.0}",polyester,0.0,low,philippine,PH,https://linyalinya.ph/products/drifittshirtlagingtumatakbosaisipko,2026-04-08T08:52:06.655187,2026-04-08T08:52:06.655187,live,True
Linya Linya,"Dri-Fit T-Shirt: In The Long Run, Kinaya Mo",shirt,"akbo man, sa karera, o sa buhay. 💪 This dri-fit shirt is: ✅ 100% polyester knitted interlock ✅ 3.5 OZ / 120gsm ✅ Lightweight, absorbs","{""polyester"": 100.0}",polyester,0.0,low,philippine,PH,https://linyalinya.ph/products/drifittshirtinthelongrunkinayamo,2026-04-08T08:52:10.004686,2026-04-08T08:52:10.004686,live,True
Linya Linya,"Dri-Fit T-Shirt: Work Hard, Pickle Harder.",shirt,"ngayon, WORK HARD, PICKLE HARDER. This dri-fit shirt is: ✅ 100% polyester knitted interlock ✅ 3.5 OZ / 120gsm ✅ Lightweight, absorbs","{""polyester"": 100.0}",polyester,0.0,low,philippine,PH,https://linyalinya.ph/products/drifittshirtworkhardpickleharder,2026-04-08T08:52:11.365623,2026-04-08T08:52:11.365623,live,True
Linya Linya,Dri-Fit T-Shirt: Tatamarin,shirt,"mo, bagay ang shirt na 'to sa'yo! This dri-fit shirt is: ✅ 100% polyester knitted interlock ✅ 3.5 OZ / 120gsm ✅ Lightweight, absorbs","{""polyester"": 100.0}",polyester,0.0,low,philippine,PH,https://linyalinya.ph/products/drifitshirttatamarin,2026-04-08T08:52:12.297093,2026-04-08T08:52:12.297093,live,True
Linya Linya,Dri-Fit T-Shirt: Palainom Noon. Palatakbo Ngayon.,shirt,"lang, para hydrated sa kada takbo. This dri-fit shirt is: ✅ 100% polyester knitted interlock ✅ 3.5 OZ / 120gsm ✅ Lightweight, absorbs","{""polyester"": 100.0}",polyester,0.0,low,philippine,PH,https://linyalinya.ph/products/drifittshirtpalainomnoonpalatakbongayon,2026-04-08T08:52:13.171615,2026-04-08T08:52:13.171615,live,True
Linya Linya,Dri-Fit T-Shirt: Pinili(t) Tumakbo,shirt,"nd, para sa inyo ang shirt na ito! This dri-fit shirt is: ✅ 100% polyester knitted interlock ✅ 3.5 OZ / 120gsm ✅ Lightweight, absorbs","{""polyester"": 100.0}",polyester,0.0,low,philippine,PH,https://linyalinya.ph/products/drifittshirtpinilittumakbo,2026-04-08T08:52:15.003406,2026-04-08T08:52:15.003406,live,True
Princess Polly,"Fender
Cargo
Micro
Shorts
Camo",shorts,"kets, buckle detail, mid-rise Non-stretch material, unlined 100% cotton Cold gentle machine wash Size & Fit Length of size US 2 / A","{""cotton"": 100.0}",cotton,100.0,high,international,GLOBAL,https://us.princesspolly.com/products/fender-cargo-micro-shorts-camo,2026-04-08T08:52:37.853761,2026-04-08T08:52:37.853761,live,True
Princess Polly,"Selvina
Terry
Towelling
Oversized
Tee
Multi
Stripe",t-shirt,"st detail, crew neckline, cap sleeves Good stretch, unlined 80% cotton 20% polyester Cold gentle machine wash Size & Fit Dekota is","{""cotton"": 80.0, ""polyester"": 20.0}",cotton,80.0,medium,international,GLOBAL,https://us.princesspolly.com/products/selvina-terry-towelling-oversized-tee-multi-stripe,2026-04-08T08:52:43.642002,2026-04-08T08:52:43.642002,live,True
Princess Polly,"Gazelle
Distressed
Denim
Skort
Vintage
Blue
Wash",jeans,"in: 50% organic cotton 50% reclaimed cotton, Pocket lining: 65% polyester 35% cotton Cold gentle machine wash Size & Fit Length of si","{""polyester"": 65.0, ""cotton"": 35.0}",polyester,35.0,low,international,GLOBAL,https://us.princesspolly.com/products/gazelle-distressed-denim-skort-vintage-blue-wash,2026-04-08T08:52:52.345417,2026-04-08T08:52:52.345417,live,True
Princess Polly,"Odela
Strapless
Drop
Waist
Maxi
Dress
White",dress,"lace-up back detail Non-stretch material, fully lined Main: 97% polyester 3% elastane, Lining: 96% polyester 4% elastane Cold gentle","{""polyester"": 97.0, ""elastane"": 3.0}",polyester,0.0,low,international,GLOBAL,https://us.princesspolly.com/products/odela-strapless-drop-waist-maxi-dress-white,2026-04-08T08:52:56.536454,2026-04-08T08:52:56.536454,live,True
Princess Polly,"Around
The
Clock
Button
Detail
Mid
Rise
Wide
Leg
Pants
Cream",pants,"ail Elasticated, four pockets Non-stretch material, unlined 30% polyester 30% linen 30% rayon 10% cotton Cold gentle machine wash Siz","{""polyester"": 30.0, ""linen"": 30.0, ""rayon"": 30.0, ""cotton"": 10.0}",polyester,70.0,medium,international,GLOBAL,https://us.princesspolly.com/products/around-the-clock-button-detail-mid-rise-wide-leg-jeans-white,2026-04-08T08:52:58.549144,2026-04-08T08:52:58.549144,live,True
Princess Polly,"Mellissa
Sheer
Textured
Midi
Skirt
Black",skirt,"r, asymmetrical hem, mid-rise fit Good stretch, fully lined 90% polyester 10% elastane Cold hand wash Size & Fit Length of size US 2","{""polyester"": 90.0, ""elastane"": 10.0}",polyester,0.0,low,international,GLOBAL,https://us.princesspolly.com/products/mellissa-sheer-textured-midi-skirt-black,2026-04-08T08:53:00.144107,2026-04-08T08:53:00.144107,live,True
Princess Polly,"Ackee
Tiered
Mini
Skort
Brown",skirt,"it, built in shorts Non-stretch material, fully lined Main: 100% polyester, Lining: 96% polyester 4% elastane Cold gentle machine wash","{""polyester"": 100.0}",polyester,0.0,low,international,GLOBAL,https://us.princesspolly.com/products/ackee-tiered-mini-skirt-brown,2026-04-08T08:53:04.153326,2026-04-08T08:53:04.153326,live,True
Princess Polly,"Jadira
Scarf
Maxi
Dress
Aqua",dress,"terial, fully lined Main: 100% reclaimed polyester, Lining: 100% polyester Cold hand wash Size & Fit Length of size US 2 / AU 6 / UK 6","{""polyester"": 100.0}",polyester,0.0,low,international,GLOBAL,https://us.princesspolly.com/products/jadira-scarf-maxi-dress-aqua,2026-04-08T08:53:13.629874,2026-04-08T08:53:13.629874,live,True
Princess Polly,"Aloura
Spliced
Lace
Mini
Dress
Butter",dress,"able straps Non-stretch material, lined bust Main & lining: 100% polyester Cold gentle machine wash Size & Fit Length of size US 2 / A","{""polyester"": 100.0}",polyester,0.0,low,international,GLOBAL,https://us.princesspolly.com/products/aloura-spliced-lace-mini-dress-butter,2026-04-08T08:53:19.274733,2026-04-08T08:53:19.274733,live,True
Coastal Bloom,Coastal Line Relaxed Shorts,shorts,"ith drawstring Side stripe detail Relaxed silhouette Fabric 92% Cotton, 6% Polyester, 2% Spandex Shipping Orders are typically ful","{""cotton"": 92.0, ""polyester"": 6.0, ""elastane"": 2.0}",cotton,92.0,high,international,GLOBAL,https://coastalbloom.com/products/coastal-line-relaxed-shorts?variant=42252984975435,2026-04-08T08:57:26.594763,2026-04-08T08:57:26.594763,live,True
Coastal Bloom,Coastal Ease Shorts - Navy,shorts,band with drawstring Relaxed silhouette Side pockets Fabric 88% Cotton 12% Polyester Shipping Orders are typically fulfilled and s,"{""cotton"": 88.0, ""polyester"": 12.0}",cotton,88.0,high,international,GLOBAL,https://coastalbloom.com/products/soft-lounge-drift-pants-copy?variant=42275639263307,2026-04-08T08:57:27.547960,2026-04-08T08:57:27.547960,live,True
Coastal Bloom,Designer Pup Moment Italian Tee,t-shirt,roduct Details: Color: White One Size Made In Italy Fabric: 95% Cotton/5% Elastane Shipping Orders are typically fulfilled and shi,"{""cotton"": 95.0, ""elastane"": 5.0}",cotton,95.0,high,international,GLOBAL,https://coastalbloom.com/products/designer-pup-moment-italian-tee,2026-04-08T08:57:28.662978,2026-04-08T08:57:28.662978,live,True
Coastal Bloom,Driftwood Daydream Top - Navy,top,"ize: S, M, L Button front Short sleeves Chest pocket Fabric 100% Rayon Shipping Orders are typically fulfilled and shipped within","{""rayon"": 100.0}",rayon,100.0,high,international,GLOBAL,https://coastalbloom.com/products/relaxed-sandler-lounge-shorts-dark-red-copy?variant=42275694215243,2026-04-08T08:57:30.757789,2026-04-08T08:57:30.757789,live,True
Coastal Bloom,Coastal Ease Shorts - Black,shorts,band with drawstring Relaxed silhouette Side pockets Fabric 88% Cotton 12% Polyester Shipping Orders are typically fulfilled and s,"{""cotton"": 88.0, ""polyester"": 12.0}",cotton,88.0,high,international,GLOBAL,https://coastalbloom.com/products/coastal-ease-shorts-black?variant=42277176541259,2026-04-08T08:57:31.781632,2026-04-08T08:57:31.781632,live,True
Coastal Bloom,Fringe & Lace Story Italian Top,top,"tail Color: White/ Brown One Size Made in Italy Size Fabric 95% Cotton, 5% Elastane Shipping Orders are typically fulfilled and sh","{""cotton"": 95.0, ""elastane"": 5.0}",cotton,95.0,high,international,GLOBAL,https://coastalbloom.com/products/fringe-lace-story-italian-top,2026-04-08T08:57:33.986480,2026-04-08T08:57:33.986480,live,True
Coastal Bloom,Flora & Fauna Button Down Italian Dress,dress,"y, and ease to your seasonal style. Fit: One Size - Fabric: 100% Cotton Shipping Orders are typically fulfilled and shipped within","{""cotton"": 100.0}",cotton,100.0,high,international,GLOBAL,https://coastalbloom.com/products/pre-order-vintage-jungle-button-down-dress,2026-04-08T08:57:37.094446,2026-04-08T08:57:37.094446,live,True
Coastal Bloom,Amalfi Coast Italian Knit Pullover - Aqua,knitwear,ize Made In Italy Fit One Size - Fits up to Size 14 Fabric: 100% Viscose Shipping Orders are typically fulfilled and shipped within,"{""viscose"": 100.0}",viscose,100.0,high,international,GLOBAL,https://coastalbloom.com/products/amalfi-coast-italian-knit-pullover-aqua,2026-04-08T08:57:39.435271,2026-04-08T08:57:39.435271,live,True
Coastal Bloom,Amalfi Coast Italian Knit Pullover - Mint,knitwear,ize Made In Italy Fit One Size - Fits up to Size 14 Fabric: 100% Viscose Shipping Orders are typically fulfilled and shipped within,"{""viscose"": 100.0}",viscose,100.0,high,international,GLOBAL,https://coastalbloom.com/products/amalfi-coast-italian-knit-pullover-mint,2026-04-08T08:57:40.286013,2026-04-08T08:57:40.286013,live,True
Coastal Bloom,Sunset Drift Hooded Lounge Top - Dark Red,top,"em Fit Small up to 6, Medium 8 to 10, Large 12 to 14 Fabric 88% Cotton, 12% Polyester Shipping Orders are typically fulfilled and","{""cotton"": 88.0, ""polyester"": 12.0}",cotton,88.0,high,international,GLOBAL,https://coastalbloom.com/products/sunset-drift-hooded-lounge-top-dark-red?variant=42277853495371,2026-04-08T08:57:41.384768,2026-04-08T08:57:41.384768,live,True
Coastal Bloom,Sunset Drift Hooded Lounge Top - Black,top,"finish, drawstring hood, kangaroo pocket, ribbed hem Fabric 88% Cotton, 12% Polyester Shipping Orders are typically fulfilled and","{""cotton"": 88.0, ""polyester"": 12.0}",cotton,88.0,high,international,GLOBAL,https://coastalbloom.com/products/sunset-drift-hooded-lounge-top-soft-pink-copy,2026-04-08T08:57:42.674615,2026-04-08T08:57:42.674615,live,True
Coastal Bloom,Best Morning Italian Tee,t-shirt,roduct Details: Color: White One Size Made In Italy Fabric: 95% Cotton/5% Elastane Shipping Orders are typically fulfilled and shi,"{""cotton"": 95.0, ""elastane"": 5.0}",cotton,95.0,high,international,GLOBAL,https://coastalbloom.com/products/best-morning-italian-tee,2026-04-08T08:57:45.265675,2026-04-08T08:57:45.265675,live,True
Coastal Bloom,Driftwood Daydream Pants - Navy,pants,"ing Wide leg silhouette Side pockets 30.5"" (Size:S) Fabric: 100% RAYON Shipping Orders are typically fulfilled and shipped within","{""rayon"": 100.0}",rayon,100.0,high,international,GLOBAL,https://coastalbloom.com/products/driftwood-daydream-top-taffy-pink-copy,2026-04-08T08:57:46.551867,2026-04-08T08:57:46.551867,live,True
Coastal Bloom,Amour Glow Italian Crochet Top- White,top,oduct Description: White One Size Made in Italy Fit Fabric: 100% Cotton. Shipping Orders are typically fulfilled and shipped within,"{""cotton"": 100.0}",cotton,100.0,high,international,GLOBAL,https://coastalbloom.com/products/amour-glow-italian-crochet-top-white,2026-04-08T08:57:49.810200,2026-04-08T08:57:49.810200,live,True
Coastal Bloom,Coastal Ease Shorts - Soft Pink,shorts,band with drawstring Relaxed silhouette Side pockets Fabric 88% Cotton 12% Polyester Shipping Orders are typically fulfilled and s,"{""cotton"": 88.0, ""polyester"": 12.0}",cotton,88.0,high,international,GLOBAL,https://coastalbloom.com/products/coastal-ease-shorts-soft-pink,2026-04-08T08:57:51.404591,2026-04-08T08:57:51.404591,live,True
Coastal Bloom,Denim Darling Pup Italian Tee,t-shirt,roduct Details: Color: White One Size Made In Italy Fabric: 95% Cotton/5% Elastane Shipping Orders are typically fulfilled and shi,"{""cotton"": 95.0, ""elastane"": 5.0}",cotton,95.0,high,international,GLOBAL,https://coastalbloom.com/products/denim-darling-pup-italian-tee,2026-04-08T08:57:52.652322,2026-04-08T08:57:52.652322,live,True
Coastal Bloom,Amour Glow Italian Crochet Top- Fuchsia,top,uct Description: Fuchsia One Size Made in Italy Fit Fabric: 100% Cotton. Shipping Orders are typically fulfilled and shipped within,"{""cotton"": 100.0}",cotton,100.0,high,international,GLOBAL,https://coastalbloom.com/products/amour-glow-italian-crochet-top,2026-04-08T08:58:02.966138,2026-04-08T08:58:02.966138,live,True
Coastal Bloom,Tropic Pop Italian Blouse,shirt,etails: Color: Colorful One Size Fits up to size 14 Fabric: 100% Polyester Shipping Orders are typically fulfilled and shipped within,"{""polyester"": 100.0}",polyester,0.0,low,international,GLOBAL,https://coastalbloom.com/products/tropic-pop-italian-blouse,2026-04-08T08:58:08.006661,2026-04-08T08:58:08.006661,live,True
Coastal Bloom,Amalfi Coast Italian Knit Pullover - Steel Blue,knitwear,ize Made In Italy Fit One Size - Fits up to Size 14 Fabric: 100% Viscose Shipping Orders are typically fulfilled and shipped within,"{""viscose"": 100.0}",viscose,100.0,high,international,GLOBAL,https://coastalbloom.com/products/amalfi-coast-italian-knit-pullover-steel-blue,2026-04-08T08:58:12.450075,2026-04-08T08:58:12.450075,live,True
Coastal Bloom,Everyday Ribbed Tank Top - White,top,"al body length: 24.5"" approx. / Bust: 26.5"" approx. Fabric: 95% Rayon, 5% Spandex Final Sale Shipping Orders are typically fulfil","{""rayon"": 95.0, ""elastane"": 5.0}",rayon,95.0,high,international,GLOBAL,https://coastalbloom.com/products/everyday-ribbed-tank-top-white?variant=42218705551435,2026-04-08T08:58:15.736524,2026-04-08T08:58:15.736524,live,True
Coastal Bloom,Paris Dot Knit Vest,knitwear,"eveless design Fit S/M 6 to 8, M/L 10 to 12 maybe 14 Fabric 70% Viscose, 30% Polyester Shipping Orders are typically fulfilled and","{""viscose"": 70.0, ""polyester"": 30.0}",viscose,70.0,medium,international,GLOBAL,https://coastalbloom.com/products/paris-dot-knit-vest?variant=42213438521419,2026-04-08T08:58:18.907693,2026-04-08T08:58:18.907693,live,True
Coastal Bloom,Cool Breeze Boatneck Top - Lemonade,top,"at neckline, dolman short sleeves, relaxed fit Fit: Fabric: 50% Modal/47% Polyester/3% Spandex Shipping Orders are typically fulf","{""modal"": 50.0, ""polyester"": 47.0, ""elastane"": 3.0}",modal,50.0,medium,international,GLOBAL,https://coastalbloom.com/products/cool-breeze-boatneck-top-off-white-copy?variant=42239008211019,2026-04-08T08:58:19.690321,2026-04-08T08:58:19.690321,live,True
Coastal Bloom,Quiet Motion Top - Tangerine,top,"s: Short sleeves, rolled cuffs, relaxed fit, soft drape Fit 50% Modal, 47% Polyester, 3% Spandex Shipping Orders are typically fu","{""modal"": 50.0, ""polyester"": 47.0, ""elastane"": 3.0}",modal,50.0,medium,international,GLOBAL,https://coastalbloom.com/products/quiet-motion-top-tangerine?variant=42239024365643,2026-04-08T08:58:20.946622,2026-04-08T08:58:20.946622,live,True
Coastal Bloom,Monaco Button Shoulder Tee - Red,t-shirt,"e shoulder buttons, crew neckline, sleeveless design Fabric 100% Cotton Shipping Orders are typically fulfilled and shipped within","{""cotton"": 100.0}",cotton,100.0,high,international,GLOBAL,https://coastalbloom.com/products/monaco-button-shoulder-tee-red?variant=42250511679563,2026-04-08T08:58:21.877406,2026-04-08T08:58:21.877406,live,True
Coastal Bloom,Everyday Ribbed Tank Top - Ruby,top,"al body length: 24.5"" approx. / Bust: 26.5"" approx. Fabric: 95% Rayon, 5% Spandex Final Sale Shipping Orders are typically fulfil","{""rayon"": 95.0, ""elastane"": 5.0}",rayon,95.0,high,international,GLOBAL,https://coastalbloom.com/products/everyday-ribbed-tank-top-red,2026-04-08T08:58:27.125163,2026-04-08T08:58:27.125163,live,True
Coastal Bloom,Paradise Puff Sleeve Italian Button Top,top,"Details: Color: Colorful One Size Made In Italy Fit Fabric: 90% Polyester, 10% Cotton Shipping Orders are typically fulfilled and shi","{""polyester"": 90.0, ""cotton"": 10.0}",polyester,10.0,low,international,GLOBAL,https://coastalbloom.com/products/paradise-puff-sleeve-italian-button-top,2026-04-08T08:58:28.319105,2026-04-08T08:58:28.319105,live,True
Coastal Bloom,Petal Impression Lace Italian Button Top,top,"Details: Color: Colorful One Size Made In Italy Fit Fabric: 85% Tencel, 15% Polyester Shipping Orders are typically fulfilled and","{""tencel"": 85.0, ""polyester"": 15.0}",tencel,85.0,high,international,GLOBAL,https://coastalbloom.com/products/petal-impression-lace-italian-button-top,2026-04-08T08:58:44.702700,2026-04-08T08:58:44.702700,live,True
Coastal Bloom,Everyday Ribbed Tank Top - Chocolate,top,"al body length: 24.5"" approx. / Bust: 26.5"" approx. Fabric: 95% Rayon, 5% Spandex Final Sale Shipping Orders are typically fulfil","{""rayon"": 95.0, ""elastane"": 5.0}",rayon,95.0,high,international,GLOBAL,https://coastalbloom.com/products/everyday-ribbed-tank-top-chocolate?variant=42218663051339,2026-04-08T08:58:45.615243,2026-04-08T08:58:45.615243,live,True
Coastal Bloom,Eileen Cozy Lounge Collar Pullover Top - Peperosa,top,ed Fit: Small: up to 6 / Medium: 8-10 / Large: 12-14 Fabric 100% Cotton Shipping Orders are typically fulfilled and shipped within,"{""cotton"": 100.0}",cotton,100.0,high,international,GLOBAL,https://coastalbloom.com/products/eileen-cozy-lounge-collar-pullover-top-blushed-brick,2026-04-08T08:58:48.764569,2026-04-08T08:58:48.764569,live,True
Coastal Bloom,Camellia Charm Button Knit Top - Pink,top,"ss design Fit S/M up to size 8. M/L up to size 12/14 Fabric 80% Viscose, 20% Polyester Shipping Orders are typically fulfilled and","{""viscose"": 80.0, ""polyester"": 20.0}",viscose,80.0,medium,international,GLOBAL,https://coastalbloom.com/products/camellia-charm-button-knit-top-pink,2026-04-08T08:58:50.666980,2026-04-08T08:58:50.666980,live,True
Coastal Bloom,Spring Blossom Puff Sleeve Italian Eyelet Top,top,Details: Color: Colorful One Size Made In Italy Fit Fabric: 100% Cotton Shipping Orders are typically fulfilled and shipped within,"{""cotton"": 100.0}",cotton,100.0,high,international,GLOBAL,https://coastalbloom.com/products/spring-blossom-puff-sleeve-italian-button-top,2026-04-08T08:59:09.989248,2026-04-08T08:59:09.989248,live,True
Coastal Bloom,Everyday Ribbed Tank Top - Ocean Blue,top,"al body length: 24.5"" approx. / Bust: 26.5"" approx. Fabric: 95% Rayon, 5% Spandex Final Sale Shipping Orders are typically fulfil","{""rayon"": 95.0, ""elastane"": 5.0}",rayon,95.0,high,international,GLOBAL,https://coastalbloom.com/products/everyday-ribbed-tank-top-ocean-blue,2026-04-08T08:59:15.555502,2026-04-08T08:59:15.555502,live,True
Coastal Bloom,The Frankie Button Down Top - Pink Pastel,top,t Small: up to 6 / Medium: 8 to 10 / Large: 12 to 14 Fabric 96% Polyester/4%Spandex Shipping Orders are typically fulfilled and shipp,"{""polyester"": 96.0, ""elastane"": 4.0}",polyester,0.0,low,international,GLOBAL,https://coastalbloom.com/products/the-frankie-button-down-top-pink-pastel,2026-04-08T08:59:20.662257,2026-04-08T08:59:20.662257,live,True
Coastal Bloom,Hailey Knit Pullover Top - Khaki,top,"casion. Product Detail Color: Khaki Size: S,M,L,XL Material 70% Viscose, 30% Nylon Fit S up to 4 - M from 6 to 8 - L from 10 to 12","{""viscose"": 70.0, ""nylon"": 30.0}",viscose,70.0,medium,international,GLOBAL,https://coastalbloom.com/products/a-93?variant=41872370040907,2026-04-08T08:59:21.932460,2026-04-08T08:59:21.932460,live,True
Coastal Bloom,Soft Focus Half Button Knit Top - Butter Yellow,top,"to 10/ Large: 12 to 14 if you want, you can size up Fabric: 67% POLYESTER 31% COTTON 2% SPANDEX Shipping Orders are typically fulfill","{""polyester"": 67.0, ""cotton"": 31.0, ""elastane"": 2.0}",polyester,31.0,low,international,GLOBAL,https://coastalbloom.com/products/soft-reset-button-knit-top-pink-copy?variant=42007169892427,2026-04-08T08:59:23.210469,2026-04-08T08:59:23.210469,live,True
Coastal Bloom,The Charlie Crew Neck Top - Navy,top,mall: up to 4-6 / Medium: 6 to 10  / Large: 10 to 14 Fabric 96%Polyester/4% Spandex Shipping Orders are typically fulfilled and ship,"{""polyester"": 96.0, ""elastane"": 4.0}",polyester,0.0,low,international,GLOBAL,https://coastalbloom.com/products/timeless-simplicity-crew-neck-top-taupe-dusty-copy?variant=41306329546827,2026-04-08T08:59:24.476622,2026-04-08T08:59:24.476622,live,True
Coastal Bloom,Eileen Hoodie - White,hoodie,laxed Fit: Small: 4-6 / Medium: 8-10 / Large: 12-14 Fabric: 100% Cotton Shipping Orders are typically fulfilled and shipped within,"{""cotton"": 100.0}",cotton,100.0,high,international,GLOBAL,https://coastalbloom.com/products/sunday-comfort-cropped-hoodie-light-grey?variant=41320985624651,2026-04-08T08:59:26.849743,2026-04-08T08:59:26.849743,live,True
Coastal Bloom,Bacall Italian Long Sleeve Top- Red,top,"/M M/L Made In Italy Fit S/M up to 10, M/L up to 16 Fabric: 100% Cotton Shipping Orders are typically fulfilled and shipped within","{""cotton"": 100.0}",cotton,100.0,high,international,GLOBAL,https://coastalbloom.com/products/bacall-italian-long-sleeve-top-red-1?variant=42108095004747,2026-04-08T08:59:28.078526,2026-04-08T08:59:28.078526,live,True
Coastal Bloom,Eileen Collar Pullover Top -  White,top,ed Fit: Small: up to 6 / Medium: 8-10 / Large: 12-14 Fabric 100% Cotton Shipping Orders are typically fulfilled and shipped within,"{""cotton"": 100.0}",cotton,100.0,high,international,GLOBAL,https://coastalbloom.com/products/cozy-lounge-collar-pullover-top-white,2026-04-08T08:59:29.187930,2026-04-08T08:59:29.187930,live,True
Coastal Bloom,Denim Bacall Italian Long Sleeve Top,top,"Made In Italy Fit S/M up to 8/10, M/L from 10 to 16 Fabric: 100% Cotton Shipping Orders are typically fulfilled and shipped within","{""cotton"": 100.0}",cotton,100.0,high,international,GLOBAL,https://coastalbloom.com/products/denim-bacall-italian-long-sleeve-top?variant=42115901882443,2026-04-08T08:59:30.154934,2026-04-08T08:59:30.154934,live,True
Coastal Bloom,The Charlie Crew Neck Top - White,top,mall: up to 4-6 / Medium: 6 to 10  / Large: 10 to 14 Fabric 96% Polyester/ 4% Spandex Shipping Orders are typically fulfilled and shi,"{""polyester"": 96.0, ""elastane"": 4.0}",polyester,0.0,low,international,GLOBAL,https://coastalbloom.com/products/classic-meets-bold-button-down-top-white-copy?variant=41306149552203,2026-04-08T08:59:31.438525,2026-04-08T08:59:31.438525,live,True
Coastal Bloom,Bacall Italian Long Sleeve Top- Sky Blue,top,One Size Made In Italy Fit One Size - up to size 14 Fabric: 100% Cotton Shipping Orders are typically fulfilled and shipped within,"{""cotton"": 100.0}",cotton,100.0,high,international,GLOBAL,https://coastalbloom.com/products/relaxed-italian-long-sleeve-top,2026-04-08T08:59:34.053868,2026-04-08T08:59:34.053868,live,True
Coastal Bloom,Textured Puff Sleeve Top Off White,top,"t Small: up to 6 / Medium: 8 to 10 / Large: 12 to 14 Fabric 95% Polyester, 5% Spandex Shipping Orders are typically fulfilled and shi","{""polyester"": 95.0, ""elastane"": 5.0}",polyester,0.0,low,international,GLOBAL,https://coastalbloom.com/products/textured-puff-sleeve-top-off-white?variant=41989512888395,2026-04-08T08:59:35.952321,2026-04-08T08:59:35.952321,live,True
Coastal Bloom,The Frankie Button Down Top - White,top,t Small: up to 6 / Medium: 8 to 10 / Large: 12 to 14 Fabric 96% Polyester/4%Spandex Shipping Orders are typically fulfilled and shipp,"{""polyester"": 96.0, ""elastane"": 4.0}",polyester,0.0,low,international,GLOBAL,https://coastalbloom.com/products/classic-meets-bold-button-down-top-white?variant=41306021134411,2026-04-08T08:59:36.963579,2026-04-08T08:59:36.963579,live,True
Coastal Bloom,The Charlie Crew Neck Top - Black,top,mall: up to 4-6 / Medium: 6 to 10  / Large: 10 to 14 Fabric 96% Polyester/4%Spandex Shipping Orders are typically fulfilled and shipp,"{""polyester"": 96.0, ""elastane"": 4.0}",polyester,0.0,low,international,GLOBAL,https://coastalbloom.com/products/timeless-simplicity-crew-neck-top-white-copy?variant=41306247790667,2026-04-08T08:59:40.499267,2026-04-08T08:59:40.499267,live,True
Coastal Bloom,The Refined Edit Italian Button Top- White/Pink,top,ne Size Made In Italy Fit One Size - up to size 14 Fabric : 100% Cotton Shipping Orders are typically fulfilled and shipped within,"{""cotton"": 100.0}",cotton,100.0,high,international,GLOBAL,https://coastalbloom.com/products/italian-button-top,2026-04-08T08:59:42.879664,2026-04-08T08:59:42.879664,live,True
Coastal Bloom,The Classic Tuxedo Italian Blouse- White,shirt,Size Made In Italy Fit One Size - up to size 10/12 Fabric : 100% Cotton Shipping Orders are typically fulfilled and shipped within,"{""cotton"": 100.0}",cotton,100.0,high,international,GLOBAL,https://coastalbloom.com/products/the-classic-form-italian-blouse,2026-04-08T08:59:46.881334,2026-04-08T08:59:46.881334,live,True
Coastal Bloom,Leopard Mesh Mock Top,top,"it Small: up to 6/ Medium: 8 to 10 / Large: 12 to 14 Fabric 92% Polyester, 8% Spandex Shipping Orders are typically fulfilled and shi","{""polyester"": 92.0, ""elastane"": 8.0}",polyester,0.0,low,international,GLOBAL,https://coastalbloom.com/products/leopard-mocha-knit-copy,2026-04-08T08:59:47.722087,2026-04-08T08:59:47.722087,live,True
Coastal Bloom,The Frankie Button Down Top - Black,top,t Small: up to 6 / Medium: 8 to 10 / Large: 12 to 14 Fabric 96% Polyester/4%Spandex Shipping Orders are typically fulfilled and shipp,"{""polyester"": 96.0, ""elastane"": 4.0}",polyester,0.0,low,international,GLOBAL,https://coastalbloom.com/products/the-frankie-button-down-top-black?variant=42123685363787,2026-04-08T08:59:50.206160,2026-04-08T08:59:50.206160,live,True
Coastal Bloom,The Charlie Crew Neck Top - Beige,top,mall: up to 4-6 / Medium: 6 to 10  / Large: 10 to 14 Fabric 96% Polyester/4% Spandex Shipping Orders are typically fulfilled and ship,"{""polyester"": 96.0, ""elastane"": 4.0}",polyester,0.0,low,international,GLOBAL,https://coastalbloom.com/products/timeless-simplicity-crew-neck-top-black-copy?variant=41306343800907,2026-04-08T08:59:52.380822,2026-04-08T08:59:52.380822,live,True
Coastal Bloom,Spotted Tactics Woven Top,top,"lar, oversized fit, high-low hem Fits up to size 14 Fabric: 100% Cotton Shipping Orders are typically fulfilled and shipped within","{""cotton"": 100.0}",cotton,100.0,high,international,GLOBAL,https://coastalbloom.com/products/spotted-tactics-woven-top,2026-04-08T08:59:53.579592,2026-04-08T08:59:53.579592,live,True
Coastal Bloom,Mixed Instinct Italian Button Top,top,One Size Made In Italy Fit One Size - up to size 14 Fabric: 100% Polyester Shipping Orders are typically fulfilled and shipped within,"{""polyester"": 100.0}",polyester,0.0,low,international,GLOBAL,https://coastalbloom.com/products/mixed-instinct-italian-button-top,2026-04-08T09:00:07.483383,2026-04-08T09:00:07.483383,live,True
Coastal Bloom,Gypsy Soul Italian Button Top,top,"One Size Made In Italy Fit One Size - up to size 14 Fabric: 90% Polyester, 10% Cotton Shipping Orders are typically fulfilled and shi","{""polyester"": 90.0, ""cotton"": 10.0}",polyester,10.0,low,international,GLOBAL,https://coastalbloom.com/products/gypsy-soul-italian-button-top,2026-04-08T09:00:09.606519,2026-04-08T09:00:09.606519,live,True
Coastal Bloom,Bacall Italian Long Sleeve Top- Pink,top,"L Made In Italy Fit S/M up to 8/10, M/L up to 14/16 Fabric: 100% Cotton Shipping Orders are typically fulfilled and shipped within","{""cotton"": 100.0}",cotton,100.0,high,international,GLOBAL,https://coastalbloom.com/products/bacall-italian-long-sleeve-top-pink?variant=42108123119691,2026-04-08T09:00:15.617796,2026-04-08T09:00:15.617796,live,True
Coastal Bloom,Lucky You Italian Button Top,top,"One Size Made In Italy Fit One Size - up to size 14 Fabric: 90% Polyester, 10% Cotton Shipping Orders are typically fulfilled and shi","{""polyester"": 90.0, ""cotton"": 10.0}",polyester,10.0,low,international,GLOBAL,https://coastalbloom.com/products/garden-majestic-italian-button-top,2026-04-08T09:00:16.398951,2026-04-08T09:00:16.398951,live,True
Coastal Bloom,"Rebel Spirit, Timeless Attitude Top",top,"up to 4, Medium 6 to 8, Large 10 to 12, XL up to 14 Fabric 50% Cotton, 50% Polyester Shipping Orders are typically fulfilled and","{""cotton"": 50.0, ""polyester"": 50.0}",cotton,50.0,medium,international,GLOBAL,https://coastalbloom.com/products/splashing-into-summer-smiles-top-copy?variant=42228608532555,2026-04-08T09:00:24.325911,2026-04-08T09:00:24.325911,live,True
Coastal Bloom,Whiskey Wisdom Vintage Tee,t-shirt,"axed boyfriend silhouette • Lightweight everyday tee Fabric 50% Cotton, 50% Polyester Shipping Orders are typically fulfilled and","{""cotton"": 50.0, ""polyester"": 50.0}",cotton,50.0,medium,international,GLOBAL,https://coastalbloom.com/products/vintage-roar-tiger-tee-copy?variant=42270340415563,2026-04-08T09:00:25.781888,2026-04-08T09:00:25.781888,live,True
Coastal Bloom,Wild Star Statement Tee,t-shirt,cotton finish • Easy everyday graphic tee silhouette Fabric 100% Cotton Shipping Orders are typically fulfilled and shipped within,"{""cotton"": 100.0}",cotton,100.0,high,international,GLOBAL,https://coastalbloom.com/products/midnight-camo-star-tee-dress-copy-2?variant=42273846919243,2026-04-08T09:00:28.064835,2026-04-08T09:00:28.064835,live,True
Coastal Bloom,Equestrian Chic Graphic Tee - Blue,t-shirt,"ropped silhouette • Crew neckline with short sleeves Fabric 60% Cotton, 40% Polyester Shipping Orders are typically fulfilled and","{""cotton"": 60.0, ""polyester"": 40.0}",cotton,60.0,medium,international,GLOBAL,https://coastalbloom.com/products/equestrian-chic-graphic-tee-orange-copy?variant=42269978296395,2026-04-08T09:00:40.534460,2026-04-08T09:00:40.534460,live,True
Coastal Bloom,Rodeo Nights Graphic Tee,t-shirt,ic crew neckline • Soft premium washed cotton finish Fabric 100% Cotton Shipping Orders are typically fulfilled and shipped within,"{""cotton"": 100.0}",cotton,100.0,high,international,GLOBAL,https://coastalbloom.com/products/wild-dreamer-graphic-tee-copy?variant=42273882996811,2026-04-08T09:00:41.704279,2026-04-08T09:00:41.704279,live,True
Coastal Bloom,Petals of Soft Romance Top,top,"eeves Layered cropped silhouette Lightweight design Fabric: 50% Polyester, 47% Cotton, 3% Spandex Shipping Orders are typically fulfi","{""polyester"": 50.0, ""cotton"": 47.0, ""elastane"": 3.0}",polyester,47.0,low,international,GLOBAL,https://coastalbloom.com/products/quiet-lines-easy-days-pants-copy,2026-04-08T09:00:44.890762,2026-04-08T09:00:44.890762,live,True
Coastal Bloom,Equestrian Chic Graphic Tee - Black,t-shirt,"ropped silhouette • Crew neckline with short sleeves Fabric 60% Cotton, 40% Polyester Shipping Orders are typically fulfilled and","{""cotton"": 60.0, ""polyester"": 40.0}",cotton,60.0,medium,international,GLOBAL,https://coastalbloom.com/products/wild-star-statement-tee-copy,2026-04-08T09:00:46.958016,2026-04-08T09:00:46.958016,live,True
Coastal Bloom,Vintage Roar Tiger Tee,t-shirt,"d faux-cropped silhouette • Lightweight everyday tee Fabric 60% Cotton, 40% Polyester Shipping Orders are typically fulfilled and","{""cotton"": 60.0, ""polyester"": 40.0}",cotton,60.0,medium,international,GLOBAL,https://coastalbloom.com/products/coquette-rodeo-graphic-tee-copy?variant=42270221107275,2026-04-08T09:00:48.227962,2026-04-08T09:00:48.227962,live,True
Coastal Bloom,Wild Spirit Vintage Tee,t-shirt,ish for a vintage look • Relaxed everyday silhouette Fabric 100% Cotton Shipping Orders are typically fulfilled and shipped within,"{""cotton"": 100.0}",cotton,100.0,high,international,GLOBAL,https://coastalbloom.com/products/whiskey-wisdom-vintage-tee-copy?variant=42270284644427,2026-04-08T09:00:49.090202,2026-04-08T09:00:49.090202,live,True
Coastal Bloom,Martini Moment Italian Graphic Tee- White,t-shirt,t Sleeve Made In Italy Fit One Size - up to size 14 Fabric: 100% Cotton Shipping Orders are typically fulfilled and shipped within,"{""cotton"": 100.0}",cotton,100.0,high,international,GLOBAL,https://coastalbloom.com/products/martini-moment-italian-graphic-tee-white,2026-04-08T09:00:52.464374,2026-04-08T09:00:52.464374,live,True
Coastal Bloom,Equestrian Chic Graphic Tee - Orange,t-shirt,"ropped silhouette • Crew neckline with short sleeves Fabric 60% Cotton, 40% Polyester Shipping Orders are typically fulfilled and","{""cotton"": 60.0, ""polyester"": 40.0}",cotton,60.0,medium,international,GLOBAL,https://coastalbloom.com/products/equestrian-chic-graphic-tee-black-copy,2026-04-08T09:00:56.217297,2026-04-08T09:00:56.217297,live,True
Coastal Bloom,Blooming Day Floral Italian Top,top,"leeve Made In Italy Fit One Size - up to size 10/12 Fabric: 95% Cotton, 5% Elastane Shipping Orders are typically fulfilled and sh","{""cotton"": 95.0, ""elastane"": 5.0}",cotton,95.0,high,international,GLOBAL,https://coastalbloom.com/products/blooming-day-floral-italian-top,2026-04-08T09:01:09.867455,2026-04-08T09:01:09.867455,live,True
Coastal Bloom,Everyday Ribbed Tank Top - H Grey,top,"al body length: 24.5"" approx. / Bust: 26.5"" approx. Fabric: 95% Rayon, 5% Spandex Final Sale Shipping Orders are typically fulfil","{""rayon"": 95.0, ""elastane"": 5.0}",rayon,95.0,high,international,GLOBAL,https://coastalbloom.com/products/everyday-ribbed-tank-top-h-grey,2026-04-08T09:01:18.041445,2026-04-08T09:01:18.041445,live,True
Coastal Bloom,Sunset Drift Hooded Lounge Top - Navy,top,"m Fit Small up to 6, Medium 8 to 10, Large 12 to 14 Fabric: 88% Cotton, 12% Polyester Shipping Orders are typically fulfilled and","{""cotton"": 88.0, ""polyester"": 12.0}",cotton,88.0,high,international,GLOBAL,https://coastalbloom.com/products/sunset-drift-hooded-lounge-top-navy,2026-04-08T09:01:20.761383,2026-04-08T09:01:20.761383,live,True
Coastal Bloom,Sunset Drift Hooded Lounge Top - Soft Pink,top,"em Fit Small up to 6, Medium 8 to 10, Large 12 to 14 Fabric 88% Cotton, 12% Polyester Shipping Orders are typically fulfilled and","{""cotton"": 88.0, ""polyester"": 12.0}",cotton,88.0,high,international,GLOBAL,https://coastalbloom.com/products/sunset-drift-hooded-lounge-top-soft-pink?variant=42230179528779,2026-04-08T09:01:39.954689,2026-04-08T09:01:39.954689,live,True
Coastal Bloom,Everyday Ribbed Tank Top - Black,top,"al body length: 24.5"" approx. / Bust: 26.5"" approx. Fabric: 95% Rayon, 5% Spandex Final Sale Shipping Orders are typically fulfil","{""rayon"": 95.0, ""elastane"": 5.0}",rayon,95.0,high,international,GLOBAL,https://coastalbloom.com/products/everyday-ribbed-tank-top-black,2026-04-08T09:01:48.073280,2026-04-08T09:01:48.073280,live,True
Coastal Bloom,Harborline Ribbed Knit Tank - Off White,knitwear,"bbed knit texture, sleeveless design, pullover style Fabric 71% Rayon, 20% Polyester, 9% Nylon Shipping Orders are typically fulf","{""rayon"": 71.0, ""polyester"": 20.0, ""nylon"": 9.0}",rayon,71.0,medium,international,GLOBAL,https://coastalbloom.com/products/harborline-ribbed-knit-tank-off-white,2026-04-08T09:02:00.470251,2026-04-08T09:02:00.470251,live,True
Coastal Bloom,Everyday Ribbed Tank Top - Dk Pink,top,"al body length: 24.5"" approx. / Bust: 26.5"" approx. Fabric: 95% Rayon, 5% Spandex Final Sale Shipping Orders are typically fulfil","{""rayon"": 95.0, ""elastane"": 5.0}",rayon,95.0,high,international,GLOBAL,https://coastalbloom.com/products/everyday-ribbed-tank-top-dk-pink?variant=42218672029771,2026-04-08T09:02:12.956867,2026-04-08T09:02:12.956867,live,True
Coastal Bloom,Eileen Hoodie - Halogen Blue,hoodie,laxed Fit: Small: 4-6 / Medium: 8-10 / Large: 12-14 Fabric: 100% Cotton Shipping Orders are typically fulfilled and shipped within,"{""cotton"": 100.0}",cotton,100.0,high,international,GLOBAL,https://coastalbloom.com/products/pre-auth-eileen-cropped-hoodie-halogen-blue,2026-04-08T09:02:24.593279,2026-04-08T09:02:24.593279,live,True
Coastal Bloom,CB Custom Metallic Sweatshirt - Black/Silver,hoodie,"6.5-39"" XX-Large (XXL): Bust 46-48"", Waist 41-43.5"" Fabric: 53% Cotton 45% Polyester 2% Spandex **FINAL SALE** Shipping Orders are","{""cotton"": 53.0, ""polyester"": 45.0, ""elastane"": 2.0}",cotton,53.0,medium,international,GLOBAL,https://coastalbloom.com/products/cb-custom-metallic-pullover?variant=40107775197259,2026-04-08T09:02:25.615230,2026-04-08T09:02:25.615230,live,True
Coastal Bloom,Eileen Hoodie - Denim Drift,jeans,laxed Fit: Small: 4-6 / Medium: 8-10 / Large: 12-14 Fabric: 100% Cotton Shipping Orders are typically fulfilled and shipped within,"{""cotton"": 100.0}",cotton,100.0,high,international,GLOBAL,https://coastalbloom.com/products/pre-auth-eileen-cropped-hoodie-denim-drift?variant=42194747719755,2026-04-08T09:02:27.075409,2026-04-08T09:02:27.075409,live,True
Coastal Bloom,CB CUSTOM Pink Skull Classic Sweatshirt,hoodie,"36.5-39"" XX-Large (XXL): Bust 46-48"", Waist 41-43.5"" Fabric 53% Cotton 45% Polyester 2% Spandex Final Sale Shipping Orders are typ","{""cotton"": 53.0, ""polyester"": 45.0, ""elastane"": 2.0}",cotton,53.0,medium,international,GLOBAL,https://coastalbloom.com/products/pink-skull-classic-sweatshirt,2026-04-08T09:02:28.770713,2026-04-08T09:02:28.770713,live,True
Coastal Bloom,Faded Mint Luxe Sweatshirt - Dusty Mint,hoodie,"l: up to 6 / Medium: 8 to 10 / Large: 12 to 14 Fabric Self: 60% Cotton, 40% Polyester Contrast: 57% Cotton, 38% Polyester, 5% Span","{""cotton"": 60.0, ""polyester"": 40.0}",cotton,60.0,medium,international,GLOBAL,https://coastalbloom.com/products/sunbeam-knit-sweater-butter-yellow-copy,2026-04-08T09:02:31.327568,2026-04-08T09:02:31.327568,live,True
Coastal Bloom,Soul Rider Star Sweatshirt,hoodie,: Small: up to size 6 / Medium: 8-10 / Large: 12-14 Fabric: 100% Cotton Shipping Orders are typically fulfilled and shipped within,"{""cotton"": 100.0}",cotton,100.0,high,international,GLOBAL,https://coastalbloom.com/products/snowbound-serenity-quarter-zip-sweatshirt-copy,2026-04-08T09:02:32.518270,2026-04-08T09:02:32.518270,live,True
Coastal Bloom,Sky Line Hoodie,hoodie,"te Fit Small up to 6, Medium 8 to 10, Large 12 to 14 Fabric 95%COTTON,5%SPANDEX Shipping Orders are typically fulfilled and shipp","{""cotton"": 95.0, ""elastane"": 5.0}",cotton,95.0,high,international,GLOBAL,https://coastalbloom.com/products/fern-whisper-shorts-copy,2026-04-08T09:02:33.486706,2026-04-08T09:02:33.486706,live,True
Coastal Bloom,Neon Pop Light Grey Sweatshirt,hoodie,": 2 to 4 / Medium: 6 to 8 / Large: 10 to 12 / XL: 14 Fabric 50% Polyester, 50% Cotton Shipping Orders are typically fulfilled and shi","{""polyester"": 50.0, ""cotton"": 50.0}",polyester,50.0,medium,international,GLOBAL,https://coastalbloom.com/products/neon-pop-light-grey-sweatshirt,2026-04-08T09:02:36.833950,2026-04-08T09:02:36.833950,live,True
Coastal Bloom,Tropical Garden Italian Zip Hoodie Jacket,jacket,"n elegance to any outfit. Color: Green One Size Fit Fabric: 97% Cotton, 3% Elastane. Shipping Orders are typically fulfilled and s","{""cotton"": 97.0, ""elastane"": 3.0}",cotton,97.0,high,international,GLOBAL,https://coastalbloom.com/products/botanic-breeze-italian-zip-hoodie-jacket,2026-04-08T09:02:39.266946,2026-04-08T09:02:39.266946,live,True
Coastal Bloom,Tennis Club Sweatshirt,hoodie,"it Small: 4 to 6 / Medium: 8 to 10 / Large: 12 to 14 Fabric 85% Cotton, 15% Polyester Shipping Orders are typically fulfilled and","{""cotton"": 85.0, ""polyester"": 15.0}",cotton,85.0,high,international,GLOBAL,https://coastalbloom.com/products/sweet-side-tie-knit-vest-grey-copy,2026-04-08T09:02:40.697652,2026-04-08T09:02:40.697652,live,True
Coastal Bloom,Sunday Stroll Sweater Hoodie - Gray,hoodie,"Small: up to 4 / Medium: 6 to 8 / Large: 10 to 12 / XL: 14 70% Viscose, 30% Nylon Shipping Orders are typically fulfilled and ship","{""viscose"": 70.0, ""nylon"": 30.0}",viscose,70.0,medium,international,GLOBAL,https://coastalbloom.com/products/sunday-stroll-sweater-hoodie-grey?variant=42179809476683,2026-04-08T09:02:48.201129,2026-04-08T09:02:48.201129,live,True
Coastal Bloom,Faded Mint Luxe Sweatshirt - Light Pink,hoodie,"l: up to 6 / Medium: 8 to 10 / Large: 12 to 14 Fabric Self: 60% Cotton, 40% Polyester Contrast: 57% Cotton, 38% Polyester, 5% Span","{""cotton"": 60.0, ""polyester"": 40.0}",cotton,60.0,medium,international,GLOBAL,https://coastalbloom.com/products/sunbeam-knit-sweater-butter-yellow-copy-1?variant=42033928568907,2026-04-08T09:02:53.445546,2026-04-08T09:02:53.445546,live,True
Coastal Bloom,CB Custom Metallic Sweatshirt - White,hoodie,"6.5-39"" XX-Large (XXL): Bust 46-48"", Waist 41-43.5"" Fabric: 53% Cotton 45% Polyester 2% Spandex **FINAL SALE** Shipping Orders are","{""cotton"": 53.0, ""polyester"": 45.0, ""elastane"": 2.0}",cotton,53.0,medium,international,GLOBAL,https://coastalbloom.com/products/copy-of-cb-custom-metallic-pullover,2026-04-08T09:02:56.420125,2026-04-08T09:02:56.420125,live,True
Coastal Bloom,Relaxed Stretch Dolman Sweatshirt,hoodie,"ts. Product Details Color: Ash Jade Size: S, M, L Material: 90% Polyester, 6% Rayon, 4% Spandex Fit Small: 4 to 6 / Medium: 8 to 10 /","{""polyester"": 90.0, ""rayon"": 6.0, ""elastane"": 4.0}",polyester,6.0,low,international,GLOBAL,https://coastalbloom.com/products/relaxed-stretch-dolman-sweatshirt?variant=42160405086283,2026-04-08T09:03:05.299121,2026-04-08T09:03:05.299121,live,True
Coastal Bloom,Eileen Hoodie - Yellow Glow,hoodie,laxed Fit: Small: 4-6 / Medium: 8-10 / Large: 12-14 Fabric: 100% Cotton Shipping Orders are typically fulfilled and shipped within,"{""cotton"": 100.0}",cotton,100.0,high,international,GLOBAL,https://coastalbloom.com/products/eileen-cropped-hoodie-yellow-glow,2026-04-08T09:03:08.655644,2026-04-08T09:03:08.655644,live,True
Coastal Bloom,Varsity Touch Half Zip Sweatshirt,hoodie,"D — Small: 2 to 4 / Medium: 6 to 8 / Large: 10 to 12 Fabric 82% Cotton, 18% Spandex Shipping Orders are typically fulfilled and sh","{""cotton"": 82.0, ""elastane"": 18.0}",cotton,82.0,medium,international,GLOBAL,https://coastalbloom.com/products/fringe-statement-blouse-copy,2026-04-08T09:03:19.677283,2026-04-08T09:03:19.677283,live,True
Coastal Bloom,Seaside Rhythm Dress,dress,"V front, short sleeves, relaxed shift silhouette Fit Fabric 95%Cotton+5%Elastane Shipping Orders are typically fulfilled and ship","{""cotton"": 95.0, ""elastane"": 5.0}",cotton,95.0,high,international,GLOBAL,https://coastalbloom.com/products/whispering-horizon-earrings-copy-1?variant=42250415833163,2026-04-08T09:03:35.157227,2026-04-08T09:03:35.157227,live,True
Coastal Bloom,Quiet Tide Dress,dress,"shoulder detail, collared neckline, relaxed fit Fit Fabric 50%Polyester+50%Viscose Shipping Orders are typically fulfilled and ship","{""polyester"": 50.0, ""viscose"": 50.0}",polyester,50.0,medium,international,GLOBAL,https://coastalbloom.com/products/seaside-rhythm-dress-copy?variant=42250836967499,2026-04-08T09:03:35.988794,2026-04-08T09:03:35.988794,live,True
Coastal Bloom,Harbor Stripe Easy Mini Dress,dress,"attern, sleeveless design, side pockets, mini length Fabric 100% Cotton Shipping Orders are typically fulfilled and shipped within","{""cotton"": 100.0}",cotton,100.0,high,international,GLOBAL,https://coastalbloom.com/products/harbor-stripe-easy-mini-dress?variant=42215921483851,2026-04-08T09:03:38.929312,2026-04-08T09:03:38.929312,live,True
Coastal Bloom,Court Contrast Trim Shift Dress - Mint Green,dress,"trim neckline and hem, side pockets, pull-on style. Fabric 80% Polyester, 20% Cotton FINAL SALE Shipping Orders are typically fulfil","{""polyester"": 80.0, ""cotton"": 20.0}",polyester,20.0,low,international,GLOBAL,https://coastalbloom.com/products/court-contrast-trim-shift-dress-mint-green?variant=42250235183179,2026-04-08T09:03:39.906862,2026-04-08T09:03:39.906862,live,True
Coastal Bloom,Sunday Stroll Denim Overall Dress,dress,"t Small: up to 6 / Medium: 8 to 10 / Large: 12 to 14 Fabric 85% Cotton, 15% Polyester Final Sale Shipping Orders are typically ful","{""cotton"": 85.0, ""polyester"": 15.0}",cotton,85.0,high,international,GLOBAL,https://coastalbloom.com/products/sunday-stroll-denim-overall-dress?variant=42164017463371,2026-04-08T09:03:40.770144,2026-04-08T09:03:40.770144,live,True
Coastal Bloom,Sweet Contrast Dress,dress,"ontrast neckline detail, tiered hem, relaxed fit Fit Fabric 50%Cotton+50%Lyocell Shipping Orders are typically fulfilled and ship","{""cotton"": 50.0, ""lyocell"": 50.0}",cotton,100.0,high,international,GLOBAL,https://coastalbloom.com/products/midnight-shore-cover-up-top-copy?variant=42245429035083,2026-04-08T09:03:43.056708,2026-04-08T09:03:43.056708,live,True
Coastal Bloom,Garden Breeze Dress,dress,"split neckline, relaxed shift fit, side pockets Fit Fabric 100%Polyester Shipping Orders are typically fulfilled and shipped within","{""polyester"": 100.0}",polyester,0.0,low,international,GLOBAL,https://coastalbloom.com/products/western-charm-top-copy?variant=42250788700235,2026-04-08T09:03:45.270117,2026-04-08T09:03:45.270117,live,True
Coastal Bloom,Seabreeze Pigment Mini Dress,dress,"finish, sleeveless design, side pockets, mini length Fabric 100% Cotton Shipping Orders are typically fulfilled and shipped within","{""cotton"": 100.0}",cotton,100.0,high,international,GLOBAL,https://coastalbloom.com/products/seabreeze-pigment-mini-dress?variant=42230160949323,2026-04-08T09:03:48.345381,2026-04-08T09:03:48.345381,live,True
Coastal Bloom,Soft Whisper Dress,dress,"nt detail, ruffle trim, cap sleeves, relaxed fit Fit Fabric 100%Polyester Shipping Orders are typically fulfilled and shipped within","{""polyester"": 100.0}",polyester,0.0,low,international,GLOBAL,https://coastalbloom.com/products/embroidered-grace-dress-copy?variant=42250043949131,2026-04-08T09:03:49.399554,2026-04-08T09:03:49.399554,live,True
Coastal Bloom,Easy Days Dress - Chambray,dress,s design Split neckline Relaxed swing silhouette Fit Fabric 100%POLYESTER Shipping Orders are typically fulfilled and shipped within,"{""polyester"": 100.0}",polyester,0.0,low,international,GLOBAL,https://coastalbloom.com/products/sunset-harbor-stripe-puff-mini-dress-copy?variant=42213293981771,2026-04-08T09:03:51.967207,2026-04-08T09:03:51.967207,live,True
Coastal Bloom,Wild Elegance Unleashed Dress,dress,t Three-quarter sleeves Relaxed shift silhouette Fit Fabric 100% POLYESTER Shipping Orders are typically fulfilled and shipped within,"{""polyester"": 100.0}",polyester,0.0,low,international,GLOBAL,https://coastalbloom.com/products/soft-structure-easy-charm-dress-copy,2026-04-08T09:03:55.620290,2026-04-08T09:03:55.620290,live,True
Coastal Bloom,Court Contrast Trim Shift Dress - Magenta,dress,"trim neckline and hem, side pockets, pull-on style. Fabric 80% Polyester, 20% Cotton FINAL SALE Shipping Orders are typically fulfil","{""polyester"": 80.0, ""cotton"": 20.0}",polyester,20.0,low,international,GLOBAL,https://coastalbloom.com/products/court-contrast-trim-shift-dress?variant=42216118550603,2026-04-08T09:04:02.327199,2026-04-08T09:04:02.327199,live,True
Coastal Bloom,Coastal Charm in Motion Dress,dress,rast trim Front patch pockets Relaxed silhouette Fit Fabric 100%POLYESTER Shipping Orders are typically fulfilled and shipped within,"{""polyester"": 100.0}",polyester,0.0,low,international,GLOBAL,https://coastalbloom.com/products/bright-days-sweet-style-romper-copy?variant=42215260061771,2026-04-08T09:04:06.620469,2026-04-08T09:04:06.620469,live,True
Coastal Bloom,Polished Motion Dress,dress,"lastic waistband, collared neckline, relaxed fit Fit Fabric 65%Polyester+35%Cotton Shipping Orders are typically fulfilled and shipp","{""polyester"": 65.0, ""cotton"": 35.0}",polyester,35.0,low,international,GLOBAL,https://coastalbloom.com/products/sweet-contrast-dress-copy?variant=42250373562443,2026-04-08T09:04:09.204911,2026-04-08T09:04:09.204911,live,True
Coastal Bloom,The Harbor Stripe Shirt Dress - Black,dress,"to size. Fit Small: 2-4 / Medium: 6-8 / Large: 10-12 Fabric 92% Polyester, 8% Spandex Final Sale Shipping Orders are typically fulfil","{""polyester"": 92.0, ""elastane"": 8.0}",polyester,0.0,low,international,GLOBAL,https://coastalbloom.com/products/a-122?variant=42218938990667,2026-04-08T09:04:11.173609,2026-04-08T09:04:11.173609,live,True
Coastal Bloom,Delicate Charm Dress,dress,"button front detail, short sleeves, relaxed fit Fit Fabric 55%Cotton 45%Viscose Shipping Orders are typically fulfilled and ship","{""cotton"": 55.0, ""viscose"": 45.0}",cotton,100.0,high,international,GLOBAL,https://coastalbloom.com/products/everyday-muse-skirt-copy?variant=42250382573643,2026-04-08T09:04:13.452212,2026-04-08T09:04:13.452212,live,True
Coastal Bloom,Seaside Elegance Belted Italian Dress,dress,Color: Periwinkle Size: One Size Made in Italy Size Fabric 100% Cotton Shipping Orders are typically fulfilled and shipped within,"{""cotton"": 100.0}",cotton,100.0,high,international,GLOBAL,https://coastalbloom.com/products/seaside-elegance-belted-italian-button-dress,2026-04-08T09:04:41.698137,2026-04-08T09:04:41.698137,live,True
Coastal Bloom,Sunset Harbor Stripe Puff Mini Dress,dress,Small: up to 6 / Medium: 8 to 10 / Large: 12 to 14 Fabric: 100% Cotton Shipping Orders are typically fulfilled and shipped within,"{""cotton"": 100.0}",cotton,100.0,high,international,GLOBAL,https://coastalbloom.com/products/sunset-harbor-stripe-puff-mini-dress?variant=42143629410379,2026-04-08T09:05:01.151676,2026-04-08T09:05:01.151676,live,True
Coastal Bloom,Timeless Grace Open-Back Dress,dress,"fit Fit Small up to 4, Medium 6 to 8, Large 10 to 12 Fabric 80% Polyester, 20% Cotton Shipping Orders are typically fulfilled and shi","{""polyester"": 80.0, ""cotton"": 20.0}",polyester,20.0,low,international,GLOBAL,https://coastalbloom.com/products/tg1099?variant=41315305390155,2026-04-08T09:05:03.433827,2026-04-08T09:05:03.433827,live,True
Coastal Bloom,Pure Poise Sleeveless Dress,dress,dard Fit: Small: 2–4 / Medium: 6–8 / Large: 10–12 Fabric: • 95% Polyester • 5% Spandex Shipping Orders are typically fulfilled and sh,"{""polyester"": 95.0, ""elastane"": 5.0}",polyester,0.0,low,international,GLOBAL,https://coastalbloom.com/products/playful-layers-textured-shorts-orchid-blue-copy?variant=42106206093387,2026-04-08T09:05:25.431459,2026-04-08T09:05:25.431459,live,True
Coastal Bloom,Hamptons Breeze Textured Dress - JOH,dress,"to 6, Medium: 6 to 8, Large: 10 to 12, XL up to 14 Fabric: 70% Cotton/30% Polyester Contrast: 95% Cotton/5% Polyester Shipping Or","{""cotton"": 70.0, ""polyester"": 30.0}",cotton,70.0,medium,international,GLOBAL,https://coastalbloom.com/products/hamptons-breeze-textured-dress,2026-04-08T09:05:26.629407,2026-04-08T09:05:26.629407,live,True
Coastal Bloom,Rolling Stones Flag & Distress Detail Dress,dress,"side pockets Fit: S up to 6, M 8/10, L 12 maybe 14 Fabric: 100% Cotton Shipping Orders are typically fulfilled and shipped within","{""cotton"": 100.0}",cotton,100.0,high,international,GLOBAL,https://coastalbloom.com/products/rolling-stones-flag-distress-detail-dress,2026-04-08T09:05:39.948590,2026-04-08T09:05:39.948590,live,True
Coastal Bloom,Relaxed Fit Scuba Maxi Dress,dress,andard Fit: Small: 2-4 / Medium: 6-8 / Large: 10-12 Fabric: 50% Modal/47% Polyester/3% Spandex Shipping Orders are typically fulf,"{""modal"": 50.0, ""polyester"": 47.0, ""elastane"": 3.0}",modal,50.0,medium,international,GLOBAL,https://coastalbloom.com/products/santa-monica-cable-knit-sweater-copy?variant=41544103493707,2026-04-08T09:05:42.259445,2026-04-08T09:05:42.259445,live,True
