donation_item_id,donation_id,item_id,brand,clothing_type,most_dominant_fiber,dominant_fiber_verified,fiber_json,fs_bio_share,biodeg_score,biodeg_tier,source,country_of_brand,region,ncr_city,barangay,latitude,longitude,display_address,demand_index,weight_kg,donation_decision,decision_label,requested_at,processed_at
1,1,1,levi's,t-shirt,cotton,cotton,"{\"cotton\": 100.0}",100.0,92.0,high,philippine,PH,NCR,Pateros,San Pedro,14.541699421987603,121.085063895995560,"San Pedro, Pateros, NCR, Philippines",0.5876,0.119,accept,2,2026-04-23T20:08:38.007646,2026-04-23T20:09:20.894Z
2,2,2,old navy,knitwear,rayon,rayon,"{\"rayon\": 60.0, \"polyester\": 40.0}",60.0,46.4,low,philippine,PH,NCR,Valenzuela,Karuhatan,14.704747285099517,120.983756615263860,"Karuhatan, Valenzuela, NCR, Philippines",0.7293,0.353,conditional,1,2026-04-23T20:08:38.008659,2026-04-23T20:09:20.894Z
3,2,3,levi's,shirt,cotton,cotton,"{\"cotton\": 100.0}",100.0,92.0,high,philippine,PH,NCR,Valenzuela,Karuhatan,14.704747285099517,120.983756615263860,"Karuhatan, Valenzuela, NCR, Philippines",0.7293,0.224,accept,2,2026-04-23T20:08:38.008659,2026-04-23T20:09:20.894Z
4,2,4,no emotions,shirt,cotton,cotton,"{\"cotton\": 100.0}",100.0,92.0,high,philippine,PH,NCR,Valenzuela,Karuhatan,14.704747285099517,120.983756615263860,"Karuhatan, Valenzuela, NCR, Philippines",0.7293,0.335,accept,2,2026-04-23T20:08:38.008659,2026-04-23T20:09:20.894Z
5,3,5,old navy,top,nylon,nylon,"{\"nylon\": 82.0, \"elastane\": 18.0}",0.0,10.56,low,philippine,PH,NCR,Parañaque,BF Homes,14.516949680663542,120.988703409941370,"BF Homes, Parañaque, NCR, Philippines",0.6356,0.4,decline,0,2026-04-23T20:08:38.009751,2026-04-23T20:09:20.894Z
6,3,6,world balance,t-shirt,cotton,cotton,"{\"cotton\": 95.0, \"elastane\": 5.0}",95.0,87.6,high,philippine,PH,NCR,Parañaque,BF Homes,14.516949680663542,120.988703409941370,"BF Homes, Parañaque, NCR, Philippines",0.6356,0.113,accept,2,2026-04-23T20:08:38.009751,2026-04-23T20:09:20.894Z
7,3,7,memo,top,viscose,viscose,"{\"viscose\": 100.0}",100.0,72.0,medium,philippine,PH,NCR,Parañaque,BF Homes,14.516949680663542,120.988703409941370,"BF Homes, Parañaque, NCR, Philippines",0.6356,0.522,conditional,1,2026-04-23T20:08:38.009751,2026-04-23T20:09:20.894Z
8,3,8,patton studio,t-shirt,cotton,cotton,"{\"cotton\": 100.0}",100.0,92.0,high,philippine,PH,NCR,Parañaque,BF Homes,14.516949680663542,120.988703409941370,"BF Homes, Parañaque, NCR, Philippines",0.6356,0.226,accept,2,2026-04-23T20:08:38.009751,2026-04-23T20:09:20.894Z
9,4,9,old navy,top,cotton,cotton,"{\"cotton\": 95.0, \"elastane\": 5.0}",95.0,87.6,high,philippine,PH,NCR,Pasig,Kapitolyo,14.553242898406493,121.099969201219750,"Kapitolyo, Pasig, NCR, Philippines",0.6838,0.5,accept,2,2026-04-23T20:08:38.011513,2026-04-23T20:09:20.894Z
10,5,10,regatta,dress,rayon,rayon,"{\"rayon\": 86.0, \"linen\": 7.0, \"polyester\": 7.0}",93.0,69.13,medium,philippine,PH,NCR,Las Piñas,Almanza Uno,14.479237250186351,120.958976288289350,"Almanza Uno, Las Piñas, NCR, Philippines",0.6665,0.439,conditional,1,2026-04-23T20:08:38.012130,2026-04-23T20:09:20.894Z
11,5,11,gq,blazer,linen,linen,"{\"linen\": 100.0}",100.0,95.0,high,philippine,PH,NCR,Las Piñas,Almanza Uno,14.479237250186351,120.958976288289350,"Almanza Uno, Las Piñas, NCR, Philippines",0.6665,0.485,accept,2,2026-04-23T20:08:38.012130,2026-04-23T20:09:20.894Z
12,5,12,old navy,top,rayon,rayon,"{\"rayon\": 95.0, \"elastane\": 5.0}",95.0,68.6,medium,philippine,PH,NCR,Las Piñas,Almanza Uno,14.479237250186351,120.958976288289350,"Almanza Uno, Las Piñas, NCR, Philippines",0.6665,0.585,conditional,1,2026-04-23T20:08:38.012130,2026-04-23T20:09:20.894Z
13,5,13,old navy,dress,viscose,viscose,"{\"viscose\": 100.0}",100.0,72.0,medium,philippine,PH,NCR,Las Piñas,Almanza Uno,14.479237250186351,120.958976288289350,"Almanza Uno, Las Piñas, NCR, Philippines",0.6665,0.314,conditional,1,2026-04-23T20:08:38.012130,2026-04-23T20:09:20.894Z
14,6,14,oxgn,shirt,cotton,cotton,"{\"cotton\": 100.0}",100.0,92.0,high,philippine,PH,NCR,Mandaluyong,Wack-Wack Greenhills,14.575916990563790,121.018370867954220,"Wack-Wack Greenhills, Mandaluyong, NCR, Philippines",0.6954,0.245,accept,2,2026-04-23T20:08:38.013213,2026-04-23T20:09:20.894Z
15,6,15,levi's,jacket,cotton,cotton,"{\"cotton\": 100.0}",100.0,92.0,high,philippine,PH,NCR,Mandaluyong,Wack-Wack Greenhills,14.575916990563790,121.018370867954220,"Wack-Wack Greenhills, Mandaluyong, NCR, Philippines",0.6954,0.804,accept,2,2026-04-23T20:08:38.013213,2026-04-23T20:09:20.894Z
16,6,16,levi's,jacket,cotton,cotton,"{\"cotton\": 79.0, \"lyocell\": 21.0}",100.0,91.79,high,philippine,PH,NCR,Mandaluyong,Wack-Wack Greenhills,14.575916990563790,121.018370867954220,"Wack-Wack Greenhills, Mandaluyong, NCR, Philippines",0.6954,1.203,accept,2,2026-04-23T20:08:38.013213,2026-04-23T20:09:20.894Z
17,6,17,no emotions,pants,viscose,viscose,"{\"silk\": 35.0, \"viscose\": 65.0}",100.0,75.85,medium,philippine,PH,NCR,Mandaluyong,Wack-Wack Greenhills,14.575916990563790,121.018370867954220,"Wack-Wack Greenhills, Mandaluyong, NCR, Philippines",0.6954,0.503,accept,2,2026-04-23T20:08:38.013213,2026-04-23T20:09:20.894Z
18,6,18,old navy,t-shirt,cotton,cotton,"{\"cotton\": 100.0}",100.0,92.0,high,philippine,PH,NCR,Mandaluyong,Wack-Wack Greenhills,14.575916990563790,121.018370867954220,"Wack-Wack Greenhills, Mandaluyong, NCR, Philippines",0.6954,0.267,accept,2,2026-04-23T20:08:38.013213,2026-04-23T20:09:20.894Z
19,7,19,gymshark,t-shirt,cotton,cotton,"{\"cotton\": 100.0}",100.0,92.0,high,international,GLOBAL,NCR,Pasay,Malibay,14.534317832069103,121.011263290069760,"Malibay, Pasay, NCR, Philippines",0.7593,0.177,accept,2,2026-04-23T20:08:38.014445,2026-04-23T20:09:20.894Z
20,7,20,patton studio,pants,polyester,polyester,"{\"polyester\": 67.0, \"rayon\": 28.0, \"elastane\": 5.0}",28.0,25.72,low,philippine,PH,NCR,Pasay,Malibay,14.534317832069103,121.011263290069760,"Malibay, Pasay, NCR, Philippines",0.7593,0.451,decline,0,2026-04-23T20:08:38.014445,2026-04-23T20:09:20.894Z
21,7,21,patton studio,blazer,polyester,polyester,"{\"polyester\": 72.0, \"rayon\": 16.0, \"wool\": 10.0, \"elastane\": 2.0}",26.0,24.76,low,philippine,PH,NCR,Pasay,Malibay,14.534317832069103,121.011263290069760,"Malibay, Pasay, NCR, Philippines",0.7593,0.457,decline,0,2026-04-23T20:08:38.014445,2026-04-23T20:09:20.894Z
22,7,22,patton studio,pants,polyester,polyester,"{\"polyester\": 65.0, \"rayon\": 24.0, \"wool\": 9.0, \"elastane\": 2.0}",33.0,29.22,low,philippine,PH,NCR,Pasay,Malibay,14.534317832069103,121.011263290069760,"Malibay, Pasay, NCR, Philippines",0.7593,0.399,decline,0,2026-04-23T20:08:38.014445,2026-04-23T20:09:20.894Z
23,8,23,forme,t-shirt,cotton,cotton,"{\"cotton\": 60.0, \"polyester\": 40.0}",60.0,58.4,medium,philippine,PH,NCR,Las Piñas,Almanza Uno,14.456269313487550,120.996132318875100,"Almanza Uno, Las Piñas, NCR, Philippines",0.6753,0.241,conditional,1,2026-04-23T20:08:38.015562,2026-04-23T20:09:20.894Z
24,8,24,phoebe philo,knitwear,wool,wool,"{\"wool\": 61.0, \"cashmere\": 26.0, \"polyester\": 13.0}",87.0,65.42,medium,international,GLOBAL,NCR,Las Piñas,Almanza Uno,14.456269313487550,120.996132318875100,"Almanza Uno, Las Piñas, NCR, Philippines",0.6753,0.501,conditional,1,2026-04-23T20:08:38.015562,2026-04-23T20:09:20.894Z
25,8,25,guess,dress,cotton,cotton,"{\"cotton\": 99.0, \"elastane\": 1.0}",99.0,91.12,high,philippine,PH,NCR,Las Piñas,Almanza Uno,14.456269313487550,120.996132318875100,"Almanza Uno, Las Piñas, NCR, Philippines",0.6753,0.361,accept,2,2026-04-23T20:08:38.015562,2026-04-23T20:09:20.894Z
26,8,26,gymshark,top,nylon,nylon,"{\"nylon\": 96.0, \"elastane\": 4.0}",0.0,11.68,low,international,GLOBAL,NCR,Las Piñas,Almanza Uno,14.456269313487550,120.996132318875100,"Almanza Uno, Las Piñas, NCR, Philippines",0.6753,0.406,decline,0,2026-04-23T20:08:38.015562,2026-04-23T20:09:20.894Z
27,8,27,levi's,hoodie,cotton,cotton,"{\"cotton\": 100.0}",100.0,92.0,high,philippine,PH,NCR,Las Piñas,Almanza Uno,14.456269313487550,120.996132318875100,"Almanza Uno, Las Piñas, NCR, Philippines",0.6753,0.213,accept,2,2026-04-23T20:08:38.015562,2026-04-23T20:09:20.894Z
28,9,28,forme,t-shirt,viscose,viscose,"{\"viscose\": 100.0}",100.0,72.0,medium,philippine,PH,NCR,Quezon City,Diliman,14.659474748089524,121.047180210307160,"Diliman, Quezon City, NCR, Philippines",0.8127,0.253,conditional,1,2026-04-23T20:08:38.016946,2026-04-23T20:09:20.894Z
29,9,29,levi's,t-shirt,cotton,cotton,"{\"cotton\": 100.0}",100.0,92.0,high,philippine,PH,NCR,Quezon City,Diliman,14.659474748089524,121.047180210307160,"Diliman, Quezon City, NCR, Philippines",0.8127,0.227,accept,2,2026-04-23T20:08:38.016946,2026-04-23T20:09:20.894Z
30,10,30,forme,pants,cotton,cotton,"{\"cotton\": 98.0, \"elastane\": 2.0}",98.0,90.24,high,philippine,PH,NCR,Navotas,Northbay Boulevard Norte,14.660146558037270,120.938166704903140,"Northbay Boulevard Norte, Navotas, NCR, Philippines",0.8061,0.503,accept,2,2026-04-23T20:08:38.017705,2026-04-23T20:09:20.894Z
31,10,31,world balance,t-shirt,polyester,polyester,"{\"polyester\": 92.0, \"elastane\": 8.0}",0.0,7.68,low,philippine,PH,NCR,Navotas,Northbay Boulevard Norte,14.660146558037270,120.938166704903140,"Northbay Boulevard Norte, Navotas, NCR, Philippines",0.8061,0.143,decline,0,2026-04-23T20:08:38.017705,2026-04-23T20:09:20.894Z
32,10,32,gaui,t-shirt,polyester,polyester,"{\"polyester\": 95.0, \"elastane\": 5.0}",0.0,7.8,low,philippine,PH,NCR,Navotas,Northbay Boulevard Norte,14.660146558037270,120.938166704903140,"Northbay Boulevard Norte, Navotas, NCR, Philippines",0.8061,0.182,decline,0,2026-04-23T20:08:38.017705,2026-04-23T20:09:20.894Z
33,11,33,sola,top,nylon,nylon,"{\"nylon\": 92.0, \"elastane\": 8.0}",0.0,11.36,low,philippine,PH,NCR,San Juan,Greenhills,14.591133274293266,121.007862037084450,"Greenhills, San Juan, NCR, Philippines",0.5999,0.282,decline,0,2026-04-23T20:08:38.023140,2026-04-23T20:09:20.894Z
34,11,34,adored vintage,dress,cotton,cotton,"{\"cotton\": 100.0}",100.0,92.0,high,international,GLOBAL,NCR,San Juan,Greenhills,14.591133274293266,121.007862037084450,"Greenhills, San Juan, NCR, Philippines",0.5999,0.432,accept,2,2026-04-23T20:08:38.023140,2026-04-23T20:09:20.894Z
35,11,35,just g,shorts,wool,wool,"{\"wool\": 50.0, \"polyester\": 36.0, \"lyocell\": 14.0}",64.0,52.62,medium,philippine,PH,NCR,San Juan,Greenhills,14.591133274293266,121.007862037084450,"Greenhills, San Juan, NCR, Philippines",0.5999,0.289,conditional,1,2026-04-23T20:08:38.023140,2026-04-23T20:09:20.894Z
36,11,36,gaui,pants,polyester,polyester,"{\"polyester\": 95.0, \"elastane\": 5.0}",0.0,7.8,low,philippine,PH,NCR,San Juan,Greenhills,14.591133274293266,121.007862037084450,"Greenhills, San Juan, NCR, Philippines",0.5999,0.624,decline,0,2026-04-23T20:08:38.023140,2026-04-23T20:09:20.894Z
37,11,37,phoebe philo,pants,cotton,cotton,"{\"cotton\": 100.0}",100.0,92.0,high,international,GLOBAL,NCR,San Juan,Greenhills,14.591133274293266,121.007862037084450,"Greenhills, San Juan, NCR, Philippines",0.5999,0.583,accept,2,2026-04-23T20:08:38.023140,2026-04-23T20:09:20.894Z
38,12,38,levi's,t-shirt,cotton,cotton,"{\"cotton\": 100.0}",100.0,92.0,high,philippine,PH,NCR,Mandaluyong,Wack-Wack Greenhills,14.593140219233302,121.017245945995400,"Wack-Wack Greenhills, Mandaluyong, NCR, Philippines",0.6855,0.118,accept,2,2026-04-23T20:08:38.028898,2026-04-23T20:09:20.894Z
39,12,39,forme,dress,polyester,polyester,"{\"polyester\": 39.0, \"viscose\": 31.0, \"cotton\": 28.0, \"elastane\": 2.0}",59.0,51.28,medium,philippine,PH,NCR,Mandaluyong,Wack-Wack Greenhills,14.593140219233302,121.017245945995400,"Wack-Wack Greenhills, Mandaluyong, NCR, Philippines",0.6855,0.453,conditional,1,2026-04-23T20:08:38.028898,2026-04-23T20:09:20.894Z
40,12,40,coastal bloom,top,viscose,viscose,"{\"viscose\": 50.0, \"linen\": 50.0}",100.0,83.5,high,international,GLOBAL,NCR,Mandaluyong,Wack-Wack Greenhills,14.593140219233302,121.017245945995400,"Wack-Wack Greenhills, Mandaluyong, NCR, Philippines",0.6855,0.358,accept,2,2026-04-23T20:08:38.028898,2026-04-23T20:09:20.894Z
41,13,41,old navy,dress,cotton,cotton,"{\"cotton\": 53.0, \"rayon\": 47.0}",100.0,82.6,high,philippine,PH,NCR,Caloocan,Bagong Silang,14.651396738755170,120.954999105135670,"Bagong Silang, Caloocan, NCR, Philippines",0.8179,0.356,accept,2,2026-04-23T20:08:38.033986,2026-04-23T20:09:20.894Z
42,13,42,gymshark,top,cotton,cotton,"{\"cotton\": 95.0, \"elastane\": 5.0}",95.0,87.6,high,international,GLOBAL,NCR,Caloocan,Bagong Silang,14.651396738755170,120.954999105135670,"Bagong Silang, Caloocan, NCR, Philippines",0.8179,0.321,accept,2,2026-04-23T20:08:38.033986,2026-04-23T20:09:20.894Z
43,13,43,gymshark,top,cotton,cotton,"{\"cotton\": 100.0}",100.0,92.0,high,international,GLOBAL,NCR,Caloocan,Bagong Silang,14.651396738755170,120.954999105135670,"Bagong Silang, Caloocan, NCR, Philippines",0.8179,0.286,accept,2,2026-04-23T20:08:38.033986,2026-04-23T20:09:20.894Z
44,13,44,levi's,t-shirt,cotton,cotton,"{\"cotton\": 100.0}",100.0,92.0,high,philippine,PH,NCR,Caloocan,Bagong Silang,14.651396738755170,120.954999105135670,"Bagong Silang, Caloocan, NCR, Philippines",0.8179,0.226,accept,2,2026-04-23T20:08:38.033986,2026-04-23T20:09:20.894Z
45,14,45,patton studio,polo,polyester,polyester,"{\"polyester\": 100.0}",0.0,8.0,low,philippine,PH,NCR,Mandaluyong,Wack-Wack Greenhills,14.556821695965805,121.014797595106030,"Wack-Wack Greenhills, Mandaluyong, NCR, Philippines",0.6601,0.559,decline,0,2026-04-23T20:08:38.035447,2026-04-23T20:09:20.894Z
46,14,46,just g,shirt,polyester,polyester,"{\"polyester\": 98.0, \"elastane\": 2.0}",0.0,7.92,low,philippine,PH,NCR,Mandaluyong,Wack-Wack Greenhills,14.556821695965805,121.014797595106030,"Wack-Wack Greenhills, Mandaluyong, NCR, Philippines",0.6601,0.29,decline,0,2026-04-23T20:08:38.035447,2026-04-23T20:09:20.894Z
47,14,47,levi's,t-shirt,cotton,cotton,"{\"cotton\": 100.0}",100.0,92.0,high,philippine,PH,NCR,Mandaluyong,Wack-Wack Greenhills,14.556821695965805,121.014797595106030,"Wack-Wack Greenhills, Mandaluyong, NCR, Philippines",0.6601,0.153,accept,2,2026-04-23T20:08:38.035447,2026-04-23T20:09:20.894Z
48,14,48,levi's,shirt,cotton,cotton,"{\"cotton\": 100.0}",100.0,92.0,high,philippine,PH,NCR,Mandaluyong,Wack-Wack Greenhills,14.556821695965805,121.014797595106030,"Wack-Wack Greenhills, Mandaluyong, NCR, Philippines",0.6601,0.344,accept,2,2026-04-23T20:08:38.035447,2026-04-23T20:09:20.894Z
49,15,49,forme,t-shirt,cotton,cotton,"{\"cotton\": 95.0, \"elastane\": 5.0}",95.0,87.6,high,philippine,PH,NCR,Pateros,San Pedro,14.555600009457951,121.064602075107190,"San Pedro, Pateros, NCR, Philippines",0.5418,0.119,accept,2,2026-04-23T20:08:38.041620,2026-04-23T20:09:20.894Z
50,15,50,forme,t-shirt,cotton,cotton,"{\"cotton\": 60.0, \"polyester\": 40.0}",60.0,58.4,medium,philippine,PH,NCR,Pateros,San Pedro,14.555600009457951,121.064602075107190,"San Pedro, Pateros, NCR, Philippines",0.5418,0.281,conditional,1,2026-04-23T20:08:38.041620,2026-04-23T20:09:20.894Z
51,16,51,gaui,top,rayon,rayon,"{\"rayon\": 94.0, \"elastane\": 6.0}",94.0,67.92,medium,philippine,PH,NCR,Marikina,Concepcion Uno,14.618226568239761,121.089651931207530,"Concepcion Uno, Marikina, NCR, Philippines",0.6895,0.23,conditional,1,2026-04-23T20:08:38.045287,2026-04-23T20:09:20.894Z
52,17,52,regatta,t-shirt,cotton,cotton,"{\"cotton\": 60.0, \"polyester\": 40.0}",60.0,58.4,medium,philippine,PH,NCR,San Juan,Greenhills,14.617362276491761,121.040920047797540,"Greenhills, San Juan, NCR, Philippines",0.5893,0.225,conditional,1,2026-04-23T20:08:38.049117,2026-04-23T20:09:20.894Z
53,17,53,just g,dress,polyester,polyester,"{\"polyester\": 100.0}",0.0,8.0,low,philippine,PH,NCR,San Juan,Greenhills,14.617362276491761,121.040920047797540,"Greenhills, San Juan, NCR, Philippines",0.5893,0.404,decline,0,2026-04-23T20:08:38.049117,2026-04-23T20:09:20.894Z
54,17,54,memo,shirt,cotton,cotton,"{\"cotton\": 100.0}",100.0,92.0,high,philippine,PH,NCR,San Juan,Greenhills,14.617362276491761,121.040920047797540,"Greenhills, San Juan, NCR, Philippines",0.5893,0.28,accept,2,2026-04-23T20:08:38.049117,2026-04-23T20:09:20.894Z
55,18,55,oxgn,shirt,cotton,cotton,"{\"cotton\": 97.0, \"elastane\": 3.0}",97.0,89.36,high,philippine,PH,NCR,Quezon City,Diliman,14.646844970108530,121.025706108693100,"Diliman, Quezon City, NCR, Philippines",0.9344,0.216,accept,2,2026-04-23T20:08:38.050394,2026-04-23T20:09:20.894Z
56,18,56,forme,t-shirt,cotton,cotton,"{\"cotton\": 60.0, \"polyester\": 40.0}",60.0,58.4,medium,philippine,PH,NCR,Quezon City,Diliman,14.646844970108530,121.025706108693100,"Diliman, Quezon City, NCR, Philippines",0.9344,0.129,conditional,1,2026-04-23T20:08:38.050394,2026-04-23T20:09:20.894Z
57,18,57,oxgn,shirt,cotton,cotton,"{\"cotton\": 50.0, \"polyester\": 50.0}",50.0,50.0,medium,philippine,PH,NCR,Quezon City,Diliman,14.646844970108530,121.025706108693100,"Diliman, Quezon City, NCR, Philippines",0.9344,0.171,conditional,1,2026-04-23T20:08:38.050394,2026-04-23T20:09:20.894Z
58,18,58,forme,top,rayon,rayon,"{\"rayon\": 67.0, \"cotton\": 30.0, \"nylon\": 3.0}",97.0,76.2,medium,philippine,PH,NCR,Quezon City,Diliman,14.646844970108530,121.025706108693100,"Diliman, Quezon City, NCR, Philippines",0.9344,0.414,accept,2,2026-04-23T20:08:38.050394,2026-04-23T20:09:20.894Z
59,19,59,patton studio,shirt,cotton,cotton,"{\"cotton\": 65.0, \"polyester\": 35.0}",65.0,62.6,medium,philippine,PH,NCR,Caloocan,Bagong Silang,14.672600505918840,120.976436556985020,"Bagong Silang, Caloocan, NCR, Philippines",0.7449,0.268,conditional,1,2026-04-23T20:08:38.054009,2026-04-23T20:09:20.894Z
60,19,60,regatta,dress,cotton,cotton,"{\"cotton\": 100.0}",100.0,92.0,high,philippine,PH,NCR,Caloocan,Bagong Silang,14.672600505918840,120.976436556985020,"Bagong Silang, Caloocan, NCR, Philippines",0.7449,0.208,accept,2,2026-04-23T20:08:38.054009,2026-04-23T20:09:20.894Z
61,19,61,old navy,top,nylon,nylon,"{\"nylon\": 84.0, \"elastane\": 16.0}",0.0,10.72,low,philippine,PH,NCR,Caloocan,Bagong Silang,14.672600505918840,120.976436556985020,"Bagong Silang, Caloocan, NCR, Philippines",0.7449,0.581,decline,0,2026-04-23T20:08:38.054009,2026-04-23T20:09:20.894Z
62,19,62,phoebe philo,shirt,wool,wool,"{\"wool\": 100.0}",100.0,74.0,medium,international,GLOBAL,NCR,Caloocan,Bagong Silang,14.672600505918840,120.976436556985020,"Bagong Silang, Caloocan, NCR, Philippines",0.7449,0.246,conditional,1,2026-04-23T20:08:38.054009,2026-04-23T20:09:20.894Z
63,20,63,oxgn,t-shirt,polyester,polyester,"{\"polyester\": 65.0, \"cotton\": 35.0}",35.0,37.4,low,philippine,PH,NCR,Pateros,San Pedro,14.523891999996122,121.066466916541900,"San Pedro, Pateros, NCR, Philippines",0.6666,0.288,decline,0,2026-04-23T20:08:38.055420,2026-04-23T20:09:20.894Z
64,20,64,made by fade,t-shirt,cotton,cotton,"{\"cotton\": 95.0, \"elastane\": 5.0}",95.0,87.6,high,philippine,PH,NCR,Pateros,San Pedro,14.523891999996122,121.066466916541900,"San Pedro, Pateros, NCR, Philippines",0.6666,0.214,accept,2,2026-04-23T20:08:38.055420,2026-04-23T20:09:20.894Z
65,20,65,just g,knitwear,cotton,cotton,"{\"cotton\": 100.0}",100.0,92.0,high,philippine,PH,NCR,Pateros,San Pedro,14.523891999996122,121.066466916541900,"San Pedro, Pateros, NCR, Philippines",0.6666,0.363,accept,2,2026-04-23T20:08:38.055420,2026-04-23T20:09:20.894Z
66,21,66,levi's,shirt,cotton,cotton,"{\"cotton\": 100.0}",100.0,92.0,high,philippine,PH,NCR,Makati,Bel-Air,14.548373349867127,121.022156220123580,"Bel-Air, Makati, NCR, Philippines",0.6955,0.154,accept,2,2026-04-23T20:08:38.056335,2026-04-23T20:09:20.894Z
67,21,67,forme,dress,rayon,rayon,"{\"rayon\": 85.0, \"tencel\": 9.0, \"nylon\": 6.0}",94.0,70.11,medium,philippine,PH,NCR,Makati,Bel-Air,14.548373349867127,121.022156220123580,"Bel-Air, Makati, NCR, Philippines",0.6955,0.489,conditional,1,2026-04-23T20:08:38.056335,2026-04-23T20:09:20.894Z
68,21,68,forme,shirt,rayon,rayon,"{\"rayon\": 75.0, \"nylon\": 25.0}",75.0,57.0,medium,philippine,PH,NCR,Makati,Bel-Air,14.548373349867127,121.022156220123580,"Bel-Air, Makati, NCR, Philippines",0.6955,0.329,conditional,1,2026-04-23T20:08:38.056335,2026-04-23T20:09:20.894Z
69,21,69,oxgn,t-shirt,polyester,polyester,"{\"polyester\": 65.0, \"cotton\": 35.0}",35.0,37.4,low,philippine,PH,NCR,Makati,Bel-Air,14.548373349867127,121.022156220123580,"Bel-Air, Makati, NCR, Philippines",0.6955,0.128,decline,0,2026-04-23T20:08:38.056335,2026-04-23T20:09:20.894Z
70,21,70,guess,blazer,polyester,polyester,"{\"polyester\": 100.0}",0.0,8.0,low,philippine,PH,NCR,Makati,Bel-Air,14.548373349867127,121.022156220123580,"Bel-Air, Makati, NCR, Philippines",0.6955,0.399,decline,0,2026-04-23T20:08:38.056335,2026-04-23T20:09:20.894Z
71,22,71,gymshark,top,nylon,nylon,"{\"nylon\": 89.0, \"elastane\": 11.0}",0.0,11.12,low,international,GLOBAL,NCR,Quezon City,Diliman,14.659666604651990,121.037687089191960,"Diliman, Quezon City, NCR, Philippines",0.8912,0.477,decline,0,2026-04-23T20:08:38.061048,2026-04-23T20:09:20.894Z
72,22,72,regatta,polo,viscose,viscose,"{\"viscose\": 50.0, \"polyester\": 27.0, \"nylon\": 23.0}",50.0,40.92,low,philippine,PH,NCR,Quezon City,Diliman,14.659666604651990,121.037687089191960,"Diliman, Quezon City, NCR, Philippines",0.8912,0.496,conditional,1,2026-04-23T20:08:38.061048,2026-04-23T20:09:20.894Z
73,23,73,gymshark,t-shirt,nylon,nylon,"{\"nylon\": 90.0, \"elastane\": 10.0}",0.0,11.2,low,international,GLOBAL,NCR,Quezon City,Diliman,14.671855192256881,121.035136099544740,"Diliman, Quezon City, NCR, Philippines",0.8414,0.211,decline,0,2026-04-23T20:08:38.061825,2026-04-23T20:09:20.894Z
74,23,74,oxgn,t-shirt,cotton,cotton,"{\"cotton\": 90.0, \"elastane\": 10.0}",90.0,83.2,high,philippine,PH,NCR,Quezon City,Diliman,14.671855192256881,121.035136099544740,"Diliman, Quezon City, NCR, Philippines",0.8414,0.174,accept,2,2026-04-23T20:08:38.061825,2026-04-23T20:09:20.894Z
75,24,75,sola,t-shirt,nylon,nylon,"{\"nylon\": 80.0, \"elastane\": 20.0}",0.0,10.4,low,philippine,PH,NCR,San Juan,Greenhills,14.619848873603214,121.020803844641140,"Greenhills, San Juan, NCR, Philippines",0.6173,0.158,decline,0,2026-04-23T20:08:38.064631,2026-04-23T20:09:20.894Z
76,24,76,gq,knitwear,cotton,cotton,"{\"cotton\": 100.0}",100.0,92.0,high,philippine,PH,NCR,San Juan,Greenhills,14.619848873603214,121.020803844641140,"Greenhills, San Juan, NCR, Philippines",0.6173,0.382,accept,2,2026-04-23T20:08:38.064631,2026-04-23T20:09:20.894Z
77,25,77,gymshark,t-shirt,cotton,cotton,"{\"cotton\": 64.0, \"polyester\": 33.0, \"elastane\": 3.0}",64.0,61.64,medium,international,GLOBAL,NCR,Makati,Bel-Air,14.578597078502447,121.004352990879100,"Bel-Air, Makati, NCR, Philippines",0.7018,0.187,conditional,1,2026-04-23T20:08:38.065385,2026-04-23T20:09:20.894Z
78,25,78,gymshark,top,nylon,nylon,"{\"nylon\": 75.0, \"polyester\": 18.0, \"elastane\": 7.0}",0.0,10.72,low,international,GLOBAL,NCR,Makati,Bel-Air,14.578597078502447,121.004352990879100,"Bel-Air, Makati, NCR, Philippines",0.7018,0.597,decline,0,2026-04-23T20:08:38.065385,2026-04-23T20:09:20.894Z
79,25,79,just g,pants,cotton,cotton,"{\"cotton\": 100.0}",100.0,92.0,high,philippine,PH,NCR,Makati,Bel-Air,14.578597078502447,121.004352990879100,"Bel-Air, Makati, NCR, Philippines",0.7018,0.662,accept,2,2026-04-23T20:08:38.065385,2026-04-23T20:09:20.894Z
80,25,80,phoebe philo,jacket,linen,linen,"{\"linen\": 100.0}",100.0,95.0,high,international,GLOBAL,NCR,Makati,Bel-Air,14.578597078502447,121.004352990879100,"Bel-Air, Makati, NCR, Philippines",0.7018,1.274,accept,2,2026-04-23T20:08:38.065385,2026-04-23T20:09:20.894Z
81,25,81,phoebe philo,pants,silk,silk,"{\"silk\": 100.0}",100.0,83.0,high,international,GLOBAL,NCR,Makati,Bel-Air,14.578597078502447,121.004352990879100,"Bel-Air, Makati, NCR, Philippines",0.7018,0.662,accept,2,2026-04-23T20:08:38.065385,2026-04-23T20:09:20.894Z
82,26,82,tropa store,dress,viscose,viscose,"{\"viscose\": 95.0, \"elastane\": 5.0}",95.0,68.6,medium,philippine,PH,NCR,Taguig,Bonifacio Global City,14.527996718019322,121.065290652591540,"Bonifacio Global City, Taguig, NCR, Philippines",0.6288,0.432,conditional,1,2026-04-23T20:08:38.068788,2026-04-23T20:09:20.894Z
83,26,83,gaui,top,cotton,cotton,"{\"cotton\": 93.0, \"elastane\": 7.0}",93.0,85.84,high,philippine,PH,NCR,Taguig,Bonifacio Global City,14.527996718019322,121.065290652591540,"Bonifacio Global City, Taguig, NCR, Philippines",0.6288,0.318,accept,2,2026-04-23T20:08:38.068788,2026-04-23T20:09:20.894Z
84,27,84,memo,shirt,cotton,cotton,"{\"cotton\": 55.0, \"polyester\": 45.0}",55.0,54.2,medium,philippine,PH,NCR,Quezon City,Diliman,14.663394080567452,121.036748425796150,"Diliman, Quezon City, NCR, Philippines",0.831,0.198,conditional,1,2026-04-23T20:08:38.069534,2026-04-23T20:09:20.894Z
85,27,85,levi's,knitwear,cotton,cotton,"{\"cotton\": 100.0}",100.0,92.0,high,philippine,PH,NCR,Quezon City,Diliman,14.663394080567452,121.036748425796150,"Diliman, Quezon City, NCR, Philippines",0.831,0.205,accept,2,2026-04-23T20:08:38.069534,2026-04-23T20:09:20.894Z
86,27,86,coastal bloom,top,linen,linen,"{\"linen\": 100.0}",100.0,95.0,high,international,GLOBAL,NCR,Quezon City,Diliman,14.663394080567452,121.036748425796150,"Diliman, Quezon City, NCR, Philippines",0.831,0.524,accept,2,2026-04-23T20:08:38.069534,2026-04-23T20:09:20.894Z
87,27,87,coastal bloom,hoodie,cotton,cotton,"{\"cotton\": 82.0, \"elastane\": 18.0}",82.0,76.16,medium,international,GLOBAL,NCR,Quezon City,Diliman,14.663394080567452,121.036748425796150,"Diliman, Quezon City, NCR, Philippines",0.831,0.219,accept,2,2026-04-23T20:08:38.069534,2026-04-23T20:09:20.894Z
88,27,88,bench,jacket,polyester,polyester,"{\"cotton\": 25.0, \"polyester\": 75.0}",25.0,29.0,low,philippine,PH,NCR,Quezon City,Diliman,14.663394080567452,121.036748425796150,"Diliman, Quezon City, NCR, Philippines",0.831,0.761,decline,0,2026-04-23T20:08:38.069534,2026-04-23T20:09:20.894Z
89,28,89,levi's,shirt,cotton,cotton,"{\"cotton\": 55.0, \"viscose\": 45.0}",100.0,83.0,high,philippine,PH,NCR,Parañaque,BF Homes,14.519539702041873,120.976354433285720,"BF Homes, Parañaque, NCR, Philippines",0.6342,0.305,accept,2,2026-04-23T20:08:38.072971,2026-04-23T20:09:20.894Z
90,28,90,no emotions,top,polyester,polyester,"{\"polyester\": 100.0}",0.0,8.0,low,philippine,PH,NCR,Parañaque,BF Homes,14.519539702041873,120.976354433285720,"BF Homes, Parañaque, NCR, Philippines",0.6342,0.587,decline,0,2026-04-23T20:08:38.072971,2026-04-23T20:09:20.894Z
91,29,91,gymshark,activewear,nylon,nylon,"{\"nylon\": 79.0, \"polyester\": 14.0, \"elastane\": 7.0}",0.0,10.88,low,international,GLOBAL,NCR,Muntinlupa,Alabang,14.371458275127564,121.020606914385410,"Alabang, Muntinlupa, NCR, Philippines",0.6563,0.209,decline,0,2026-04-23T20:08:38.075961,2026-04-23T20:09:20.894Z
92,29,92,old navy,knitwear,cotton,cotton,"{\"cotton\": 58.0, \"polyester\": 38.0, \"elastane\": 4.0}",58.0,56.56,medium,philippine,PH,NCR,Muntinlupa,Alabang,14.371458275127564,121.020606914385410,"Alabang, Muntinlupa, NCR, Philippines",0.6563,0.455,conditional,1,2026-04-23T20:08:38.075961,2026-04-23T20:09:20.894Z
93,29,93,forme,jeans,cotton,cotton,"{\"cotton\": 84.0, \"polyester\": 16.0}",84.0,78.56,medium,philippine,PH,NCR,Muntinlupa,Alabang,14.371458275127564,121.020606914385410,"Alabang, Muntinlupa, NCR, Philippines",0.6563,0.549,accept,2,2026-04-23T20:08:38.075961,2026-04-23T20:09:20.894Z
94,30,94,gaui,t-shirt,polyester,polyester,"{\"polyester\": 95.0, \"elastane\": 5.0}",0.0,7.8,low,philippine,PH,NCR,Muntinlupa,Alabang,14.398976521782146,121.048965930461040,"Alabang, Muntinlupa, NCR, Philippines",0.5649,0.261,decline,0,2026-04-23T20:08:38.076985,2026-04-23T20:09:20.894Z
95,30,95,gymshark,top,nylon,nylon,"{\"nylon\": 100.0}",0.0,12.0,low,international,GLOBAL,NCR,Muntinlupa,Alabang,14.398976521782146,121.048965930461040,"Alabang, Muntinlupa, NCR, Philippines",0.5649,0.472,decline,0,2026-04-23T20:08:38.076985,2026-04-23T20:09:20.894Z
96,31,96,oxgn,dress,cotton,cotton,"{\"cotton\": 70.0, \"polyester\": 28.0, \"elastane\": 2.0}",70.0,66.72,medium,philippine,PH,NCR,Pasig,Kapitolyo,14.542069487577866,121.057621990182530,"Kapitolyo, Pasig, NCR, Philippines",0.7095,0.339,conditional,1,2026-04-23T20:08:38.077753,2026-04-23T20:09:20.894Z
97,32,97,coastal bloom,hoodie,cotton,cotton,"{\"cotton\": 60.0, \"polyester\": 40.0}",60.0,58.4,medium,international,GLOBAL,NCR,Malabon,Acacia,14.657279602267575,120.959269310638180,"Acacia, Malabon, NCR, Philippines",0.8335,0.279,conditional,1,2026-04-23T20:08:38.080388,2026-04-23T20:09:20.894Z
98,32,98,old navy,top,cotton,cotton,"{\"cotton\": 100.0}",100.0,92.0,high,philippine,PH,NCR,Malabon,Acacia,14.657279602267575,120.959269310638180,"Acacia, Malabon, NCR, Philippines",0.8335,0.566,accept,2,2026-04-23T20:08:38.080388,2026-04-23T20:09:20.894Z
99,32,99,forme,pants,cotton,cotton,"{\"cotton\": 100.0}",100.0,92.0,high,philippine,PH,NCR,Malabon,Acacia,14.657279602267575,120.959269310638180,"Acacia, Malabon, NCR, Philippines",0.8335,0.359,accept,2,2026-04-23T20:08:38.080388,2026-04-23T20:09:20.894Z
100,32,100,guess,top,polyester,polyester,"{\"polyester\": 58.0, \"viscose\": 42.0}",42.0,34.88,low,philippine,PH,NCR,Malabon,Acacia,14.657279602267575,120.959269310638180,"Acacia, Malabon, NCR, Philippines",0.8335,0.4,conditional,1,2026-04-23T20:08:38.080388,2026-04-23T20:09:20.894Z
101,32,101,coastal bloom,dress,linen,linen,"{\"linen\": 100.0}",100.0,95.0,high,international,GLOBAL,NCR,Malabon,Acacia,14.657279602267575,120.959269310638180,"Acacia, Malabon, NCR, Philippines",0.8335,0.422,accept,2,2026-04-23T20:08:38.080388,2026-04-23T20:09:20.894Z
102,33,102,phoebe philo,dress,silk,silk,"{\"silk\": 93.0, \"elastane\": 7.0}",93.0,77.47,medium,international,GLOBAL,NCR,Quezon City,Diliman,14.633071579853196,121.044581115965830,"Diliman, Quezon City, NCR, Philippines",0.9807,0.409,accept,2,2026-04-23T20:08:38.081751,2026-04-23T20:09:20.894Z
103,33,103,oxgn,shirt,cotton,cotton,"{\"cotton\": 97.0, \"elastane\": 3.0}",97.0,89.36,high,philippine,PH,NCR,Quezon City,Diliman,14.633071579853196,121.044581115965830,"Diliman, Quezon City, NCR, Philippines",0.9807,0.337,accept,2,2026-04-23T20:08:38.081751,2026-04-23T20:09:20.894Z
104,33,104,phoebe philo,jacket,cotton,cotton,"{\"cotton\": 100.0}",100.0,92.0,high,international,GLOBAL,NCR,Quezon City,Diliman,14.633071579853196,121.044581115965830,"Diliman, Quezon City, NCR, Philippines",0.9807,1.324,accept,2,2026-04-23T20:08:38.081751,2026-04-23T20:09:20.894Z
105,33,105,memo,polo,viscose,viscose,"{\"viscose\": 100.0}",100.0,72.0,medium,philippine,PH,NCR,Quezon City,Diliman,14.633071579853196,121.044581115965830,"Diliman, Quezon City, NCR, Philippines",0.9807,0.36,conditional,1,2026-04-23T20:08:38.081751,2026-04-23T20:09:20.894Z
106,33,106,gymshark,t-shirt,polyester,polyester,"{\"polyester\": 78.0, \"elastane\": 22.0}",0.0,7.12,low,international,GLOBAL,NCR,Quezon City,Diliman,14.633071579853196,121.044581115965830,"Diliman, Quezon City, NCR, Philippines",0.9807,0.257,decline,0,2026-04-23T20:08:38.081751,2026-04-23T20:09:20.894Z
107,34,107,made by fade,jeans,cotton,cotton,"{\"cotton\": 98.0, \"elastane\": 2.0}",98.0,90.24,high,philippine,PH,NCR,Manila,Ermita,14.570906399838288,120.996833530744130,"Ermita, Manila, NCR, Philippines",0.9238,0.593,accept,2,2026-04-23T20:08:38.085172,2026-04-23T20:09:20.894Z
108,34,108,coastal bloom,top,cotton,cotton,"{\"cotton\": 88.0, \"polyester\": 12.0}",88.0,81.92,high,international,GLOBAL,NCR,Manila,Ermita,14.570906399838288,120.996833530744130,"Ermita, Manila, NCR, Philippines",0.9238,0.389,accept,2,2026-04-23T20:08:38.085172,2026-04-23T20:09:20.894Z
109,34,109,old navy,knitwear,cotton,cotton,"{\"cotton\": 92.0, \"elastane\": 8.0}",92.0,84.96,high,philippine,PH,NCR,Manila,Ermita,14.570906399838288,120.996833530744130,"Ermita, Manila, NCR, Philippines",0.9238,0.423,accept,2,2026-04-23T20:08:38.085172,2026-04-23T20:09:20.894Z
110,34,110,old navy,underwear,nylon,nylon,"{\"nylon\": 100.0}",0.0,12.0,low,philippine,PH,NCR,Manila,Ermita,14.570906399838288,120.996833530744130,"Ermita, Manila, NCR, Philippines",0.9238,0.54,decline,0,2026-04-23T20:08:38.085172,2026-04-23T20:09:20.894Z
111,34,111,regatta,skirt,cotton,cotton,"{\"cotton\": 98.0, \"elastane\": 2.0}",98.0,90.24,high,philippine,PH,NCR,Manila,Ermita,14.570906399838288,120.996833530744130,"Ermita, Manila, NCR, Philippines",0.9238,0.331,accept,2,2026-04-23T20:08:38.085172,2026-04-23T20:09:20.894Z
112,35,112,coastal bloom,t-shirt,cotton,cotton,"{\"cotton\": 100.0}",100.0,92.0,high,international,GLOBAL,NCR,Marikina,Concepcion Uno,14.626817602170359,121.095648204318680,"Concepcion Uno, Marikina, NCR, Philippines",0.6762,0.273,accept,2,2026-04-23T20:08:38.088607,2026-04-23T20:09:20.894Z
113,35,113,just g,skirt,cotton,cotton,"{\"cotton\": 100.0}",100.0,92.0,high,philippine,PH,NCR,Marikina,Concepcion Uno,14.626817602170359,121.095648204318680,"Concepcion Uno, Marikina, NCR, Philippines",0.6762,0.286,accept,2,2026-04-23T20:08:38.088607,2026-04-23T20:09:20.894Z
114,36,114,gymshark,t-shirt,polyester,polyester,"{\"polyester\": 100.0}",0.0,8.0,low,international,GLOBAL,NCR,Makati,Bel-Air,14.543628018149878,121.033423314012170,"Bel-Air, Makati, NCR, Philippines",0.7935,0.121,decline,0,2026-04-23T20:08:38.089409,2026-04-23T20:09:20.894Z
115,36,115,patton studio,knitwear,cotton,cotton,"{\"cotton\": 65.0, \"polyester\": 35.0}",65.0,62.6,medium,philippine,PH,NCR,Makati,Bel-Air,14.543628018149878,121.033423314012170,"Bel-Air, Makati, NCR, Philippines",0.7935,0.18,conditional,1,2026-04-23T20:08:38.089409,2026-04-23T20:09:20.894Z
116,36,116,regatta,t-shirt,cotton,cotton,"{\"cotton\": 60.0, \"polyester\": 40.0}",60.0,58.4,medium,philippine,PH,NCR,Makati,Bel-Air,14.543628018149878,121.033423314012170,"Bel-Air, Makati, NCR, Philippines",0.7935,0.219,conditional,1,2026-04-23T20:08:38.089409,2026-04-23T20:09:20.894Z
117,37,117,adored vintage,top,cotton,cotton,"{\"cotton\": 100.0}",100.0,92.0,high,international,GLOBAL,NCR,Caloocan,Bagong Silang,14.667577709522817,120.962900233696200,"Bagong Silang, Caloocan, NCR, Philippines",0.7902,0.564,accept,2,2026-04-23T20:08:38.092438,2026-04-23T20:09:20.894Z
118,37,118,levi's,jeans,cotton,cotton,"{\"cotton\": 80.0, \"polyester\": 19.0, \"elastane\": 1.0}",80.0,75.16,medium,philippine,PH,NCR,Caloocan,Bagong Silang,14.667577709522817,120.962900233696200,"Bagong Silang, Caloocan, NCR, Philippines",0.7902,0.566,accept,2,2026-04-23T20:08:38.092438,2026-04-23T20:09:20.894Z
119,38,119,forme,dress,viscose,viscose,"{\"viscose\": 55.0, \"linen\": 30.0, \"polyester\": 15.0}",85.0,69.3,medium,philippine,PH,NCR,Makati,Bel-Air,14.539475569759603,121.001897103183270,"Bel-Air, Makati, NCR, Philippines",0.7105,0.219,conditional,1,2026-04-23T20:08:38.093169,2026-04-23T20:09:20.894Z
120,39,120,phoebe philo,skirt,silk,silk,"{\"silk\": 93.0, \"elastane\": 7.0}",93.0,77.47,medium,international,GLOBAL,NCR,Caloocan,Bagong Silang,14.629013596631360,120.976940690805550,"Bagong Silang, Caloocan, NCR, Philippines",0.8405,0.268,accept,2,2026-04-23T20:08:38.093681,2026-04-23T20:09:20.894Z
121,40,121,memo,t-shirt,polyester,polyester,"{\"polyester\": 100.0}",0.0,8.0,low,philippine,PH,NCR,Malabon,Acacia,14.658076711851110,120.969876347111720,"Acacia, Malabon, NCR, Philippines",0.7511,0.109,decline,0,2026-04-23T20:08:38.096297,2026-04-23T20:09:20.894Z
122,40,122,world balance,t-shirt,nylon,nylon,"{\"nylon\": 58.0, \"polyester\": 42.0}",0.0,10.32,low,philippine,PH,NCR,Malabon,Acacia,14.658076711851110,120.969876347111720,"Acacia, Malabon, NCR, Philippines",0.7511,0.136,decline,0,2026-04-23T20:08:38.096297,2026-04-23T20:09:20.894Z
123,40,123,levi's,polo,cotton,cotton,"{\"cotton\": 100.0}",100.0,92.0,high,philippine,PH,NCR,Malabon,Acacia,14.658076711851110,120.969876347111720,"Acacia, Malabon, NCR, Philippines",0.7511,0.257,accept,2,2026-04-23T20:08:38.096297,2026-04-23T20:09:20.894Z
124,40,124,coastal bloom,dress,viscose,viscose,"{\"viscose\": 100.0}",100.0,72.0,medium,international,GLOBAL,NCR,Malabon,Acacia,14.658076711851110,120.969876347111720,"Acacia, Malabon, NCR, Philippines",0.7511,0.287,conditional,1,2026-04-23T20:08:38.096297,2026-04-23T20:09:20.894Z
125,40,125,regatta,jeans,cotton,cotton,"{\"cotton\": 100.0}",100.0,92.0,high,philippine,PH,NCR,Malabon,Acacia,14.658076711851110,120.969876347111720,"Acacia, Malabon, NCR, Philippines",0.7511,0.728,accept,2,2026-04-23T20:08:38.096297,2026-04-23T20:09:20.894Z
126,41,126,forme,pants,polyester,polyester,"{\"polyester\": 95.0, \"elastane\": 5.0}",0.0,7.8,low,philippine,PH,NCR,Marikina,Concepcion Uno,14.610571105996380,121.093034806922970,"Concepcion Uno, Marikina, NCR, Philippines",0.6904,0.386,decline,0,2026-04-23T20:08:38.097526,2026-04-23T20:09:20.894Z
127,41,127,old navy,t-shirt,cotton,cotton,"{\"cotton\": 100.0}",100.0,92.0,high,philippine,PH,NCR,Marikina,Concepcion Uno,14.610571105996380,121.093034806922970,"Concepcion Uno, Marikina, NCR, Philippines",0.6904,0.267,accept,2,2026-04-23T20:08:38.097526,2026-04-23T20:09:20.894Z
128,41,128,gaui,top,polyester,polyester,"{\"polyester\": 95.0, \"elastane\": 5.0}",0.0,7.8,low,philippine,PH,NCR,Marikina,Concepcion Uno,14.610571105996380,121.093034806922970,"Concepcion Uno, Marikina, NCR, Philippines",0.6904,0.173,decline,0,2026-04-23T20:08:38.097526,2026-04-23T20:09:20.894Z
129,41,129,apara studio,pants,cotton,cotton,"{\"cotton\": 100.0}",100.0,92.0,high,international,GLOBAL,NCR,Marikina,Concepcion Uno,14.610571105996380,121.093034806922970,"Concepcion Uno, Marikina, NCR, Philippines",0.6904,0.674,accept,2,2026-04-23T20:08:38.097526,2026-04-23T20:09:20.894Z
130,41,130,no emotions,dress,cotton,cotton,"{\"cotton\": 97.0, \"elastane\": 3.0}",97.0,89.36,high,philippine,PH,NCR,Marikina,Concepcion Uno,14.610571105996380,121.093034806922970,"Concepcion Uno, Marikina, NCR, Philippines",0.6904,0.235,accept,2,2026-04-23T20:08:38.097526,2026-04-23T20:09:20.894Z
131,42,131,forme,top,rayon,rayon,"{\"rayon\": 85.0, \"tencel\": 9.0, \"nylon\": 6.0}",94.0,70.11,medium,philippine,PH,NCR,San Juan,Greenhills,14.624568957196380,121.053925434029320,"Greenhills, San Juan, NCR, Philippines",0.5611,0.501,conditional,1,2026-04-23T20:08:38.100923,2026-04-23T20:09:20.894Z
132,42,132,coastal bloom,top,polyester,polyester,"{\"polyester\": 90.0, \"cotton\": 10.0}",10.0,16.4,low,international,GLOBAL,NCR,San Juan,Greenhills,14.624568957196380,121.053925434029320,"Greenhills, San Juan, NCR, Philippines",0.5611,0.439,decline,0,2026-04-23T20:08:38.100923,2026-04-23T20:09:20.894Z
133,42,133,gymshark,top,nylon,nylon,"{\"nylon\": 96.0, \"elastane\": 4.0}",0.0,11.68,low,international,GLOBAL,NCR,San Juan,Greenhills,14.624568957196380,121.053925434029320,"Greenhills, San Juan, NCR, Philippines",0.5611,0.501,decline,0,2026-04-23T20:08:38.100923,2026-04-23T20:09:20.894Z
134,42,134,regatta,knitwear,viscose,viscose,"{\"viscose\": 100.0}",100.0,72.0,medium,philippine,PH,NCR,San Juan,Greenhills,14.624568957196380,121.053925434029320,"Greenhills, San Juan, NCR, Philippines",0.5611,0.211,conditional,1,2026-04-23T20:08:38.100923,2026-04-23T20:09:20.894Z
135,42,135,forme,knitwear,viscose,viscose,"{\"viscose\": 100.0}",100.0,72.0,medium,philippine,PH,NCR,San Juan,Greenhills,14.624568957196380,121.053925434029320,"Greenhills, San Juan, NCR, Philippines",0.5611,0.391,conditional,1,2026-04-23T20:08:38.100923,2026-04-23T20:09:20.894Z
136,43,136,forme,t-shirt,cotton,cotton,"{\"cotton\": 100.0}",100.0,92.0,high,philippine,PH,NCR,Muntinlupa,Alabang,14.407142007206130,121.043050068279670,"Alabang, Muntinlupa, NCR, Philippines",0.5905,0.228,accept,2,2026-04-23T20:08:38.104259,2026-04-23T20:09:20.894Z
137,43,137,tropa store,top,bamboo,bamboo,"{\"bamboo\": 95.0, \"elastane\": 5.0}",95.0,69.55,medium,philippine,PH,NCR,Muntinlupa,Alabang,14.407142007206130,121.043050068279670,"Alabang, Muntinlupa, NCR, Philippines",0.5905,0.27,conditional,1,2026-04-23T20:08:38.104259,2026-04-23T20:09:20.894Z
138,44,138,regatta,knitwear,viscose,viscose,"{\"viscose\": 100.0}",100.0,72.0,medium,philippine,PH,NCR,Caloocan,Bagong Silang,14.650238363701188,120.968227968429740,"Bagong Silang, Caloocan, NCR, Philippines",0.8691,0.315,conditional,1,2026-04-23T20:08:38.105114,2026-04-23T20:09:20.894Z
139,45,139,coastal bloom,hoodie,viscose,viscose,"{\"viscose\": 70.0, \"nylon\": 30.0}",70.0,54.0,medium,international,GLOBAL,NCR,Mandaluyong,Wack-Wack Greenhills,14.568813978220629,121.027870503986350,"Wack-Wack Greenhills, Mandaluyong, NCR, Philippines",0.6579,0.284,conditional,1,2026-04-23T20:08:38.105646,2026-04-23T20:09:20.894Z
140,45,140,just g,pants,cotton,cotton,"{\"cotton\": 90.0, \"linen\": 10.0}",100.0,92.3,high,philippine,PH,NCR,Mandaluyong,Wack-Wack Greenhills,14.568813978220629,121.027870503986350,"Wack-Wack Greenhills, Mandaluyong, NCR, Philippines",0.6579,0.682,accept,2,2026-04-23T20:08:38.105646,2026-04-23T20:09:20.894Z
141,45,141,levi's,skirt,cotton,cotton,"{\"cotton\": 100.0}",100.0,92.0,high,philippine,PH,NCR,Mandaluyong,Wack-Wack Greenhills,14.568813978220629,121.027870503986350,"Wack-Wack Greenhills, Mandaluyong, NCR, Philippines",0.6579,0.425,accept,2,2026-04-23T20:08:38.105646,2026-04-23T20:09:20.894Z
142,46,142,adored vintage,shirt,cotton,cotton,"{\"cotton\": 100.0}",100.0,92.0,high,international,GLOBAL,NCR,Muntinlupa,Alabang,14.380681460250235,121.046681839491500,"Alabang, Muntinlupa, NCR, Philippines",0.6698,0.281,accept,2,2026-04-23T20:08:38.108663,2026-04-23T20:09:20.894Z
143,46,143,no emotions,pants,wool,wool,"{\"wool\": 51.0, \"polyester\": 49.0}",51.0,41.66,low,philippine,PH,NCR,Muntinlupa,Alabang,14.380681460250235,121.046681839491500,"Alabang, Muntinlupa, NCR, Philippines",0.6698,0.632,conditional,1,2026-04-23T20:08:38.108663,2026-04-23T20:09:20.894Z
144,46,144,coastal bloom,dress,tencel,tencel,"{\"tencel\": 85.0, \"cotton\": 10.0, \"polyester\": 5.0}",95.0,86.95,high,international,GLOBAL,NCR,Muntinlupa,Alabang,14.380681460250235,121.046681839491500,"Alabang, Muntinlupa, NCR, Philippines",0.6698,0.386,accept,2,2026-04-23T20:08:38.108663,2026-04-23T20:09:20.894Z
145,46,145,phoebe philo,shorts,viscose,viscose,"{\"viscose\": 100.0}",100.0,72.0,medium,international,GLOBAL,NCR,Muntinlupa,Alabang,14.380681460250235,121.046681839491500,"Alabang, Muntinlupa, NCR, Philippines",0.6698,0.308,conditional,1,2026-04-23T20:08:38.108663,2026-04-23T20:09:20.894Z
146,46,146,apara studio,top,cotton,cotton,"{\"cotton\": 100.0}",100.0,92.0,high,international,GLOBAL,NCR,Muntinlupa,Alabang,14.380681460250235,121.046681839491500,"Alabang, Muntinlupa, NCR, Philippines",0.6698,0.28,accept,2,2026-04-23T20:08:38.108663,2026-04-23T20:09:20.894Z
147,47,147,gaui,top,cotton,cotton,"{\"cotton\": 96.0, \"elastane\": 4.0}",96.0,88.48,high,philippine,PH,NCR,Pasig,Kapitolyo,14.545636829656285,121.086174206440930,"Kapitolyo, Pasig, NCR, Philippines",0.6824,0.426,accept,2,2026-04-23T20:08:38.111307,2026-04-23T20:09:20.894Z
148,48,148,oxgn,dress,polyester,polyester,"{\"polyester\": 100.0}",0.0,8.0,low,philippine,PH,NCR,Quezon City,Diliman,14.662340381413571,121.027850060941180,"Diliman, Quezon City, NCR, Philippines",0.8171,0.248,decline,0,2026-04-23T20:08:38.111930,2026-04-23T20:09:20.894Z
149,48,149,coastal bloom,top,polyester,polyester,"{\"polyester\": 92.0, \"elastane\": 8.0}",0.0,7.68,low,international,GLOBAL,NCR,Quezon City,Diliman,14.662340381413571,121.027850060941180,"Diliman, Quezon City, NCR, Philippines",0.8171,0.581,decline,0,2026-04-23T20:08:38.111930,2026-04-23T20:09:20.894Z
150,48,150,forme,t-shirt,viscose,viscose,"{\"viscose\": 100.0}",100.0,72.0,medium,philippine,PH,NCR,Quezon City,Diliman,14.662340381413571,121.027850060941180,"Diliman, Quezon City, NCR, Philippines",0.8171,0.26,conditional,1,2026-04-23T20:08:38.111930,2026-04-23T20:09:20.894Z
151,48,151,oxgn,shirt,cotton,cotton,"{\"cotton\": 100.0}",100.0,92.0,high,philippine,PH,NCR,Quezon City,Diliman,14.662340381413571,121.027850060941180,"Diliman, Quezon City, NCR, Philippines",0.8171,0.269,accept,2,2026-04-23T20:08:38.111930,2026-04-23T20:09:20.894Z
152,49,152,memo,polo,cotton,cotton,"{\"cotton\": 87.0, \"polyester\": 13.0}",87.0,81.08,high,philippine,PH,NCR,Pateros,San Pedro,14.559511241949155,121.089435353140860,"San Pedro, Pateros, NCR, Philippines",0.5513,0.416,accept,2,2026-04-23T20:08:38.113156,2026-04-23T20:09:20.894Z
153,49,153,apara studio,dress,cotton,cotton,"{\"cotton\": 100.0}",100.0,92.0,high,international,GLOBAL,NCR,Pateros,San Pedro,14.559511241949155,121.089435353140860,"San Pedro, Pateros, NCR, Philippines",0.5513,0.233,accept,2,2026-04-23T20:08:38.113156,2026-04-23T20:09:20.894Z
154,49,154,world balance,shorts,polyester,polyester,"{\"polyester\": 95.0, \"elastane\": 5.0}",0.0,7.8,low,philippine,PH,NCR,Pateros,San Pedro,14.559511241949155,121.089435353140860,"San Pedro, Pateros, NCR, Philippines",0.5513,0.304,decline,0,2026-04-23T20:08:38.113156,2026-04-23T20:09:20.894Z
155,50,155,forme,t-shirt,polyester,polyester,"{\"polyester\": 73.0, \"rayon\": 23.0, \"elastane\": 4.0}",23.0,22.56,low,philippine,PH,NCR,Caloocan,Bagong Silang,14.654592030573623,120.976005025701700,"Bagong Silang, Caloocan, NCR, Philippines",0.7083,0.205,decline,0,2026-04-23T20:08:38.114064,2026-04-23T20:09:20.894Z
156,51,156,gymshark,t-shirt,polyester,polyester,"{\"polyester\": 91.0, \"elastane\": 9.0}",0.0,7.64,low,international,GLOBAL,NCR,Pasig,Kapitolyo,14.575478835825603,121.076041960778780,"Kapitolyo, Pasig, NCR, Philippines",0.6075,0.286,decline,0,2026-04-23T20:08:38.114541,2026-04-23T20:09:20.894Z
157,51,157,gymshark,top,nylon,nylon,"{\"nylon\": 86.0, \"elastane\": 14.0}",0.0,10.88,low,international,GLOBAL,NCR,Pasig,Kapitolyo,14.575478835825603,121.076041960778780,"Kapitolyo, Pasig, NCR, Philippines",0.6075,0.204,decline,0,2026-04-23T20:08:38.114541,2026-04-23T20:09:20.894Z
158,51,158,gymshark,t-shirt,polyester,polyester,"{\"polyester\": 100.0}",0.0,8.0,low,international,GLOBAL,NCR,Pasig,Kapitolyo,14.575478835825603,121.076041960778780,"Kapitolyo, Pasig, NCR, Philippines",0.6075,0.123,decline,0,2026-04-23T20:08:38.114541,2026-04-23T20:09:20.894Z
159,51,159,regatta,shirt,cotton,cotton,"{\"cotton\": 70.0, \"polyester\": 30.0}",70.0,66.8,medium,philippine,PH,NCR,Pasig,Kapitolyo,14.575478835825603,121.076041960778780,"Kapitolyo, Pasig, NCR, Philippines",0.6075,0.168,conditional,1,2026-04-23T20:08:38.114541,2026-04-23T20:09:20.894Z
160,52,160,old navy,top,polyester,polyester,"{\"polyester\": 93.0, \"elastane\": 7.0}",0.0,7.72,low,philippine,PH,NCR,Pasay,Malibay,14.539629915039520,121.008366370807100,"Malibay, Pasay, NCR, Philippines",0.7826,0.3,decline,0,2026-04-23T20:08:38.115547,2026-04-23T20:09:20.894Z
161,52,161,old navy,top,rayon,rayon,"{\"rayon\": 100.0}",100.0,72.0,medium,philippine,PH,NCR,Pasay,Malibay,14.539629915039520,121.008366370807100,"Malibay, Pasay, NCR, Philippines",0.7826,0.554,conditional,1,2026-04-23T20:08:38.115547,2026-04-23T20:09:20.894Z
162,52,162,gaui,t-shirt,polyester,polyester,"{\"polyester\": 95.0, \"elastane\": 5.0}",0.0,7.8,low,philippine,PH,NCR,Pasay,Malibay,14.539629915039520,121.008366370807100,"Malibay, Pasay, NCR, Philippines",0.7826,0.253,decline,0,2026-04-23T20:08:38.115547,2026-04-23T20:09:20.894Z
163,53,163,regatta,dress,cotton,cotton,"{\"cotton\": 95.0, \"elastane\": 5.0}",95.0,87.6,high,philippine,PH,NCR,Makati,Bel-Air,14.550004500888603,121.011844599010220,"Bel-Air, Makati, NCR, Philippines",0.7139,0.252,accept,2,2026-04-23T20:08:38.116420,2026-04-23T20:09:20.894Z
164,53,164,gymshark,t-shirt,nylon,nylon,"{\"nylon\": 65.0, \"polyester\": 35.0}",0.0,10.6,low,international,GLOBAL,NCR,Makati,Bel-Air,14.550004500888603,121.011844599010220,"Bel-Air, Makati, NCR, Philippines",0.7139,0.287,decline,0,2026-04-23T20:08:38.116420,2026-04-23T20:09:20.894Z
165,53,165,levi's,shirt,lyocell,lyocell,"{\"lyocell\": 53.0, \"cotton\": 47.0}",100.0,91.47,high,philippine,PH,NCR,Makati,Bel-Air,14.550004500888603,121.011844599010220,"Bel-Air, Makati, NCR, Philippines",0.7139,0.238,accept,2,2026-04-23T20:08:38.116420,2026-04-23T20:09:20.894Z
166,53,166,gaui,top,polyester,polyester,"{\"polyester\": 95.0, \"elastane\": 5.0}",0.0,7.8,low,philippine,PH,NCR,Makati,Bel-Air,14.550004500888603,121.011844599010220,"Bel-Air, Makati, NCR, Philippines",0.7139,0.322,decline,0,2026-04-23T20:08:38.116420,2026-04-23T20:09:20.894Z
167,54,167,gymshark,shorts,cotton,cotton,"{\"cotton\": 100.0}",100.0,92.0,high,international,GLOBAL,NCR,Pasig,Kapitolyo,14.563166253262645,121.098241299341920,"Kapitolyo, Pasig, NCR, Philippines",0.6981,0.27,accept,2,2026-04-23T20:08:38.117542,2026-04-23T20:09:20.894Z
168,55,168,memo,t-shirt,cotton,cotton,"{\"cotton\": 90.0, \"elastane\": 10.0}",90.0,83.2,high,philippine,PH,NCR,Mandaluyong,Wack-Wack Greenhills,14.601770777246216,121.044785311800180,"Wack-Wack Greenhills, Mandaluyong, NCR, Philippines",0.7337,0.124,accept,2,2026-04-23T20:08:38.118093,2026-04-23T20:09:20.894Z
169,56,169,gymshark,top,polyester,polyester,"{\"polyester\": 78.0, \"elastane\": 22.0}",0.0,7.12,low,international,GLOBAL,NCR,San Juan,Greenhills,14.611289994199560,121.011042983916750,"Greenhills, San Juan, NCR, Philippines",0.6442,0.459,decline,0,2026-04-23T20:08:38.118560,2026-04-23T20:09:20.894Z
170,56,170,forme,t-shirt,cotton,cotton,"{\"cotton\": 100.0}",100.0,92.0,high,philippine,PH,NCR,San Juan,Greenhills,14.611289994199560,121.011042983916750,"Greenhills, San Juan, NCR, Philippines",0.6442,0.102,accept,2,2026-04-23T20:08:38.118560,2026-04-23T20:09:20.894Z
171,57,171,no emotions,shirt,polyester,polyester,"{\"polyester\": 100.0}",0.0,8.0,low,philippine,PH,NCR,Marikina,Concepcion Uno,14.649378375559815,121.089122051267210,"Concepcion Uno, Marikina, NCR, Philippines",0.6159,0.238,decline,0,2026-04-23T20:08:38.119260,2026-04-23T20:09:20.894Z
172,58,172,adored vintage,top,cotton,cotton,"{\"cotton\": 60.0, \"linen\": 40.0}",100.0,93.2,high,international,GLOBAL,NCR,Malabon,Acacia,14.678772494775776,120.965190801771570,"Acacia, Malabon, NCR, Philippines",0.7235,0.599,accept,2,2026-04-23T20:08:38.119777,2026-04-23T20:09:20.894Z
173,59,173,memo,shirt,cotton,cotton,"{\"cotton\": 100.0}",100.0,92.0,high,philippine,PH,NCR,San Juan,Greenhills,14.593631721893201,121.046791728983050,"Greenhills, San Juan, NCR, Philippines",0.6081,0.35,accept,2,2026-04-23T20:08:38.120474,2026-04-23T20:09:20.894Z
174,60,174,coastal bloom,top,rayon,rayon,"{\"rayon\": 100.0}",100.0,72.0,medium,international,GLOBAL,NCR,Pasay,Malibay,14.551205750777940,120.974172336349210,"Malibay, Pasay, NCR, Philippines",0.7592,0.163,conditional,1,2026-04-23T20:08:38.121184,2026-04-23T20:09:20.894Z
175,61,175,world balance,t-shirt,cotton,cotton,"{\"cotton\": 95.0, \"elastane\": 5.0}",95.0,87.6,high,philippine,PH,NCR,Makati,Bel-Air,14.538945993758330,121.034960997034600,"Bel-Air, Makati, NCR, Philippines",0.7528,0.282,accept,2,2026-04-23T20:08:38.121802,2026-04-23T20:09:20.894Z
176,61,176,frank and eileen,hoodie,cotton,cotton,"{\"cotton\": 100.0}",100.0,92.0,high,philippine,PH,NCR,Makati,Bel-Air,14.538945993758330,121.034960997034600,"Bel-Air, Makati, NCR, Philippines",0.7528,0.445,accept,2,2026-04-23T20:08:38.121802,2026-04-23T20:09:20.894Z
177,62,177,phoebe philo,jeans,cotton,cotton,"{\"cotton\": 100.0}",100.0,92.0,high,international,GLOBAL,NCR,Manila,Ermita,14.565720691706435,120.957944995850710,"Ermita, Manila, NCR, Philippines",0.8703,0.821,accept,2,2026-04-23T20:08:38.122560,2026-04-23T20:09:20.894Z
178,62,178,gaui,t-shirt,cotton,cotton,"{\"cotton\": 95.0, \"elastane\": 5.0}",95.0,87.6,high,philippine,PH,NCR,Manila,Ermita,14.565720691706435,120.957944995850710,"Ermita, Manila, NCR, Philippines",0.8703,0.148,accept,2,2026-04-23T20:08:38.122560,2026-04-23T20:09:20.894Z
179,62,179,no emotions,pants,polyester,polyester,"{\"polyester\": 100.0}",0.0,8.0,low,philippine,PH,NCR,Manila,Ermita,14.565720691706435,120.957944995850710,"Ermita, Manila, NCR, Philippines",0.8703,0.647,decline,0,2026-04-23T20:08:38.122560,2026-04-23T20:09:20.894Z
180,62,180,gymshark,underwear,polyester,polyester,"{\"polyester\": 78.0, \"elastane\": 22.0}",0.0,7.12,low,international,GLOBAL,NCR,Manila,Ermita,14.565720691706435,120.957944995850710,"Ermita, Manila, NCR, Philippines",0.8703,0.176,decline,0,2026-04-23T20:08:38.122560,2026-04-23T20:09:20.894Z
181,62,181,patton studio,top,cotton,cotton,"{\"cotton\": 65.0, \"polyester\": 35.0}",65.0,62.6,medium,philippine,PH,NCR,Manila,Ermita,14.565720691706435,120.957944995850710,"Ermita, Manila, NCR, Philippines",0.8703,0.51,conditional,1,2026-04-23T20:08:38.122560,2026-04-23T20:09:20.894Z
182,63,182,undershirtguy,underwear,rayon,rayon,"{\"rayon\": 95.0, \"elastane\": 5.0}",95.0,68.6,medium,international,GLOBAL,NCR,Taguig,Bonifacio Global City,14.540659219955218,121.084400239198940,"Bonifacio Global City, Taguig, NCR, Philippines",0.6731,0.168,conditional,1,2026-04-23T20:08:38.123741,2026-04-23T20:09:20.894Z
183,63,183,forme,t-shirt,cotton,cotton,"{\"cotton\": 60.0, \"polyester\": 40.0}",60.0,58.4,medium,philippine,PH,NCR,Taguig,Bonifacio Global City,14.540659219955218,121.084400239198940,"Bonifacio Global City, Taguig, NCR, Philippines",0.6731,0.14,conditional,1,2026-04-23T20:08:38.123741,2026-04-23T20:09:20.894Z
184,63,184,levi's,dress,cotton,cotton,"{\"cotton\": 100.0}",100.0,92.0,high,philippine,PH,NCR,Taguig,Bonifacio Global City,14.540659219955218,121.084400239198940,"Bonifacio Global City, Taguig, NCR, Philippines",0.6731,0.244,accept,2,2026-04-23T20:08:38.123741,2026-04-23T20:09:20.894Z
185,63,185,forme,dress,cotton,cotton,"{\"cotton\": 30.0, \"polyester\": 30.0, \"viscose\": 25.0, \"linen\": 15.0}",70.0,62.25,medium,philippine,PH,NCR,Taguig,Bonifacio Global City,14.540659219955218,121.084400239198940,"Bonifacio Global City, Taguig, NCR, Philippines",0.6731,0.377,conditional,1,2026-04-23T20:08:38.123741,2026-04-23T20:09:20.894Z
186,63,186,made by fade,t-shirt,cotton,cotton,"{\"cotton\": 95.0, \"elastane\": 5.0}",95.0,87.6,high,philippine,PH,NCR,Taguig,Bonifacio Global City,14.540659219955218,121.084400239198940,"Bonifacio Global City, Taguig, NCR, Philippines",0.6731,0.249,accept,2,2026-04-23T20:08:38.123741,2026-04-23T20:09:20.894Z
187,64,187,forme,dress,cotton,cotton,"{\"cotton\": 30.0, \"polyester\": 30.0, \"viscose\": 25.0, \"linen\": 15.0}",70.0,62.25,medium,philippine,PH,NCR,Parañaque,BF Homes,14.518368154988098,120.974293349622040,"BF Homes, Parañaque, NCR, Philippines",0.6108,0.268,conditional,1,2026-04-23T20:08:38.124935,2026-04-23T20:09:20.894Z
188,64,188,just g,skirt,polyester,polyester,"{\"polyester\": 97.0, \"elastane\": 3.0}",0.0,7.88,low,philippine,PH,NCR,Parañaque,BF Homes,14.518368154988098,120.974293349622040,"BF Homes, Parañaque, NCR, Philippines",0.6108,0.231,decline,0,2026-04-23T20:08:38.124935,2026-04-23T20:09:20.894Z
189,64,189,gymshark,activewear,nylon,nylon,"{\"nylon\": 78.0, \"elastane\": 22.0}",0.0,10.24,low,international,GLOBAL,NCR,Parañaque,BF Homes,14.518368154988098,120.974293349622040,"BF Homes, Parañaque, NCR, Philippines",0.6108,0.469,decline,0,2026-04-23T20:08:38.124935,2026-04-23T20:09:20.894Z
190,65,190,made by fade,jeans,cotton,cotton,"{\"cotton\": 98.0, \"elastane\": 2.0}",98.0,90.24,high,philippine,PH,NCR,Valenzuela,Karuhatan,14.697267480298853,120.947178415749580,"Karuhatan, Valenzuela, NCR, Philippines",0.6884,0.517,accept,2,2026-04-23T20:08:38.125706,2026-04-23T20:09:20.894Z
191,65,191,coastal bloom,dress,polyester,polyester,"{\"polyester\": 92.0, \"elastane\": 8.0}",0.0,7.68,low,international,GLOBAL,NCR,Valenzuela,Karuhatan,14.697267480298853,120.947178415749580,"Karuhatan, Valenzuela, NCR, Philippines",0.6884,0.509,decline,0,2026-04-23T20:08:38.125706,2026-04-23T20:09:20.894Z
192,65,192,gaui,t-shirt,polyester,polyester,"{\"polyester\": 95.0, \"elastane\": 5.0}",0.0,7.8,low,philippine,PH,NCR,Valenzuela,Karuhatan,14.697267480298853,120.947178415749580,"Karuhatan, Valenzuela, NCR, Philippines",0.6884,0.242,decline,0,2026-04-23T20:08:38.125706,2026-04-23T20:09:20.894Z
193,66,193,bench,top,nylon,nylon,"{\"nylon\": 90.0, \"elastane\": 10.0}",0.0,11.2,low,philippine,PH,NCR,Caloocan,Bagong Silang,14.630930550291211,120.956560161444020,"Bagong Silang, Caloocan, NCR, Philippines",0.7572,0.356,decline,0,2026-04-23T20:08:38.126583,2026-04-23T20:09:20.894Z
194,66,194,old navy,t-shirt,cotton,cotton,"{\"cotton\": 100.0}",100.0,92.0,high,philippine,PH,NCR,Caloocan,Bagong Silang,14.630930550291211,120.956560161444020,"Bagong Silang, Caloocan, NCR, Philippines",0.7572,0.257,accept,2,2026-04-23T20:08:38.126583,2026-04-23T20:09:20.894Z
195,66,195,coastal bloom,top,polyester,polyester,"{\"polyester\": 50.0, \"cotton\": 47.0, \"elastane\": 3.0}",47.0,47.36,low,international,GLOBAL,NCR,Caloocan,Bagong Silang,14.630930550291211,120.956560161444020,"Bagong Silang, Caloocan, NCR, Philippines",0.7572,0.436,conditional,1,2026-04-23T20:08:38.126583,2026-04-23T20:09:20.894Z
196,67,196,levi's,shirt,cotton,cotton,"{\"cotton\": 100.0}",100.0,92.0,high,philippine,PH,NCR,Navotas,Northbay Boulevard Norte,14.639442712733253,120.970270422677910,"Northbay Boulevard Norte, Navotas, NCR, Philippines",0.8063,0.266,accept,2,2026-04-23T20:08:38.127509,2026-04-23T20:09:20.894Z
197,67,197,old navy,dress,cotton,cotton,"{\"cotton\": 100.0}",100.0,92.0,high,philippine,PH,NCR,Navotas,Northbay Boulevard Norte,14.639442712733253,120.970270422677910,"Northbay Boulevard Norte, Navotas, NCR, Philippines",0.8063,0.445,accept,2,2026-04-23T20:08:38.127509,2026-04-23T20:09:20.894Z
198,67,198,just g,top,cotton,cotton,"{\"cotton\": 100.0}",100.0,92.0,high,philippine,PH,NCR,Navotas,Northbay Boulevard Norte,14.639442712733253,120.970270422677910,"Northbay Boulevard Norte, Navotas, NCR, Philippines",0.8063,0.442,accept,2,2026-04-23T20:08:38.127509,2026-04-23T20:09:20.894Z
199,67,199,no emotions,top,polyester,polyester,"{\"polyester\": 100.0}",0.0,8.0,low,philippine,PH,NCR,Navotas,Northbay Boulevard Norte,14.639442712733253,120.970270422677910,"Northbay Boulevard Norte, Navotas, NCR, Philippines",0.8063,0.573,decline,0,2026-04-23T20:08:38.127509,2026-04-23T20:09:20.894Z
200,67,200,bench,pants,cotton,cotton,"{\"cotton\": 90.0, \"polyester\": 10.0}",90.0,83.6,high,philippine,PH,NCR,Navotas,Northbay Boulevard Norte,14.639442712733253,120.970270422677910,"Northbay Boulevard Norte, Navotas, NCR, Philippines",0.8063,0.402,accept,2,2026-04-23T20:08:38.127509,2026-04-23T20:09:20.894Z
201,68,201,old navy,top,cotton,cotton,"{\"cotton\": 96.0, \"elastane\": 4.0}",96.0,88.48,high,philippine,PH,NCR,Muntinlupa,Alabang,14.384465119537039,121.043618536474130,"Alabang, Muntinlupa, NCR, Philippines",0.6831,0.21,accept,2,2026-04-23T20:08:38.128670,2026-04-23T20:09:20.894Z
202,68,202,gymshark,shorts,nylon,nylon,"{\"nylon\": 61.0, \"polyester\": 31.0, \"elastane\": 8.0}",0.0,10.12,low,international,GLOBAL,NCR,Muntinlupa,Alabang,14.384465119537039,121.043618536474130,"Alabang, Muntinlupa, NCR, Philippines",0.6831,0.22,decline,0,2026-04-23T20:08:38.128670,2026-04-23T20:09:20.894Z
203,68,203,gaui,top,rayon,rayon,"{\"rayon\": 94.0, \"elastane\": 6.0}",94.0,67.92,medium,philippine,PH,NCR,Muntinlupa,Alabang,14.384465119537039,121.043618536474130,"Alabang, Muntinlupa, NCR, Philippines",0.6831,0.287,conditional,1,2026-04-23T20:08:38.128670,2026-04-23T20:09:20.894Z
204,69,204,oxgn,dress,cotton,cotton,"{\"cotton\": 80.0, \"polyester\": 20.0}",80.0,75.2,medium,philippine,PH,NCR,Marikina,Concepcion Uno,14.638657777351831,121.106085555870920,"Concepcion Uno, Marikina, NCR, Philippines",0.6926,0.343,accept,2,2026-04-23T20:08:38.129517,2026-04-23T20:09:20.894Z
205,69,205,old navy,dress,cotton,cotton,"{\"cotton\": 55.0, \"viscose\": 45.0}",100.0,83.0,high,philippine,PH,NCR,Marikina,Concepcion Uno,14.638657777351831,121.106085555870920,"Concepcion Uno, Marikina, NCR, Philippines",0.6926,0.276,accept,2,2026-04-23T20:08:38.129517,2026-04-23T20:09:20.894Z
206,69,206,gaui,top,rayon,rayon,"{\"rayon\": 94.0, \"elastane\": 6.0}",94.0,67.92,medium,philippine,PH,NCR,Marikina,Concepcion Uno,14.638657777351831,121.106085555870920,"Concepcion Uno, Marikina, NCR, Philippines",0.6926,0.415,conditional,1,2026-04-23T20:08:38.129517,2026-04-23T20:09:20.894Z
207,69,207,just g,top,cotton,cotton,"{\"cotton\": 100.0}",100.0,92.0,high,philippine,PH,NCR,Marikina,Concepcion Uno,14.638657777351831,121.106085555870920,"Concepcion Uno, Marikina, NCR, Philippines",0.6926,0.293,accept,2,2026-04-23T20:08:38.129517,2026-04-23T20:09:20.894Z
208,70,208,coastal bloom,dress,linen,linen,"{\"linen\": 100.0}",100.0,95.0,high,international,GLOBAL,NCR,Manila,Ermita,14.586369202207843,120.979068733754500,"Ermita, Manila, NCR, Philippines",0.9942,0.4,accept,2,2026-04-23T20:08:38.130548,2026-04-23T20:09:20.894Z
209,70,209,made by fade,t-shirt,cotton,cotton,"{\"cotton\": 95.0, \"elastane\": 5.0}",95.0,87.6,high,philippine,PH,NCR,Manila,Ermita,14.586369202207843,120.979068733754500,"Ermita, Manila, NCR, Philippines",0.9942,0.213,accept,2,2026-04-23T20:08:38.130548,2026-04-23T20:09:20.894Z
210,70,210,patton studio,shorts,cotton,cotton,"{\"cotton\": 65.0, \"polyester\": 35.0}",65.0,62.6,medium,philippine,PH,NCR,Manila,Ermita,14.586369202207843,120.979068733754500,"Ermita, Manila, NCR, Philippines",0.9942,0.326,conditional,1,2026-04-23T20:08:38.130548,2026-04-23T20:09:20.894Z
211,70,211,no emotions,top,viscose,viscose,"{\"viscose\": 77.0, \"nylon\": 20.0, \"elastane\": 3.0}",77.0,57.96,medium,philippine,PH,NCR,Manila,Ermita,14.586369202207843,120.979068733754500,"Ermita, Manila, NCR, Philippines",0.9942,0.442,conditional,1,2026-04-23T20:08:38.130548,2026-04-23T20:09:20.894Z
212,70,212,memo,shirt,cotton,cotton,"{\"cotton\": 100.0}",100.0,92.0,high,philippine,PH,NCR,Manila,Ermita,14.586369202207843,120.979068733754500,"Ermita, Manila, NCR, Philippines",0.9942,0.28,accept,2,2026-04-23T20:08:38.130548,2026-04-23T20:09:20.894Z
213,71,213,memo,jeans,cotton,cotton,"{\"cotton\": 60.0, \"polyester\": 33.0, \"rayon\": 5.0, \"elastane\": 2.0}",65.0,61.52,medium,philippine,PH,NCR,Malabon,Acacia,14.672222011099297,120.953583319179980,"Acacia, Malabon, NCR, Philippines",0.7343,0.75,conditional,1,2026-04-23T20:08:38.131849,2026-04-23T20:09:20.894Z
214,71,214,coastal bloom,top,polyester,polyester,"{\"polyester\": 96.0, \"elastane\": 4.0}",0.0,7.84,low,international,GLOBAL,NCR,Malabon,Acacia,14.672222011099297,120.953583319179980,"Acacia, Malabon, NCR, Philippines",0.7343,0.312,decline,0,2026-04-23T20:08:38.131849,2026-04-23T20:09:20.894Z
215,71,215,forme,dress,cotton,cotton,"{\"cotton\": 92.0, \"rayon\": 8.0}",100.0,90.4,high,philippine,PH,NCR,Malabon,Acacia,14.672222011099297,120.953583319179980,"Acacia, Malabon, NCR, Philippines",0.7343,0.379,accept,2,2026-04-23T20:08:38.131849,2026-04-23T20:09:20.894Z
216,71,216,gymshark,top,viscose,viscose,"{\"viscose\": 61.0, \"polyester\": 30.0, \"elastane\": 9.0}",61.0,46.68,low,international,GLOBAL,NCR,Malabon,Acacia,14.672222011099297,120.953583319179980,"Acacia, Malabon, NCR, Philippines",0.7343,0.482,conditional,1,2026-04-23T20:08:38.131849,2026-04-23T20:09:20.894Z
217,72,217,regatta,shirt,linen,linen,"{\"linen\": 65.0, \"cotton\": 35.0}",100.0,93.95,high,philippine,PH,NCR,Taguig,Bonifacio Global City,14.548106659864759,121.074675846259150,"Bonifacio Global City, Taguig, NCR, Philippines",0.6132,0.31,accept,2,2026-04-23T20:08:38.132833,2026-04-23T20:09:20.894Z
218,72,218,adored vintage,dress,viscose,viscose,"{\"viscose\": 55.0, \"rayon\": 45.0}",100.0,72.0,medium,international,GLOBAL,NCR,Taguig,Bonifacio Global City,14.548106659864759,121.074675846259150,"Bonifacio Global City, Taguig, NCR, Philippines",0.6132,0.31,conditional,1,2026-04-23T20:08:38.132833,2026-04-23T20:09:20.894Z
219,72,219,forme,dress,rayon,rayon,"{\"rayon\": 67.0, \"cotton\": 30.0, \"nylon\": 3.0}",97.0,76.2,medium,philippine,PH,NCR,Taguig,Bonifacio Global City,14.548106659864759,121.074675846259150,"Bonifacio Global City, Taguig, NCR, Philippines",0.6132,0.493,accept,2,2026-04-23T20:08:38.132833,2026-04-23T20:09:20.894Z
220,73,220,coastal bloom,dress,viscose,viscose,"{\"viscose\": 100.0}",100.0,72.0,medium,international,GLOBAL,NCR,Muntinlupa,Alabang,14.370056236216763,121.023513057353640,"Alabang, Muntinlupa, NCR, Philippines",0.6434,0.219,conditional,1,2026-04-23T20:08:38.133679,2026-04-23T20:09:20.894Z
221,73,221,gymshark,t-shirt,cotton,cotton,"{\"cotton\": 95.0, \"elastane\": 5.0}",95.0,87.6,high,international,GLOBAL,NCR,Muntinlupa,Alabang,14.370056236216763,121.023513057353640,"Alabang, Muntinlupa, NCR, Philippines",0.6434,0.156,accept,2,2026-04-23T20:08:38.133679,2026-04-23T20:09:20.894Z
222,74,222,rokman,hoodie,cotton,cotton,"{\"cotton\": 80.0, \"polyester\": 20.0}",80.0,75.2,medium,international,GLOBAL,NCR,Malabon,Acacia,14.641500122259579,120.941820768490090,"Acacia, Malabon, NCR, Philippines",0.7067,0.157,accept,2,2026-04-23T20:08:38.134411,2026-04-23T20:09:20.894Z
223,74,223,just g,top,cotton,cotton,"{\"cotton\": 100.0}",100.0,92.0,high,philippine,PH,NCR,Malabon,Acacia,14.641500122259579,120.941820768490090,"Acacia, Malabon, NCR, Philippines",0.7067,0.522,accept,2,2026-04-23T20:08:38.134411,2026-04-23T20:09:20.894Z
224,74,224,gaui,top,polyester,polyester,"{\"polyester\": 95.0, \"elastane\": 5.0}",0.0,7.8,low,philippine,PH,NCR,Malabon,Acacia,14.641500122259579,120.941820768490090,"Acacia, Malabon, NCR, Philippines",0.7067,0.535,decline,0,2026-04-23T20:08:38.134411,2026-04-23T20:09:20.894Z
225,75,225,memo,pants,cotton,cotton,"{\"cotton\": 97.0, \"elastane\": 3.0}",97.0,89.36,high,philippine,PH,NCR,Mandaluyong,Wack-Wack Greenhills,14.560119844953032,121.038939320397260,"Wack-Wack Greenhills, Mandaluyong, NCR, Philippines",0.6399,0.478,accept,2,2026-04-23T20:08:38.135317,2026-04-23T20:09:20.894Z
226,75,226,bench,underwear,nylon,nylon,"{\"nylon\": 85.0, \"elastane\": 15.0}",0.0,10.8,low,philippine,PH,NCR,Mandaluyong,Wack-Wack Greenhills,14.560119844953032,121.038939320397260,"Wack-Wack Greenhills, Mandaluyong, NCR, Philippines",0.6399,0.581,decline,0,2026-04-23T20:08:38.135317,2026-04-23T20:09:20.894Z
227,75,227,levi's,shirt,cotton,cotton,"{\"cotton\": 100.0}",100.0,92.0,high,philippine,PH,NCR,Mandaluyong,Wack-Wack Greenhills,14.560119844953032,121.038939320397260,"Wack-Wack Greenhills, Mandaluyong, NCR, Philippines",0.6399,0.349,accept,2,2026-04-23T20:08:38.135317,2026-04-23T20:09:20.894Z
228,76,228,gymshark,t-shirt,polyester,polyester,"{\"polyester\": 50.0, \"nylon\": 50.0}",0.0,10.0,low,international,GLOBAL,NCR,Pateros,San Pedro,14.535303575496040,121.076517252458300,"San Pedro, Pateros, NCR, Philippines",0.4876,0.178,decline,0,2026-04-23T20:08:38.136319,2026-04-23T20:09:20.894Z
229,76,229,forme,t-shirt,cotton,cotton,"{\"cotton\": 60.0, \"polyester\": 40.0}",60.0,58.4,medium,philippine,PH,NCR,Pateros,San Pedro,14.535303575496040,121.076517252458300,"San Pedro, Pateros, NCR, Philippines",0.4876,0.228,conditional,1,2026-04-23T20:08:38.136319,2026-04-23T20:09:20.894Z
230,76,230,old navy,dress,rayon,rayon,"{\"rayon\": 100.0}",100.0,72.0,medium,philippine,PH,NCR,Pateros,San Pedro,14.535303575496040,121.076517252458300,"San Pedro, Pateros, NCR, Philippines",0.4876,0.204,conditional,1,2026-04-23T20:08:38.136319,2026-04-23T20:09:20.894Z
231,77,231,memo,shirt,cotton,cotton,"{\"cotton\": 97.0, \"elastane\": 3.0}",97.0,89.36,high,philippine,PH,NCR,Las Piñas,Almanza Uno,14.482155615148363,120.964973665212910,"Almanza Uno, Las Piñas, NCR, Philippines",0.6225,0.317,accept,2,2026-04-23T20:08:38.137339,2026-04-23T20:09:20.894Z
232,77,232,adored vintage,jeans,cotton,cotton,"{\"cotton\": 70.0, \"polyester\": 30.0}",70.0,66.8,medium,international,GLOBAL,NCR,Las Piñas,Almanza Uno,14.482155615148363,120.964973665212910,"Almanza Uno, Las Piñas, NCR, Philippines",0.6225,0.896,conditional,1,2026-04-23T20:08:38.137339,2026-04-23T20:09:20.894Z
233,77,233,gymshark,activewear,nylon,nylon,"{\"nylon\": 96.0, \"elastane\": 4.0}",0.0,11.68,low,international,GLOBAL,NCR,Las Piñas,Almanza Uno,14.482155615148363,120.964973665212910,"Almanza Uno, Las Piñas, NCR, Philippines",0.6225,0.4,decline,0,2026-04-23T20:08:38.137339,2026-04-23T20:09:20.894Z
234,77,234,just g,top,viscose,viscose,"{\"viscose\": 85.0, \"nylon\": 15.0}",85.0,63.0,medium,philippine,PH,NCR,Las Piñas,Almanza Uno,14.482155615148363,120.964973665212910,"Almanza Uno, Las Piñas, NCR, Philippines",0.6225,0.528,conditional,1,2026-04-23T20:08:38.137339,2026-04-23T20:09:20.894Z
235,78,235,patton studio,shirt,cotton,cotton,"{\"cotton\": 65.0, \"polyester\": 35.0}",65.0,62.6,medium,philippine,PH,NCR,Valenzuela,Karuhatan,14.673770094428438,120.966865680662720,"Karuhatan, Valenzuela, NCR, Philippines",0.7123,0.166,conditional,1,2026-04-23T20:08:38.138534,2026-04-23T20:09:20.894Z
236,78,236,phoebe philo,t-shirt,cotton,cotton,"{\"cotton\": 68.0, \"silk\": 32.0}",100.0,89.12,high,international,GLOBAL,NCR,Valenzuela,Karuhatan,14.673770094428438,120.966865680662720,"Karuhatan, Valenzuela, NCR, Philippines",0.7123,0.251,accept,2,2026-04-23T20:08:38.138534,2026-04-23T20:09:20.894Z
237,78,237,forme,pants,cotton,cotton,"{\"cotton\": 97.0, \"elastane\": 3.0}",97.0,89.36,high,philippine,PH,NCR,Valenzuela,Karuhatan,14.673770094428438,120.966865680662720,"Karuhatan, Valenzuela, NCR, Philippines",0.7123,0.502,accept,2,2026-04-23T20:08:38.138534,2026-04-23T20:09:20.894Z
238,78,238,forme,top,cotton,cotton,"{\"cotton\": 97.0, \"elastane\": 3.0}",97.0,89.36,high,philippine,PH,NCR,Valenzuela,Karuhatan,14.673770094428438,120.966865680662720,"Karuhatan, Valenzuela, NCR, Philippines",0.7123,0.361,accept,2,2026-04-23T20:08:38.138534,2026-04-23T20:09:20.894Z
239,78,239,gymshark,top,nylon,nylon,"{\"nylon\": 86.0, \"elastane\": 14.0}",0.0,10.88,low,international,GLOBAL,NCR,Valenzuela,Karuhatan,14.673770094428438,120.966865680662720,"Karuhatan, Valenzuela, NCR, Philippines",0.7123,0.218,decline,0,2026-04-23T20:08:38.138534,2026-04-23T20:09:20.894Z
240,79,240,gymshark,activewear,nylon,nylon,"{\"nylon\": 78.0, \"elastane\": 22.0}",0.0,10.24,low,international,GLOBAL,NCR,Las Piñas,Almanza Uno,14.501256381107810,120.959018554448700,"Almanza Uno, Las Piñas, NCR, Philippines",0.5874,0.281,decline,0,2026-04-23T20:08:38.139838,2026-04-23T20:09:20.894Z
241,79,241,gq,suit,wool,wool,"{\"wool\": 100.0}",100.0,74.0,medium,philippine,PH,NCR,Las Piñas,Almanza Uno,14.501256381107810,120.959018554448700,"Almanza Uno, Las Piñas, NCR, Philippines",0.5874,1.094,conditional,1,2026-04-23T20:08:38.139838,2026-04-23T20:09:20.894Z
242,80,242,frank and eileen,t-shirt,cotton,cotton,"{\"cotton\": 100.0}",100.0,92.0,high,philippine,PH,NCR,Navotas,Northbay Boulevard Norte,14.656850698792534,120.927174966727850,"Northbay Boulevard Norte, Navotas, NCR, Philippines",0.7525,0.269,accept,2,2026-04-23T20:08:38.140570,2026-04-23T20:09:20.894Z
243,80,243,oxgn,t-shirt,cotton,cotton,"{\"cotton\": 50.0, \"polyester\": 50.0}",50.0,50.0,medium,philippine,PH,NCR,Navotas,Northbay Boulevard Norte,14.656850698792534,120.927174966727850,"Northbay Boulevard Norte, Navotas, NCR, Philippines",0.7525,0.228,conditional,1,2026-04-23T20:08:38.140570,2026-04-23T20:09:20.894Z
244,80,244,patton studio,shorts,cotton,cotton,"{\"cotton\": 65.0, \"polyester\": 35.0}",65.0,62.6,medium,philippine,PH,NCR,Navotas,Northbay Boulevard Norte,14.656850698792534,120.927174966727850,"Northbay Boulevard Norte, Navotas, NCR, Philippines",0.7525,0.312,conditional,1,2026-04-23T20:08:38.140570,2026-04-23T20:09:20.894Z
245,80,245,forme,dress,rayon,rayon,"{\"rayon\": 67.0, \"cotton\": 30.0, \"nylon\": 3.0}",97.0,76.2,medium,philippine,PH,NCR,Navotas,Northbay Boulevard Norte,14.656850698792534,120.927174966727850,"Northbay Boulevard Norte, Navotas, NCR, Philippines",0.7525,0.435,accept,2,2026-04-23T20:08:38.140570,2026-04-23T20:09:20.894Z
246,80,246,levi's,t-shirt,cotton,cotton,"{\"cotton\": 100.0}",100.0,92.0,high,philippine,PH,NCR,Navotas,Northbay Boulevard Norte,14.656850698792534,120.927174966727850,"Northbay Boulevard Norte, Navotas, NCR, Philippines",0.7525,0.253,accept,2,2026-04-23T20:08:38.140570,2026-04-23T20:09:20.894Z
247,81,247,levi's,jeans,cotton,cotton,"{\"cotton\": 100.0}",100.0,92.0,high,philippine,PH,NCR,Manila,Ermita,14.583779619246630,120.982338471763070,"Ermita, Manila, NCR, Philippines",0.9765,0.838,accept,2,2026-04-23T20:08:38.141746,2026-04-23T20:09:20.894Z
248,81,248,gymshark,t-shirt,cotton,cotton,"{\"cotton\": 100.0}",100.0,92.0,high,international,GLOBAL,NCR,Manila,Ermita,14.583779619246630,120.982338471763070,"Ermita, Manila, NCR, Philippines",0.9765,0.197,accept,2,2026-04-23T20:08:38.141746,2026-04-23T20:09:20.894Z
249,81,249,oxgn,jacket,nylon,nylon,"{\"nylon\": 100.0}",0.0,12.0,low,philippine,PH,NCR,Manila,Ermita,14.583779619246630,120.982338471763070,"Ermita, Manila, NCR, Philippines",0.9765,1.292,decline,0,2026-04-23T20:08:38.141746,2026-04-23T20:09:20.894Z
250,81,250,coastal bloom,top,cotton,cotton,"{\"cotton\": 60.0, \"polyester\": 40.0}",60.0,58.4,medium,international,GLOBAL,NCR,Manila,Ermita,14.583779619246630,120.982338471763070,"Ermita, Manila, NCR, Philippines",0.9765,0.533,conditional,1,2026-04-23T20:08:38.141746,2026-04-23T20:09:20.894Z
251,82,251,patton studio,knitwear,cotton,cotton,"{\"cotton\": 50.0, \"polyester\": 50.0}",50.0,50.0,medium,philippine,PH,NCR,Muntinlupa,Alabang,14.409741012193570,121.049266297026850,"Alabang, Muntinlupa, NCR, Philippines",0.5587,0.303,conditional,1,2026-04-23T20:08:38.142848,2026-04-23T20:09:20.894Z
252,82,252,forme,dress,cotton,cotton,"{\"cotton\": 97.0, \"elastane\": 3.0}",97.0,89.36,high,philippine,PH,NCR,Muntinlupa,Alabang,14.409741012193570,121.049266297026850,"Alabang, Muntinlupa, NCR, Philippines",0.5587,0.375,accept,2,2026-04-23T20:08:38.142848,2026-04-23T20:09:20.894Z
253,83,253,noti but we,knitwear,polyester,polyester,"{\"polyester\": 72.0, \"rayon\": 23.0, \"elastane\": 5.0}",23.0,22.52,low,philippine,PH,NCR,Navotas,Northbay Boulevard Norte,14.637435185794804,120.942896825335080,"Northbay Boulevard Norte, Navotas, NCR, Philippines",0.8334,0.434,decline,0,2026-04-23T20:08:38.143603,2026-04-23T20:09:20.894Z
254,83,254,made by fade,jeans,cotton,cotton,"{\"cotton\": 98.0, \"elastane\": 2.0}",98.0,90.24,high,philippine,PH,NCR,Navotas,Northbay Boulevard Norte,14.637435185794804,120.942896825335080,"Northbay Boulevard Norte, Navotas, NCR, Philippines",0.8334,0.571,accept,2,2026-04-23T20:08:38.143603,2026-04-23T20:09:20.894Z
255,83,255,no emotions,shirt,linen,linen,"{\"linen\": 100.0}",100.0,95.0,high,philippine,PH,NCR,Navotas,Northbay Boulevard Norte,14.637435185794804,120.942896825335080,"Northbay Boulevard Norte, Navotas, NCR, Philippines",0.8334,0.218,accept,2,2026-04-23T20:08:38.143603,2026-04-23T20:09:20.894Z
256,83,256,patton studio,pants,cotton,cotton,"{\"cotton\": 70.0, \"polyester\": 30.0}",70.0,66.8,medium,philippine,PH,NCR,Navotas,Northbay Boulevard Norte,14.637435185794804,120.942896825335080,"Northbay Boulevard Norte, Navotas, NCR, Philippines",0.8334,0.417,conditional,1,2026-04-23T20:08:38.143603,2026-04-23T20:09:20.894Z
257,83,257,levi's,t-shirt,cotton,cotton,"{\"cotton\": 100.0}",100.0,92.0,high,philippine,PH,NCR,Navotas,Northbay Boulevard Norte,14.637435185794804,120.942896825335080,"Northbay Boulevard Norte, Navotas, NCR, Philippines",0.8334,0.105,accept,2,2026-04-23T20:08:38.143603,2026-04-23T20:09:20.894Z
258,84,258,old navy,dress,rayon,rayon,"{\"rayon\": 100.0}",100.0,72.0,medium,philippine,PH,NCR,Taguig,Bonifacio Global City,14.524464166412843,121.064870953621040,"Bonifacio Global City, Taguig, NCR, Philippines",0.5621,0.203,conditional,1,2026-04-23T20:08:38.144759,2026-04-23T20:09:20.894Z
259,84,259,noti but we,dress,viscose,viscose,"{\"viscose\": 100.0}",100.0,72.0,medium,philippine,PH,NCR,Taguig,Bonifacio Global City,14.524464166412843,121.064870953621040,"Bonifacio Global City, Taguig, NCR, Philippines",0.5621,0.297,conditional,1,2026-04-23T20:08:38.144759,2026-04-23T20:09:20.894Z
260,84,260,forme,t-shirt,viscose,viscose,"{\"viscose\": 100.0}",100.0,72.0,medium,philippine,PH,NCR,Taguig,Bonifacio Global City,14.524464166412843,121.064870953621040,"Bonifacio Global City, Taguig, NCR, Philippines",0.5621,0.241,conditional,1,2026-04-23T20:08:38.144759,2026-04-23T20:09:20.894Z
261,84,261,just g,top,cotton,cotton,"{\"cotton\": 100.0}",100.0,92.0,high,philippine,PH,NCR,Taguig,Bonifacio Global City,14.524464166412843,121.064870953621040,"Bonifacio Global City, Taguig, NCR, Philippines",0.5621,0.435,accept,2,2026-04-23T20:08:38.144759,2026-04-23T20:09:20.894Z
262,85,262,levi's,skirt,cotton,cotton,"{\"cotton\": 100.0}",100.0,92.0,high,philippine,PH,NCR,Valenzuela,Karuhatan,14.697708185482902,120.968328693681390,"Karuhatan, Valenzuela, NCR, Philippines",0.7199,0.421,accept,2,2026-04-23T20:08:38.145720,2026-04-23T20:09:20.894Z
263,85,263,rokman,t-shirt,cotton,cotton,"{\"cotton\": 60.0, \"polyester\": 40.0}",60.0,58.4,medium,international,GLOBAL,NCR,Valenzuela,Karuhatan,14.697708185482902,120.968328693681390,"Karuhatan, Valenzuela, NCR, Philippines",0.7199,0.244,conditional,1,2026-04-23T20:08:38.145720,2026-04-23T20:09:20.894Z
264,85,264,gq,shirt,linen,linen,"{\"linen\": 100.0}",100.0,95.0,high,philippine,PH,NCR,Valenzuela,Karuhatan,14.697708185482902,120.968328693681390,"Karuhatan, Valenzuela, NCR, Philippines",0.7199,0.343,accept,2,2026-04-23T20:08:38.145720,2026-04-23T20:09:20.894Z
265,85,265,just g,top,cotton,cotton,"{\"cotton\": 70.0, \"viscose\": 20.0, \"linen\": 10.0}",100.0,88.3,high,philippine,PH,NCR,Valenzuela,Karuhatan,14.697708185482902,120.968328693681390,"Karuhatan, Valenzuela, NCR, Philippines",0.7199,0.502,accept,2,2026-04-23T20:08:38.145720,2026-04-23T20:09:20.894Z
266,86,266,old navy,top,nylon,nylon,"{\"nylon\": 100.0}",0.0,12.0,low,philippine,PH,NCR,San Juan,Greenhills,14.585141503559182,121.041567575149680,"Greenhills, San Juan, NCR, Philippines",0.5329,0.399,decline,0,2026-04-23T20:08:38.146750,2026-04-23T20:09:20.894Z
267,86,267,oxgn,jeans,cotton,cotton,"{\"cotton\": 80.0, \"polyester\": 20.0}",80.0,75.2,medium,philippine,PH,NCR,San Juan,Greenhills,14.585141503559182,121.041567575149680,"Greenhills, San Juan, NCR, Philippines",0.5329,0.762,accept,2,2026-04-23T20:08:38.146750,2026-04-23T20:09:20.894Z
268,86,268,the big silence,t-shirt,cotton,cotton,"{\"cotton\": 100.0}",100.0,92.0,high,philippine,PH,NCR,San Juan,Greenhills,14.585141503559182,121.041567575149680,"Greenhills, San Juan, NCR, Philippines",0.5329,0.294,accept,2,2026-04-23T20:08:38.146750,2026-04-23T20:09:20.894Z
269,87,269,apara studio,dress,cotton,cotton,"{\"cotton\": 100.0}",100.0,92.0,high,international,GLOBAL,NCR,Valenzuela,Karuhatan,14.681101712274394,120.981141074871900,"Karuhatan, Valenzuela, NCR, Philippines",0.6639,0.214,accept,2,2026-04-23T20:08:38.147674,2026-04-23T20:09:20.894Z
270,88,270,sola,shirt,nylon,nylon,"{\"nylon\": 76.0, \"elastane\": 24.0}",0.0,10.08,low,philippine,PH,NCR,Pateros,San Pedro,14.544240487090846,121.091411008474740,"San Pedro, Pateros, NCR, Philippines",0.5597,0.346,decline,0,2026-04-23T20:08:38.148231,2026-04-23T20:09:20.894Z
271,88,271,adored vintage,dress,polyester,polyester,"{\"polyester\": 100.0}",0.0,8.0,low,international,GLOBAL,NCR,Pateros,San Pedro,14.544240487090846,121.091411008474740,"San Pedro, Pateros, NCR, Philippines",0.5597,0.344,decline,0,2026-04-23T20:08:38.148231,2026-04-23T20:09:20.894Z
272,88,272,gaui,hoodie,cotton,cotton,"{\"cotton\": 100.0}",100.0,92.0,high,philippine,PH,NCR,Pateros,San Pedro,14.544240487090846,121.091411008474740,"San Pedro, Pateros, NCR, Philippines",0.5597,0.507,accept,2,2026-04-23T20:08:38.148231,2026-04-23T20:09:20.894Z
273,89,273,old navy,top,cotton,cotton,"{\"cotton\": 100.0}",100.0,92.0,high,philippine,PH,NCR,Quezon City,Diliman,14.653827685506888,121.063728389349300,"Diliman, Quezon City, NCR, Philippines",0.9016,0.52,accept,2,2026-04-23T20:08:38.149048,2026-04-23T20:09:20.894Z
274,89,274,guess,dress,polyester,polyester,"{\"polyester\": 100.0}",0.0,8.0,low,philippine,PH,NCR,Quezon City,Diliman,14.653827685506888,121.063728389349300,"Diliman, Quezon City, NCR, Philippines",0.9016,0.213,decline,0,2026-04-23T20:08:38.149048,2026-04-23T20:09:20.894Z
275,89,275,gaui,shorts,linen,linen,"{\"linen\": 100.0}",100.0,95.0,high,philippine,PH,NCR,Quezon City,Diliman,14.653827685506888,121.063728389349300,"Diliman, Quezon City, NCR, Philippines",0.9016,0.243,accept,2,2026-04-23T20:08:38.149048,2026-04-23T20:09:20.894Z
276,89,276,gaui,top,rayon,rayon,"{\"rayon\": 94.0, \"elastane\": 6.0}",94.0,67.92,medium,philippine,PH,NCR,Quezon City,Diliman,14.653827685506888,121.063728389349300,"Diliman, Quezon City, NCR, Philippines",0.9016,0.172,conditional,1,2026-04-23T20:08:38.149048,2026-04-23T20:09:20.894Z
277,90,277,coastal bloom,top,cotton,cotton,"{\"cotton\": 88.0, \"polyester\": 12.0}",88.0,81.92,high,international,GLOBAL,NCR,Quezon City,Diliman,14.659819881433375,121.059288309815590,"Diliman, Quezon City, NCR, Philippines",0.8979,0.539,accept,2,2026-04-23T20:08:38.150042,2026-04-23T20:09:20.894Z
278,90,278,phoebe philo,shirt,viscose,viscose,"{\"viscose\": 100.0}",100.0,72.0,medium,international,GLOBAL,NCR,Quezon City,Diliman,14.659819881433375,121.059288309815590,"Diliman, Quezon City, NCR, Philippines",0.8979,0.298,conditional,1,2026-04-23T20:08:38.150042,2026-04-23T20:09:20.894Z
279,91,279,guess,knitwear,rayon,rayon,"{\"rayon\": 78.0, \"nylon\": 22.0}",78.0,58.8,medium,philippine,PH,NCR,Pateros,San Pedro,14.522203685491165,121.053860757522060,"San Pedro, Pateros, NCR, Philippines",0.608,0.536,conditional,1,2026-04-23T20:08:38.150723,2026-04-23T20:09:20.894Z
280,91,280,old navy,top,cotton,cotton,"{\"cotton\": 100.0}",100.0,92.0,high,philippine,PH,NCR,Pateros,San Pedro,14.522203685491165,121.053860757522060,"San Pedro, Pateros, NCR, Philippines",0.608,0.152,accept,2,2026-04-23T20:08:38.150723,2026-04-23T20:09:20.894Z
281,92,281,gymshark,t-shirt,cotton,cotton,"{\"cotton\": 95.0, \"elastane\": 5.0}",95.0,87.6,high,international,GLOBAL,NCR,Muntinlupa,Alabang,14.398127769968221,121.021390464456430,"Alabang, Muntinlupa, NCR, Philippines",0.5787,0.279,accept,2,2026-04-23T20:08:38.151491,2026-04-23T20:09:20.894Z
282,92,282,gymshark,top,polyester,polyester,"{\"polyester\": 78.0, \"elastane\": 22.0}",0.0,7.12,low,international,GLOBAL,NCR,Muntinlupa,Alabang,14.398127769968221,121.021390464456430,"Alabang, Muntinlupa, NCR, Philippines",0.5787,0.452,decline,0,2026-04-23T20:08:38.151491,2026-04-23T20:09:20.894Z
283,92,283,regatta,skirt,polyester,polyester,"{\"polyester\": 85.0, \"cotton\": 15.0}",15.0,20.6,low,philippine,PH,NCR,Muntinlupa,Alabang,14.398127769968221,121.021390464456430,"Alabang, Muntinlupa, NCR, Philippines",0.5787,0.221,decline,0,2026-04-23T20:08:38.151491,2026-04-23T20:09:20.894Z
284,92,284,gaui,top,cotton,cotton,"{\"cotton\": 96.0, \"elastane\": 4.0}",96.0,88.48,high,philippine,PH,NCR,Muntinlupa,Alabang,14.398127769968221,121.021390464456430,"Alabang, Muntinlupa, NCR, Philippines",0.5787,0.534,accept,2,2026-04-23T20:08:38.151491,2026-04-23T20:09:20.894Z
285,92,285,coastal bloom,dress,cotton,cotton,"{\"cotton\": 100.0}",100.0,92.0,high,international,GLOBAL,NCR,Muntinlupa,Alabang,14.398127769968221,121.021390464456430,"Alabang, Muntinlupa, NCR, Philippines",0.5787,0.322,accept,2,2026-04-23T20:08:38.151491,2026-04-23T20:09:20.894Z
286,93,286,old navy,underwear,nylon,nylon,"{\"nylon\": 82.0, \"elastane\": 18.0}",0.0,10.56,low,philippine,PH,NCR,San Juan,Greenhills,14.594383482555944,121.034462912544160,"Greenhills, San Juan, NCR, Philippines",0.5676,0.274,decline,0,2026-04-23T20:08:38.152822,2026-04-23T20:09:20.894Z
287,93,287,levi's,shirt,viscose,viscose,"{\"viscose\": 100.0}",100.0,72.0,medium,philippine,PH,NCR,San Juan,Greenhills,14.594383482555944,121.034462912544160,"Greenhills, San Juan, NCR, Philippines",0.5676,0.327,conditional,1,2026-04-23T20:08:38.152822,2026-04-23T20:09:20.894Z
288,93,288,gaui,hoodie,cotton,cotton,"{\"cotton\": 100.0}",100.0,92.0,high,philippine,PH,NCR,San Juan,Greenhills,14.594383482555944,121.034462912544160,"Greenhills, San Juan, NCR, Philippines",0.5676,0.234,accept,2,2026-04-23T20:08:38.152822,2026-04-23T20:09:20.894Z
289,93,289,old navy,shorts,polyester,polyester,"{\"polyester\": 77.0, \"elastane\": 23.0}",0.0,7.08,low,philippine,PH,NCR,San Juan,Greenhills,14.594383482555944,121.034462912544160,"Greenhills, San Juan, NCR, Philippines",0.5676,0.171,decline,0,2026-04-23T20:08:38.152822,2026-04-23T20:09:20.894Z
290,94,290,adored vintage,jeans,cotton,cotton,"{\"cotton\": 80.0, \"polyester\": 20.0}",80.0,75.2,medium,international,GLOBAL,NCR,Malabon,Acacia,14.668732357382078,120.966497680298810,"Acacia, Malabon, NCR, Philippines",0.8621,0.619,accept,2,2026-04-23T20:08:38.153883,2026-04-23T20:09:20.894Z
291,94,291,coastal bloom,top,cotton,cotton,"{\"cotton\": 100.0}",100.0,92.0,high,international,GLOBAL,NCR,Malabon,Acacia,14.668732357382078,120.966497680298810,"Acacia, Malabon, NCR, Philippines",0.8621,0.334,accept,2,2026-04-23T20:08:38.153883,2026-04-23T20:09:20.894Z
292,94,292,regatta,shorts,cotton,cotton,"{\"cotton\": 98.0, \"elastane\": 2.0}",98.0,90.24,high,philippine,PH,NCR,Malabon,Acacia,14.668732357382078,120.966497680298810,"Acacia, Malabon, NCR, Philippines",0.8621,0.184,accept,2,2026-04-23T20:08:38.153883,2026-04-23T20:09:20.894Z
293,94,293,gymshark,shorts,nylon,nylon,"{\"nylon\": 79.0, \"polyester\": 15.0, \"elastane\": 6.0}",0.0,10.92,low,international,GLOBAL,NCR,Malabon,Acacia,14.668732357382078,120.966497680298810,"Acacia, Malabon, NCR, Philippines",0.8621,0.294,decline,0,2026-04-23T20:08:38.153883,2026-04-23T20:09:20.894Z
294,95,294,oxgn,dress,cotton,cotton,"{\"cotton\": 95.0, \"elastane\": 5.0}",95.0,87.6,high,philippine,PH,NCR,Valenzuela,Karuhatan,14.701734350506033,120.974214042020680,"Karuhatan, Valenzuela, NCR, Philippines",0.7366,0.52,accept,2,2026-04-23T20:08:38.154958,2026-04-23T20:09:20.894Z
295,96,295,phoebe philo,top,silk,silk,"{\"silk\": 93.0, \"elastane\": 7.0}",93.0,77.47,medium,international,GLOBAL,NCR,Muntinlupa,Alabang,14.370981745665654,121.038179023159960,"Alabang, Muntinlupa, NCR, Philippines",0.5559,0.241,accept,2,2026-04-23T20:08:38.155469,2026-04-23T20:09:20.894Z
296,96,296,old navy,top,nylon,nylon,"{\"nylon\": 82.0, \"elastane\": 18.0}",0.0,10.56,low,philippine,PH,NCR,Muntinlupa,Alabang,14.370981745665654,121.038179023159960,"Alabang, Muntinlupa, NCR, Philippines",0.5559,0.158,decline,0,2026-04-23T20:08:38.155469,2026-04-23T20:09:20.894Z
297,97,297,memo,shirt,cotton,cotton,"{\"cotton\": 97.0, \"elastane\": 3.0}",97.0,89.36,high,philippine,PH,NCR,Marikina,Concepcion Uno,14.639835413247589,121.091518723118940,"Concepcion Uno, Marikina, NCR, Philippines",0.667,0.342,accept,2,2026-04-23T20:08:38.156190,2026-04-23T20:09:20.894Z
298,97,298,gymshark,top,nylon,nylon,"{\"nylon\": 78.0, \"elastane\": 22.0}",0.0,10.24,low,international,GLOBAL,NCR,Marikina,Concepcion Uno,14.639835413247589,121.091518723118940,"Concepcion Uno, Marikina, NCR, Philippines",0.667,0.488,decline,0,2026-04-23T20:08:38.156190,2026-04-23T20:09:20.894Z
299,98,299,forme,dress,rayon,rayon,"{\"rayon\": 75.0, \"nylon\": 25.0}",75.0,57.0,medium,philippine,PH,NCR,Navotas,Northbay Boulevard Norte,14.646413243755590,120.967819039938650,"Northbay Boulevard Norte, Navotas, NCR, Philippines",0.7518,0.314,conditional,1,2026-04-23T20:08:38.156878,2026-04-23T20:09:20.894Z
300,98,300,gaui,top,rayon,rayon,"{\"rayon\": 94.0, \"elastane\": 6.0}",94.0,67.92,medium,philippine,PH,NCR,Navotas,Northbay Boulevard Norte,14.646413243755590,120.967819039938650,"Northbay Boulevard Norte, Navotas, NCR, Philippines",0.7518,0.559,conditional,1,2026-04-23T20:08:38.156878,2026-04-23T20:09:20.894Z
301,98,301,forme,dress,polyester,polyester,"{\"polyester\": 100.0}",0.0,8.0,low,philippine,PH,NCR,Navotas,Northbay Boulevard Norte,14.646413243755590,120.967819039938650,"Northbay Boulevard Norte, Navotas, NCR, Philippines",0.7518,0.385,decline,0,2026-04-23T20:08:38.156878,2026-04-23T20:09:20.894Z
302,99,302,levi's,jacket,cotton,cotton,"{\"cotton\": 100.0}",100.0,92.0,high,philippine,PH,NCR,Pasig,Kapitolyo,14.565053839708188,121.084106260450480,"Kapitolyo, Pasig, NCR, Philippines",0.6614,0.817,accept,2,2026-04-23T20:08:38.157693,2026-04-23T20:09:20.894Z
303,99,303,forme,shirt,rayon,rayon,"{\"rayon\": 67.0, \"cotton\": 30.0, \"nylon\": 3.0}",97.0,76.2,medium,philippine,PH,NCR,Pasig,Kapitolyo,14.565053839708188,121.084106260450480,"Kapitolyo, Pasig, NCR, Philippines",0.6614,0.214,accept,2,2026-04-23T20:08:38.157693,2026-04-23T20:09:20.894Z
304,99,304,coastal bloom,dress,polyester,polyester,"{\"polyester\": 100.0}",0.0,8.0,low,international,GLOBAL,NCR,Pasig,Kapitolyo,14.565053839708188,121.084106260450480,"Kapitolyo, Pasig, NCR, Philippines",0.6614,0.254,decline,0,2026-04-23T20:08:38.157693,2026-04-23T20:09:20.894Z
305,99,305,forme,shirt,polyester,polyester,"{\"polyester\": 95.0, \"elastane\": 5.0}",0.0,7.8,low,philippine,PH,NCR,Pasig,Kapitolyo,14.565053839708188,121.084106260450480,"Kapitolyo, Pasig, NCR, Philippines",0.6614,0.325,decline,0,2026-04-23T20:08:38.157693,2026-04-23T20:09:20.894Z
306,99,306,levi's,shirt,viscose,viscose,"{\"viscose\": 60.0, \"cotton\": 40.0}",100.0,80.0,high,philippine,PH,NCR,Pasig,Kapitolyo,14.565053839708188,121.084106260450480,"Kapitolyo, Pasig, NCR, Philippines",0.6614,0.207,accept,2,2026-04-23T20:08:38.157693,2026-04-23T20:09:20.894Z
307,100,307,coastal bloom,t-shirt,cotton,cotton,"{\"cotton\": 60.0, \"polyester\": 40.0}",60.0,58.4,medium,international,GLOBAL,NCR,Navotas,Northbay Boulevard Norte,14.671784921257070,120.962160405468800,"Northbay Boulevard Norte, Navotas, NCR, Philippines",0.8527,0.195,conditional,1,2026-04-23T20:08:38.158913,2026-04-23T20:09:20.894Z
308,101,308,forme,t-shirt,cotton,cotton,"{\"cotton\": 60.0, \"polyester\": 40.0}",60.0,58.4,medium,philippine,PH,NCR,Valenzuela,Karuhatan,14.700420173848950,120.985185322155900,"Karuhatan, Valenzuela, NCR, Philippines",0.71,0.258,conditional,1,2026-04-23T20:08:38.159439,2026-04-23T20:09:20.894Z
309,101,309,memo,skirt,cotton,cotton,"{\"cotton\": 100.0}",100.0,92.0,high,philippine,PH,NCR,Valenzuela,Karuhatan,14.700420173848950,120.985185322155900,"Karuhatan, Valenzuela, NCR, Philippines",0.71,0.206,accept,2,2026-04-23T20:08:38.159439,2026-04-23T20:09:20.894Z
310,101,310,regatta,shirt,cotton,cotton,"{\"cotton\": 97.0, \"elastane\": 3.0}",97.0,89.36,high,philippine,PH,NCR,Valenzuela,Karuhatan,14.700420173848950,120.985185322155900,"Karuhatan, Valenzuela, NCR, Philippines",0.71,0.262,accept,2,2026-04-23T20:08:38.159439,2026-04-23T20:09:20.894Z
311,101,311,regatta,dress,cotton,cotton,"{\"cotton\": 80.0, \"linen\": 20.0}",100.0,92.6,high,philippine,PH,NCR,Valenzuela,Karuhatan,14.700420173848950,120.985185322155900,"Karuhatan, Valenzuela, NCR, Philippines",0.71,0.236,accept,2,2026-04-23T20:08:38.159439,2026-04-23T20:09:20.894Z
312,101,312,tropa store,dress,polyester,polyester,"{\"polyester\": 94.0, \"elastane\": 6.0}",0.0,7.76,low,philippine,PH,NCR,Valenzuela,Karuhatan,14.700420173848950,120.985185322155900,"Karuhatan, Valenzuela, NCR, Philippines",0.71,0.429,decline,0,2026-04-23T20:08:38.159439,2026-04-23T20:09:20.894Z
313,102,313,old navy,dress,polyester,polyester,"{\"polyester\": 77.0, \"elastane\": 23.0}",0.0,7.08,low,philippine,PH,NCR,Valenzuela,Karuhatan,14.692326903215005,120.966102024643390,"Karuhatan, Valenzuela, NCR, Philippines",0.7681,0.536,decline,0,2026-04-23T20:08:38.160593,2026-04-23T20:09:20.894Z
314,102,314,regatta,dress,viscose,viscose,"{\"viscose\": 53.0, \"cotton\": 38.0, \"polyester\": 9.0}",91.0,73.84,medium,philippine,PH,NCR,Valenzuela,Karuhatan,14.692326903215005,120.966102024643390,"Karuhatan, Valenzuela, NCR, Philippines",0.7681,0.236,conditional,1,2026-04-23T20:08:38.160593,2026-04-23T20:09:20.894Z
315,103,315,patton studio,pants,polyester,polyester,"{\"polyester\": 73.0, \"rayon\": 23.0, \"elastane\": 4.0}",23.0,22.56,low,philippine,PH,NCR,Manila,Ermita,14.577752530575246,120.958638621695910,"Ermita, Manila, NCR, Philippines",0.9134,0.531,decline,0,2026-04-23T20:08:38.161269,2026-04-23T20:09:20.894Z
316,103,316,gaui,pants,polyester,polyester,"{\"polyester\": 95.0, \"elastane\": 5.0}",0.0,7.8,low,philippine,PH,NCR,Manila,Ermita,14.577752530575246,120.958638621695910,"Ermita, Manila, NCR, Philippines",0.9134,0.459,decline,0,2026-04-23T20:08:38.161269,2026-04-23T20:09:20.894Z
317,104,317,memo,polo,viscose,viscose,"{\"viscose\": 100.0}",100.0,72.0,medium,philippine,PH,NCR,Manila,Ermita,14.571029218412460,120.974587318899500,"Ermita, Manila, NCR, Philippines",0.992,0.464,conditional,1,2026-04-23T20:08:38.161930,2026-04-23T20:09:20.894Z
318,105,318,gymshark,activewear,nylon,nylon,"{\"nylon\": 86.0, \"elastane\": 14.0}",0.0,10.88,low,international,GLOBAL,NCR,Las Piñas,Almanza Uno,14.471004778439182,120.976492388858900,"Almanza Uno, Las Piñas, NCR, Philippines",0.6759,0.151,decline,0,2026-04-23T20:08:38.162480,2026-04-23T20:09:20.894Z
319,105,319,gaui,top,rayon,rayon,"{\"rayon\": 94.0, \"elastane\": 6.0}",94.0,67.92,medium,philippine,PH,NCR,Las Piñas,Almanza Uno,14.471004778439182,120.976492388858900,"Almanza Uno, Las Piñas, NCR, Philippines",0.6759,0.2,conditional,1,2026-04-23T20:08:38.162480,2026-04-23T20:09:20.894Z
320,105,320,made by fade,jeans,cotton,cotton,"{\"cotton\": 98.0, \"elastane\": 2.0}",98.0,90.24,high,philippine,PH,NCR,Las Piñas,Almanza Uno,14.471004778439182,120.976492388858900,"Almanza Uno, Las Piñas, NCR, Philippines",0.6759,0.845,accept,2,2026-04-23T20:08:38.162480,2026-04-23T20:09:20.894Z
321,106,321,world balance,jacket,nylon,nylon,"{\"nylon\": 87.0, \"elastane\": 13.0}",0.0,10.96,low,philippine,PH,NCR,Manila,Ermita,14.590857567790644,120.979837200325350,"Ermita, Manila, NCR, Philippines",0.8875,0.988,decline,0,2026-04-23T20:08:38.163377,2026-04-23T20:09:20.894Z
322,107,322,patton studio,pants,cotton,cotton,"{\"cotton\": 97.0, \"elastane\": 3.0}",97.0,89.36,high,philippine,PH,NCR,Pateros,San Pedro,14.561815685310748,121.055151427170760,"San Pedro, Pateros, NCR, Philippines",0.5951,0.435,accept,2,2026-04-23T20:08:38.163898,2026-04-23T20:09:20.894Z
323,107,323,gaui,pants,linen,linen,"{\"linen\": 100.0}",100.0,95.0,high,philippine,PH,NCR,Pateros,San Pedro,14.561815685310748,121.055151427170760,"San Pedro, Pateros, NCR, Philippines",0.5951,0.518,accept,2,2026-04-23T20:08:38.163898,2026-04-23T20:09:20.894Z
324,107,324,apara studio,dress,cotton,cotton,"{\"cotton\": 100.0}",100.0,92.0,high,international,GLOBAL,NCR,Pateros,San Pedro,14.561815685310748,121.055151427170760,"San Pedro, Pateros, NCR, Philippines",0.5951,0.439,accept,2,2026-04-23T20:08:38.163898,2026-04-23T20:09:20.894Z
325,108,325,phoebe philo,t-shirt,silk,silk,"{\"silk\": 93.0, \"elastane\": 7.0}",93.0,77.47,medium,international,GLOBAL,NCR,Las Piñas,Almanza Uno,14.472437987102744,121.003305330879460,"Almanza Uno, Las Piñas, NCR, Philippines",0.6044,0.192,accept,2,2026-04-23T20:08:38.164755,2026-04-23T20:09:20.894Z
326,108,326,oxgn,t-shirt,polyester,polyester,"{\"polyester\": 100.0}",0.0,8.0,low,philippine,PH,NCR,Las Piñas,Almanza Uno,14.472437987102744,121.003305330879460,"Almanza Uno, Las Piñas, NCR, Philippines",0.6044,0.242,decline,0,2026-04-23T20:08:38.164755,2026-04-23T20:09:20.894Z
327,109,327,memo,jacket,viscose,viscose,"{\"viscose\": 100.0}",100.0,72.0,medium,philippine,PH,NCR,Caloocan,Bagong Silang,14.628713201000275,120.954293768581930,"Bagong Silang, Caloocan, NCR, Philippines",0.8111,0.608,conditional,1,2026-04-23T20:08:38.165506,2026-04-23T20:09:20.894Z
328,110,328,phoebe philo,jacket,wool,wool,"{\"wool\": 93.0, \"cashmere\": 7.0}",100.0,74.0,medium,international,GLOBAL,NCR,Las Piñas,Almanza Uno,14.457465375645082,120.962317573378100,"Almanza Uno, Las Piñas, NCR, Philippines",0.5601,0.817,conditional,1,2026-04-23T20:08:38.166048,2026-04-23T20:09:20.894Z
329,110,329,levi's,hoodie,cotton,cotton,"{\"cotton\": 100.0}",100.0,92.0,high,philippine,PH,NCR,Las Piñas,Almanza Uno,14.457465375645082,120.962317573378100,"Almanza Uno, Las Piñas, NCR, Philippines",0.5601,0.406,accept,2,2026-04-23T20:08:38.166048,2026-04-23T20:09:20.894Z
330,110,330,levi's,jeans,cotton,cotton,"{\"cotton\": 65.0, \"lyocell\": 35.0}",100.0,91.65,high,philippine,PH,NCR,Las Piñas,Almanza Uno,14.457465375645082,120.962317573378100,"Almanza Uno, Las Piñas, NCR, Philippines",0.5601,0.736,accept,2,2026-04-23T20:08:38.166048,2026-04-23T20:09:20.894Z
331,110,331,forme,skirt,cotton,cotton,"{\"cotton\": 100.0}",100.0,92.0,high,philippine,PH,NCR,Las Piñas,Almanza Uno,14.457465375645082,120.962317573378100,"Almanza Uno, Las Piñas, NCR, Philippines",0.5601,0.405,accept,2,2026-04-23T20:08:38.166048,2026-04-23T20:09:20.894Z
332,110,332,levi's,jeans,cotton,cotton,"{\"cotton\": 55.0, \"lyocell\": 45.0}",100.0,91.55,high,philippine,PH,NCR,Las Piñas,Almanza Uno,14.457465375645082,120.962317573378100,"Almanza Uno, Las Piñas, NCR, Philippines",0.5601,0.502,accept,2,2026-04-23T20:08:38.166048,2026-04-23T20:09:20.894Z
333,111,333,gymshark,top,polyester,polyester,"{\"polyester\": 100.0}",0.0,8.0,low,international,GLOBAL,NCR,San Juan,Greenhills,14.610392254321349,121.013084074305240,"Greenhills, San Juan, NCR, Philippines",0.5651,0.535,decline,0,2026-04-23T20:08:38.167176,2026-04-23T20:09:20.894Z
334,111,334,gaui,top,cotton,cotton,"{\"cotton\": 93.0, \"elastane\": 7.0}",93.0,85.84,high,philippine,PH,NCR,San Juan,Greenhills,14.610392254321349,121.013084074305240,"Greenhills, San Juan, NCR, Philippines",0.5651,0.264,accept,2,2026-04-23T20:08:38.167176,2026-04-23T20:09:20.894Z
335,112,335,phoebe philo,jacket,cotton,cotton,"{\"cotton\": 100.0}",100.0,92.0,high,international,GLOBAL,NCR,Taguig,Bonifacio Global City,14.524776671514932,121.079665422716670,"Bonifacio Global City, Taguig, NCR, Philippines",0.6914,0.925,accept,2,2026-04-23T20:08:38.167807,2026-04-23T20:09:20.894Z
336,112,336,regatta,polo,viscose,viscose,"{\"viscose\": 100.0}",100.0,72.0,medium,philippine,PH,NCR,Taguig,Bonifacio Global City,14.524776671514932,121.079665422716670,"Bonifacio Global City, Taguig, NCR, Philippines",0.6914,0.516,conditional,1,2026-04-23T20:08:38.167807,2026-04-23T20:09:20.894Z
337,113,337,regatta,dress,viscose,viscose,"{\"viscose\": 100.0}",100.0,72.0,medium,philippine,PH,NCR,Malabon,Acacia,14.672811076112074,120.956162795943130,"Acacia, Malabon, NCR, Philippines",0.83,0.345,conditional,1,2026-04-23T20:08:38.168492,2026-04-23T20:09:20.894Z
338,114,338,levi's,shirt,cotton,cotton,"{\"cotton\": 100.0}",100.0,92.0,high,philippine,PH,NCR,Malabon,Acacia,14.636755819654017,120.927617838504990,"Acacia, Malabon, NCR, Philippines",0.7087,0.154,accept,2,2026-04-23T20:08:38.169003,2026-04-23T20:09:20.894Z
339,114,339,world balance,t-shirt,cotton,cotton,"{\"cotton\": 95.0, \"elastane\": 5.0}",95.0,87.6,high,philippine,PH,NCR,Malabon,Acacia,14.636755819654017,120.927617838504990,"Acacia, Malabon, NCR, Philippines",0.7087,0.133,accept,2,2026-04-23T20:08:38.169003,2026-04-23T20:09:20.894Z
340,114,340,made by fade,t-shirt,cotton,cotton,"{\"cotton\": 95.0, \"elastane\": 5.0}",95.0,87.6,high,philippine,PH,NCR,Malabon,Acacia,14.636755819654017,120.927617838504990,"Acacia, Malabon, NCR, Philippines",0.7087,0.245,accept,2,2026-04-23T20:08:38.169003,2026-04-23T20:09:20.894Z
341,114,341,coastal bloom,dress,cotton,cotton,"{\"cotton\": 50.0, \"lyocell\": 50.0}",100.0,91.5,high,international,GLOBAL,NCR,Malabon,Acacia,14.636755819654017,120.927617838504990,"Acacia, Malabon, NCR, Philippines",0.7087,0.448,accept,2,2026-04-23T20:08:38.169003,2026-04-23T20:09:20.894Z
342,115,342,just g,top,cotton,cotton,"{\"cotton\": 97.0, \"elastane\": 3.0}",97.0,89.36,high,philippine,PH,NCR,Pasig,Kapitolyo,14.551374258556498,121.095935272855880,"Kapitolyo, Pasig, NCR, Philippines",0.744,0.207,accept,2,2026-04-23T20:08:38.169998,2026-04-23T20:09:20.894Z
343,115,343,memo,t-shirt,polyester,polyester,"{\"polyester\": 100.0}",0.0,8.0,low,philippine,PH,NCR,Pasig,Kapitolyo,14.551374258556498,121.095935272855880,"Kapitolyo, Pasig, NCR, Philippines",0.744,0.129,decline,0,2026-04-23T20:08:38.169998,2026-04-23T20:09:20.894Z
344,116,344,gaui,top,rayon,rayon,"{\"rayon\": 94.0, \"elastane\": 6.0}",94.0,67.92,medium,philippine,PH,NCR,Pasay,Malibay,14.527346696822105,120.995014935079110,"Malibay, Pasay, NCR, Philippines",0.6979,0.152,conditional,1,2026-04-23T20:08:38.170899,2026-04-23T20:09:20.894Z
345,116,345,just g,hoodie,cotton,cotton,"{\"cotton\": 100.0}",100.0,92.0,high,philippine,PH,NCR,Pasay,Malibay,14.527346696822105,120.995014935079110,"Malibay, Pasay, NCR, Philippines",0.6979,0.157,accept,2,2026-04-23T20:08:38.170899,2026-04-23T20:09:20.894Z
346,116,346,forme,t-shirt,cotton,cotton,"{\"cotton\": 60.0, \"polyester\": 40.0}",60.0,58.4,medium,philippine,PH,NCR,Pasay,Malibay,14.527346696822105,120.995014935079110,"Malibay, Pasay, NCR, Philippines",0.6979,0.299,conditional,1,2026-04-23T20:08:38.170899,2026-04-23T20:09:20.894Z
347,116,347,world balance,t-shirt,cotton,cotton,"{\"cotton\": 95.0, \"elastane\": 5.0}",95.0,87.6,high,philippine,PH,NCR,Pasay,Malibay,14.527346696822105,120.995014935079110,"Malibay, Pasay, NCR, Philippines",0.6979,0.217,accept,2,2026-04-23T20:08:38.170899,2026-04-23T20:09:20.894Z
348,117,348,regatta,skirt,cotton,cotton,"{\"cotton\": 92.0, \"polyester\": 6.0, \"elastane\": 2.0}",92.0,85.2,high,philippine,PH,NCR,Caloocan,Bagong Silang,14.671209609987706,120.991402515006380,"Bagong Silang, Caloocan, NCR, Philippines",0.7919,0.337,accept,2,2026-04-23T20:08:38.171986,2026-04-23T20:09:20.894Z
349,117,349,forme,shirt,polyester,polyester,"{\"polyester\": 100.0}",0.0,8.0,low,philippine,PH,NCR,Caloocan,Bagong Silang,14.671209609987706,120.991402515006380,"Bagong Silang, Caloocan, NCR, Philippines",0.7919,0.205,decline,0,2026-04-23T20:08:38.171986,2026-04-23T20:09:20.894Z
350,118,350,tropa store,top,polyester,polyester,"{\"polyester\": 95.0, \"elastane\": 5.0}",0.0,7.8,low,philippine,PH,NCR,Manila,Ermita,14.595177580444544,120.970099859660140,"Ermita, Manila, NCR, Philippines",0.9657,0.526,decline,0,2026-04-23T20:08:38.172637,2026-04-23T20:09:20.894Z
351,118,351,adored vintage,top,linen,linen,"{\"linen\": 55.0, \"cotton\": 45.0}",100.0,93.65,high,international,GLOBAL,NCR,Manila,Ermita,14.595177580444544,120.970099859660140,"Ermita, Manila, NCR, Philippines",0.9657,0.158,accept,2,2026-04-23T20:08:38.172637,2026-04-23T20:09:20.894Z
352,118,352,gymshark,top,polyester,polyester,"{\"polyester\": 78.0, \"elastane\": 22.0}",0.0,7.12,low,international,GLOBAL,NCR,Manila,Ermita,14.595177580444544,120.970099859660140,"Ermita, Manila, NCR, Philippines",0.9657,0.418,decline,0,2026-04-23T20:08:38.172637,2026-04-23T20:09:20.894Z
353,118,353,just g,top,cotton,cotton,"{\"cotton\": 100.0}",100.0,92.0,high,philippine,PH,NCR,Manila,Ermita,14.595177580444544,120.970099859660140,"Ermita, Manila, NCR, Philippines",0.9657,0.254,accept,2,2026-04-23T20:08:38.172637,2026-04-23T20:09:20.894Z
354,119,354,forme,t-shirt,cotton,cotton,"{\"cotton\": 60.0, \"polyester\": 40.0}",60.0,58.4,medium,philippine,PH,NCR,San Juan,Greenhills,14.592119525328090,121.035485406661760,"Greenhills, San Juan, NCR, Philippines",0.5367,0.179,conditional,1,2026-04-23T20:08:38.173669,2026-04-23T20:09:20.894Z
355,119,355,adored vintage,dress,rayon,rayon,"{\"rayon\": 100.0}",100.0,72.0,medium,international,GLOBAL,NCR,San Juan,Greenhills,14.592119525328090,121.035485406661760,"Greenhills, San Juan, NCR, Philippines",0.5367,0.437,conditional,1,2026-04-23T20:08:38.173669,2026-04-23T20:09:20.894Z
356,119,356,adored vintage,dress,cotton,cotton,"{\"cotton\": 100.0}",100.0,92.0,high,international,GLOBAL,NCR,San Juan,Greenhills,14.592119525328090,121.035485406661760,"Greenhills, San Juan, NCR, Philippines",0.5367,0.454,accept,2,2026-04-23T20:08:38.173669,2026-04-23T20:09:20.894Z
357,119,357,regatta,polo,cotton,cotton,"{\"cotton\": 60.0, \"polyester\": 40.0}",60.0,58.4,medium,philippine,PH,NCR,San Juan,Greenhills,14.592119525328090,121.035485406661760,"Greenhills, San Juan, NCR, Philippines",0.5367,0.405,conditional,1,2026-04-23T20:08:38.173669,2026-04-23T20:09:20.894Z
358,119,358,old navy,top,nylon,nylon,"{\"nylon\": 94.0, \"elastane\": 6.0}",0.0,11.52,low,philippine,PH,NCR,San Juan,Greenhills,14.592119525328090,121.035485406661760,"Greenhills, San Juan, NCR, Philippines",0.5367,0.491,decline,0,2026-04-23T20:08:38.173669,2026-04-23T20:09:20.894Z
359,120,359,old navy,dress,linen,linen,"{\"linen\": 55.0, \"viscose\": 45.0}",100.0,84.65,high,philippine,PH,NCR,Valenzuela,Karuhatan,14.687653919395040,120.970182552594280,"Karuhatan, Valenzuela, NCR, Philippines",0.7219,0.479,accept,2,2026-04-23T20:08:38.174828,2026-04-23T20:09:20.894Z
360,120,360,gaui,top,cotton,cotton,"{\"cotton\": 96.0, \"elastane\": 4.0}",96.0,88.48,high,philippine,PH,NCR,Valenzuela,Karuhatan,14.687653919395040,120.970182552594280,"Karuhatan, Valenzuela, NCR, Philippines",0.7219,0.384,accept,2,2026-04-23T20:08:38.174828,2026-04-23T20:09:20.894Z
361,120,361,just g,t-shirt,cotton,cotton,"{\"cotton\": 100.0}",100.0,92.0,high,philippine,PH,NCR,Valenzuela,Karuhatan,14.687653919395040,120.970182552594280,"Karuhatan, Valenzuela, NCR, Philippines",0.7219,0.182,accept,2,2026-04-23T20:08:38.174828,2026-04-23T20:09:20.894Z
362,120,362,gaui,top,cotton,cotton,"{\"cotton\": 96.0, \"elastane\": 4.0}",96.0,88.48,high,philippine,PH,NCR,Valenzuela,Karuhatan,14.687653919395040,120.970182552594280,"Karuhatan, Valenzuela, NCR, Philippines",0.7219,0.192,accept,2,2026-04-23T20:08:38.174828,2026-04-23T20:09:20.894Z
363,121,363,memo,shirt,polyester,polyester,"{\"polyester\": 97.0, \"elastane\": 3.0}",0.0,7.88,low,philippine,PH,NCR,Taguig,Bonifacio Global City,14.521804162002027,121.083623279910470,"Bonifacio Global City, Taguig, NCR, Philippines",0.6309,0.342,decline,0,2026-04-23T20:08:38.175887,2026-04-23T20:09:20.894Z
364,121,364,phoebe philo,pants,viscose,viscose,"{\"viscose\": 76.0, \"silk\": 24.0}",100.0,74.64,medium,international,GLOBAL,NCR,Taguig,Bonifacio Global City,14.521804162002027,121.083623279910470,"Bonifacio Global City, Taguig, NCR, Philippines",0.6309,0.412,conditional,1,2026-04-23T20:08:38.175887,2026-04-23T20:09:20.894Z
365,121,365,apara studio,top,cotton,cotton,"{\"cotton\": 100.0}",100.0,92.0,high,international,GLOBAL,NCR,Taguig,Bonifacio Global City,14.521804162002027,121.083623279910470,"Bonifacio Global City, Taguig, NCR, Philippines",0.6309,0.24,accept,2,2026-04-23T20:08:38.175887,2026-04-23T20:09:20.894Z
366,121,366,gaui,top,rayon,rayon,"{\"rayon\": 94.0, \"elastane\": 6.0}",94.0,67.92,medium,philippine,PH,NCR,Taguig,Bonifacio Global City,14.521804162002027,121.083623279910470,"Bonifacio Global City, Taguig, NCR, Philippines",0.6309,0.537,conditional,1,2026-04-23T20:08:38.175887,2026-04-23T20:09:20.894Z
367,122,367,coastal bloom,top,tencel,tencel,"{\"tencel\": 85.0, \"polyester\": 15.0}",85.0,78.55,medium,international,GLOBAL,NCR,Taguig,Bonifacio Global City,14.512661170376164,121.072984244408740,"Bonifacio Global City, Taguig, NCR, Philippines",0.5455,0.545,accept,2,2026-04-23T20:08:38.176945,2026-04-23T20:09:20.894Z
368,122,368,the big silence,t-shirt,cotton,cotton,"{\"cotton\": 100.0}",100.0,92.0,high,philippine,PH,NCR,Taguig,Bonifacio Global City,14.512661170376164,121.072984244408740,"Bonifacio Global City, Taguig, NCR, Philippines",0.5455,0.176,accept,2,2026-04-23T20:08:38.176945,2026-04-23T20:09:20.894Z
369,122,369,old navy,knitwear,cotton,cotton,"{\"cotton\": 48.0, \"polyester\": 47.0, \"elastane\": 5.0}",48.0,48.12,low,philippine,PH,NCR,Taguig,Bonifacio Global City,14.512661170376164,121.072984244408740,"Bonifacio Global City, Taguig, NCR, Philippines",0.5455,0.383,conditional,1,2026-04-23T20:08:38.176945,2026-04-23T20:09:20.894Z
370,122,370,forme,t-shirt,cotton,cotton,"{\"cotton\": 60.0, \"polyester\": 40.0}",60.0,58.4,medium,philippine,PH,NCR,Taguig,Bonifacio Global City,14.512661170376164,121.072984244408740,"Bonifacio Global City, Taguig, NCR, Philippines",0.5455,0.248,conditional,1,2026-04-23T20:08:38.176945,2026-04-23T20:09:20.894Z
371,122,371,made by fade,hoodie,cotton,cotton,"{\"cotton\": 85.0, \"polyester\": 15.0}",85.0,79.4,medium,philippine,PH,NCR,Taguig,Bonifacio Global City,14.512661170376164,121.072984244408740,"Bonifacio Global City, Taguig, NCR, Philippines",0.5455,0.479,accept,2,2026-04-23T20:08:38.176945,2026-04-23T20:09:20.894Z
372,123,372,coastal bloom,knitwear,viscose,viscose,"{\"viscose\": 80.0, \"polyester\": 20.0}",80.0,59.2,medium,international,GLOBAL,NCR,Pateros,San Pedro,14.548252190932077,121.047364754840230,"San Pedro, Pateros, NCR, Philippines",0.5348,0.54,conditional,1,2026-04-23T20:08:38.178155,2026-04-23T20:09:20.894Z
373,123,373,gymshark,top,nylon,nylon,"{\"nylon\": 86.0, \"elastane\": 14.0}",0.0,10.88,low,international,GLOBAL,NCR,Pateros,San Pedro,14.548252190932077,121.047364754840230,"San Pedro, Pateros, NCR, Philippines",0.5348,0.509,decline,0,2026-04-23T20:08:38.178155,2026-04-23T20:09:20.894Z
374,123,374,gymshark,t-shirt,polyester,polyester,"{\"polyester\": 100.0}",0.0,8.0,low,international,GLOBAL,NCR,Pateros,San Pedro,14.548252190932077,121.047364754840230,"San Pedro, Pateros, NCR, Philippines",0.5348,0.12,decline,0,2026-04-23T20:08:38.178155,2026-04-23T20:09:20.894Z
375,124,375,gymshark,underwear,nylon,nylon,"{\"nylon\": 91.0, \"elastane\": 9.0}",0.0,11.28,low,international,GLOBAL,NCR,Las Piñas,Almanza Uno,14.493081218255382,120.957943104729100,"Almanza Uno, Las Piñas, NCR, Philippines",0.7262,0.32,decline,0,2026-04-23T20:08:38.178983,2026-04-23T20:09:20.894Z
376,125,376,forme,skirt,cotton,cotton,"{\"cotton\": 100.0}",100.0,92.0,high,philippine,PH,NCR,Pasig,Kapitolyo,14.579895154424403,121.071165794407500,"Kapitolyo, Pasig, NCR, Philippines",0.7046,0.333,accept,2,2026-04-23T20:08:38.179470,2026-04-23T20:09:20.894Z
377,125,377,guess,top,cotton,cotton,"{\"cotton\": 98.0, \"elastane\": 2.0}",98.0,90.24,high,philippine,PH,NCR,Pasig,Kapitolyo,14.579895154424403,121.071165794407500,"Kapitolyo, Pasig, NCR, Philippines",0.7046,0.411,accept,2,2026-04-23T20:08:38.179470,2026-04-23T20:09:20.894Z
378,125,378,guess,top,cotton,cotton,"{\"cotton\": 60.0, \"polyester\": 40.0}",60.0,58.4,medium,philippine,PH,NCR,Pasig,Kapitolyo,14.579895154424403,121.071165794407500,"Kapitolyo, Pasig, NCR, Philippines",0.7046,0.334,conditional,1,2026-04-23T20:08:38.179470,2026-04-23T20:09:20.894Z
379,125,379,levi's,t-shirt,cotton,cotton,"{\"cotton\": 100.0}",100.0,92.0,high,philippine,PH,NCR,Pasig,Kapitolyo,14.579895154424403,121.071165794407500,"Kapitolyo, Pasig, NCR, Philippines",0.7046,0.22,accept,2,2026-04-23T20:08:38.179470,2026-04-23T20:09:20.894Z
380,125,380,gymshark,pants,cotton,cotton,"{\"cotton\": 100.0}",100.0,92.0,high,international,GLOBAL,NCR,Pasig,Kapitolyo,14.579895154424403,121.071165794407500,"Kapitolyo, Pasig, NCR, Philippines",0.7046,0.677,accept,2,2026-04-23T20:08:38.179470,2026-04-23T20:09:20.894Z
381,126,381,forme,shirt,polyester,polyester,"{\"polyester\": 100.0}",0.0,8.0,low,philippine,PH,NCR,Marikina,Concepcion Uno,14.617945509037531,121.093214399144140,"Concepcion Uno, Marikina, NCR, Philippines",0.6911,0.176,decline,0,2026-04-23T20:08:38.182755,2026-04-23T20:09:20.894Z
382,126,382,gymshark,t-shirt,polyester,polyester,"{\"polyester\": 94.0, \"nylon\": 6.0}",0.0,8.24,low,international,GLOBAL,NCR,Marikina,Concepcion Uno,14.617945509037531,121.093214399144140,"Concepcion Uno, Marikina, NCR, Philippines",0.6911,0.133,decline,0,2026-04-23T20:08:38.182755,2026-04-23T20:09:20.894Z
383,126,383,old navy,top,cotton,cotton,"{\"cotton\": 100.0}",100.0,92.0,high,philippine,PH,NCR,Marikina,Concepcion Uno,14.617945509037531,121.093214399144140,"Concepcion Uno, Marikina, NCR, Philippines",0.6911,0.458,accept,2,2026-04-23T20:08:38.182755,2026-04-23T20:09:20.894Z
384,127,384,coastal bloom,knitwear,viscose,viscose,"{\"viscose\": 70.0, \"nylon\": 30.0}",70.0,54.0,medium,international,GLOBAL,NCR,Malabon,Acacia,14.680595319592790,120.938305937267930,"Acacia, Malabon, NCR, Philippines",0.7223,0.489,conditional,1,2026-04-23T20:08:38.183646,2026-04-23T20:09:20.894Z
385,128,385,gaui,hoodie,cotton,cotton,"{\"cotton\": 100.0}",100.0,92.0,high,philippine,PH,NCR,San Juan,Greenhills,14.593341967843575,121.015051305082270,"Greenhills, San Juan, NCR, Philippines",0.5263,0.385,accept,2,2026-04-23T20:08:38.186196,2026-04-23T20:09:20.894Z
386,128,386,noti but we,knitwear,polyester,polyester,"{\"polyester\": 72.0, \"rayon\": 23.0, \"elastane\": 5.0}",23.0,22.52,low,philippine,PH,NCR,San Juan,Greenhills,14.593341967843575,121.015051305082270,"Greenhills, San Juan, NCR, Philippines",0.5263,0.361,decline,0,2026-04-23T20:08:38.186196,2026-04-23T20:09:20.894Z
387,128,387,memo,dress,polyester,polyester,"{\"polyester\": 60.0, \"cotton\": 40.0}",40.0,41.6,low,philippine,PH,NCR,San Juan,Greenhills,14.593341967843575,121.015051305082270,"Greenhills, San Juan, NCR, Philippines",0.5263,0.291,conditional,1,2026-04-23T20:08:38.186196,2026-04-23T20:09:20.894Z
388,129,388,patton studio,polo,polyester,polyester,"{\"polyester\": 98.0, \"elastane\": 2.0}",0.0,7.92,low,philippine,PH,NCR,Manila,Ermita,14.589523767016313,121.003328717381780,"Ermita, Manila, NCR, Philippines",0.9525,0.373,decline,0,2026-04-23T20:08:38.187130,2026-04-23T20:09:20.894Z
389,130,389,levi's,shirt,lyocell,lyocell,"{\"lyocell\": 100.0}",100.0,91.0,high,philippine,PH,NCR,Quezon City,Diliman,14.638676414527480,121.038364097478730,"Diliman, Quezon City, NCR, Philippines",0.8759,0.325,accept,2,2026-04-23T20:08:38.187611,2026-04-23T20:09:20.894Z
390,130,390,coastal bloom,t-shirt,cotton,cotton,"{\"cotton\": 60.0, \"polyester\": 40.0}",60.0,58.4,medium,international,GLOBAL,NCR,Quezon City,Diliman,14.638676414527480,121.038364097478730,"Diliman, Quezon City, NCR, Philippines",0.8759,0.28,conditional,1,2026-04-23T20:08:38.187611,2026-04-23T20:09:20.894Z
391,130,391,gymshark,shorts,nylon,nylon,"{\"nylon\": 91.0, \"elastane\": 9.0}",0.0,11.28,low,international,GLOBAL,NCR,Quezon City,Diliman,14.638676414527480,121.038364097478730,"Diliman, Quezon City, NCR, Philippines",0.8759,0.396,decline,0,2026-04-23T20:08:38.187611,2026-04-23T20:09:20.894Z
392,130,392,levi's,t-shirt,cotton,cotton,"{\"cotton\": 100.0}",100.0,92.0,high,philippine,PH,NCR,Quezon City,Diliman,14.638676414527480,121.038364097478730,"Diliman, Quezon City, NCR, Philippines",0.8759,0.296,accept,2,2026-04-23T20:08:38.187611,2026-04-23T20:09:20.894Z
393,130,393,phoebe philo,top,lyocell,lyocell,"{\"lyocell\": 67.0, \"cotton\": 33.0}",100.0,91.33,high,international,GLOBAL,NCR,Quezon City,Diliman,14.638676414527480,121.038364097478730,"Diliman, Quezon City, NCR, Philippines",0.8759,0.579,accept,2,2026-04-23T20:08:38.187611,2026-04-23T20:09:20.894Z
394,131,394,gaui,top,polyester,polyester,"{\"polyester\": 95.0, \"elastane\": 5.0}",0.0,7.8,low,philippine,PH,NCR,Quezon City,Diliman,14.632944276796390,121.038848726323800,"Diliman, Quezon City, NCR, Philippines",0.8627,0.194,decline,0,2026-04-23T20:08:38.191635,2026-04-23T20:09:20.894Z
395,131,395,coastal bloom,top,cotton,cotton,"{\"cotton\": 100.0}",100.0,92.0,high,international,GLOBAL,NCR,Quezon City,Diliman,14.632944276796390,121.038848726323800,"Diliman, Quezon City, NCR, Philippines",0.8627,0.531,accept,2,2026-04-23T20:08:38.191635,2026-04-23T20:09:20.894Z
396,131,396,gymshark,top,nylon,nylon,"{\"nylon\": 82.0, \"polyester\": 12.0, \"elastane\": 6.0}",0.0,11.04,low,international,GLOBAL,NCR,Quezon City,Diliman,14.632944276796390,121.038848726323800,"Diliman, Quezon City, NCR, Philippines",0.8627,0.428,decline,0,2026-04-23T20:08:38.191635,2026-04-23T20:09:20.894Z
397,132,397,just g,top,polyester,polyester,"{\"polyester\": 100.0}",0.0,8.0,low,philippine,PH,NCR,Navotas,Northbay Boulevard Norte,14.640451766168365,120.935631973720000,"Northbay Boulevard Norte, Navotas, NCR, Philippines",0.8075,0.533,decline,0,2026-04-23T20:08:38.193630,2026-04-23T20:09:20.894Z
398,132,398,memo,top,polyester,polyester,"{\"polyester\": 100.0}",0.0,8.0,low,philippine,PH,NCR,Navotas,Northbay Boulevard Norte,14.640451766168365,120.935631973720000,"Northbay Boulevard Norte, Navotas, NCR, Philippines",0.8075,0.413,decline,0,2026-04-23T20:08:38.193630,2026-04-23T20:09:20.894Z
399,132,399,gaui,t-shirt,polyester,polyester,"{\"polyester\": 95.0, \"elastane\": 5.0}",0.0,7.8,low,philippine,PH,NCR,Navotas,Northbay Boulevard Norte,14.640451766168365,120.935631973720000,"Northbay Boulevard Norte, Navotas, NCR, Philippines",0.8075,0.247,decline,0,2026-04-23T20:08:38.193630,2026-04-23T20:09:20.894Z
400,133,400,gymshark,top,nylon,nylon,"{\"nylon\": 59.0, \"polyester\": 31.0, \"elastane\": 10.0}",0.0,9.96,low,international,GLOBAL,NCR,Malabon,Acacia,14.651413031854412,120.946368848221330,"Acacia, Malabon, NCR, Philippines",0.7841,0.498,decline,0,2026-04-23T20:08:38.195628,2026-04-23T20:09:20.894Z
401,133,401,just g,dress,cotton,cotton,"{\"cotton\": 70.0, \"viscose\": 20.0, \"linen\": 10.0}",100.0,88.3,high,philippine,PH,NCR,Malabon,Acacia,14.651413031854412,120.946368848221330,"Acacia, Malabon, NCR, Philippines",0.7841,0.272,accept,2,2026-04-23T20:08:38.195628,2026-04-23T20:09:20.894Z
402,133,402,coastal bloom,pants,cotton,cotton,"{\"cotton\": 66.0, \"polyester\": 30.0, \"viscose\": 3.0, \"elastane\": 1.0}",69.0,65.32,medium,international,GLOBAL,NCR,Malabon,Acacia,14.651413031854412,120.946368848221330,"Acacia, Malabon, NCR, Philippines",0.7841,0.68,conditional,1,2026-04-23T20:08:38.195628,2026-04-23T20:09:20.894Z
403,133,403,gq,pants,linen,linen,"{\"linen\": 100.0}",100.0,95.0,high,philippine,PH,NCR,Malabon,Acacia,14.651413031854412,120.946368848221330,"Acacia, Malabon, NCR, Philippines",0.7841,0.392,accept,2,2026-04-23T20:08:38.195628,2026-04-23T20:09:20.894Z
404,134,404,forme,skirt,polyester,polyester,"{\"polyester\": 100.0}",0.0,8.0,low,philippine,PH,NCR,Taguig,Bonifacio Global City,14.507073582282489,121.062721190557570,"Bonifacio Global City, Taguig, NCR, Philippines",0.577,0.204,decline,0,2026-04-23T20:08:38.199005,2026-04-23T20:09:20.894Z
405,134,405,coastal bloom,dress,linen,linen,"{\"linen\": 100.0}",100.0,95.0,high,international,GLOBAL,NCR,Taguig,Bonifacio Global City,14.507073582282489,121.062721190557570,"Bonifacio Global City, Taguig, NCR, Philippines",0.577,0.345,accept,2,2026-04-23T20:08:38.199005,2026-04-23T20:09:20.894Z
406,135,406,just g,top,cotton,cotton,"{\"cotton\": 97.0, \"elastane\": 3.0}",97.0,89.36,high,philippine,PH,NCR,Marikina,Concepcion Uno,14.620371348651160,121.109866360066800,"Concepcion Uno, Marikina, NCR, Philippines",0.7263,0.544,accept,2,2026-04-23T20:08:38.199758,2026-04-23T20:09:20.894Z
407,136,407,levi's,shirt,cotton,cotton,"{\"cotton\": 55.0, \"lyocell\": 45.0}",100.0,91.55,high,philippine,PH,NCR,Malabon,Acacia,14.659392919714390,120.938546420193280,"Acacia, Malabon, NCR, Philippines",0.7048,0.182,accept,2,2026-04-23T20:08:38.201461,2026-04-23T20:09:20.894Z
408,136,408,levi's,knitwear,cotton,cotton,"{\"cotton\": 100.0}",100.0,92.0,high,philippine,PH,NCR,Malabon,Acacia,14.659392919714390,120.938546420193280,"Acacia, Malabon, NCR, Philippines",0.7048,0.573,accept,2,2026-04-23T20:08:38.201461,2026-04-23T20:09:20.894Z
409,136,409,old navy,top,cotton,cotton,"{\"cotton\": 100.0}",100.0,92.0,high,philippine,PH,NCR,Malabon,Acacia,14.659392919714390,120.938546420193280,"Acacia, Malabon, NCR, Philippines",0.7048,0.55,accept,2,2026-04-23T20:08:38.201461,2026-04-23T20:09:20.894Z
410,136,410,coastal bloom,top,polyester,polyester,"{\"polyester\": 96.0, \"elastane\": 4.0}",0.0,7.84,low,international,GLOBAL,NCR,Malabon,Acacia,14.659392919714390,120.938546420193280,"Acacia, Malabon, NCR, Philippines",0.7048,0.5,decline,0,2026-04-23T20:08:38.201461,2026-04-23T20:09:20.894Z
411,137,411,regatta,t-shirt,cotton,cotton,"{\"cotton\": 94.0, \"elastane\": 6.0}",94.0,86.72,high,philippine,PH,NCR,Muntinlupa,Alabang,14.388793795775594,121.046397383309130,"Alabang, Muntinlupa, NCR, Philippines",0.6166,0.187,accept,2,2026-04-23T20:08:38.204169,2026-04-23T20:09:20.894Z
412,137,412,just g,t-shirt,cotton,cotton,"{\"cotton\": 100.0}",100.0,92.0,high,philippine,PH,NCR,Muntinlupa,Alabang,14.388793795775594,121.046397383309130,"Alabang, Muntinlupa, NCR, Philippines",0.6166,0.126,accept,2,2026-04-23T20:08:38.204169,2026-04-23T20:09:20.894Z
413,138,413,levi's,t-shirt,cotton,cotton,"{\"cotton\": 100.0}",100.0,92.0,high,philippine,PH,NCR,Caloocan,Bagong Silang,14.673956985792284,120.971485037979320,"Bagong Silang, Caloocan, NCR, Philippines",0.8659,0.133,accept,2,2026-04-23T20:08:38.206151,2026-04-23T20:09:20.894Z
414,138,414,levi's,t-shirt,cotton,cotton,"{\"cotton\": 100.0}",100.0,92.0,high,philippine,PH,NCR,Caloocan,Bagong Silang,14.673956985792284,120.971485037979320,"Bagong Silang, Caloocan, NCR, Philippines",0.8659,0.211,accept,2,2026-04-23T20:08:38.206151,2026-04-23T20:09:20.894Z
415,139,415,rokman,t-shirt,cotton,cotton,"{\"cotton\": 60.0, \"polyester\": 40.0}",60.0,58.4,medium,international,GLOBAL,NCR,Las Piñas,Almanza Uno,14.468560430306330,120.958288828938050,"Almanza Uno, Las Piñas, NCR, Philippines",0.6846,0.283,conditional,1,2026-04-23T20:08:38.209249,2026-04-23T20:09:20.894Z
416,139,416,regatta,dress,cotton,cotton,"{\"cotton\": 90.0, \"elastane\": 10.0}",90.0,83.2,high,philippine,PH,NCR,Las Piñas,Almanza Uno,14.468560430306330,120.958288828938050,"Almanza Uno, Las Piñas, NCR, Philippines",0.6846,0.313,accept,2,2026-04-23T20:08:38.209249,2026-04-23T20:09:20.894Z
417,139,417,oxgn,dress,cotton,cotton,"{\"cotton\": 100.0}",100.0,92.0,high,philippine,PH,NCR,Las Piñas,Almanza Uno,14.468560430306330,120.958288828938050,"Almanza Uno, Las Piñas, NCR, Philippines",0.6846,0.413,accept,2,2026-04-23T20:08:38.209249,2026-04-23T20:09:20.894Z
418,139,418,phoebe philo,top,cotton,cotton,"{\"cotton\": 95.0, \"elastane\": 5.0}",95.0,87.6,high,international,GLOBAL,NCR,Las Piñas,Almanza Uno,14.468560430306330,120.958288828938050,"Almanza Uno, Las Piñas, NCR, Philippines",0.6846,0.359,accept,2,2026-04-23T20:08:38.209249,2026-04-23T20:09:20.894Z
419,139,419,regatta,t-shirt,cotton,cotton,"{\"cotton\": 60.0, \"polyester\": 40.0}",60.0,58.4,medium,philippine,PH,NCR,Las Piñas,Almanza Uno,14.468560430306330,120.958288828938050,"Almanza Uno, Las Piñas, NCR, Philippines",0.6846,0.18,conditional,1,2026-04-23T20:08:38.209249,2026-04-23T20:09:20.894Z
420,140,420,coastal bloom,top,cotton,cotton,"{\"cotton\": 100.0}",100.0,92.0,high,international,GLOBAL,NCR,Navotas,Northbay Boulevard Norte,14.641548147230766,120.972399394925990,"Northbay Boulevard Norte, Navotas, NCR, Philippines",0.8353,0.484,accept,2,2026-04-23T20:08:38.219976,2026-04-23T20:09:20.894Z
421,140,421,gaui,top,cotton,cotton,"{\"cotton\": 96.0, \"elastane\": 4.0}",96.0,88.48,high,philippine,PH,NCR,Navotas,Northbay Boulevard Norte,14.641548147230766,120.972399394925990,"Northbay Boulevard Norte, Navotas, NCR, Philippines",0.8353,0.361,accept,2,2026-04-23T20:08:38.219976,2026-04-23T20:09:20.894Z
422,140,422,gaui,top,cotton,cotton,"{\"cotton\": 96.0, \"elastane\": 4.0}",96.0,88.48,high,philippine,PH,NCR,Navotas,Northbay Boulevard Norte,14.641548147230766,120.972399394925990,"Northbay Boulevard Norte, Navotas, NCR, Philippines",0.8353,0.219,accept,2,2026-04-23T20:08:38.219976,2026-04-23T20:09:20.894Z
423,141,423,made by fade,t-shirt,cotton,cotton,"{\"cotton\": 100.0}",100.0,92.0,high,philippine,PH,NCR,Taguig,Bonifacio Global City,14.519123153369085,121.051999534484850,"Bonifacio Global City, Taguig, NCR, Philippines",0.6748,0.259,accept,2,2026-04-23T20:08:38.227155,2026-04-23T20:09:20.894Z
424,141,424,gaui,top,cotton,cotton,"{\"cotton\": 96.0, \"elastane\": 4.0}",96.0,88.48,high,philippine,PH,NCR,Taguig,Bonifacio Global City,14.519123153369085,121.051999534484850,"Bonifacio Global City, Taguig, NCR, Philippines",0.6748,0.43,accept,2,2026-04-23T20:08:38.227155,2026-04-23T20:09:20.894Z
425,141,425,coastal bloom,top,cotton,cotton,"{\"cotton\": 100.0}",100.0,92.0,high,international,GLOBAL,NCR,Taguig,Bonifacio Global City,14.519123153369085,121.051999534484850,"Bonifacio Global City, Taguig, NCR, Philippines",0.6748,0.488,accept,2,2026-04-23T20:08:38.227155,2026-04-23T20:09:20.894Z
426,141,426,gaui,top,rayon,rayon,"{\"rayon\": 94.0, \"elastane\": 6.0}",94.0,67.92,medium,philippine,PH,NCR,Taguig,Bonifacio Global City,14.519123153369085,121.051999534484850,"Bonifacio Global City, Taguig, NCR, Philippines",0.6748,0.507,conditional,1,2026-04-23T20:08:38.227155,2026-04-23T20:09:20.894Z
427,141,427,old navy,top,linen,linen,"{\"linen\": 55.0, \"rayon\": 45.0}",100.0,84.65,high,philippine,PH,NCR,Taguig,Bonifacio Global City,14.519123153369085,121.051999534484850,"Bonifacio Global City, Taguig, NCR, Philippines",0.6748,0.245,accept,2,2026-04-23T20:08:38.227155,2026-04-23T20:09:20.894Z
428,142,428,levi's,shirt,cotton,cotton,"{\"cotton\": 100.0}",100.0,92.0,high,philippine,PH,NCR,Taguig,Bonifacio Global City,14.523953280146017,121.081444882463220,"Bonifacio Global City, Taguig, NCR, Philippines",0.6186,0.349,accept,2,2026-04-23T20:08:38.233543,2026-04-23T20:09:20.894Z
429,142,429,bench,shorts,cotton,cotton,"{\"cotton\": 100.0}",100.0,92.0,high,philippine,PH,NCR,Taguig,Bonifacio Global City,14.523953280146017,121.081444882463220,"Bonifacio Global City, Taguig, NCR, Philippines",0.6186,0.22,accept,2,2026-04-23T20:08:38.233543,2026-04-23T20:09:20.894Z
430,143,430,adored vintage,dress,cotton,cotton,"{\"cotton\": 100.0}",100.0,92.0,high,international,GLOBAL,NCR,Quezon City,Diliman,14.648967702076826,121.030076902859110,"Diliman, Quezon City, NCR, Philippines",0.8687,0.421,accept,2,2026-04-23T20:08:38.237548,2026-04-23T20:09:20.894Z
431,143,431,forme,t-shirt,cotton,cotton,"{\"cotton\": 100.0}",100.0,92.0,high,philippine,PH,NCR,Quezon City,Diliman,14.648967702076826,121.030076902859110,"Diliman, Quezon City, NCR, Philippines",0.8687,0.179,accept,2,2026-04-23T20:08:38.237548,2026-04-23T20:09:20.894Z
432,143,432,gaui,top,cotton,cotton,"{\"cotton\": 96.0, \"elastane\": 4.0}",96.0,88.48,high,philippine,PH,NCR,Quezon City,Diliman,14.648967702076826,121.030076902859110,"Diliman, Quezon City, NCR, Philippines",0.8687,0.565,accept,2,2026-04-23T20:08:38.237548,2026-04-23T20:09:20.894Z
433,143,433,gymshark,underwear,nylon,nylon,"{\"nylon\": 78.0, \"elastane\": 22.0}",0.0,10.24,low,international,GLOBAL,NCR,Quezon City,Diliman,14.648967702076826,121.030076902859110,"Diliman, Quezon City, NCR, Philippines",0.8687,0.294,decline,0,2026-04-23T20:08:38.237548,2026-04-23T20:09:20.894Z
434,143,434,gaui,hoodie,cotton,cotton,"{\"cotton\": 100.0}",100.0,92.0,high,philippine,PH,NCR,Quezon City,Diliman,14.648967702076826,121.030076902859110,"Diliman, Quezon City, NCR, Philippines",0.8687,0.477,accept,2,2026-04-23T20:08:38.237548,2026-04-23T20:09:20.894Z
435,144,435,coastal bloom,knitwear,cotton,cotton,"{\"cotton\": 100.0}",100.0,92.0,high,international,GLOBAL,NCR,Marikina,Concepcion Uno,14.641105965056463,121.104338867835790,"Concepcion Uno, Marikina, NCR, Philippines",0.6978,0.578,accept,2,2026-04-23T20:08:38.243100,2026-04-23T20:09:20.894Z
436,144,436,gymshark,shorts,nylon,nylon,"{\"nylon\": 78.0, \"elastane\": 22.0}",0.0,10.24,low,international,GLOBAL,NCR,Marikina,Concepcion Uno,14.641105965056463,121.104338867835790,"Concepcion Uno, Marikina, NCR, Philippines",0.6978,0.236,decline,0,2026-04-23T20:08:38.243100,2026-04-23T20:09:20.894Z
437,144,437,linya linya,t-shirt,polyester,polyester,"{\"polyester\": 100.0}",0.0,8.0,low,philippine,PH,NCR,Marikina,Concepcion Uno,14.641105965056463,121.104338867835790,"Concepcion Uno, Marikina, NCR, Philippines",0.6978,0.135,decline,0,2026-04-23T20:08:38.243100,2026-04-23T20:09:20.894Z
438,144,438,phoebe philo,shirt,silk,silk,"{\"silk\": 100.0}",100.0,83.0,high,international,GLOBAL,NCR,Marikina,Concepcion Uno,14.641105965056463,121.104338867835790,"Concepcion Uno, Marikina, NCR, Philippines",0.6978,0.286,accept,2,2026-04-23T20:08:38.243100,2026-04-23T20:09:20.894Z
439,145,439,coastal bloom,hoodie,cotton,cotton,"{\"cotton\": 100.0}",100.0,92.0,high,international,GLOBAL,NCR,San Juan,Greenhills,14.581448986996996,121.027428534421130,"Greenhills, San Juan, NCR, Philippines",0.5932,0.487,accept,2,2026-04-23T20:08:38.244618,2026-04-23T20:09:20.894Z
440,145,440,forme,top,cotton,cotton,"{\"cotton\": 97.0, \"elastane\": 3.0}",97.0,89.36,high,philippine,PH,NCR,San Juan,Greenhills,14.581448986996996,121.027428534421130,"Greenhills, San Juan, NCR, Philippines",0.5932,0.596,accept,2,2026-04-23T20:08:38.244618,2026-04-23T20:09:20.894Z
441,145,441,levi's,shirt,cotton,cotton,"{\"cotton\": 100.0}",100.0,92.0,high,philippine,PH,NCR,San Juan,Greenhills,14.581448986996996,121.027428534421130,"Greenhills, San Juan, NCR, Philippines",0.5932,0.256,accept,2,2026-04-23T20:08:38.244618,2026-04-23T20:09:20.894Z
442,145,442,memo,polo,cotton,cotton,"{\"cotton\": 100.0}",100.0,92.0,high,philippine,PH,NCR,San Juan,Greenhills,14.581448986996996,121.027428534421130,"Greenhills, San Juan, NCR, Philippines",0.5932,0.447,accept,2,2026-04-23T20:08:38.244618,2026-04-23T20:09:20.894Z
443,145,443,levi's,shirt,cotton,cotton,"{\"cotton\": 100.0}",100.0,92.0,high,philippine,PH,NCR,San Juan,Greenhills,14.581448986996996,121.027428534421130,"Greenhills, San Juan, NCR, Philippines",0.5932,0.21,accept,2,2026-04-23T20:08:38.244618,2026-04-23T20:09:20.894Z
444,146,444,gymshark,top,nylon,nylon,"{\"nylon\": 61.0, \"polyester\": 31.0, \"elastane\": 8.0}",0.0,10.12,low,international,GLOBAL,NCR,Valenzuela,Karuhatan,14.685007074427826,120.981378935634340,"Karuhatan, Valenzuela, NCR, Philippines",0.7256,0.403,decline,0,2026-04-23T20:08:38.246511,2026-04-23T20:09:20.894Z
445,146,445,memo,t-shirt,viscose,viscose,"{\"viscose\": 100.0}",100.0,72.0,medium,philippine,PH,NCR,Valenzuela,Karuhatan,14.685007074427826,120.981378935634340,"Karuhatan, Valenzuela, NCR, Philippines",0.7256,0.244,conditional,1,2026-04-23T20:08:38.246511,2026-04-23T20:09:20.894Z
446,147,446,memo,skirt,cotton,cotton,"{\"cotton\": 97.0, \"elastane\": 3.0}",97.0,89.36,high,philippine,PH,NCR,Muntinlupa,Alabang,14.409617716345476,121.040875149396380,"Alabang, Muntinlupa, NCR, Philippines",0.5976,0.253,accept,2,2026-04-23T20:08:38.250435,2026-04-23T20:09:20.894Z
447,147,447,no emotions,top,modal,modal,"{\"modal\": 70.0, \"polyester\": 30.0}",70.0,55.6,medium,philippine,PH,NCR,Muntinlupa,Alabang,14.409617716345476,121.040875149396380,"Alabang, Muntinlupa, NCR, Philippines",0.5976,0.334,conditional,1,2026-04-23T20:08:38.250435,2026-04-23T20:09:20.894Z
448,147,448,oxgn,top,polyester,polyester,"{\"polyester\": 100.0}",0.0,8.0,low,philippine,PH,NCR,Muntinlupa,Alabang,14.409617716345476,121.040875149396380,"Alabang, Muntinlupa, NCR, Philippines",0.5976,0.348,decline,0,2026-04-23T20:08:38.250435,2026-04-23T20:09:20.894Z
449,148,449,made by fade,hoodie,cotton,cotton,"{\"cotton\": 75.0, \"polyester\": 20.0, \"elastane\": 5.0}",75.0,70.8,medium,philippine,PH,NCR,Caloocan,Bagong Silang,14.630930683952950,120.980757996157350,"Bagong Silang, Caloocan, NCR, Philippines",0.785,0.448,conditional,1,2026-04-23T20:08:38.251528,2026-04-23T20:09:20.894Z
450,148,450,tropa store,top,bamboo,bamboo,"{\"bamboo\": 95.0, \"elastane\": 5.0}",95.0,69.55,medium,philippine,PH,NCR,Caloocan,Bagong Silang,14.630930683952950,120.980757996157350,"Bagong Silang, Caloocan, NCR, Philippines",0.785,0.159,conditional,1,2026-04-23T20:08:38.251528,2026-04-23T20:09:20.894Z
451,149,451,forme,t-shirt,viscose,viscose,"{\"viscose\": 100.0}",100.0,72.0,medium,philippine,PH,NCR,Malabon,Acacia,14.642740892362959,120.965033671127200,"Acacia, Malabon, NCR, Philippines",0.7138,0.149,conditional,1,2026-04-23T20:08:38.254367,2026-04-23T20:09:20.894Z
452,149,452,coastal bloom,dress,linen,linen,"{\"linen\": 100.0}",100.0,95.0,high,international,GLOBAL,NCR,Malabon,Acacia,14.642740892362959,120.965033671127200,"Acacia, Malabon, NCR, Philippines",0.7138,0.434,accept,2,2026-04-23T20:08:38.254367,2026-04-23T20:09:20.894Z
453,149,453,levi's,jacket,cotton,cotton,"{\"cotton\": 100.0}",100.0,92.0,high,philippine,PH,NCR,Malabon,Acacia,14.642740892362959,120.965033671127200,"Acacia, Malabon, NCR, Philippines",0.7138,0.716,accept,2,2026-04-23T20:08:38.254367,2026-04-23T20:09:20.894Z
454,149,454,coastal bloom,dress,modal,modal,"{\"modal\": 50.0, \"polyester\": 47.0, \"elastane\": 3.0}",50.0,41.88,low,international,GLOBAL,NCR,Malabon,Acacia,14.642740892362959,120.965033671127200,"Acacia, Malabon, NCR, Philippines",0.7138,0.296,conditional,1,2026-04-23T20:08:38.254367,2026-04-23T20:09:20.894Z
455,149,455,old navy,top,linen,linen,"{\"linen\": 55.0, \"rayon\": 45.0}",100.0,84.65,high,philippine,PH,NCR,Malabon,Acacia,14.642740892362959,120.965033671127200,"Acacia, Malabon, NCR, Philippines",0.7138,0.212,accept,2,2026-04-23T20:08:38.254367,2026-04-23T20:09:20.894Z
456,150,456,old navy,top,cotton,cotton,"{\"cotton\": 100.0}",100.0,92.0,high,philippine,PH,NCR,Makati,Bel-Air,14.565531727367464,121.041638945509260,"Bel-Air, Makati, NCR, Philippines",0.7364,0.394,accept,2,2026-04-23T20:08:38.255571,2026-04-23T20:09:20.894Z
457,150,457,adored vintage,knitwear,wool,wool,"{\"wool\": 100.0}",100.0,74.0,medium,international,GLOBAL,NCR,Makati,Bel-Air,14.565531727367464,121.041638945509260,"Bel-Air, Makati, NCR, Philippines",0.7364,0.466,conditional,1,2026-04-23T20:08:38.255571,2026-04-23T20:09:20.894Z
458,151,458,old navy,shirt,cotton,cotton,"{\"cotton\": 100.0}",100.0,92.0,high,philippine,PH,NCR,Valenzuela,Karuhatan,14.697193324144358,120.957208746551370,"Karuhatan, Valenzuela, NCR, Philippines",0.7298,0.214,accept,2,2026-04-23T20:08:38.258429,2026-04-23T20:09:20.894Z
459,151,459,levi's,shirt,cotton,cotton,"{\"cotton\": 100.0}",100.0,92.0,high,philippine,PH,NCR,Valenzuela,Karuhatan,14.697193324144358,120.957208746551370,"Karuhatan, Valenzuela, NCR, Philippines",0.7298,0.345,accept,2,2026-04-23T20:08:38.258429,2026-04-23T20:09:20.894Z
460,151,460,noti but we,knitwear,polyester,polyester,"{\"polyester\": 72.0, \"rayon\": 23.0, \"elastane\": 5.0}",23.0,22.52,low,philippine,PH,NCR,Valenzuela,Karuhatan,14.697193324144358,120.957208746551370,"Karuhatan, Valenzuela, NCR, Philippines",0.7298,0.33,decline,0,2026-04-23T20:08:38.258429,2026-04-23T20:09:20.894Z
461,151,461,memo,polo,polyester,polyester,"{\"polyester\": 86.0, \"cotton\": 14.0}",14.0,19.76,low,philippine,PH,NCR,Valenzuela,Karuhatan,14.697193324144358,120.957208746551370,"Karuhatan, Valenzuela, NCR, Philippines",0.7298,0.458,decline,0,2026-04-23T20:08:38.258429,2026-04-23T20:09:20.894Z
462,152,462,guess,top,cotton,cotton,"{\"cotton\": 100.0}",100.0,92.0,high,philippine,PH,NCR,Manila,Ermita,14.585452272306737,120.999117480666110,"Ermita, Manila, NCR, Philippines",0.9894,0.35,accept,2,2026-04-23T20:08:38.259482,2026-04-23T20:09:20.894Z
463,152,463,levi's,t-shirt,cotton,cotton,"{\"cotton\": 100.0}",100.0,92.0,high,philippine,PH,NCR,Manila,Ermita,14.585452272306737,120.999117480666110,"Ermita, Manila, NCR, Philippines",0.9894,0.287,accept,2,2026-04-23T20:08:38.259482,2026-04-23T20:09:20.894Z
464,152,464,coastal bloom,dress,cotton,cotton,"{\"cotton\": 55.0, \"viscose\": 45.0}",100.0,83.0,high,international,GLOBAL,NCR,Manila,Ermita,14.585452272306737,120.999117480666110,"Ermita, Manila, NCR, Philippines",0.9894,0.499,accept,2,2026-04-23T20:08:38.259482,2026-04-23T20:09:20.894Z
465,153,465,gymshark,top,cotton,cotton,"{\"cotton\": 90.0, \"viscose\": 5.0, \"elastane\": 5.0}",95.0,86.6,high,international,GLOBAL,NCR,Malabon,Acacia,14.660077820102066,120.950617312804620,"Acacia, Malabon, NCR, Philippines",0.7841,0.3,accept,2,2026-04-23T20:08:38.261413,2026-04-23T20:09:20.894Z
466,153,466,memo,polo,cotton,cotton,"{\"cotton\": 90.0, \"polyester\": 10.0}",90.0,83.6,high,philippine,PH,NCR,Malabon,Acacia,14.660077820102066,120.950617312804620,"Acacia, Malabon, NCR, Philippines",0.7841,0.26,accept,2,2026-04-23T20:08:38.261413,2026-04-23T20:09:20.894Z
467,154,467,old navy,shirt,cotton,cotton,"{\"cotton\": 100.0}",100.0,92.0,high,philippine,PH,NCR,Taguig,Bonifacio Global City,14.548247524974924,121.091660344288100,"Bonifacio Global City, Taguig, NCR, Philippines",0.6375,0.299,accept,2,2026-04-23T20:08:38.262108,2026-04-23T20:09:20.894Z
468,154,468,world balance,t-shirt,nylon,nylon,"{\"nylon\": 87.0, \"elastane\": 13.0}",0.0,10.96,low,philippine,PH,NCR,Taguig,Bonifacio Global City,14.548247524974924,121.091660344288100,"Bonifacio Global City, Taguig, NCR, Philippines",0.6375,0.253,decline,0,2026-04-23T20:08:38.262108,2026-04-23T20:09:20.894Z
469,154,469,forme,dress,polyester,polyester,"{\"polyester\": 100.0}",0.0,8.0,low,philippine,PH,NCR,Taguig,Bonifacio Global City,14.548247524974924,121.091660344288100,"Bonifacio Global City, Taguig, NCR, Philippines",0.6375,0.467,decline,0,2026-04-23T20:08:38.262108,2026-04-23T20:09:20.894Z
470,155,470,memo,polo,viscose,viscose,"{\"viscose\": 100.0}",100.0,72.0,medium,philippine,PH,NCR,Muntinlupa,Alabang,14.387086009725714,121.031921413807450,"Alabang, Muntinlupa, NCR, Philippines",0.606,0.28,conditional,1,2026-04-23T20:08:38.266016,2026-04-23T20:09:20.894Z
471,156,471,adored vintage,top,cotton,cotton,"{\"cotton\": 95.0, \"elastane\": 5.0}",95.0,87.6,high,international,GLOBAL,NCR,Makati,Bel-Air,14.561092968704802,121.016621719411250,"Bel-Air, Makati, NCR, Philippines",0.7782,0.517,accept,2,2026-04-23T20:08:38.266628,2026-04-23T20:09:20.894Z
472,156,472,gymshark,t-shirt,cotton,cotton,"{\"cotton\": 100.0}",100.0,92.0,high,international,GLOBAL,NCR,Makati,Bel-Air,14.561092968704802,121.016621719411250,"Bel-Air, Makati, NCR, Philippines",0.7782,0.272,accept,2,2026-04-23T20:08:38.266628,2026-04-23T20:09:20.894Z
473,157,473,patton studio,jacket,cotton,cotton,"{\"cotton\": 70.0, \"polyester\": 30.0}",70.0,66.8,medium,philippine,PH,NCR,Caloocan,Bagong Silang,14.626719851640000,120.964189998426480,"Bagong Silang, Caloocan, NCR, Philippines",0.8182,1.355,conditional,1,2026-04-23T20:08:38.267354,2026-04-23T20:09:20.894Z
474,157,474,coastal bloom,dress,cotton,cotton,"{\"cotton\": 100.0}",100.0,92.0,high,international,GLOBAL,NCR,Caloocan,Bagong Silang,14.626719851640000,120.964189998426480,"Bagong Silang, Caloocan, NCR, Philippines",0.8182,0.248,accept,2,2026-04-23T20:08:38.267354,2026-04-23T20:09:20.894Z
475,157,475,levi's,dress,cotton,cotton,"{\"cotton\": 100.0}",100.0,92.0,high,philippine,PH,NCR,Caloocan,Bagong Silang,14.626719851640000,120.964189998426480,"Bagong Silang, Caloocan, NCR, Philippines",0.8182,0.471,accept,2,2026-04-23T20:08:38.267354,2026-04-23T20:09:20.894Z
476,158,476,levi's,t-shirt,cotton,cotton,"{\"cotton\": 100.0}",100.0,92.0,high,philippine,PH,NCR,Quezon City,Diliman,14.645557729507827,121.073555875750600,"Diliman, Quezon City, NCR, Philippines",0.8435,0.131,accept,2,2026-04-23T20:08:38.271342,2026-04-23T20:09:20.894Z
477,158,477,regatta,dress,cotton,cotton,"{\"cotton\": 50.0, \"modal\": 50.0}",100.0,84.0,high,philippine,PH,NCR,Quezon City,Diliman,14.645557729507827,121.073555875750600,"Diliman, Quezon City, NCR, Philippines",0.8435,0.348,accept,2,2026-04-23T20:08:38.271342,2026-04-23T20:09:20.894Z
478,158,478,phoebe philo,shirt,cotton,cotton,"{\"cotton\": 70.0, \"polyester\": 30.0}",70.0,66.8,medium,international,GLOBAL,NCR,Quezon City,Diliman,14.645557729507827,121.073555875750600,"Diliman, Quezon City, NCR, Philippines",0.8435,0.274,conditional,1,2026-04-23T20:08:38.271342,2026-04-23T20:09:20.894Z
479,158,479,levi's,polo,cotton,cotton,"{\"cotton\": 100.0}",100.0,92.0,high,philippine,PH,NCR,Quezon City,Diliman,14.645557729507827,121.073555875750600,"Diliman, Quezon City, NCR, Philippines",0.8435,0.57,accept,2,2026-04-23T20:08:38.271342,2026-04-23T20:09:20.894Z
480,159,480,coastal bloom,knitwear,viscose,viscose,"{\"viscose\": 80.0, \"polyester\": 20.0}",80.0,59.2,medium,international,GLOBAL,NCR,Valenzuela,Karuhatan,14.670172331829570,120.951353275867400,"Karuhatan, Valenzuela, NCR, Philippines",0.7473,0.272,conditional,1,2026-04-23T20:08:38.272463,2026-04-23T20:09:20.894Z
481,159,481,levi's,top,viscose,viscose,"{\"viscose\": 92.0, \"elastane\": 8.0}",92.0,66.56,medium,philippine,PH,NCR,Valenzuela,Karuhatan,14.670172331829570,120.951353275867400,"Karuhatan, Valenzuela, NCR, Philippines",0.7473,0.548,conditional,1,2026-04-23T20:08:38.272463,2026-04-23T20:09:20.894Z
482,160,482,old navy,top,rayon,rayon,"{\"rayon\": 95.0, \"elastane\": 5.0}",95.0,68.6,medium,philippine,PH,NCR,Pasay,Malibay,14.524291740119034,121.011276764246200,"Malibay, Pasay, NCR, Philippines",0.7761,0.341,conditional,1,2026-04-23T20:08:38.275987,2026-04-23T20:09:20.894Z
483,160,483,regatta,dress,cotton,cotton,"{\"cotton\": 97.0, \"elastane\": 3.0}",97.0,89.36,high,philippine,PH,NCR,Pasay,Malibay,14.524291740119034,121.011276764246200,"Malibay, Pasay, NCR, Philippines",0.7761,0.393,accept,2,2026-04-23T20:08:38.275987,2026-04-23T20:09:20.894Z
484,161,484,coastal bloom,dress,cotton,cotton,"{\"cotton\": 100.0}",100.0,92.0,high,international,GLOBAL,NCR,Muntinlupa,Alabang,14.398571545780758,121.052544436743460,"Alabang, Muntinlupa, NCR, Philippines",0.5738,0.55,accept,2,2026-04-23T20:08:38.276806,2026-04-23T20:09:20.894Z
485,161,485,coastal bloom,top,polyester,polyester,"{\"polyester\": 100.0}",0.0,8.0,low,international,GLOBAL,NCR,Muntinlupa,Alabang,14.398571545780758,121.052544436743460,"Alabang, Muntinlupa, NCR, Philippines",0.5738,0.382,decline,0,2026-04-23T20:08:38.276806,2026-04-23T20:09:20.894Z
486,162,486,linya linya,top,cotton,cotton,"{\"cotton\": 60.0, \"polyester\": 40.0}",60.0,58.4,medium,philippine,PH,NCR,Quezon City,Diliman,14.662446764948436,121.072458603910830,"Diliman, Quezon City, NCR, Philippines",0.9297,0.358,conditional,1,2026-04-23T20:08:38.277581,2026-04-23T20:09:20.894Z
487,163,487,gaui,pants,polyester,polyester,"{\"polyester\": 95.0, \"elastane\": 5.0}",0.0,7.8,low,philippine,PH,NCR,Marikina,Concepcion Uno,14.610679357727847,121.107967321561180,"Concepcion Uno, Marikina, NCR, Philippines",0.6361,0.626,decline,0,2026-04-23T20:08:38.282330,2026-04-23T20:09:20.894Z
488,164,488,gq,pants,linen,linen,"{\"linen\": 100.0}",100.0,95.0,high,philippine,PH,NCR,San Juan,Greenhills,14.620497839329891,121.025780199901990,"Greenhills, San Juan, NCR, Philippines",0.6136,0.612,accept,2,2026-04-23T20:08:38.282997,2026-04-23T20:09:20.894Z
489,164,489,linya linya,t-shirt,polyester,polyester,"{\"polyester\": 100.0}",0.0,8.0,low,philippine,PH,NCR,San Juan,Greenhills,14.620497839329891,121.025780199901990,"Greenhills, San Juan, NCR, Philippines",0.6136,0.26,decline,0,2026-04-23T20:08:38.282997,2026-04-23T20:09:20.894Z
490,164,490,made by fade,jeans,cotton,cotton,"{\"cotton\": 98.0, \"elastane\": 2.0}",98.0,90.24,high,philippine,PH,NCR,San Juan,Greenhills,14.620497839329891,121.025780199901990,"Greenhills, San Juan, NCR, Philippines",0.6136,0.697,accept,2,2026-04-23T20:08:38.282997,2026-04-23T20:09:20.894Z
491,164,491,forme,t-shirt,viscose,viscose,"{\"viscose\": 100.0}",100.0,72.0,medium,philippine,PH,NCR,San Juan,Greenhills,14.620497839329891,121.025780199901990,"Greenhills, San Juan, NCR, Philippines",0.6136,0.279,conditional,1,2026-04-23T20:08:38.282997,2026-04-23T20:09:20.894Z
492,165,492,regatta,dress,cotton,cotton,"{\"cotton\": 55.0, \"polyester\": 45.0}",55.0,54.2,medium,philippine,PH,NCR,Caloocan,Bagong Silang,14.670297938982948,120.952188261648600,"Bagong Silang, Caloocan, NCR, Philippines",0.7855,0.387,conditional,1,2026-04-23T20:08:38.285207,2026-04-23T20:09:20.894Z
493,165,493,just g,top,nylon,nylon,"{\"nylon\": 75.0, \"elastane\": 25.0}",0.0,10.0,low,philippine,PH,NCR,Caloocan,Bagong Silang,14.670297938982948,120.952188261648600,"Bagong Silang, Caloocan, NCR, Philippines",0.7855,0.18,decline,0,2026-04-23T20:08:38.285207,2026-04-23T20:09:20.894Z
494,166,494,regatta,skirt,cotton,cotton,"{\"cotton\": 100.0}",100.0,92.0,high,philippine,PH,NCR,Manila,Ermita,14.565475137208285,120.977177932984700,"Ermita, Manila, NCR, Philippines",0.9406,0.16,accept,2,2026-04-23T20:08:38.286028,2026-04-23T20:09:20.894Z
495,166,495,gymshark,top,nylon,nylon,"{\"nylon\": 96.0, \"elastane\": 4.0}",0.0,11.68,low,international,GLOBAL,NCR,Manila,Ermita,14.565475137208285,120.977177932984700,"Ermita, Manila, NCR, Philippines",0.9406,0.444,decline,0,2026-04-23T20:08:38.286028,2026-04-23T20:09:20.894Z
496,166,496,gaui,top,linen,linen,"{\"linen\": 100.0}",100.0,95.0,high,philippine,PH,NCR,Manila,Ermita,14.565475137208285,120.977177932984700,"Ermita, Manila, NCR, Philippines",0.9406,0.52,accept,2,2026-04-23T20:08:38.286028,2026-04-23T20:09:20.894Z
497,167,497,forme,t-shirt,cotton,cotton,"{\"cotton\": 60.0, \"polyester\": 40.0}",60.0,58.4,medium,philippine,PH,NCR,Caloocan,Bagong Silang,14.633687686741071,120.990423548681040,"Bagong Silang, Caloocan, NCR, Philippines",0.7642,0.208,conditional,1,2026-04-23T20:08:38.286909,2026-04-23T20:09:20.894Z
498,167,498,oxgn,t-shirt,polyester,polyester,"{\"polyester\": 65.0, \"cotton\": 35.0}",35.0,37.4,low,philippine,PH,NCR,Caloocan,Bagong Silang,14.633687686741071,120.990423548681040,"Bagong Silang, Caloocan, NCR, Philippines",0.7642,0.264,decline,0,2026-04-23T20:08:38.286909,2026-04-23T20:09:20.894Z
499,168,499,adored vintage,dress,linen,linen,"{\"linen\": 100.0}",100.0,95.0,high,international,GLOBAL,NCR,Quezon City,Diliman,14.645778675896938,121.060515277805320,"Diliman, Quezon City, NCR, Philippines",0.8825,0.463,accept,2,2026-04-23T20:08:38.287594,2026-04-23T20:09:20.894Z
500,169,500,old navy,hoodie,cotton,cotton,"{\"cotton\": 60.0, \"polyester\": 40.0}",60.0,58.4,medium,philippine,PH,NCR,Muntinlupa,Alabang,14.401776699397413,121.043144081892860,"Alabang, Muntinlupa, NCR, Philippines",0.5072,0.249,conditional,1,2026-04-23T20:08:38.288111,2026-04-23T20:09:20.894Z
501,169,501,regatta,shirt,rayon,rayon,"{\"rayon\": 86.0, \"linen\": 7.0, \"polyester\": 7.0}",93.0,69.13,medium,philippine,PH,NCR,Muntinlupa,Alabang,14.401776699397413,121.043144081892860,"Alabang, Muntinlupa, NCR, Philippines",0.5072,0.192,conditional,1,2026-04-23T20:08:38.288111,2026-04-23T20:09:20.894Z
502,170,502,levi's,t-shirt,cotton,cotton,"{\"cotton\": 100.0}",100.0,92.0,high,philippine,PH,NCR,Pasig,Kapitolyo,14.541462117401698,121.055733417505550,"Kapitolyo, Pasig, NCR, Philippines",0.6746,0.135,accept,2,2026-04-23T20:08:38.288826,2026-04-23T20:09:20.894Z
503,170,503,oxgn,top,polyester,polyester,"{\"polyester\": 100.0}",0.0,8.0,low,philippine,PH,NCR,Pasig,Kapitolyo,14.541462117401698,121.055733417505550,"Kapitolyo, Pasig, NCR, Philippines",0.6746,0.52,decline,0,2026-04-23T20:08:38.288826,2026-04-23T20:09:20.894Z
504,170,504,coastal bloom,top,cotton,cotton,"{\"cotton\": 100.0}",100.0,92.0,high,international,GLOBAL,NCR,Pasig,Kapitolyo,14.541462117401698,121.055733417505550,"Kapitolyo, Pasig, NCR, Philippines",0.6746,0.329,accept,2,2026-04-23T20:08:38.288826,2026-04-23T20:09:20.894Z
505,170,505,coastal bloom,dress,linen,linen,"{\"linen\": 100.0}",100.0,95.0,high,international,GLOBAL,NCR,Pasig,Kapitolyo,14.541462117401698,121.055733417505550,"Kapitolyo, Pasig, NCR, Philippines",0.6746,0.547,accept,2,2026-04-23T20:08:38.288826,2026-04-23T20:09:20.894Z
506,171,506,adored vintage,dress,viscose,viscose,"{\"viscose\": 100.0}",100.0,72.0,medium,international,GLOBAL,NCR,Caloocan,Bagong Silang,14.659021491284683,120.969819975360070,"Bagong Silang, Caloocan, NCR, Philippines",0.8044,0.506,conditional,1,2026-04-23T20:08:38.289965,2026-04-23T20:09:20.894Z
507,171,507,bench,underwear,nylon,nylon,"{\"nylon\": 85.0, \"elastane\": 15.0}",0.0,10.8,low,philippine,PH,NCR,Caloocan,Bagong Silang,14.659021491284683,120.969819975360070,"Bagong Silang, Caloocan, NCR, Philippines",0.8044,0.589,decline,0,2026-04-23T20:08:38.289965,2026-04-23T20:09:20.894Z
508,171,508,oxgn,t-shirt,cotton,cotton,"{\"cotton\": 50.0, \"polyester\": 50.0}",50.0,50.0,medium,philippine,PH,NCR,Caloocan,Bagong Silang,14.659021491284683,120.969819975360070,"Bagong Silang, Caloocan, NCR, Philippines",0.8044,0.275,conditional,1,2026-04-23T20:08:38.289965,2026-04-23T20:09:20.894Z
509,171,509,oxgn,t-shirt,polyester,polyester,"{\"polyester\": 65.0, \"cotton\": 35.0}",35.0,37.4,low,philippine,PH,NCR,Caloocan,Bagong Silang,14.659021491284683,120.969819975360070,"Bagong Silang, Caloocan, NCR, Philippines",0.8044,0.138,decline,0,2026-04-23T20:08:38.289965,2026-04-23T20:09:20.894Z
510,171,510,levi's,shirt,cotton,cotton,"{\"cotton\": 100.0}",100.0,92.0,high,philippine,PH,NCR,Caloocan,Bagong Silang,14.659021491284683,120.969819975360070,"Bagong Silang, Caloocan, NCR, Philippines",0.8044,0.194,accept,2,2026-04-23T20:08:38.289965,2026-04-23T20:09:20.894Z
511,172,511,adored vintage,top,cotton,cotton,"{\"cotton\": 100.0}",100.0,92.0,high,international,GLOBAL,NCR,Pasay,Malibay,14.533153679081911,121.006386556539030,"Malibay, Pasay, NCR, Philippines",0.7106,0.398,accept,2,2026-04-23T20:08:38.291163,2026-04-23T20:09:20.894Z
512,172,512,just g,dress,viscose,viscose,"{\"viscose\": 100.0}",100.0,72.0,medium,philippine,PH,NCR,Pasay,Malibay,14.533153679081911,121.006386556539030,"Malibay, Pasay, NCR, Philippines",0.7106,0.49,conditional,1,2026-04-23T20:08:38.291163,2026-04-23T20:09:20.894Z
513,172,513,memo,polo,viscose,viscose,"{\"viscose\": 100.0}",100.0,72.0,medium,philippine,PH,NCR,Pasay,Malibay,14.533153679081911,121.006386556539030,"Malibay, Pasay, NCR, Philippines",0.7106,0.47,conditional,1,2026-04-23T20:08:38.291163,2026-04-23T20:09:20.894Z
514,173,514,gq,shirt,cotton,cotton,"{\"cotton\": 100.0}",100.0,92.0,high,philippine,PH,NCR,Manila,Ermita,14.567922156857302,120.985440022622800,"Ermita, Manila, NCR, Philippines",0.8737,0.202,accept,2,2026-04-23T20:08:38.292034,2026-04-23T20:09:20.894Z
515,173,515,world balance,t-shirt,polyester,polyester,"{\"polyester\": 92.0, \"elastane\": 8.0}",0.0,7.68,low,philippine,PH,NCR,Manila,Ermita,14.567922156857302,120.985440022622800,"Ermita, Manila, NCR, Philippines",0.8737,0.184,decline,0,2026-04-23T20:08:38.292034,2026-04-23T20:09:20.894Z
516,173,516,forme,t-shirt,cotton,cotton,"{\"cotton\": 60.0, \"polyester\": 40.0}",60.0,58.4,medium,philippine,PH,NCR,Manila,Ermita,14.567922156857302,120.985440022622800,"Ermita, Manila, NCR, Philippines",0.8737,0.252,conditional,1,2026-04-23T20:08:38.292034,2026-04-23T20:09:20.894Z
517,174,517,coastal bloom,top,cotton,cotton,"{\"cotton\": 100.0}",100.0,92.0,high,international,GLOBAL,NCR,San Juan,Greenhills,14.607497453394503,121.024215374042850,"Greenhills, San Juan, NCR, Philippines",0.5946,0.385,accept,2,2026-04-23T20:08:38.292926,2026-04-23T20:09:20.894Z
518,175,518,princess polly,swimwear,nylon,nylon,"{\"nylon\": 85.0, \"elastane\": 15.0}",0.0,10.8,low,international,GLOBAL,NCR,Malabon,Acacia,14.661055156852360,120.959958719125480,"Acacia, Malabon, NCR, Philippines",0.8053,0.15,decline,0,2026-04-23T20:08:38.293493,2026-04-23T20:09:20.894Z
519,176,519,just g,top,viscose,viscose,"{\"viscose\": 50.0, \"nylon\": 50.0}",50.0,42.0,low,philippine,PH,NCR,Las Piñas,Almanza Uno,14.500626774885939,120.989100638161420,"Almanza Uno, Las Piñas, NCR, Philippines",0.6745,0.551,conditional,1,2026-04-23T20:08:38.296015,2026-04-23T20:09:20.894Z
520,177,520,coastal bloom,top,polyester,polyester,"{\"polyester\": 95.0, \"elastane\": 5.0}",0.0,7.8,low,international,GLOBAL,NCR,Marikina,Concepcion Uno,14.631912987833932,121.121131197192130,"Concepcion Uno, Marikina, NCR, Philippines",0.71,0.247,decline,0,2026-04-23T20:08:38.296609,2026-04-23T20:09:20.894Z
521,178,521,coastal bloom,hoodie,cotton,cotton,"{\"cotton\": 100.0}",100.0,92.0,high,international,GLOBAL,NCR,Navotas,Northbay Boulevard Norte,14.641960525479100,120.956945550460450,"Northbay Boulevard Norte, Navotas, NCR, Philippines",0.8794,0.195,accept,2,2026-04-23T20:08:38.297152,2026-04-23T20:09:20.894Z
522,178,522,guess,top,polyester,polyester,"{\"polyester\": 90.0, \"elastane\": 10.0}",0.0,7.6,low,philippine,PH,NCR,Navotas,Northbay Boulevard Norte,14.641960525479100,120.956945550460450,"Northbay Boulevard Norte, Navotas, NCR, Philippines",0.8794,0.243,decline,0,2026-04-23T20:08:38.297152,2026-04-23T20:09:20.894Z
523,178,523,levi's,t-shirt,cotton,cotton,"{\"cotton\": 100.0}",100.0,92.0,high,philippine,PH,NCR,Navotas,Northbay Boulevard Norte,14.641960525479100,120.956945550460450,"Northbay Boulevard Norte, Navotas, NCR, Philippines",0.8794,0.185,accept,2,2026-04-23T20:08:38.297152,2026-04-23T20:09:20.894Z
524,179,524,phoebe philo,jeans,polyester,polyester,"{\"polyester\": 65.0, \"cotton\": 35.0}",35.0,37.4,low,international,GLOBAL,NCR,Caloocan,Bagong Silang,14.633079101246167,120.990397594310950,"Bagong Silang, Caloocan, NCR, Philippines",0.773,0.644,decline,0,2026-04-23T20:08:38.298096,2026-04-23T20:09:20.894Z
525,179,525,levi's,t-shirt,cotton,cotton,"{\"cotton\": 100.0}",100.0,92.0,high,philippine,PH,NCR,Caloocan,Bagong Silang,14.633079101246167,120.990397594310950,"Bagong Silang, Caloocan, NCR, Philippines",0.773,0.111,accept,2,2026-04-23T20:08:38.298096,2026-04-23T20:09:20.894Z
526,179,526,gaui,top,rayon,rayon,"{\"rayon\": 94.0, \"elastane\": 6.0}",94.0,67.92,medium,philippine,PH,NCR,Caloocan,Bagong Silang,14.633079101246167,120.990397594310950,"Bagong Silang, Caloocan, NCR, Philippines",0.773,0.311,conditional,1,2026-04-23T20:08:38.298096,2026-04-23T20:09:20.894Z
527,180,527,world balance,polo,nylon,nylon,"{\"nylon\": 58.0, \"polyester\": 42.0}",0.0,10.32,low,philippine,PH,NCR,Makati,Bel-Air,14.562319153367090,121.006392114883620,"Bel-Air, Makati, NCR, Philippines",0.7126,0.568,decline,0,2026-04-23T20:08:38.301071,2026-04-23T20:09:20.894Z
528,180,528,phoebe philo,skirt,silk,silk,"{\"silk\": 93.0, \"elastane\": 7.0}",93.0,77.47,medium,international,GLOBAL,NCR,Makati,Bel-Air,14.562319153367090,121.006392114883620,"Bel-Air, Makati, NCR, Philippines",0.7126,0.18,accept,2,2026-04-23T20:08:38.301071,2026-04-23T20:09:20.894Z
529,181,529,gaui,pants,polyester,polyester,"{\"polyester\": 95.0, \"elastane\": 5.0}",0.0,7.8,low,philippine,PH,NCR,Quezon City,Diliman,14.631820921905550,121.054603862815530,"Diliman, Quezon City, NCR, Philippines",0.8322,0.648,decline,0,2026-04-23T20:08:38.301939,2026-04-23T20:09:20.894Z
530,181,530,world balance,t-shirt,cotton,cotton,"{\"cotton\": 95.0, \"elastane\": 5.0}",95.0,87.6,high,philippine,PH,NCR,Quezon City,Diliman,14.631820921905550,121.054603862815530,"Diliman, Quezon City, NCR, Philippines",0.8322,0.251,accept,2,2026-04-23T20:08:38.301939,2026-04-23T20:09:20.894Z
531,181,531,coastal bloom,dress,polyester,polyester,"{\"polyester\": 80.0, \"cotton\": 20.0}",20.0,24.8,low,international,GLOBAL,NCR,Quezon City,Diliman,14.631820921905550,121.054603862815530,"Diliman, Quezon City, NCR, Philippines",0.8322,0.487,decline,0,2026-04-23T20:08:38.301939,2026-04-23T20:09:20.894Z
532,181,532,gaui,hoodie,cotton,cotton,"{\"cotton\": 100.0}",100.0,92.0,high,philippine,PH,NCR,Quezon City,Diliman,14.631820921905550,121.054603862815530,"Diliman, Quezon City, NCR, Philippines",0.8322,0.387,accept,2,2026-04-23T20:08:38.301939,2026-04-23T20:09:20.894Z
533,182,533,patton studio,jacket,cotton,cotton,"{\"cotton\": 65.0, \"polyester\": 35.0}",65.0,62.6,medium,philippine,PH,NCR,Valenzuela,Karuhatan,14.668899055147207,120.964516648209310,"Karuhatan, Valenzuela, NCR, Philippines",0.7591,1.454,conditional,1,2026-04-23T20:08:38.305130,2026-04-23T20:09:20.894Z
534,183,534,forme,knitwear,rayon,rayon,"{\"rayon\": 61.0, \"nylon\": 34.0, \"elastane\": 5.0}",61.0,48.2,low,philippine,PH,NCR,Navotas,Northbay Boulevard Norte,14.672495748272237,120.931486259682930,"Northbay Boulevard Norte, Navotas, NCR, Philippines",0.7751,0.374,conditional,1,2026-04-23T20:08:38.305738,2026-04-23T20:09:20.894Z
535,184,535,gaui,top,rayon,rayon,"{\"rayon\": 94.0, \"elastane\": 6.0}",94.0,67.92,medium,philippine,PH,NCR,Muntinlupa,Alabang,14.412807636427289,121.038946718060860,"Alabang, Muntinlupa, NCR, Philippines",0.6131,0.413,conditional,1,2026-04-23T20:08:38.306323,2026-04-23T20:09:20.894Z
536,184,536,adored vintage,jeans,cotton,cotton,"{\"cotton\": 100.0}",100.0,92.0,high,international,GLOBAL,NCR,Muntinlupa,Alabang,14.412807636427289,121.038946718060860,"Alabang, Muntinlupa, NCR, Philippines",0.6131,0.551,accept,2,2026-04-23T20:08:38.306323,2026-04-23T20:09:20.894Z
537,184,537,coastal bloom,top,modal,modal,"{\"modal\": 50.0, \"polyester\": 47.0, \"elastane\": 3.0}",50.0,41.88,low,international,GLOBAL,NCR,Muntinlupa,Alabang,14.412807636427289,121.038946718060860,"Alabang, Muntinlupa, NCR, Philippines",0.6131,0.294,conditional,1,2026-04-23T20:08:38.306323,2026-04-23T20:09:20.894Z
538,185,538,oxgn,shorts,nylon,nylon,"{\"nylon\": 100.0}",0.0,12.0,low,philippine,PH,NCR,Las Piñas,Almanza Uno,14.461065373955352,121.000093330316550,"Almanza Uno, Las Piñas, NCR, Philippines",0.6099,0.24,decline,0,2026-04-23T20:08:38.309425,2026-04-23T20:09:20.894Z
539,185,539,gaui,top,rayon,rayon,"{\"rayon\": 94.0, \"elastane\": 6.0}",94.0,67.92,medium,philippine,PH,NCR,Las Piñas,Almanza Uno,14.461065373955352,121.000093330316550,"Almanza Uno, Las Piñas, NCR, Philippines",0.6099,0.334,conditional,1,2026-04-23T20:08:38.309425,2026-04-23T20:09:20.894Z
540,186,540,made by fade,t-shirt,cotton,cotton,"{\"cotton\": 100.0}",100.0,92.0,high,philippine,PH,NCR,Marikina,Concepcion Uno,14.639765859107234,121.120692569574440,"Concepcion Uno, Marikina, NCR, Philippines",0.6077,0.178,accept,2,2026-04-23T20:08:38.310196,2026-04-23T20:09:20.894Z
541,186,541,patton studio,pants,cotton,cotton,"{\"cotton\": 100.0}",100.0,92.0,high,philippine,PH,NCR,Marikina,Concepcion Uno,14.639765859107234,121.120692569574440,"Concepcion Uno, Marikina, NCR, Philippines",0.6077,0.465,accept,2,2026-04-23T20:08:38.310196,2026-04-23T20:09:20.894Z
542,186,542,just g,shorts,cotton,cotton,"{\"cotton\": 100.0}",100.0,92.0,high,philippine,PH,NCR,Marikina,Concepcion Uno,14.639765859107234,121.120692569574440,"Concepcion Uno, Marikina, NCR, Philippines",0.6077,0.263,accept,2,2026-04-23T20:08:38.310196,2026-04-23T20:09:20.894Z
543,187,543,world balance,t-shirt,cotton,cotton,"{\"cotton\": 95.0, \"elastane\": 5.0}",95.0,87.6,high,philippine,PH,NCR,Navotas,Northbay Boulevard Norte,14.655277095572487,120.955906870490840,"Northbay Boulevard Norte, Navotas, NCR, Philippines",0.791,0.164,accept,2,2026-04-23T20:08:38.313234,2026-04-23T20:09:20.894Z
544,187,544,forme,shirt,rayon,rayon,"{\"rayon\": 65.0, \"cotton\": 30.0, \"nylon\": 5.0}",95.0,75.0,medium,philippine,PH,NCR,Navotas,Northbay Boulevard Norte,14.655277095572487,120.955906870490840,"Northbay Boulevard Norte, Navotas, NCR, Philippines",0.791,0.219,accept,2,2026-04-23T20:08:38.313234,2026-04-23T20:09:20.894Z
545,187,545,just g,knitwear,cotton,cotton,"{\"cotton\": 100.0}",100.0,92.0,high,philippine,PH,NCR,Navotas,Northbay Boulevard Norte,14.655277095572487,120.955906870490840,"Northbay Boulevard Norte, Navotas, NCR, Philippines",0.791,0.32,accept,2,2026-04-23T20:08:38.313234,2026-04-23T20:09:20.894Z
546,187,546,forme,t-shirt,cotton,cotton,"{\"cotton\": 60.0, \"polyester\": 40.0}",60.0,58.4,medium,philippine,PH,NCR,Navotas,Northbay Boulevard Norte,14.655277095572487,120.955906870490840,"Northbay Boulevard Norte, Navotas, NCR, Philippines",0.791,0.119,conditional,1,2026-04-23T20:08:38.313234,2026-04-23T20:09:20.894Z
547,187,547,just g,dress,polyester,polyester,"{\"polyester\": 100.0}",0.0,8.0,low,philippine,PH,NCR,Navotas,Northbay Boulevard Norte,14.655277095572487,120.955906870490840,"Northbay Boulevard Norte, Navotas, NCR, Philippines",0.791,0.258,decline,0,2026-04-23T20:08:38.313234,2026-04-23T20:09:20.894Z
548,188,548,princess polly,top,cotton,cotton,"{\"cotton\": 80.0, \"polyester\": 20.0}",80.0,75.2,medium,international,GLOBAL,NCR,Pasig,Kapitolyo,14.554971435576103,121.062161248628020,"Kapitolyo, Pasig, NCR, Philippines",0.6721,0.49,accept,2,2026-04-23T20:08:38.314584,2026-04-23T20:09:20.894Z
549,188,549,princess polly,skirt,polyester,polyester,"{\"polyester\": 100.0}",0.0,8.0,low,international,GLOBAL,NCR,Pasig,Kapitolyo,14.554971435576103,121.062161248628020,"Kapitolyo, Pasig, NCR, Philippines",0.6721,0.227,decline,0,2026-04-23T20:08:38.314584,2026-04-23T20:09:20.894Z
550,188,550,old navy,underwear,nylon,nylon,"{\"nylon\": 77.0, \"elastane\": 23.0}",0.0,10.16,low,philippine,PH,NCR,Pasig,Kapitolyo,14.554971435576103,121.062161248628020,"Kapitolyo, Pasig, NCR, Philippines",0.6721,0.522,decline,0,2026-04-23T20:08:38.314584,2026-04-23T20:09:20.894Z
551,189,551,forme,skirt,polyester,polyester,"{\"polyester\": 100.0}",0.0,8.0,low,philippine,PH,NCR,Taguig,Bonifacio Global City,14.531923526453690,121.082941582949590,"Bonifacio Global City, Taguig, NCR, Philippines",0.6815,0.434,decline,0,2026-04-23T20:08:38.317637,2026-04-23T20:09:20.894Z
552,189,552,linya linya,t-shirt,polyester,polyester,"{\"polyester\": 100.0}",0.0,8.0,low,philippine,PH,NCR,Taguig,Bonifacio Global City,14.531923526453690,121.082941582949590,"Bonifacio Global City, Taguig, NCR, Philippines",0.6815,0.178,decline,0,2026-04-23T20:08:38.317637,2026-04-23T20:09:20.894Z
553,189,553,gaui,top,rayon,rayon,"{\"rayon\": 94.0, \"elastane\": 6.0}",94.0,67.92,medium,philippine,PH,NCR,Taguig,Bonifacio Global City,14.531923526453690,121.082941582949590,"Bonifacio Global City, Taguig, NCR, Philippines",0.6815,0.566,conditional,1,2026-04-23T20:08:38.317637,2026-04-23T20:09:20.894Z
554,189,554,coastal bloom,top,cotton,cotton,"{\"cotton\": 88.0, \"polyester\": 12.0}",88.0,81.92,high,international,GLOBAL,NCR,Taguig,Bonifacio Global City,14.531923526453690,121.082941582949590,"Bonifacio Global City, Taguig, NCR, Philippines",0.6815,0.411,accept,2,2026-04-23T20:08:38.317637,2026-04-23T20:09:20.894Z
555,189,555,made by fade,t-shirt,cotton,cotton,"{\"cotton\": 95.0, \"elastane\": 5.0}",95.0,87.6,high,philippine,PH,NCR,Taguig,Bonifacio Global City,14.531923526453690,121.082941582949590,"Bonifacio Global City, Taguig, NCR, Philippines",0.6815,0.101,accept,2,2026-04-23T20:08:38.317637,2026-04-23T20:09:20.894Z
556,190,556,levi's,skirt,cotton,cotton,"{\"cotton\": 100.0}",100.0,92.0,high,philippine,PH,NCR,Manila,Ermita,14.599470140283497,120.983495500691590,"Ermita, Manila, NCR, Philippines",0.9413,0.373,accept,2,2026-04-23T20:08:38.321081,2026-04-23T20:09:20.894Z
557,190,557,forme,pants,polyester,polyester,"{\"polyester\": 97.0, \"elastane\": 3.0}",0.0,7.88,low,philippine,PH,NCR,Manila,Ermita,14.599470140283497,120.983495500691590,"Ermita, Manila, NCR, Philippines",0.9413,0.648,decline,0,2026-04-23T20:08:38.321081,2026-04-23T20:09:20.894Z
558,190,558,apara studio,top,cotton,cotton,"{\"cotton\": 100.0}",100.0,92.0,high,international,GLOBAL,NCR,Manila,Ermita,14.599470140283497,120.983495500691590,"Ermita, Manila, NCR, Philippines",0.9413,0.373,accept,2,2026-04-23T20:08:38.321081,2026-04-23T20:09:20.894Z
559,190,559,oxgn,dress,cotton,cotton,"{\"cotton\": 55.0, \"polyester\": 38.0, \"elastane\": 7.0}",55.0,53.92,medium,philippine,PH,NCR,Manila,Ermita,14.599470140283497,120.983495500691590,"Ermita, Manila, NCR, Philippines",0.9413,0.363,conditional,1,2026-04-23T20:08:38.321081,2026-04-23T20:09:20.894Z
560,191,560,oxgn,pants,cotton,cotton,"{\"cotton\": 100.0}",100.0,92.0,high,philippine,PH,NCR,Manila,Ermita,14.604781685624680,120.971897903337300,"Ermita, Manila, NCR, Philippines",0.9491,0.481,accept,2,2026-04-23T20:08:38.322131,2026-04-23T20:09:20.894Z
561,191,561,levi's,shirt,cotton,cotton,"{\"cotton\": 100.0}",100.0,92.0,high,philippine,PH,NCR,Manila,Ermita,14.604781685624680,120.971897903337300,"Ermita, Manila, NCR, Philippines",0.9491,0.263,accept,2,2026-04-23T20:08:38.322131,2026-04-23T20:09:20.894Z
562,191,562,just g,skirt,lyocell,lyocell,"{\"lyocell\": 90.0, \"cotton\": 6.0, \"elastane\": 4.0}",96.0,87.58,high,philippine,PH,NCR,Manila,Ermita,14.604781685624680,120.971897903337300,"Ermita, Manila, NCR, Philippines",0.9491,0.231,accept,2,2026-04-23T20:08:38.322131,2026-04-23T20:09:20.894Z
563,192,563,gq,jacket,polyester,polyester,"{\"polyester\": 100.0}",0.0,8.0,low,philippine,PH,NCR,Caloocan,Bagong Silang,14.665089895169066,120.972213023942320,"Bagong Silang, Caloocan, NCR, Philippines",0.8103,1.469,decline,0,2026-04-23T20:08:38.325161,2026-04-23T20:09:20.894Z
564,192,564,coastal bloom,dress,polyester,polyester,"{\"polyester\": 80.0, \"cotton\": 20.0}",20.0,24.8,low,international,GLOBAL,NCR,Caloocan,Bagong Silang,14.665089895169066,120.972213023942320,"Bagong Silang, Caloocan, NCR, Philippines",0.8103,0.537,decline,0,2026-04-23T20:08:38.325161,2026-04-23T20:09:20.894Z
565,192,565,patton studio,shorts,polyester,polyester,"{\"polyester\": 100.0}",0.0,8.0,low,philippine,PH,NCR,Caloocan,Bagong Silang,14.665089895169066,120.972213023942320,"Bagong Silang, Caloocan, NCR, Philippines",0.8103,0.364,decline,0,2026-04-23T20:08:38.325161,2026-04-23T20:09:20.894Z
566,192,566,gymshark,t-shirt,polyester,polyester,"{\"polyester\": 100.0}",0.0,8.0,low,international,GLOBAL,NCR,Caloocan,Bagong Silang,14.665089895169066,120.972213023942320,"Bagong Silang, Caloocan, NCR, Philippines",0.8103,0.138,decline,0,2026-04-23T20:08:38.325161,2026-04-23T20:09:20.894Z
567,193,567,oxgn,top,polyester,polyester,"{\"polyester\": 100.0}",0.0,8.0,low,philippine,PH,NCR,Parañaque,BF Homes,14.519718971232777,120.985255896822440,"BF Homes, Parañaque, NCR, Philippines",0.5682,0.515,decline,0,2026-04-23T20:08:38.326340,2026-04-23T20:09:20.894Z
568,193,568,gymshark,top,nylon,nylon,"{\"nylon\": 79.0, \"polyester\": 14.0, \"elastane\": 7.0}",0.0,10.88,low,international,GLOBAL,NCR,Parañaque,BF Homes,14.519718971232777,120.985255896822440,"BF Homes, Parañaque, NCR, Philippines",0.5682,0.367,decline,0,2026-04-23T20:08:38.326340,2026-04-23T20:09:20.894Z
569,193,569,old navy,shirt,cotton,cotton,"{\"cotton\": 100.0}",100.0,92.0,high,philippine,PH,NCR,Parañaque,BF Homes,14.519718971232777,120.985255896822440,"BF Homes, Parañaque, NCR, Philippines",0.5682,0.263,accept,2,2026-04-23T20:08:38.326340,2026-04-23T20:09:20.894Z
570,193,570,coastal bloom,dress,polyester,polyester,"{\"polyester\": 95.0, \"elastane\": 5.0}",0.0,7.8,low,international,GLOBAL,NCR,Parañaque,BF Homes,14.519718971232777,120.985255896822440,"BF Homes, Parañaque, NCR, Philippines",0.5682,0.544,decline,0,2026-04-23T20:08:38.326340,2026-04-23T20:09:20.894Z
571,193,571,adored vintage,top,cotton,cotton,"{\"cotton\": 100.0}",100.0,92.0,high,international,GLOBAL,NCR,Parañaque,BF Homes,14.519718971232777,120.985255896822440,"BF Homes, Parañaque, NCR, Philippines",0.5682,0.423,accept,2,2026-04-23T20:08:38.326340,2026-04-23T20:09:20.894Z
572,194,572,old navy,dress,linen,linen,"{\"linen\": 55.0, \"rayon\": 45.0}",100.0,84.65,high,philippine,PH,NCR,Marikina,Concepcion Uno,14.626607618392360,121.095235064632700,"Concepcion Uno, Marikina, NCR, Philippines",0.6328,0.478,accept,2,2026-04-23T20:08:38.329763,2026-04-23T20:09:20.894Z
573,194,573,old navy,t-shirt,cotton,cotton,"{\"cotton\": 100.0}",100.0,92.0,high,philippine,PH,NCR,Marikina,Concepcion Uno,14.626607618392360,121.095235064632700,"Concepcion Uno, Marikina, NCR, Philippines",0.6328,0.268,accept,2,2026-04-23T20:08:38.329763,2026-04-23T20:09:20.894Z
574,194,574,levi's,t-shirt,cotton,cotton,"{\"cotton\": 100.0}",100.0,92.0,high,philippine,PH,NCR,Marikina,Concepcion Uno,14.626607618392360,121.095235064632700,"Concepcion Uno, Marikina, NCR, Philippines",0.6328,0.157,accept,2,2026-04-23T20:08:38.329763,2026-04-23T20:09:20.894Z
575,194,575,oxgn,t-shirt,polyester,polyester,"{\"polyester\": 65.0, \"cotton\": 35.0}",35.0,37.4,low,philippine,PH,NCR,Marikina,Concepcion Uno,14.626607618392360,121.095235064632700,"Concepcion Uno, Marikina, NCR, Philippines",0.6328,0.161,decline,0,2026-04-23T20:08:38.329763,2026-04-23T20:09:20.894Z
576,194,576,levi's,shirt,viscose,viscose,"{\"viscose\": 100.0}",100.0,72.0,medium,philippine,PH,NCR,Marikina,Concepcion Uno,14.626607618392360,121.095235064632700,"Concepcion Uno, Marikina, NCR, Philippines",0.6328,0.325,conditional,1,2026-04-23T20:08:38.329763,2026-04-23T20:09:20.894Z
577,195,577,forme,jeans,cotton,cotton,"{\"cotton\": 60.0, \"polyester\": 40.0}",60.0,58.4,medium,philippine,PH,NCR,Manila,Ermita,14.591472072188362,120.978545885734060,"Ermita, Manila, NCR, Philippines",0.9976,0.565,conditional,1,2026-04-23T20:08:38.333336,2026-04-23T20:09:20.894Z
578,196,578,oxgn,shirt,cotton,cotton,"{\"cotton\": 70.0, \"polyester\": 28.0, \"elastane\": 2.0}",70.0,66.72,medium,philippine,PH,NCR,Pasay,Malibay,14.537536200393744,121.000586038908480,"Malibay, Pasay, NCR, Philippines",0.7592,0.242,conditional,1,2026-04-23T20:08:38.333949,2026-04-23T20:09:20.894Z
579,196,579,memo,polo,cotton,cotton,"{\"cotton\": 87.0, \"polyester\": 13.0}",87.0,81.08,high,philippine,PH,NCR,Pasay,Malibay,14.537536200393744,121.000586038908480,"Malibay, Pasay, NCR, Philippines",0.7592,0.385,accept,2,2026-04-23T20:08:38.333949,2026-04-23T20:09:20.894Z
580,196,580,rokman,hoodie,cotton,cotton,"{\"cotton\": 80.0, \"polyester\": 20.0}",80.0,75.2,medium,international,GLOBAL,NCR,Pasay,Malibay,14.537536200393744,121.000586038908480,"Malibay, Pasay, NCR, Philippines",0.7592,0.246,accept,2,2026-04-23T20:08:38.333949,2026-04-23T20:09:20.894Z
581,196,581,oxgn,dress,cotton,cotton,"{\"cotton\": 97.0, \"elastane\": 3.0}",97.0,89.36,high,philippine,PH,NCR,Pasay,Malibay,14.537536200393744,121.000586038908480,"Malibay, Pasay, NCR, Philippines",0.7592,0.249,accept,2,2026-04-23T20:08:38.333949,2026-04-23T20:09:20.894Z
582,197,582,gaui,top,rayon,rayon,"{\"rayon\": 94.0, \"elastane\": 6.0}",94.0,67.92,medium,philippine,PH,NCR,Las Piñas,Almanza Uno,14.473108253903167,120.961626607465250,"Almanza Uno, Las Piñas, NCR, Philippines",0.6851,0.332,conditional,1,2026-04-23T20:08:38.337186,2026-04-23T20:09:20.894Z
583,197,583,patton studio,pants,cotton,cotton,"{\"cotton\": 65.0, \"polyester\": 35.0}",65.0,62.6,medium,philippine,PH,NCR,Las Piñas,Almanza Uno,14.473108253903167,120.961626607465250,"Almanza Uno, Las Piñas, NCR, Philippines",0.6851,0.633,conditional,1,2026-04-23T20:08:38.337186,2026-04-23T20:09:20.894Z
584,197,584,memo,shirt,cotton,cotton,"{\"cotton\": 55.0, \"polyester\": 45.0}",55.0,54.2,medium,philippine,PH,NCR,Las Piñas,Almanza Uno,14.473108253903167,120.961626607465250,"Almanza Uno, Las Piñas, NCR, Philippines",0.6851,0.345,conditional,1,2026-04-23T20:08:38.337186,2026-04-23T20:09:20.894Z
585,198,585,just g,knitwear,acrylic,acrylic,"{\"acrylic\": 41.0, \"nylon\": 31.0, \"polyester\": 28.0}",0.0,8.01,low,philippine,PH,NCR,Quezon City,Diliman,14.658638073396750,121.067195854337070,"Diliman, Quezon City, NCR, Philippines",0.8714,0.343,decline,0,2026-04-23T20:08:38.338276,2026-04-23T20:09:20.894Z
586,198,586,forme,t-shirt,viscose,viscose,"{\"viscose\": 100.0}",100.0,72.0,medium,philippine,PH,NCR,Quezon City,Diliman,14.658638073396750,121.067195854337070,"Diliman, Quezon City, NCR, Philippines",0.8714,0.186,conditional,1,2026-04-23T20:08:38.338276,2026-04-23T20:09:20.894Z
587,199,587,memo,t-shirt,viscose,viscose,"{\"viscose\": 100.0}",100.0,72.0,medium,philippine,PH,NCR,Manila,Ermita,14.592179237564464,121.005039249839340,"Ermita, Manila, NCR, Philippines",1.0,0.108,conditional,1,2026-04-23T20:08:38.341201,2026-04-23T20:09:20.894Z
588,199,588,world balance,t-shirt,cotton,cotton,"{\"cotton\": 95.0, \"elastane\": 5.0}",95.0,87.6,high,philippine,PH,NCR,Manila,Ermita,14.592179237564464,121.005039249839340,"Ermita, Manila, NCR, Philippines",1.0,0.241,accept,2,2026-04-23T20:08:38.341201,2026-04-23T20:09:20.894Z
589,200,589,gaui,top,cotton,cotton,"{\"cotton\": 93.0, \"elastane\": 7.0}",93.0,85.84,high,philippine,PH,NCR,Malabon,Acacia,14.677999857670306,120.928381837285460,"Acacia, Malabon, NCR, Philippines",0.8025,0.527,accept,2,2026-04-23T20:08:38.343367,2026-04-23T20:09:20.894Z
590,200,590,oxgn,shirt,polyester,polyester,"{\"polyester\": 100.0}",0.0,8.0,low,philippine,PH,NCR,Malabon,Acacia,14.677999857670306,120.928381837285460,"Acacia, Malabon, NCR, Philippines",0.8025,0.174,decline,0,2026-04-23T20:08:38.343367,2026-04-23T20:09:20.894Z
591,200,591,gymshark,hoodie,polyester,polyester,"{\"polyester\": 58.0, \"cotton\": 42.0}",42.0,43.28,low,international,GLOBAL,NCR,Malabon,Acacia,14.677999857670306,120.928381837285460,"Acacia, Malabon, NCR, Philippines",0.8025,0.177,conditional,1,2026-04-23T20:08:38.343367,2026-04-23T20:09:20.894Z
592,201,592,regatta,shorts,cotton,cotton,"{\"cotton\": 98.0, \"elastane\": 2.0}",98.0,90.24,high,philippine,PH,NCR,San Juan,Greenhills,14.587224183548729,121.031691807648800,"Greenhills, San Juan, NCR, Philippines",0.5597,0.292,accept,2,2026-04-23T20:08:38.345545,2026-04-23T20:09:20.894Z
593,202,593,old navy,knitwear,cotton,cotton,"{\"cotton\": 48.0, \"polyester\": 47.0, \"elastane\": 5.0}",48.0,48.12,low,philippine,PH,NCR,Mandaluyong,Wack-Wack Greenhills,14.574690002742700,121.012053158535200,"Wack-Wack Greenhills, Mandaluyong, NCR, Philippines",0.6307,0.29,conditional,1,2026-04-23T20:08:38.347317,2026-04-23T20:09:20.894Z
594,202,594,made by fade,t-shirt,cotton,cotton,"{\"cotton\": 100.0}",100.0,92.0,high,philippine,PH,NCR,Mandaluyong,Wack-Wack Greenhills,14.574690002742700,121.012053158535200,"Wack-Wack Greenhills, Mandaluyong, NCR, Philippines",0.6307,0.138,accept,2,2026-04-23T20:08:38.347317,2026-04-23T20:09:20.894Z
595,202,595,world balance,t-shirt,cotton,cotton,"{\"cotton\": 95.0, \"elastane\": 5.0}",95.0,87.6,high,philippine,PH,NCR,Mandaluyong,Wack-Wack Greenhills,14.574690002742700,121.012053158535200,"Wack-Wack Greenhills, Mandaluyong, NCR, Philippines",0.6307,0.157,accept,2,2026-04-23T20:08:38.347317,2026-04-23T20:09:20.894Z
596,202,596,regatta,skirt,cotton,cotton,"{\"cotton\": 100.0}",100.0,92.0,high,philippine,PH,NCR,Mandaluyong,Wack-Wack Greenhills,14.574690002742700,121.012053158535200,"Wack-Wack Greenhills, Mandaluyong, NCR, Philippines",0.6307,0.439,accept,2,2026-04-23T20:08:38.347317,2026-04-23T20:09:20.894Z
597,203,597,regatta,knitwear,viscose,viscose,"{\"viscose\": 100.0}",100.0,72.0,medium,philippine,PH,NCR,Quezon City,Diliman,14.669419752025059,121.059017594720070,"Diliman, Quezon City, NCR, Philippines",0.8194,0.589,conditional,1,2026-04-23T20:08:38.348441,2026-04-23T20:09:20.894Z
598,204,598,just g,dress,cotton,cotton,"{\"cotton\": 100.0}",100.0,92.0,high,philippine,PH,NCR,San Juan,Greenhills,14.626605417563892,121.011293662839550,"Greenhills, San Juan, NCR, Philippines",0.5946,0.391,accept,2,2026-04-23T20:08:38.348979,2026-04-23T20:09:20.894Z
599,204,599,gymshark,pants,cotton,cotton,"{\"cotton\": 80.0, \"polyester\": 20.0}",80.0,75.2,medium,international,GLOBAL,NCR,San Juan,Greenhills,14.626605417563892,121.011293662839550,"Greenhills, San Juan, NCR, Philippines",0.5946,0.54,accept,2,2026-04-23T20:08:38.348979,2026-04-23T20:09:20.894Z
600,204,600,world balance,t-shirt,cotton,cotton,"{\"cotton\": 95.0, \"elastane\": 5.0}",95.0,87.6,high,philippine,PH,NCR,San Juan,Greenhills,14.626605417563892,121.011293662839550,"Greenhills, San Juan, NCR, Philippines",0.5946,0.28,accept,2,2026-04-23T20:08:38.348979,2026-04-23T20:09:20.894Z
601,204,601,oxgn,dress,rayon,rayon,"{\"rayon\": 70.0, \"polyester\": 30.0}",70.0,52.8,medium,philippine,PH,NCR,San Juan,Greenhills,14.626605417563892,121.011293662839550,"Greenhills, San Juan, NCR, Philippines",0.5946,0.54,conditional,1,2026-04-23T20:08:38.348979,2026-04-23T20:09:20.894Z
602,205,602,memo,shirt,cotton,cotton,"{\"cotton\": 77.0, \"polyester\": 23.0}",77.0,72.68,medium,philippine,PH,NCR,Pasay,Malibay,14.542846419473590,120.992470492895100,"Malibay, Pasay, NCR, Philippines",0.7434,0.222,conditional,1,2026-04-23T20:08:38.350090,2026-04-23T20:09:20.894Z
603,205,603,forme,pants,polyester,polyester,"{\"polyester\": 85.0, \"nylon\": 15.0}",0.0,8.6,low,philippine,PH,NCR,Pasay,Malibay,14.542846419473590,120.992470492895100,"Malibay, Pasay, NCR, Philippines",0.7434,0.487,decline,0,2026-04-23T20:08:38.350090,2026-04-23T20:09:20.894Z
604,205,604,patton studio,polo,polyester,polyester,"{\"polyester\": 100.0}",0.0,8.0,low,philippine,PH,NCR,Pasay,Malibay,14.542846419473590,120.992470492895100,"Malibay, Pasay, NCR, Philippines",0.7434,0.19,decline,0,2026-04-23T20:08:38.350090,2026-04-23T20:09:20.894Z
605,206,605,levi's,skirt,cotton,cotton,"{\"cotton\": 100.0}",100.0,92.0,high,philippine,PH,NCR,Quezon City,Diliman,14.665048092193615,121.045929044646020,"Diliman, Quezon City, NCR, Philippines",0.8531,0.334,accept,2,2026-04-23T20:08:38.351070,2026-04-23T20:09:20.894Z
606,206,606,apara studio,top,cotton,cotton,"{\"cotton\": 100.0}",100.0,92.0,high,international,GLOBAL,NCR,Quezon City,Diliman,14.665048092193615,121.045929044646020,"Diliman, Quezon City, NCR, Philippines",0.8531,0.166,accept,2,2026-04-23T20:08:38.351070,2026-04-23T20:09:20.894Z
607,206,607,regatta,knitwear,viscose,viscose,"{\"viscose\": 70.0, \"nylon\": 30.0}",70.0,54.0,medium,philippine,PH,NCR,Quezon City,Diliman,14.665048092193615,121.045929044646020,"Diliman, Quezon City, NCR, Philippines",0.8531,0.221,conditional,1,2026-04-23T20:08:38.351070,2026-04-23T20:09:20.894Z
608,206,608,gymshark,t-shirt,cotton,cotton,"{\"cotton\": 95.0, \"elastane\": 5.0}",95.0,87.6,high,international,GLOBAL,NCR,Quezon City,Diliman,14.665048092193615,121.045929044646020,"Diliman, Quezon City, NCR, Philippines",0.8531,0.141,accept,2,2026-04-23T20:08:38.351070,2026-04-23T20:09:20.894Z
609,207,609,old navy,hoodie,cotton,cotton,"{\"cotton\": 100.0}",100.0,92.0,high,philippine,PH,NCR,Valenzuela,Karuhatan,14.677625511307582,120.970241183814410,"Karuhatan, Valenzuela, NCR, Philippines",0.753,0.59,accept,2,2026-04-23T20:08:38.354443,2026-04-23T20:09:20.894Z
610,207,610,patton studio,polo,polyester,polyester,"{\"polyester\": 67.0, \"rayon\": 28.0, \"elastane\": 5.0}",28.0,25.72,low,philippine,PH,NCR,Valenzuela,Karuhatan,14.677625511307582,120.970241183814410,"Karuhatan, Valenzuela, NCR, Philippines",0.753,0.256,decline,0,2026-04-23T20:08:38.354443,2026-04-23T20:09:20.894Z
611,208,611,memo,shirt,cotton,cotton,"{\"cotton\": 100.0}",100.0,92.0,high,philippine,PH,NCR,Manila,Ermita,14.573129291626888,120.958528523935120,"Ermita, Manila, NCR, Philippines",0.9268,0.264,accept,2,2026-04-23T20:08:38.355115,2026-04-23T20:09:20.894Z
612,208,612,gaui,top,rayon,rayon,"{\"rayon\": 94.0, \"elastane\": 6.0}",94.0,67.92,medium,philippine,PH,NCR,Manila,Ermita,14.573129291626888,120.958528523935120,"Ermita, Manila, NCR, Philippines",0.9268,0.561,conditional,1,2026-04-23T20:08:38.355115,2026-04-23T20:09:20.894Z
613,208,613,made by fade,jeans,cotton,cotton,"{\"cotton\": 98.0, \"elastane\": 2.0}",98.0,90.24,high,philippine,PH,NCR,Manila,Ermita,14.573129291626888,120.958528523935120,"Ermita, Manila, NCR, Philippines",0.9268,0.715,accept,2,2026-04-23T20:08:38.355115,2026-04-23T20:09:20.894Z
614,209,614,patton studio,dress,polyester,polyester,"{\"polyester\": 73.0, \"rayon\": 23.0, \"elastane\": 4.0}",23.0,22.56,low,philippine,PH,NCR,Parañaque,BF Homes,14.485904962580477,121.006561881033690,"BF Homes, Parañaque, NCR, Philippines",0.7592,0.502,decline,0,2026-04-23T20:08:38.355982,2026-04-23T20:09:20.894Z
615,209,615,old navy,dress,linen,linen,"{\"linen\": 55.0, \"viscose\": 45.0}",100.0,84.65,high,philippine,PH,NCR,Parañaque,BF Homes,14.485904962580477,121.006561881033690,"BF Homes, Parañaque, NCR, Philippines",0.7592,0.532,accept,2,2026-04-23T20:08:38.355982,2026-04-23T20:09:20.894Z
616,209,616,oxgn,dress,cotton,cotton,"{\"cotton\": 60.0, \"polyester\": 40.0}",60.0,58.4,medium,philippine,PH,NCR,Parañaque,BF Homes,14.485904962580477,121.006561881033690,"BF Homes, Parañaque, NCR, Philippines",0.7592,0.322,conditional,1,2026-04-23T20:08:38.355982,2026-04-23T20:09:20.894Z
617,209,617,forme,top,viscose,viscose,"{\"viscose\": 100.0}",100.0,72.0,medium,philippine,PH,NCR,Parañaque,BF Homes,14.485904962580477,121.006561881033690,"BF Homes, Parañaque, NCR, Philippines",0.7592,0.191,conditional,1,2026-04-23T20:08:38.355982,2026-04-23T20:09:20.894Z
618,210,618,made by fade,top,cotton,cotton,"{\"cotton\": 85.0, \"polyester\": 15.0}",85.0,79.4,medium,philippine,PH,NCR,Las Piñas,Almanza Uno,14.477793278283793,121.004070782591210,"Almanza Uno, Las Piñas, NCR, Philippines",0.6511,0.497,accept,2,2026-04-23T20:08:38.357054,2026-04-23T20:09:20.894Z
619,210,619,coastal bloom,hoodie,cotton,cotton,"{\"cotton\": 53.0, \"polyester\": 45.0, \"elastane\": 2.0}",53.0,52.44,medium,international,GLOBAL,NCR,Las Piñas,Almanza Uno,14.477793278283793,121.004070782591210,"Almanza Uno, Las Piñas, NCR, Philippines",0.6511,0.393,conditional,1,2026-04-23T20:08:38.357054,2026-04-23T20:09:20.894Z
620,210,620,old navy,shirt,cotton,cotton,"{\"cotton\": 100.0}",100.0,92.0,high,philippine,PH,NCR,Las Piñas,Almanza Uno,14.477793278283793,121.004070782591210,"Almanza Uno, Las Piñas, NCR, Philippines",0.6511,0.187,accept,2,2026-04-23T20:08:38.357054,2026-04-23T20:09:20.894Z
621,211,621,sola,top,nylon,nylon,"{\"nylon\": 92.0, \"elastane\": 8.0}",0.0,11.36,low,philippine,PH,NCR,Malabon,Acacia,14.665509994251140,120.959768769734240,"Acacia, Malabon, NCR, Philippines",0.813,0.253,decline,0,2026-04-23T20:08:38.357991,2026-04-23T20:09:20.894Z
622,211,622,patton studio,polo,polyester,polyester,"{\"polyester\": 100.0}",0.0,8.0,low,philippine,PH,NCR,Malabon,Acacia,14.665509994251140,120.959768769734240,"Acacia, Malabon, NCR, Philippines",0.813,0.475,decline,0,2026-04-23T20:08:38.357991,2026-04-23T20:09:20.894Z
623,211,623,memo,polo,cotton,cotton,"{\"cotton\": 60.0, \"acrylic\": 40.0}",60.0,57.2,medium,philippine,PH,NCR,Malabon,Acacia,14.665509994251140,120.959768769734240,"Acacia, Malabon, NCR, Philippines",0.813,0.226,conditional,1,2026-04-23T20:08:38.357991,2026-04-23T20:09:20.894Z
624,211,624,no emotions,dress,linen,linen,"{\"linen\": 100.0}",100.0,95.0,high,philippine,PH,NCR,Malabon,Acacia,14.665509994251140,120.959768769734240,"Acacia, Malabon, NCR, Philippines",0.813,0.528,accept,2,2026-04-23T20:08:38.357991,2026-04-23T20:09:20.894Z
625,212,625,memo,shirt,polyester,polyester,"{\"polyester\": 96.0, \"elastane\": 4.0}",0.0,7.84,low,philippine,PH,NCR,Las Piñas,Almanza Uno,14.461266818141626,120.981668485118260,"Almanza Uno, Las Piñas, NCR, Philippines",0.6595,0.252,decline,0,2026-04-23T20:08:38.359099,2026-04-23T20:09:20.894Z
626,212,626,gymshark,t-shirt,cotton,cotton,"{\"cotton\": 100.0}",100.0,92.0,high,international,GLOBAL,NCR,Las Piñas,Almanza Uno,14.461266818141626,120.981668485118260,"Almanza Uno, Las Piñas, NCR, Philippines",0.6595,0.187,accept,2,2026-04-23T20:08:38.359099,2026-04-23T20:09:20.894Z
627,212,627,memo,polo,cotton,cotton,"{\"cotton\": 100.0}",100.0,92.0,high,philippine,PH,NCR,Las Piñas,Almanza Uno,14.461266818141626,120.981668485118260,"Almanza Uno, Las Piñas, NCR, Philippines",0.6595,0.598,accept,2,2026-04-23T20:08:38.359099,2026-04-23T20:09:20.894Z
628,212,628,forme,t-shirt,polyester,polyester,"{\"polyester\": 100.0}",0.0,8.0,low,philippine,PH,NCR,Las Piñas,Almanza Uno,14.461266818141626,120.981668485118260,"Almanza Uno, Las Piñas, NCR, Philippines",0.6595,0.197,decline,0,2026-04-23T20:08:38.359099,2026-04-23T20:09:20.894Z
629,213,629,just g,skirt,polyester,polyester,"{\"polyester\": 100.0}",0.0,8.0,low,philippine,PH,NCR,Muntinlupa,Alabang,14.385351703135730,121.023251387735070,"Alabang, Muntinlupa, NCR, Philippines",0.5444,0.218,decline,0,2026-04-23T20:08:38.360601,2026-04-23T20:09:20.894Z
630,213,630,regatta,dress,viscose,viscose,"{\"viscose\": 55.0, \"linen\": 30.0, \"polyester\": 15.0}",85.0,69.3,medium,philippine,PH,NCR,Muntinlupa,Alabang,14.385351703135730,121.023251387735070,"Alabang, Muntinlupa, NCR, Philippines",0.5444,0.423,conditional,1,2026-04-23T20:08:38.360601,2026-04-23T20:09:20.894Z
631,213,631,tropa store,t-shirt,cotton,cotton,"{\"cotton\": 100.0}",100.0,92.0,high,philippine,PH,NCR,Muntinlupa,Alabang,14.385351703135730,121.023251387735070,"Alabang, Muntinlupa, NCR, Philippines",0.5444,0.11,accept,2,2026-04-23T20:08:38.360601,2026-04-23T20:09:20.894Z
632,214,632,levi's,shirt,lyocell,lyocell,"{\"modal\": 17.0, \"cotton\": 16.0, \"lyocell\": 67.0}",100.0,88.61,high,philippine,PH,NCR,Valenzuela,Karuhatan,14.690140553950632,120.989291168579540,"Karuhatan, Valenzuela, NCR, Philippines",0.7063,0.162,accept,2,2026-04-23T20:08:38.361520,2026-04-23T20:09:20.894Z
633,214,633,levi's,t-shirt,cotton,cotton,"{\"cotton\": 100.0}",100.0,92.0,high,philippine,PH,NCR,Valenzuela,Karuhatan,14.690140553950632,120.989291168579540,"Karuhatan, Valenzuela, NCR, Philippines",0.7063,0.264,accept,2,2026-04-23T20:08:38.361520,2026-04-23T20:09:20.894Z
634,214,634,just g,top,cotton,cotton,"{\"cotton\": 100.0}",100.0,92.0,high,philippine,PH,NCR,Valenzuela,Karuhatan,14.690140553950632,120.989291168579540,"Karuhatan, Valenzuela, NCR, Philippines",0.7063,0.442,accept,2,2026-04-23T20:08:38.361520,2026-04-23T20:09:20.894Z
635,215,635,just g,top,cotton,cotton,"{\"cotton\": 100.0}",100.0,92.0,high,philippine,PH,NCR,Pateros,San Pedro,14.541163993175445,121.074030837212330,"San Pedro, Pateros, NCR, Philippines",0.642,0.434,accept,2,2026-04-23T20:08:38.362440,2026-04-23T20:09:20.894Z
636,215,636,levi's,shirt,cotton,cotton,"{\"cotton\": 100.0}",100.0,92.0,high,philippine,PH,NCR,Pateros,San Pedro,14.541163993175445,121.074030837212330,"San Pedro, Pateros, NCR, Philippines",0.642,0.22,accept,2,2026-04-23T20:08:38.362440,2026-04-23T20:09:20.894Z
637,215,637,memo,polo,polyester,polyester,"{\"polyester\": 100.0}",0.0,8.0,low,philippine,PH,NCR,Pateros,San Pedro,14.541163993175445,121.074030837212330,"San Pedro, Pateros, NCR, Philippines",0.642,0.448,decline,0,2026-04-23T20:08:38.362440,2026-04-23T20:09:20.894Z
638,215,638,coastal bloom,t-shirt,cotton,cotton,"{\"cotton\": 95.0, \"elastane\": 5.0}",95.0,87.6,high,international,GLOBAL,NCR,Pateros,San Pedro,14.541163993175445,121.074030837212330,"San Pedro, Pateros, NCR, Philippines",0.642,0.234,accept,2,2026-04-23T20:08:38.362440,2026-04-23T20:09:20.894Z
639,216,639,gq,suit,wool,wool,"{\"wool\": 100.0}",100.0,74.0,medium,philippine,PH,NCR,Valenzuela,Karuhatan,14.685235916077083,120.965707488375710,"Karuhatan, Valenzuela, NCR, Philippines",0.7695,1.103,conditional,1,2026-04-23T20:08:38.363516,2026-04-23T20:09:20.894Z
640,216,640,memo,t-shirt,cotton,cotton,"{\"cotton\": 60.0, \"polyester\": 40.0}",60.0,58.4,medium,philippine,PH,NCR,Valenzuela,Karuhatan,14.685235916077083,120.965707488375710,"Karuhatan, Valenzuela, NCR, Philippines",0.7695,0.247,conditional,1,2026-04-23T20:08:38.363516,2026-04-23T20:09:20.894Z
641,216,641,coastal bloom,top,polyester,polyester,"{\"polyester\": 100.0}",0.0,8.0,low,international,GLOBAL,NCR,Valenzuela,Karuhatan,14.685235916077083,120.965707488375710,"Karuhatan, Valenzuela, NCR, Philippines",0.7695,0.357,decline,0,2026-04-23T20:08:38.363516,2026-04-23T20:09:20.894Z
642,216,642,gaui,top,cotton,cotton,"{\"cotton\": 96.0, \"elastane\": 4.0}",96.0,88.48,high,philippine,PH,NCR,Valenzuela,Karuhatan,14.685235916077083,120.965707488375710,"Karuhatan, Valenzuela, NCR, Philippines",0.7695,0.247,accept,2,2026-04-23T20:08:38.363516,2026-04-23T20:09:20.894Z
643,216,643,adored vintage,pants,cotton,cotton,"{\"cotton\": 100.0}",100.0,92.0,high,international,GLOBAL,NCR,Valenzuela,Karuhatan,14.685235916077083,120.965707488375710,"Karuhatan, Valenzuela, NCR, Philippines",0.7695,0.611,accept,2,2026-04-23T20:08:38.363516,2026-04-23T20:09:20.894Z
644,217,644,coastal bloom,hoodie,polyester,polyester,"{\"polyester\": 50.0, \"cotton\": 50.0}",50.0,50.0,medium,international,GLOBAL,NCR,Caloocan,Bagong Silang,14.636273683176565,120.978724749139220,"Bagong Silang, Caloocan, NCR, Philippines",0.7096,0.553,conditional,1,2026-04-23T20:08:38.364763,2026-04-23T20:09:20.894Z
645,217,645,princess polly,top,polyester,polyester,"{\"polyester\": 100.0}",0.0,8.0,low,international,GLOBAL,NCR,Caloocan,Bagong Silang,14.636273683176565,120.978724749139220,"Bagong Silang, Caloocan, NCR, Philippines",0.7096,0.273,decline,0,2026-04-23T20:08:38.364763,2026-04-23T20:09:20.894Z
646,218,646,levi's,jeans,cotton,cotton,"{\"cotton\": 100.0}",100.0,92.0,high,philippine,PH,NCR,Quezon City,Diliman,14.673856932976130,121.031346554401110,"Diliman, Quezon City, NCR, Philippines",0.9482,0.617,accept,2,2026-04-23T20:08:38.365513,2026-04-23T20:09:20.894Z
647,218,647,gymshark,pants,cotton,cotton,"{\"cotton\": 100.0}",100.0,92.0,high,international,GLOBAL,NCR,Quezon City,Diliman,14.673856932976130,121.031346554401110,"Diliman, Quezon City, NCR, Philippines",0.9482,0.535,accept,2,2026-04-23T20:08:38.365513,2026-04-23T20:09:20.894Z
648,218,648,gymshark,top,cotton,cotton,"{\"cotton\": 57.0, \"polyester\": 38.0, \"elastane\": 5.0}",57.0,55.68,medium,international,GLOBAL,NCR,Quezon City,Diliman,14.673856932976130,121.031346554401110,"Diliman, Quezon City, NCR, Philippines",0.9482,0.547,conditional,1,2026-04-23T20:08:38.365513,2026-04-23T20:09:20.894Z
649,219,649,guess,knitwear,polyester,polyester,"{\"polyester\": 100.0}",0.0,8.0,low,philippine,PH,NCR,Pasig,Kapitolyo,14.570924477692131,121.060193328392800,"Kapitolyo, Pasig, NCR, Philippines",0.7251,0.365,decline,0,2026-04-23T20:08:38.366371,2026-04-23T20:09:20.894Z
650,219,650,patton studio,jacket,polyester,polyester,"{\"polyester\": 100.0}",0.0,8.0,low,philippine,PH,NCR,Pasig,Kapitolyo,14.570924477692131,121.060193328392800,"Kapitolyo, Pasig, NCR, Philippines",0.7251,0.733,decline,0,2026-04-23T20:08:38.366371,2026-04-23T20:09:20.894Z
651,219,651,gymshark,t-shirt,polyester,polyester,"{\"polyester\": 100.0}",0.0,8.0,low,international,GLOBAL,NCR,Pasig,Kapitolyo,14.570924477692131,121.060193328392800,"Kapitolyo, Pasig, NCR, Philippines",0.7251,0.155,decline,0,2026-04-23T20:08:38.366371,2026-04-23T20:09:20.894Z
652,219,652,gaui,top,polyester,polyester,"{\"polyester\": 95.0, \"elastane\": 5.0}",0.0,7.8,low,philippine,PH,NCR,Pasig,Kapitolyo,14.570924477692131,121.060193328392800,"Kapitolyo, Pasig, NCR, Philippines",0.7251,0.289,decline,0,2026-04-23T20:08:38.366371,2026-04-23T20:09:20.894Z
653,220,653,levi's,t-shirt,cotton,cotton,"{\"cotton\": 100.0}",100.0,92.0,high,philippine,PH,NCR,Caloocan,Bagong Silang,14.653856484595414,120.982634909826220,"Bagong Silang, Caloocan, NCR, Philippines",0.7859,0.196,accept,2,2026-04-23T20:08:38.367389,2026-04-23T20:09:20.894Z
654,220,654,just g,top,cotton,cotton,"{\"cotton\": 90.0, \"linen\": 10.0}",100.0,92.3,high,philippine,PH,NCR,Caloocan,Bagong Silang,14.653856484595414,120.982634909826220,"Bagong Silang, Caloocan, NCR, Philippines",0.7859,0.502,accept,2,2026-04-23T20:08:38.367389,2026-04-23T20:09:20.894Z
655,221,655,gymshark,top,cotton,cotton,"{\"cotton\": 95.0, \"elastane\": 5.0}",95.0,87.6,high,international,GLOBAL,NCR,Pasig,Kapitolyo,14.576270254810938,121.073846331658530,"Kapitolyo, Pasig, NCR, Philippines",0.6673,0.258,accept,2,2026-04-23T20:08:38.368074,2026-04-23T20:09:20.894Z
656,221,656,levi's,shirt,cotton,cotton,"{\"cotton\": 100.0}",100.0,92.0,high,philippine,PH,NCR,Pasig,Kapitolyo,14.576270254810938,121.073846331658530,"Kapitolyo, Pasig, NCR, Philippines",0.6673,0.222,accept,2,2026-04-23T20:08:38.368074,2026-04-23T20:09:20.894Z
657,221,657,just g,dress,polyester,polyester,"{\"polyester\": 74.0, \"viscose\": 24.0, \"elastane\": 2.0}",24.0,23.28,low,philippine,PH,NCR,Pasig,Kapitolyo,14.576270254810938,121.073846331658530,"Kapitolyo, Pasig, NCR, Philippines",0.6673,0.262,decline,0,2026-04-23T20:08:38.368074,2026-04-23T20:09:20.894Z
658,222,658,just g,t-shirt,cotton,cotton,"{\"cotton\": 100.0}",100.0,92.0,high,philippine,PH,NCR,Marikina,Concepcion Uno,14.627711401120772,121.086400455820710,"Concepcion Uno, Marikina, NCR, Philippines",0.6783,0.163,accept,2,2026-04-23T20:08:38.369029,2026-04-23T20:09:20.894Z
659,222,659,memo,t-shirt,viscose,viscose,"{\"viscose\": 100.0}",100.0,72.0,medium,philippine,PH,NCR,Marikina,Concepcion Uno,14.627711401120772,121.086400455820710,"Concepcion Uno, Marikina, NCR, Philippines",0.6783,0.155,conditional,1,2026-04-23T20:08:38.369029,2026-04-23T20:09:20.894Z
660,223,660,memo,shirt,cotton,cotton,"{\"cotton\": 100.0}",100.0,92.0,high,philippine,PH,NCR,Caloocan,Bagong Silang,14.648285585090099,120.962531731441870,"Bagong Silang, Caloocan, NCR, Philippines",0.7201,0.197,accept,2,2026-04-23T20:08:38.369888,2026-04-23T20:09:20.894Z
661,223,661,old navy,top,cotton,cotton,"{\"cotton\": 100.0}",100.0,92.0,high,philippine,PH,NCR,Caloocan,Bagong Silang,14.648285585090099,120.962531731441870,"Bagong Silang, Caloocan, NCR, Philippines",0.7201,0.493,accept,2,2026-04-23T20:08:38.369888,2026-04-23T20:09:20.894Z
662,224,662,oxgn,t-shirt,cotton,cotton,"{\"cotton\": 50.0, \"polyester\": 50.0}",50.0,50.0,medium,philippine,PH,NCR,Taguig,Bonifacio Global City,14.526950392639444,121.081644121167050,"Bonifacio Global City, Taguig, NCR, Philippines",0.5426,0.3,conditional,1,2026-04-23T20:08:38.370578,2026-04-23T20:09:20.894Z
663,225,663,just g,top,cotton,cotton,"{\"cotton\": 100.0}",100.0,92.0,high,philippine,PH,NCR,Parañaque,BF Homes,14.520300573326994,121.011963112327780,"BF Homes, Parañaque, NCR, Philippines",0.653,0.357,accept,2,2026-04-23T20:08:38.371121,2026-04-23T20:09:20.894Z
664,225,664,phoebe philo,polo,wool,wool,"{\"wool\": 100.0}",100.0,74.0,medium,international,GLOBAL,NCR,Parañaque,BF Homes,14.520300573326994,121.011963112327780,"BF Homes, Parañaque, NCR, Philippines",0.653,0.187,conditional,1,2026-04-23T20:08:38.371121,2026-04-23T20:09:20.894Z
665,225,665,phoebe philo,knitwear,wool,wool,"{\"wool\": 97.0, \"elastane\": 3.0}",97.0,71.9,medium,international,GLOBAL,NCR,Parañaque,BF Homes,14.520300573326994,121.011963112327780,"BF Homes, Parañaque, NCR, Philippines",0.653,0.157,conditional,1,2026-04-23T20:08:38.371121,2026-04-23T20:09:20.894Z
666,226,666,sola,shorts,nylon,nylon,"{\"nylon\": 76.0, \"elastane\": 24.0}",0.0,10.08,low,philippine,PH,NCR,Muntinlupa,Alabang,14.388979126676732,121.040278219393140,"Alabang, Muntinlupa, NCR, Philippines",0.6124,0.288,decline,0,2026-04-23T20:08:38.372007,2026-04-23T20:09:20.894Z
667,226,667,old navy,hoodie,polyester,polyester,"{\"polyester\": 66.0, \"viscose\": 29.0, \"elastane\": 5.0}",29.0,26.36,low,philippine,PH,NCR,Muntinlupa,Alabang,14.388979126676732,121.040278219393140,"Alabang, Muntinlupa, NCR, Philippines",0.6124,0.526,decline,0,2026-04-23T20:08:38.372007,2026-04-23T20:09:20.894Z
668,226,668,linya linya,t-shirt,polyester,polyester,"{\"polyester\": 100.0}",0.0,8.0,low,philippine,PH,NCR,Muntinlupa,Alabang,14.388979126676732,121.040278219393140,"Alabang, Muntinlupa, NCR, Philippines",0.6124,0.122,decline,0,2026-04-23T20:08:38.372007,2026-04-23T20:09:20.894Z
669,227,669,memo,shirt,cotton,cotton,"{\"cotton\": 97.0, \"elastane\": 3.0}",97.0,89.36,high,philippine,PH,NCR,Las Piñas,Almanza Uno,14.495551448947982,120.999177943361180,"Almanza Uno, Las Piñas, NCR, Philippines",0.6128,0.325,accept,2,2026-04-23T20:08:38.372967,2026-04-23T20:09:20.894Z
670,227,670,memo,shirt,cotton,cotton,"{\"cotton\": 100.0}",100.0,92.0,high,philippine,PH,NCR,Las Piñas,Almanza Uno,14.495551448947982,120.999177943361180,"Almanza Uno, Las Piñas, NCR, Philippines",0.6128,0.328,accept,2,2026-04-23T20:08:38.372967,2026-04-23T20:09:20.894Z
671,227,671,adored vintage,dress,rayon,rayon,"{\"rayon\": 100.0}",100.0,72.0,medium,international,GLOBAL,NCR,Las Piñas,Almanza Uno,14.495551448947982,120.999177943361180,"Almanza Uno, Las Piñas, NCR, Philippines",0.6128,0.31,conditional,1,2026-04-23T20:08:38.372967,2026-04-23T20:09:20.894Z
672,227,672,memo,knitwear,viscose,viscose,"{\"viscose\": 100.0}",100.0,72.0,medium,philippine,PH,NCR,Las Piñas,Almanza Uno,14.495551448947982,120.999177943361180,"Almanza Uno, Las Piñas, NCR, Philippines",0.6128,0.331,conditional,1,2026-04-23T20:08:38.372967,2026-04-23T20:09:20.894Z
673,228,673,regatta,shirt,cotton,cotton,"{\"cotton\": 100.0}",100.0,92.0,high,philippine,PH,NCR,Makati,Bel-Air,14.562109869909635,121.043062867710350,"Bel-Air, Makati, NCR, Philippines",0.6488,0.261,accept,2,2026-04-23T20:08:38.374024,2026-04-23T20:09:20.894Z
674,228,674,coastal bloom,top,rayon,rayon,"{\"rayon\": 95.0, \"elastane\": 5.0}",95.0,68.6,medium,international,GLOBAL,NCR,Makati,Bel-Air,14.562109869909635,121.043062867710350,"Bel-Air, Makati, NCR, Philippines",0.6488,0.283,conditional,1,2026-04-23T20:08:38.374024,2026-04-23T20:09:20.894Z
675,228,675,gymshark,t-shirt,cotton,cotton,"{\"cotton\": 100.0}",100.0,92.0,high,international,GLOBAL,NCR,Makati,Bel-Air,14.562109869909635,121.043062867710350,"Bel-Air, Makati, NCR, Philippines",0.6488,0.134,accept,2,2026-04-23T20:08:38.374024,2026-04-23T20:09:20.894Z
676,228,676,phoebe philo,jeans,cotton,cotton,"{\"cotton\": 100.0}",100.0,92.0,high,international,GLOBAL,NCR,Makati,Bel-Air,14.562109869909635,121.043062867710350,"Bel-Air, Makati, NCR, Philippines",0.6488,0.578,accept,2,2026-04-23T20:08:38.374024,2026-04-23T20:09:20.894Z
677,229,677,bench,shirt,cotton,cotton,"{\"cotton\": 90.0, \"linen\": 10.0}",100.0,92.3,high,philippine,PH,NCR,Manila,Ermita,14.612913876150463,120.975506080425380,"Ermita, Manila, NCR, Philippines",0.895,0.286,accept,2,2026-04-23T20:08:38.375144,2026-04-23T20:09:20.894Z
678,229,678,old navy,top,cotton,cotton,"{\"cotton\": 62.0, \"polyester\": 35.0, \"elastane\": 3.0}",62.0,59.96,medium,philippine,PH,NCR,Manila,Ermita,14.612913876150463,120.975506080425380,"Ermita, Manila, NCR, Philippines",0.895,0.236,conditional,1,2026-04-23T20:08:38.375144,2026-04-23T20:09:20.894Z
679,229,679,gymshark,top,nylon,nylon,"{\"nylon\": 86.0, \"elastane\": 14.0}",0.0,10.88,low,international,GLOBAL,NCR,Manila,Ermita,14.612913876150463,120.975506080425380,"Ermita, Manila, NCR, Philippines",0.895,0.229,decline,0,2026-04-23T20:08:38.375144,2026-04-23T20:09:20.894Z
680,229,680,phoebe philo,top,lyocell,lyocell,"{\"lyocell\": 67.0, \"cotton\": 33.0}",100.0,91.33,high,international,GLOBAL,NCR,Manila,Ermita,14.612913876150463,120.975506080425380,"Ermita, Manila, NCR, Philippines",0.895,0.515,accept,2,2026-04-23T20:08:38.375144,2026-04-23T20:09:20.894Z
681,230,681,adored vintage,top,cotton,cotton,"{\"cotton\": 100.0}",100.0,92.0,high,international,GLOBAL,NCR,Makati,Bel-Air,14.577459159185098,121.003125370234470,"Bel-Air, Makati, NCR, Philippines",0.6873,0.517,accept,2,2026-04-23T20:08:38.376219,2026-04-23T20:09:20.894Z
682,230,682,adored vintage,top,rayon,rayon,"{\"rayon\": 100.0}",100.0,72.0,medium,international,GLOBAL,NCR,Makati,Bel-Air,14.577459159185098,121.003125370234470,"Bel-Air, Makati, NCR, Philippines",0.6873,0.256,conditional,1,2026-04-23T20:08:38.376219,2026-04-23T20:09:20.894Z
683,230,683,made by fade,hoodie,cotton,cotton,"{\"cotton\": 75.0, \"polyester\": 20.0, \"elastane\": 5.0}",75.0,70.8,medium,philippine,PH,NCR,Makati,Bel-Air,14.577459159185098,121.003125370234470,"Bel-Air, Makati, NCR, Philippines",0.6873,0.274,conditional,1,2026-04-23T20:08:38.376219,2026-04-23T20:09:20.894Z
684,230,684,memo,polo,nylon,nylon,"{\"nylon\": 85.0, \"elastane\": 15.0}",0.0,10.8,low,philippine,PH,NCR,Makati,Bel-Air,14.577459159185098,121.003125370234470,"Bel-Air, Makati, NCR, Philippines",0.6873,0.584,decline,0,2026-04-23T20:08:38.376219,2026-04-23T20:09:20.894Z
685,230,685,forme,skirt,polyester,polyester,"{\"polyester\": 80.0, \"rayon\": 20.0}",20.0,20.8,low,philippine,PH,NCR,Makati,Bel-Air,14.577459159185098,121.003125370234470,"Bel-Air, Makati, NCR, Philippines",0.6873,0.229,decline,0,2026-04-23T20:08:38.376219,2026-04-23T20:09:20.894Z
686,231,686,old navy,t-shirt,cotton,cotton,"{\"cotton\": 100.0}",100.0,92.0,high,philippine,PH,NCR,Marikina,Concepcion Uno,14.629734179662117,121.087005837496480,"Concepcion Uno, Marikina, NCR, Philippines",0.6712,0.254,accept,2,2026-04-23T20:08:38.377530,2026-04-23T20:09:20.894Z
687,232,687,old navy,pants,cotton,cotton,"{\"cotton\": 100.0}",100.0,92.0,high,philippine,PH,NCR,Mandaluyong,Wack-Wack Greenhills,14.594195489554037,121.019551046719950,"Wack-Wack Greenhills, Mandaluyong, NCR, Philippines",0.7012,0.55,accept,2,2026-04-23T20:08:38.378172,2026-04-23T20:09:20.894Z
688,232,688,oxgn,dress,rayon,rayon,"{\"rayon\": 95.0, \"elastane\": 5.0}",95.0,68.6,medium,philippine,PH,NCR,Mandaluyong,Wack-Wack Greenhills,14.594195489554037,121.019551046719950,"Wack-Wack Greenhills, Mandaluyong, NCR, Philippines",0.7012,0.548,conditional,1,2026-04-23T20:08:38.378172,2026-04-23T20:09:20.894Z
689,232,689,levi's,dress,lyocell,lyocell,"{\"lyocell\": 60.0, \"cotton\": 40.0}",100.0,91.4,high,philippine,PH,NCR,Mandaluyong,Wack-Wack Greenhills,14.594195489554037,121.019551046719950,"Wack-Wack Greenhills, Mandaluyong, NCR, Philippines",0.7012,0.214,accept,2,2026-04-23T20:08:38.378172,2026-04-23T20:09:20.894Z
690,233,690,made by fade,hoodie,cotton,cotton,"{\"cotton\": 75.0, \"polyester\": 20.0, \"elastane\": 5.0}",75.0,70.8,medium,philippine,PH,NCR,Las Piñas,Almanza Uno,14.481846932124354,120.997283136822230,"Almanza Uno, Las Piñas, NCR, Philippines",0.6219,0.328,conditional,1,2026-04-23T20:08:38.379118,2026-04-23T20:09:20.894Z
691,233,691,levi's,shirt,cotton,cotton,"{\"cotton\": 100.0}",100.0,92.0,high,philippine,PH,NCR,Las Piñas,Almanza Uno,14.481846932124354,120.997283136822230,"Almanza Uno, Las Piñas, NCR, Philippines",0.6219,0.299,accept,2,2026-04-23T20:08:38.379118,2026-04-23T20:09:20.894Z
692,234,692,patton studio,skirt,polyester,polyester,"{\"polyester\": 67.0, \"rayon\": 28.0, \"elastane\": 5.0}",28.0,25.72,low,philippine,PH,NCR,Mandaluyong,Wack-Wack Greenhills,14.561881021023783,121.018672091369840,"Wack-Wack Greenhills, Mandaluyong, NCR, Philippines",0.6818,0.294,decline,0,2026-04-23T20:08:38.379806,2026-04-23T20:09:20.894Z
693,235,693,memo,polo,viscose,viscose,"{\"viscose\": 100.0}",100.0,72.0,medium,philippine,PH,NCR,San Juan,Greenhills,14.611548920928400,121.039466997725770,"Greenhills, San Juan, NCR, Philippines",0.5951,0.335,conditional,1,2026-04-23T20:08:38.380403,2026-04-23T20:09:20.894Z
694,235,694,coastal bloom,top,modal,modal,"{\"modal\": 50.0, \"polyester\": 47.0, \"elastane\": 3.0}",50.0,41.88,low,international,GLOBAL,NCR,San Juan,Greenhills,14.611548920928400,121.039466997725770,"Greenhills, San Juan, NCR, Philippines",0.5951,0.332,conditional,1,2026-04-23T20:08:38.380403,2026-04-23T20:09:20.894Z
695,235,695,guess,t-shirt,cotton,cotton,"{\"cotton\": 95.0, \"elastane\": 5.0}",95.0,87.6,high,philippine,PH,NCR,San Juan,Greenhills,14.611548920928400,121.039466997725770,"Greenhills, San Juan, NCR, Philippines",0.5951,0.285,accept,2,2026-04-23T20:08:38.380403,2026-04-23T20:09:20.894Z
696,235,696,memo,shirt,cotton,cotton,"{\"cotton\": 100.0}",100.0,92.0,high,philippine,PH,NCR,San Juan,Greenhills,14.611548920928400,121.039466997725770,"Greenhills, San Juan, NCR, Philippines",0.5951,0.199,accept,2,2026-04-23T20:08:38.380403,2026-04-23T20:09:20.894Z
697,236,697,just g,skirt,polyester,polyester,"{\"polyester\": 100.0}",0.0,8.0,low,philippine,PH,NCR,Pasig,Kapitolyo,14.573245256910907,121.056323699872280,"Kapitolyo, Pasig, NCR, Philippines",0.7406,0.21,decline,0,2026-04-23T20:08:38.381472,2026-04-23T20:09:20.894Z
698,236,698,levi's,polo,cotton,cotton,"{\"cotton\": 95.0, \"elastane\": 5.0}",95.0,87.6,high,philippine,PH,NCR,Pasig,Kapitolyo,14.573245256910907,121.056323699872280,"Kapitolyo, Pasig, NCR, Philippines",0.7406,0.233,accept,2,2026-04-23T20:08:38.381472,2026-04-23T20:09:20.894Z
699,236,699,coastal bloom,shirt,polyester,polyester,"{\"polyester\": 100.0}",0.0,8.0,low,international,GLOBAL,NCR,Pasig,Kapitolyo,14.573245256910907,121.056323699872280,"Kapitolyo, Pasig, NCR, Philippines",0.7406,0.243,decline,0,2026-04-23T20:08:38.381472,2026-04-23T20:09:20.894Z
700,236,700,oxgn,t-shirt,polyester,polyester,"{\"polyester\": 100.0}",0.0,8.0,low,philippine,PH,NCR,Pasig,Kapitolyo,14.573245256910907,121.056323699872280,"Kapitolyo, Pasig, NCR, Philippines",0.7406,0.158,decline,0,2026-04-23T20:08:38.381472,2026-04-23T20:09:20.894Z
701,236,701,the editor's market,shirt,cotton,cotton,"{\"cotton\": 100.0}",100.0,92.0,high,philippine,PH,NCR,Pasig,Kapitolyo,14.573245256910907,121.056323699872280,"Kapitolyo, Pasig, NCR, Philippines",0.7406,0.309,accept,2,2026-04-23T20:08:38.381472,2026-04-23T20:09:20.894Z
702,237,702,levi's,t-shirt,cotton,cotton,"{\"cotton\": 100.0}",100.0,92.0,high,philippine,PH,NCR,Taguig,Bonifacio Global City,14.542189830264418,121.062795743631090,"Bonifacio Global City, Taguig, NCR, Philippines",0.6099,0.151,accept,2,2026-04-23T20:08:38.385299,2026-04-23T20:09:20.894Z
703,237,703,forme,dress,rayon,rayon,"{\"rayon\": 67.0, \"cotton\": 30.0, \"nylon\": 3.0}",97.0,76.2,medium,philippine,PH,NCR,Taguig,Bonifacio Global City,14.542189830264418,121.062795743631090,"Bonifacio Global City, Taguig, NCR, Philippines",0.6099,0.247,accept,2,2026-04-23T20:08:38.385299,2026-04-23T20:09:20.894Z
704,238,704,guess,top,modal,modal,"{\"modal\": 72.0, \"polyester\": 28.0}",72.0,56.96,medium,philippine,PH,NCR,Valenzuela,Karuhatan,14.686792689907852,120.955687873727300,"Karuhatan, Valenzuela, NCR, Philippines",0.6589,0.33,conditional,1,2026-04-23T20:08:38.386073,2026-04-23T20:09:20.894Z
705,239,705,no emotions,top,polyester,polyester,"{\"polyester\": 100.0}",0.0,8.0,low,philippine,PH,NCR,Manila,Ermita,14.573546278512481,120.987324617017800,"Ermita, Manila, NCR, Philippines",0.9805,0.245,decline,0,2026-04-23T20:08:38.386603,2026-04-23T20:09:20.894Z
706,239,706,tayo studio,shirt,cotton,cotton,"{\"cotton\": 100.0}",100.0,92.0,high,philippine,PH,NCR,Manila,Ermita,14.573546278512481,120.987324617017800,"Ermita, Manila, NCR, Philippines",0.9805,0.333,accept,2,2026-04-23T20:08:38.386603,2026-04-23T20:09:20.894Z
707,240,707,forme,t-shirt,cotton,cotton,"{\"cotton\": 60.0, \"polyester\": 40.0}",60.0,58.4,medium,philippine,PH,NCR,San Juan,Greenhills,14.621855337703053,121.016329957339960,"Greenhills, San Juan, NCR, Philippines",0.595,0.273,conditional,1,2026-04-23T20:08:38.387276,2026-04-23T20:09:20.894Z
708,240,708,regatta,shorts,cotton,cotton,"{\"cotton\": 98.0, \"elastane\": 2.0}",98.0,90.24,high,philippine,PH,NCR,San Juan,Greenhills,14.621855337703053,121.016329957339960,"Greenhills, San Juan, NCR, Philippines",0.595,0.226,accept,2,2026-04-23T20:08:38.387276,2026-04-23T20:09:20.894Z
709,240,709,coastal bloom,pants,cotton,cotton,"{\"cotton\": 84.0, \"polyester\": 15.0, \"elastane\": 1.0}",84.0,78.52,medium,international,GLOBAL,NCR,San Juan,Greenhills,14.621855337703053,121.016329957339960,"Greenhills, San Juan, NCR, Philippines",0.595,0.567,accept,2,2026-04-23T20:08:38.387276,2026-04-23T20:09:20.894Z
710,240,710,memo,polo,viscose,viscose,"{\"viscose\": 100.0}",100.0,72.0,medium,philippine,PH,NCR,San Juan,Greenhills,14.621855337703053,121.016329957339960,"Greenhills, San Juan, NCR, Philippines",0.595,0.492,conditional,1,2026-04-23T20:08:38.387276,2026-04-23T20:09:20.894Z
711,241,711,regatta,t-shirt,cotton,cotton,"{\"cotton\": 60.0, \"polyester\": 40.0}",60.0,58.4,medium,philippine,PH,NCR,Caloocan,Bagong Silang,14.665386417725953,120.994309072948060,"Bagong Silang, Caloocan, NCR, Philippines",0.7294,0.188,conditional,1,2026-04-23T20:08:38.388298,2026-04-23T20:09:20.894Z
712,241,712,just g,top,cotton,cotton,"{\"cotton\": 100.0}",100.0,92.0,high,philippine,PH,NCR,Caloocan,Bagong Silang,14.665386417725953,120.994309072948060,"Bagong Silang, Caloocan, NCR, Philippines",0.7294,0.545,accept,2,2026-04-23T20:08:38.388298,2026-04-23T20:09:20.894Z
713,241,713,coastal bloom,knitwear,polyester,polyester,"{\"polyester\": 67.0, \"cotton\": 31.0, \"elastane\": 2.0}",31.0,33.96,low,international,GLOBAL,NCR,Caloocan,Bagong Silang,14.665386417725953,120.994309072948060,"Bagong Silang, Caloocan, NCR, Philippines",0.7294,0.387,decline,0,2026-04-23T20:08:38.388298,2026-04-23T20:09:20.894Z
714,241,714,forme,t-shirt,cotton,cotton,"{\"cotton\": 60.0, \"polyester\": 40.0}",60.0,58.4,medium,philippine,PH,NCR,Caloocan,Bagong Silang,14.665386417725953,120.994309072948060,"Bagong Silang, Caloocan, NCR, Philippines",0.7294,0.249,conditional,1,2026-04-23T20:08:38.388298,2026-04-23T20:09:20.894Z
715,242,715,patton studio,polo,polyester,polyester,"{\"polyester\": 100.0}",0.0,8.0,low,philippine,PH,NCR,Pateros,San Pedro,14.557223143084950,121.056526743802410,"San Pedro, Pateros, NCR, Philippines",0.5759,0.257,decline,0,2026-04-23T20:08:38.389309,2026-04-23T20:09:20.894Z
716,243,716,coastal bloom,t-shirt,cotton,cotton,"{\"cotton\": 95.0, \"elastane\": 5.0}",95.0,87.6,high,international,GLOBAL,NCR,Muntinlupa,Alabang,14.389527246114655,121.049042317465720,"Alabang, Muntinlupa, NCR, Philippines",0.5929,0.257,accept,2,2026-04-23T20:08:38.389768,2026-04-23T20:09:20.894Z
717,243,717,old navy,dress,cotton,cotton,"{\"cotton\": 100.0}",100.0,92.0,high,philippine,PH,NCR,Muntinlupa,Alabang,14.389527246114655,121.049042317465720,"Alabang, Muntinlupa, NCR, Philippines",0.5929,0.52,accept,2,2026-04-23T20:08:38.389768,2026-04-23T20:09:20.894Z
718,244,718,gaui,pants,linen,linen,"{\"linen\": 100.0}",100.0,95.0,high,philippine,PH,NCR,Makati,Bel-Air,14.568621060885095,121.030021192627250,"Bel-Air, Makati, NCR, Philippines",0.7105,0.416,accept,2,2026-04-23T20:08:38.390444,2026-04-23T20:09:20.894Z
719,244,719,gaui,top,cotton,cotton,"{\"cotton\": 96.0, \"elastane\": 4.0}",96.0,88.48,high,philippine,PH,NCR,Makati,Bel-Air,14.568621060885095,121.030021192627250,"Bel-Air, Makati, NCR, Philippines",0.7105,0.508,accept,2,2026-04-23T20:08:38.390444,2026-04-23T20:09:20.894Z
720,244,720,old navy,top,cotton,cotton,"{\"cotton\": 48.0, \"polyester\": 47.0, \"elastane\": 5.0}",48.0,48.12,low,philippine,PH,NCR,Makati,Bel-Air,14.568621060885095,121.030021192627250,"Bel-Air, Makati, NCR, Philippines",0.7105,0.582,conditional,1,2026-04-23T20:08:38.390444,2026-04-23T20:09:20.894Z
721,244,721,old navy,dress,rayon,rayon,"{\"rayon\": 69.0, \"nylon\": 27.0, \"elastane\": 4.0}",69.0,53.08,medium,philippine,PH,NCR,Makati,Bel-Air,14.568621060885095,121.030021192627250,"Bel-Air, Makati, NCR, Philippines",0.7105,0.453,conditional,1,2026-04-23T20:08:38.390444,2026-04-23T20:09:20.894Z
722,245,722,coastal bloom,dress,polyester,polyester,"{\"polyester\": 100.0}",0.0,8.0,low,international,GLOBAL,NCR,Taguig,Bonifacio Global City,14.551263063247399,121.067096733711960,"Bonifacio Global City, Taguig, NCR, Philippines",0.6159,0.366,decline,0,2026-04-23T20:08:38.391496,2026-04-23T20:09:20.894Z
723,245,723,oxgn,t-shirt,polyester,polyester,"{\"polyester\": 100.0}",0.0,8.0,low,philippine,PH,NCR,Taguig,Bonifacio Global City,14.551263063247399,121.067096733711960,"Bonifacio Global City, Taguig, NCR, Philippines",0.6159,0.297,decline,0,2026-04-23T20:08:38.391496,2026-04-23T20:09:20.894Z
724,245,724,just g,shorts,cotton,cotton,"{\"cotton\": 67.0, \"viscose\": 17.0, \"polyester\": 16.0}",84.0,75.16,medium,philippine,PH,NCR,Taguig,Bonifacio Global City,14.551263063247399,121.067096733711960,"Bonifacio Global City, Taguig, NCR, Philippines",0.6159,0.173,accept,2,2026-04-23T20:08:38.391496,2026-04-23T20:09:20.894Z
725,245,725,world balance,t-shirt,nylon,nylon,"{\"nylon\": 87.0, \"elastane\": 13.0}",0.0,10.96,low,philippine,PH,NCR,Taguig,Bonifacio Global City,14.551263063247399,121.067096733711960,"Bonifacio Global City, Taguig, NCR, Philippines",0.6159,0.182,decline,0,2026-04-23T20:08:38.391496,2026-04-23T20:09:20.894Z
726,245,726,gymshark,t-shirt,cotton,cotton,"{\"cotton\": 100.0}",100.0,92.0,high,international,GLOBAL,NCR,Taguig,Bonifacio Global City,14.551263063247399,121.067096733711960,"Bonifacio Global City, Taguig, NCR, Philippines",0.6159,0.275,accept,2,2026-04-23T20:08:38.391496,2026-04-23T20:09:20.894Z
727,246,727,apara studio,pants,cotton,cotton,"{\"cotton\": 100.0}",100.0,92.0,high,international,GLOBAL,NCR,Makati,Bel-Air,14.571184542531944,121.015261758139000,"Bel-Air, Makati, NCR, Philippines",0.6561,0.659,accept,2,2026-04-23T20:08:38.392664,2026-04-23T20:09:20.894Z
728,247,728,levi's,shirt,cotton,cotton,"{\"cotton\": 100.0}",100.0,92.0,high,philippine,PH,NCR,Malabon,Acacia,14.671360055676892,120.942968927191660,"Acacia, Malabon, NCR, Philippines",0.8195,0.282,accept,2,2026-04-23T20:08:38.393221,2026-04-23T20:09:20.894Z
729,247,729,gaui,t-shirt,polyester,polyester,"{\"polyester\": 95.0, \"elastane\": 5.0}",0.0,7.8,low,philippine,PH,NCR,Malabon,Acacia,14.671360055676892,120.942968927191660,"Acacia, Malabon, NCR, Philippines",0.8195,0.266,decline,0,2026-04-23T20:08:38.393221,2026-04-23T20:09:20.894Z
730,247,730,sola,top,modal,modal,"{\"modal\": 95.0, \"elastane\": 5.0}",95.0,72.4,medium,philippine,PH,NCR,Malabon,Acacia,14.671360055676892,120.942968927191660,"Acacia, Malabon, NCR, Philippines",0.8195,0.161,conditional,1,2026-04-23T20:08:38.393221,2026-04-23T20:09:20.894Z
731,247,731,just g,dress,cotton,cotton,"{\"cotton\": 100.0}",100.0,92.0,high,philippine,PH,NCR,Malabon,Acacia,14.671360055676892,120.942968927191660,"Acacia, Malabon, NCR, Philippines",0.8195,0.277,accept,2,2026-04-23T20:08:38.393221,2026-04-23T20:09:20.894Z
732,248,732,levi's,shirt,lyocell,lyocell,"{\"lyocell\": 100.0}",100.0,91.0,high,philippine,PH,NCR,Pasig,Kapitolyo,14.563692761848477,121.076214553910060,"Kapitolyo, Pasig, NCR, Philippines",0.6644,0.22,accept,2,2026-04-23T20:08:38.395763,2026-04-23T20:09:20.894Z
733,248,733,gymshark,top,nylon,nylon,"{\"nylon\": 100.0}",0.0,12.0,low,international,GLOBAL,NCR,Pasig,Kapitolyo,14.563692761848477,121.076214553910060,"Kapitolyo, Pasig, NCR, Philippines",0.6644,0.539,decline,0,2026-04-23T20:08:38.395763,2026-04-23T20:09:20.894Z
734,248,734,guess,dress,viscose,viscose,"{\"viscose\": 72.0, \"polyester\": 28.0}",72.0,54.08,medium,philippine,PH,NCR,Pasig,Kapitolyo,14.563692761848477,121.076214553910060,"Kapitolyo, Pasig, NCR, Philippines",0.6644,0.211,conditional,1,2026-04-23T20:08:38.395763,2026-04-23T20:09:20.894Z
735,248,735,linya linya,t-shirt,polyester,polyester,"{\"polyester\": 100.0}",0.0,8.0,low,philippine,PH,NCR,Pasig,Kapitolyo,14.563692761848477,121.076214553910060,"Kapitolyo, Pasig, NCR, Philippines",0.6644,0.179,decline,0,2026-04-23T20:08:38.395763,2026-04-23T20:09:20.894Z
736,248,736,old navy,underwear,polyester,polyester,"{\"polyester\": 92.0, \"elastane\": 8.0}",0.0,7.68,low,philippine,PH,NCR,Pasig,Kapitolyo,14.563692761848477,121.076214553910060,"Kapitolyo, Pasig, NCR, Philippines",0.6644,0.575,decline,0,2026-04-23T20:08:38.395763,2026-04-23T20:09:20.894Z
737,249,737,memo,polo,viscose,viscose,"{\"viscose\": 100.0}",100.0,72.0,medium,philippine,PH,NCR,Manila,Ermita,14.602934487552233,120.968242730809100,"Ermita, Manila, NCR, Philippines",0.8947,0.486,conditional,1,2026-04-23T20:08:38.397098,2026-04-23T20:09:20.894Z
738,249,738,regatta,shorts,cotton,cotton,"{\"cotton\": 100.0}",100.0,92.0,high,philippine,PH,NCR,Manila,Ermita,14.602934487552233,120.968242730809100,"Ermita, Manila, NCR, Philippines",0.8947,0.371,accept,2,2026-04-23T20:08:38.397098,2026-04-23T20:09:20.894Z
739,249,739,sola,shorts,nylon,nylon,"{\"nylon\": 76.0, \"elastane\": 24.0}",0.0,10.08,low,philippine,PH,NCR,Manila,Ermita,14.602934487552233,120.968242730809100,"Ermita, Manila, NCR, Philippines",0.8947,0.204,decline,0,2026-04-23T20:08:38.397098,2026-04-23T20:09:20.894Z
740,249,740,made by fade,hoodie,cotton,cotton,"{\"cotton\": 85.0, \"polyester\": 15.0}",85.0,79.4,medium,philippine,PH,NCR,Manila,Ermita,14.602934487552233,120.968242730809100,"Ermita, Manila, NCR, Philippines",0.8947,0.389,accept,2,2026-04-23T20:08:38.397098,2026-04-23T20:09:20.894Z
741,249,741,just g,top,cotton,cotton,"{\"cotton\": 95.0, \"elastane\": 5.0}",95.0,87.6,high,philippine,PH,NCR,Manila,Ermita,14.602934487552233,120.968242730809100,"Ermita, Manila, NCR, Philippines",0.8947,0.501,accept,2,2026-04-23T20:08:38.397098,2026-04-23T20:09:20.894Z
742,250,742,coastal bloom,top,cotton,cotton,"{\"cotton\": 100.0}",100.0,92.0,high,international,GLOBAL,NCR,Makati,Bel-Air,14.543332215263360,120.997481706674880,"Bel-Air, Makati, NCR, Philippines",0.6749,0.47,accept,2,2026-04-23T20:08:38.398467,2026-04-23T20:09:20.894Z
743,250,743,phoebe philo,pants,polyester,polyester,"{\"polyester\": 100.0}",0.0,8.0,low,international,GLOBAL,NCR,Makati,Bel-Air,14.543332215263360,120.997481706674880,"Bel-Air, Makati, NCR, Philippines",0.6749,0.572,decline,0,2026-04-23T20:08:38.398467,2026-04-23T20:09:20.894Z
744,250,744,regatta,jeans,cotton,cotton,"{\"cotton\": 75.0, \"polyester\": 23.0, \"elastane\": 2.0}",75.0,70.92,medium,philippine,PH,NCR,Makati,Bel-Air,14.543332215263360,120.997481706674880,"Bel-Air, Makati, NCR, Philippines",0.6749,0.798,conditional,1,2026-04-23T20:08:38.398467,2026-04-23T20:09:20.894Z
745,250,745,coastal bloom,top,cotton,cotton,"{\"cotton\": 100.0}",100.0,92.0,high,international,GLOBAL,NCR,Makati,Bel-Air,14.543332215263360,120.997481706674880,"Bel-Air, Makati, NCR, Philippines",0.6749,0.389,accept,2,2026-04-23T20:08:38.398467,2026-04-23T20:09:20.894Z
746,251,746,patton studio,jacket,cotton,cotton,"{\"cotton\": 100.0}",100.0,92.0,high,philippine,PH,NCR,Muntinlupa,Alabang,14.386740012056176,121.051932060605180,"Alabang, Muntinlupa, NCR, Philippines",0.641,1.399,accept,2,2026-04-23T20:08:38.399641,2026-04-23T20:09:20.894Z
747,252,747,gaui,top,rayon,rayon,"{\"rayon\": 94.0, \"elastane\": 6.0}",94.0,67.92,medium,philippine,PH,NCR,Pateros,San Pedro,14.537233680572603,121.071064464840620,"San Pedro, Pateros, NCR, Philippines",0.5455,0.588,conditional,1,2026-04-23T20:08:38.400219,2026-04-23T20:09:20.894Z
748,252,748,patton studio,jacket,cotton,cotton,"{\"cotton\": 65.0, \"polyester\": 35.0}",65.0,62.6,medium,philippine,PH,NCR,Pateros,San Pedro,14.537233680572603,121.071064464840620,"San Pedro, Pateros, NCR, Philippines",0.5455,1.413,conditional,1,2026-04-23T20:08:38.400219,2026-04-23T20:09:20.894Z
749,252,749,adored vintage,dress,cotton,cotton,"{\"cotton\": 100.0}",100.0,92.0,high,international,GLOBAL,NCR,Pateros,San Pedro,14.537233680572603,121.071064464840620,"San Pedro, Pateros, NCR, Philippines",0.5455,0.523,accept,2,2026-04-23T20:08:38.400219,2026-04-23T20:09:20.894Z
750,252,750,patton studio,pants,polyester,polyester,"{\"polyester\": 72.0, \"rayon\": 16.0, \"wool\": 10.0, \"elastane\": 2.0}",26.0,24.76,low,philippine,PH,NCR,Pateros,San Pedro,14.537233680572603,121.071064464840620,"San Pedro, Pateros, NCR, Philippines",0.5455,0.466,decline,0,2026-04-23T20:08:38.400219,2026-04-23T20:09:20.894Z
751,252,751,memo,t-shirt,polyester,polyester,"{\"polyester\": 55.0, \"cotton\": 40.0, \"elastane\": 5.0}",40.0,41.4,low,philippine,PH,NCR,Pateros,San Pedro,14.537233680572603,121.071064464840620,"San Pedro, Pateros, NCR, Philippines",0.5455,0.134,conditional,1,2026-04-23T20:08:38.400219,2026-04-23T20:09:20.894Z
752,253,752,memo,knitwear,viscose,viscose,"{\"viscose\": 100.0}",100.0,72.0,medium,philippine,PH,NCR,Las Piñas,Almanza Uno,14.460401269552255,120.962791631505070,"Almanza Uno, Las Piñas, NCR, Philippines",0.6235,0.595,conditional,1,2026-04-23T20:08:38.401535,2026-04-23T20:09:20.894Z
753,253,753,old navy,jacket,nylon,nylon,"{\"nylon\": 82.0, \"elastane\": 18.0}",0.0,10.56,low,philippine,PH,NCR,Las Piñas,Almanza Uno,14.460401269552255,120.962791631505070,"Almanza Uno, Las Piñas, NCR, Philippines",0.6235,0.667,decline,0,2026-04-23T20:08:38.401535,2026-04-23T20:09:20.894Z
754,254,754,world balance,t-shirt,cotton,cotton,"{\"cotton\": 95.0, \"elastane\": 5.0}",95.0,87.6,high,philippine,PH,NCR,Caloocan,Bagong Silang,14.667707229779538,120.976395510837150,"Bagong Silang, Caloocan, NCR, Philippines",0.8029,0.226,accept,2,2026-04-23T20:08:38.402227,2026-04-23T20:09:20.894Z
755,255,755,gymshark,t-shirt,cotton,cotton,"{\"cotton\": 100.0}",100.0,92.0,high,international,GLOBAL,NCR,San Juan,Greenhills,14.611359676388236,121.031053154645150,"Greenhills, San Juan, NCR, Philippines",0.5223,0.189,accept,2,2026-04-23T20:08:38.402741,2026-04-23T20:09:20.894Z
756,255,756,gymshark,t-shirt,cotton,cotton,"{\"cotton\": 100.0}",100.0,92.0,high,international,GLOBAL,NCR,San Juan,Greenhills,14.611359676388236,121.031053154645150,"Greenhills, San Juan, NCR, Philippines",0.5223,0.169,accept,2,2026-04-23T20:08:38.402741,2026-04-23T20:09:20.894Z
757,255,757,old navy,hoodie,cotton,cotton,"{\"cotton\": 80.0, \"polyester\": 20.0}",80.0,75.2,medium,philippine,PH,NCR,San Juan,Greenhills,14.611359676388236,121.031053154645150,"Greenhills, San Juan, NCR, Philippines",0.5223,0.36,accept,2,2026-04-23T20:08:38.402741,2026-04-23T20:09:20.894Z
758,256,758,memo,t-shirt,viscose,viscose,"{\"viscose\": 100.0}",100.0,72.0,medium,philippine,PH,NCR,Caloocan,Bagong Silang,14.666173086490135,120.960418689066800,"Bagong Silang, Caloocan, NCR, Philippines",0.7845,0.149,conditional,1,2026-04-23T20:08:38.403698,2026-04-23T20:09:20.894Z
759,257,759,just g,jeans,cotton,cotton,"{\"cotton\": 100.0}",100.0,92.0,high,philippine,PH,NCR,San Juan,Greenhills,14.595946364779886,121.039249393475290,"Greenhills, San Juan, NCR, Philippines",0.549,0.531,accept,2,2026-04-23T20:08:38.404270,2026-04-23T20:09:20.894Z
760,257,760,phoebe philo,shirt,silk,silk,"{\"silk\": 100.0}",100.0,83.0,high,international,GLOBAL,NCR,San Juan,Greenhills,14.595946364779886,121.039249393475290,"Greenhills, San Juan, NCR, Philippines",0.549,0.303,accept,2,2026-04-23T20:08:38.404270,2026-04-23T20:09:20.894Z
761,257,761,gymshark,top,nylon,nylon,"{\"nylon\": 78.0, \"elastane\": 22.0}",0.0,10.24,low,international,GLOBAL,NCR,San Juan,Greenhills,14.595946364779886,121.039249393475290,"Greenhills, San Juan, NCR, Philippines",0.549,0.288,decline,0,2026-04-23T20:08:38.404270,2026-04-23T20:09:20.894Z
762,257,762,regatta,polo,cotton,cotton,"{\"cotton\": 63.0, \"polyester\": 37.0}",63.0,60.92,medium,philippine,PH,NCR,San Juan,Greenhills,14.595946364779886,121.039249393475290,"Greenhills, San Juan, NCR, Philippines",0.549,0.247,conditional,1,2026-04-23T20:08:38.404270,2026-04-23T20:09:20.894Z
763,258,763,gymshark,t-shirt,cotton,cotton,"{\"cotton\": 100.0}",100.0,92.0,high,international,GLOBAL,NCR,Pasay,Malibay,14.564189331136662,120.984401260435620,"Malibay, Pasay, NCR, Philippines",0.7274,0.158,accept,2,2026-04-23T20:08:38.405405,2026-04-23T20:09:20.894Z
764,258,764,regatta,t-shirt,cotton,cotton,"{\"cotton\": 60.0, \"polyester\": 40.0}",60.0,58.4,medium,philippine,PH,NCR,Pasay,Malibay,14.564189331136662,120.984401260435620,"Malibay, Pasay, NCR, Philippines",0.7274,0.211,conditional,1,2026-04-23T20:08:38.405405,2026-04-23T20:09:20.894Z
765,258,765,made by fade,jeans,cotton,cotton,"{\"cotton\": 98.0, \"elastane\": 2.0}",98.0,90.24,high,philippine,PH,NCR,Pasay,Malibay,14.564189331136662,120.984401260435620,"Malibay, Pasay, NCR, Philippines",0.7274,0.749,accept,2,2026-04-23T20:08:38.405405,2026-04-23T20:09:20.894Z
766,259,766,rokman,t-shirt,cotton,cotton,"{\"cotton\": 60.0, \"polyester\": 40.0}",60.0,58.4,medium,international,GLOBAL,NCR,Parañaque,BF Homes,14.506988918482138,120.973286689610870,"BF Homes, Parañaque, NCR, Philippines",0.623,0.235,conditional,1,2026-04-23T20:08:38.406293,2026-04-23T20:09:20.894Z
767,259,767,guess,t-shirt,cotton,cotton,"{\"cotton\": 100.0}",100.0,92.0,high,philippine,PH,NCR,Parañaque,BF Homes,14.506988918482138,120.973286689610870,"BF Homes, Parañaque, NCR, Philippines",0.623,0.237,accept,2,2026-04-23T20:08:38.406293,2026-04-23T20:09:20.894Z
768,259,768,oxgn,t-shirt,cotton,cotton,"{\"cotton\": 90.0, \"elastane\": 10.0}",90.0,83.2,high,philippine,PH,NCR,Parañaque,BF Homes,14.506988918482138,120.973286689610870,"BF Homes, Parañaque, NCR, Philippines",0.623,0.115,accept,2,2026-04-23T20:08:38.406293,2026-04-23T20:09:20.894Z
769,260,769,apara studio,top,cotton,cotton,"{\"cotton\": 100.0}",100.0,92.0,high,international,GLOBAL,NCR,Marikina,Concepcion Uno,14.628560156602285,121.078689674182160,"Concepcion Uno, Marikina, NCR, Philippines",0.7137,0.348,accept,2,2026-04-23T20:08:38.407268,2026-04-23T20:09:20.894Z
770,260,770,coastal bloom,top,polyester,polyester,"{\"polyester\": 96.0, \"elastane\": 4.0}",0.0,7.84,low,international,GLOBAL,NCR,Marikina,Concepcion Uno,14.628560156602285,121.078689674182160,"Concepcion Uno, Marikina, NCR, Philippines",0.7137,0.484,decline,0,2026-04-23T20:08:38.407268,2026-04-23T20:09:20.894Z
771,260,771,regatta,shirt,cotton,cotton,"{\"cotton\": 100.0}",100.0,92.0,high,philippine,PH,NCR,Marikina,Concepcion Uno,14.628560156602285,121.078689674182160,"Concepcion Uno, Marikina, NCR, Philippines",0.7137,0.197,accept,2,2026-04-23T20:08:38.407268,2026-04-23T20:09:20.894Z
772,260,772,coastal bloom,dress,cotton,cotton,"{\"cotton\": 95.0, \"elastane\": 5.0}",95.0,87.6,high,international,GLOBAL,NCR,Marikina,Concepcion Uno,14.628560156602285,121.078689674182160,"Concepcion Uno, Marikina, NCR, Philippines",0.7137,0.49,accept,2,2026-04-23T20:08:38.407268,2026-04-23T20:09:20.894Z
773,261,773,just g,t-shirt,cotton,cotton,"{\"cotton\": 100.0}",100.0,92.0,high,philippine,PH,NCR,Navotas,Northbay Boulevard Norte,14.670207284259230,120.946596999166840,"Northbay Boulevard Norte, Navotas, NCR, Philippines",0.8882,0.224,accept,2,2026-04-23T20:08:38.408454,2026-04-23T20:09:20.894Z
774,261,774,gymshark,activewear,nylon,nylon,"{\"nylon\": 78.0, \"elastane\": 22.0}",0.0,10.24,low,international,GLOBAL,NCR,Navotas,Northbay Boulevard Norte,14.670207284259230,120.946596999166840,"Northbay Boulevard Norte, Navotas, NCR, Philippines",0.8882,0.568,decline,0,2026-04-23T20:08:38.408454,2026-04-23T20:09:20.894Z
775,261,775,just g,dress,cotton,cotton,"{\"cotton\": 50.0, \"polyester\": 50.0}",50.0,50.0,medium,philippine,PH,NCR,Navotas,Northbay Boulevard Norte,14.670207284259230,120.946596999166840,"Northbay Boulevard Norte, Navotas, NCR, Philippines",0.8882,0.372,conditional,1,2026-04-23T20:08:38.408454,2026-04-23T20:09:20.894Z
776,262,776,gaui,t-shirt,polyester,polyester,"{\"polyester\": 95.0, \"elastane\": 5.0}",0.0,7.8,low,philippine,PH,NCR,Muntinlupa,Alabang,14.394363248176377,121.056785856864880,"Alabang, Muntinlupa, NCR, Philippines",0.6324,0.203,decline,0,2026-04-23T20:08:38.409296,2026-04-23T20:09:20.894Z
777,262,777,no emotions,shirt,cotton,cotton,"{\"cotton\": 97.0, \"elastane\": 3.0}",97.0,89.36,high,philippine,PH,NCR,Muntinlupa,Alabang,14.394363248176377,121.056785856864880,"Alabang, Muntinlupa, NCR, Philippines",0.6324,0.246,accept,2,2026-04-23T20:08:38.409296,2026-04-23T20:09:20.894Z
778,262,778,tropa store,t-shirt,cotton,cotton,"{\"cotton\": 100.0}",100.0,92.0,high,philippine,PH,NCR,Muntinlupa,Alabang,14.394363248176377,121.056785856864880,"Alabang, Muntinlupa, NCR, Philippines",0.6324,0.284,accept,2,2026-04-23T20:08:38.409296,2026-04-23T20:09:20.894Z
779,262,779,regatta,knitwear,viscose,viscose,"{\"viscose\": 100.0}",100.0,72.0,medium,philippine,PH,NCR,Muntinlupa,Alabang,14.394363248176377,121.056785856864880,"Alabang, Muntinlupa, NCR, Philippines",0.6324,0.372,conditional,1,2026-04-23T20:08:38.409296,2026-04-23T20:09:20.894Z
780,262,780,memo,skirt,polyester,polyester,"{\"polyester\": 60.0, \"cotton\": 40.0}",40.0,41.6,low,philippine,PH,NCR,Muntinlupa,Alabang,14.394363248176377,121.056785856864880,"Alabang, Muntinlupa, NCR, Philippines",0.6324,0.29,conditional,1,2026-04-23T20:08:38.409296,2026-04-23T20:09:20.894Z
781,263,781,gaui,top,polyester,polyester,"{\"polyester\": 95.0, \"elastane\": 5.0}",0.0,7.8,low,philippine,PH,NCR,Valenzuela,Karuhatan,14.689219123180044,120.953497621516100,"Karuhatan, Valenzuela, NCR, Philippines",0.7706,0.193,decline,0,2026-04-23T20:08:38.410537,2026-04-23T20:09:20.894Z
782,263,782,regatta,skirt,cotton,cotton,"{\"cotton\": 100.0}",100.0,92.0,high,philippine,PH,NCR,Valenzuela,Karuhatan,14.689219123180044,120.953497621516100,"Karuhatan, Valenzuela, NCR, Philippines",0.7706,0.15,accept,2,2026-04-23T20:08:38.410537,2026-04-23T20:09:20.894Z
783,263,783,old navy,top,polyester,polyester,"{\"polyester\": 100.0}",0.0,8.0,low,philippine,PH,NCR,Valenzuela,Karuhatan,14.689219123180044,120.953497621516100,"Karuhatan, Valenzuela, NCR, Philippines",0.7706,0.344,decline,0,2026-04-23T20:08:38.410537,2026-04-23T20:09:20.894Z
784,263,784,memo,shirt,cotton,cotton,"{\"cotton\": 97.0, \"elastane\": 3.0}",97.0,89.36,high,philippine,PH,NCR,Valenzuela,Karuhatan,14.689219123180044,120.953497621516100,"Karuhatan, Valenzuela, NCR, Philippines",0.7706,0.304,accept,2,2026-04-23T20:08:38.410537,2026-04-23T20:09:20.894Z
785,263,785,coastal bloom,top,rayon,rayon,"{\"rayon\": 95.0, \"elastane\": 5.0}",95.0,68.6,medium,international,GLOBAL,NCR,Valenzuela,Karuhatan,14.689219123180044,120.953497621516100,"Karuhatan, Valenzuela, NCR, Philippines",0.7706,0.48,conditional,1,2026-04-23T20:08:38.410537,2026-04-23T20:09:20.894Z
786,264,786,patton studio,shirt,cotton,cotton,"{\"cotton\": 65.0, \"polyester\": 35.0}",65.0,62.6,medium,philippine,PH,NCR,Manila,Ermita,14.593948345179701,120.963076256270670,"Ermita, Manila, NCR, Philippines",0.9275,0.183,conditional,1,2026-04-23T20:08:38.411755,2026-04-23T20:09:20.894Z
787,264,787,made by fade,t-shirt,cotton,cotton,"{\"cotton\": 95.0, \"elastane\": 5.0}",95.0,87.6,high,philippine,PH,NCR,Manila,Ermita,14.593948345179701,120.963076256270670,"Ermita, Manila, NCR, Philippines",0.9275,0.225,accept,2,2026-04-23T20:08:38.411755,2026-04-23T20:09:20.894Z
788,264,788,old navy,t-shirt,nylon,nylon,"{\"nylon\": 100.0}",0.0,12.0,low,philippine,PH,NCR,Manila,Ermita,14.593948345179701,120.963076256270670,"Ermita, Manila, NCR, Philippines",0.9275,0.165,decline,0,2026-04-23T20:08:38.411755,2026-04-23T20:09:20.894Z
789,264,789,phoebe philo,shirt,wool,wool,"{\"wool\": 100.0}",100.0,74.0,medium,international,GLOBAL,NCR,Manila,Ermita,14.593948345179701,120.963076256270670,"Ermita, Manila, NCR, Philippines",0.9275,0.278,conditional,1,2026-04-23T20:08:38.411755,2026-04-23T20:09:20.894Z
790,265,790,levi's,t-shirt,cotton,cotton,"{\"cotton\": 100.0}",100.0,92.0,high,philippine,PH,NCR,Marikina,Concepcion Uno,14.646090552615320,121.085888056266400,"Concepcion Uno, Marikina, NCR, Philippines",0.6991,0.2,accept,2,2026-04-23T20:08:38.412766,2026-04-23T20:09:20.894Z
791,265,791,oxgn,shorts,cotton,cotton,"{\"cotton\": 100.0}",100.0,92.0,high,philippine,PH,NCR,Marikina,Concepcion Uno,14.646090552615320,121.085888056266400,"Concepcion Uno, Marikina, NCR, Philippines",0.6991,0.339,accept,2,2026-04-23T20:08:38.412766,2026-04-23T20:09:20.894Z
792,266,792,memo,knitwear,viscose,viscose,"{\"viscose\": 100.0}",100.0,72.0,medium,philippine,PH,NCR,San Juan,Greenhills,14.629377730547740,121.016144183279690,"Greenhills, San Juan, NCR, Philippines",0.591,0.263,conditional,1,2026-04-23T20:08:38.413517,2026-04-23T20:09:20.894Z
793,266,793,levi's,shirt,tencel,tencel,"{\"cotton\": 10.0, \"tencel\": 69.0, \"polyester\": 15.0, \"linen\": 6.0}",85.0,78.89,medium,philippine,PH,NCR,San Juan,Greenhills,14.629377730547740,121.016144183279690,"Greenhills, San Juan, NCR, Philippines",0.591,0.203,accept,2,2026-04-23T20:08:38.413517,2026-04-23T20:09:20.894Z
794,266,794,made by fade,jeans,cotton,cotton,"{\"cotton\": 98.0, \"elastane\": 2.0}",98.0,90.24,high,philippine,PH,NCR,San Juan,Greenhills,14.629377730547740,121.016144183279690,"Greenhills, San Juan, NCR, Philippines",0.591,0.733,accept,2,2026-04-23T20:08:38.413517,2026-04-23T20:09:20.894Z
795,267,795,levi's,shirt,cotton,cotton,"{\"cotton\": 100.0}",100.0,92.0,high,philippine,PH,NCR,Valenzuela,Karuhatan,14.716204204354637,120.970792061568120,"Karuhatan, Valenzuela, NCR, Philippines",0.7196,0.322,accept,2,2026-04-23T20:08:38.414392,2026-04-23T20:09:20.894Z
796,267,796,coastal bloom,hoodie,cotton,cotton,"{\"cotton\": 53.0, \"polyester\": 45.0, \"elastane\": 2.0}",53.0,52.44,medium,international,GLOBAL,NCR,Valenzuela,Karuhatan,14.716204204354637,120.970792061568120,"Karuhatan, Valenzuela, NCR, Philippines",0.7196,0.57,conditional,1,2026-04-23T20:08:38.414392,2026-04-23T20:09:20.894Z
797,267,797,just g,t-shirt,cotton,cotton,"{\"cotton\": 100.0}",100.0,92.0,high,philippine,PH,NCR,Valenzuela,Karuhatan,14.716204204354637,120.970792061568120,"Karuhatan, Valenzuela, NCR, Philippines",0.7196,0.141,accept,2,2026-04-23T20:08:38.414392,2026-04-23T20:09:20.894Z
798,267,798,regatta,t-shirt,cotton,cotton,"{\"cotton\": 91.0, \"elastane\": 9.0}",91.0,84.08,high,philippine,PH,NCR,Valenzuela,Karuhatan,14.716204204354637,120.970792061568120,"Karuhatan, Valenzuela, NCR, Philippines",0.7196,0.206,accept,2,2026-04-23T20:08:38.414392,2026-04-23T20:09:20.894Z
799,268,799,made by fade,jeans,cotton,cotton,"{\"cotton\": 98.0, \"elastane\": 2.0}",98.0,90.24,high,philippine,PH,NCR,San Juan,Greenhills,14.594596403831730,121.026937352124020,"Greenhills, San Juan, NCR, Philippines",0.6424,0.894,accept,2,2026-04-23T20:08:38.415434,2026-04-23T20:09:20.894Z
800,268,800,apara studio,skirt,cotton,cotton,"{\"cotton\": 100.0}",100.0,92.0,high,international,GLOBAL,NCR,San Juan,Greenhills,14.594596403831730,121.026937352124020,"Greenhills, San Juan, NCR, Philippines",0.6424,0.422,accept,2,2026-04-23T20:08:38.415434,2026-04-23T20:09:20.894Z
801,268,801,regatta,polo,polyester,polyester,"{\"polyester\": 70.0, \"nylon\": 30.0}",0.0,9.2,low,philippine,PH,NCR,San Juan,Greenhills,14.594596403831730,121.026937352124020,"Greenhills, San Juan, NCR, Philippines",0.6424,0.509,decline,0,2026-04-23T20:08:38.415434,2026-04-23T20:09:20.894Z
802,268,802,coastal bloom,knitwear,polyester,polyester,"{\"polyester\": 65.0, \"viscose\": 35.0}",35.0,30.4,low,international,GLOBAL,NCR,San Juan,Greenhills,14.594596403831730,121.026937352124020,"Greenhills, San Juan, NCR, Philippines",0.6424,0.271,decline,0,2026-04-23T20:08:38.415434,2026-04-23T20:09:20.894Z
803,269,803,levi's,shirt,cotton,cotton,"{\"cotton\": 100.0}",100.0,92.0,high,philippine,PH,NCR,Malabon,Acacia,14.660214542060244,120.954164968728100,"Acacia, Malabon, NCR, Philippines",0.7835,0.277,accept,2,2026-04-23T20:08:38.416442,2026-04-23T20:09:20.894Z
804,270,804,phoebe philo,top,silk,silk,"{\"silk\": 92.0, \"elastane\": 8.0}",92.0,76.68,medium,international,GLOBAL,NCR,Mandaluyong,Wack-Wack Greenhills,14.589897907865778,121.025574796323920,"Wack-Wack Greenhills, Mandaluyong, NCR, Philippines",0.6765,0.207,accept,2,2026-04-23T20:08:38.419391,2026-04-23T20:09:20.894Z
805,270,805,tropa store,jacket,cotton,cotton,"{\"cotton\": 100.0}",100.0,92.0,high,philippine,PH,NCR,Mandaluyong,Wack-Wack Greenhills,14.589897907865778,121.025574796323920,"Wack-Wack Greenhills, Mandaluyong, NCR, Philippines",0.6765,0.77,accept,2,2026-04-23T20:08:38.419391,2026-04-23T20:09:20.894Z
806,270,806,oxgn,jeans,cotton,cotton,"{\"cotton\": 80.0, \"polyester\": 20.0}",80.0,75.2,medium,philippine,PH,NCR,Mandaluyong,Wack-Wack Greenhills,14.589897907865778,121.025574796323920,"Wack-Wack Greenhills, Mandaluyong, NCR, Philippines",0.6765,0.84,accept,2,2026-04-23T20:08:38.419391,2026-04-23T20:09:20.894Z
807,271,807,regatta,jacket,viscose,viscose,"{\"viscose\": 100.0}",100.0,72.0,medium,philippine,PH,NCR,Marikina,Concepcion Uno,14.619501789327641,121.112321155001110,"Concepcion Uno, Marikina, NCR, Philippines",0.6353,0.619,conditional,1,2026-04-23T20:08:38.420324,2026-04-23T20:09:20.894Z
808,271,808,patton studio,t-shirt,rayon,rayon,"{\"rayon\": 65.0, \"nylon\": 30.0, \"elastane\": 5.0}",65.0,50.6,medium,philippine,PH,NCR,Marikina,Concepcion Uno,14.619501789327641,121.112321155001110,"Concepcion Uno, Marikina, NCR, Philippines",0.6353,0.163,conditional,1,2026-04-23T20:08:38.420324,2026-04-23T20:09:20.894Z
809,271,809,no emotions,t-shirt,cotton,cotton,"{\"cotton\": 95.0, \"elastane\": 5.0}",95.0,87.6,high,philippine,PH,NCR,Marikina,Concepcion Uno,14.619501789327641,121.112321155001110,"Concepcion Uno, Marikina, NCR, Philippines",0.6353,0.135,accept,2,2026-04-23T20:08:38.420324,2026-04-23T20:09:20.894Z
810,271,810,princess polly,jeans,cotton,cotton,"{\"cotton\": 90.0, \"viscose\": 10.0}",100.0,90.0,high,international,GLOBAL,NCR,Marikina,Concepcion Uno,14.619501789327641,121.112321155001110,"Concepcion Uno, Marikina, NCR, Philippines",0.6353,0.762,accept,2,2026-04-23T20:08:38.420324,2026-04-23T20:09:20.894Z
811,271,811,princess polly,polo,polyester,polyester,"{\"polyester\": 95.0, \"elastane\": 5.0}",0.0,7.8,low,international,GLOBAL,NCR,Marikina,Concepcion Uno,14.619501789327641,121.112321155001110,"Concepcion Uno, Marikina, NCR, Philippines",0.6353,0.274,decline,0,2026-04-23T20:08:38.420324,2026-04-23T20:09:20.894Z
812,272,812,tropa store,top,bamboo,bamboo,"{\"bamboo\": 95.0, \"elastane\": 5.0}",95.0,69.55,medium,philippine,PH,NCR,Quezon City,Diliman,14.628801349459884,121.052711764897940,"Diliman, Quezon City, NCR, Philippines",0.8733,0.532,conditional,1,2026-04-23T20:08:38.427817,2026-04-23T20:09:20.894Z
813,272,813,gaui,top,polyester,polyester,"{\"polyester\": 95.0, \"elastane\": 5.0}",0.0,7.8,low,philippine,PH,NCR,Quezon City,Diliman,14.628801349459884,121.052711764897940,"Diliman, Quezon City, NCR, Philippines",0.8733,0.22,decline,0,2026-04-23T20:08:38.427817,2026-04-23T20:09:20.894Z
814,272,814,bench,t-shirt,polyester,polyester,"{\"polyester\": 100.0}",0.0,8.0,low,philippine,PH,NCR,Quezon City,Diliman,14.628801349459884,121.052711764897940,"Diliman, Quezon City, NCR, Philippines",0.8733,0.221,decline,0,2026-04-23T20:08:38.427817,2026-04-23T20:09:20.894Z
815,272,815,tropa store,skirt,cotton,cotton,"{\"cotton\": 100.0}",100.0,92.0,high,philippine,PH,NCR,Quezon City,Diliman,14.628801349459884,121.052711764897940,"Diliman, Quezon City, NCR, Philippines",0.8733,0.283,accept,2,2026-04-23T20:08:38.427817,2026-04-23T20:09:20.894Z
816,273,816,regatta,knitwear,viscose,viscose,"{\"viscose\": 100.0}",100.0,72.0,medium,philippine,PH,NCR,Marikina,Concepcion Uno,14.611698257118002,121.114491712510610,"Concepcion Uno, Marikina, NCR, Philippines",0.6916,0.155,conditional,1,2026-04-23T20:08:38.435093,2026-04-23T20:09:20.894Z
817,273,817,gymshark,underwear,nylon,nylon,"{\"nylon\": 59.0, \"polyester\": 31.0, \"elastane\": 10.0}",0.0,9.96,low,international,GLOBAL,NCR,Marikina,Concepcion Uno,14.611698257118002,121.114491712510610,"Concepcion Uno, Marikina, NCR, Philippines",0.6916,0.23,decline,0,2026-04-23T20:08:38.435093,2026-04-23T20:09:20.894Z
818,273,818,gymshark,top,nylon,nylon,"{\"nylon\": 96.0, \"elastane\": 4.0}",0.0,11.68,low,international,GLOBAL,NCR,Marikina,Concepcion Uno,14.611698257118002,121.114491712510610,"Concepcion Uno, Marikina, NCR, Philippines",0.6916,0.557,decline,0,2026-04-23T20:08:38.435093,2026-04-23T20:09:20.894Z
819,273,819,regatta,dress,cotton,cotton,"{\"cotton\": 100.0}",100.0,92.0,high,philippine,PH,NCR,Marikina,Concepcion Uno,14.611698257118002,121.114491712510610,"Concepcion Uno, Marikina, NCR, Philippines",0.6916,0.392,accept,2,2026-04-23T20:08:38.435093,2026-04-23T20:09:20.894Z
820,274,820,memo,polo,viscose,viscose,"{\"viscose\": 100.0}",100.0,72.0,medium,philippine,PH,NCR,Caloocan,Bagong Silang,14.636484022630459,120.980382812211860,"Bagong Silang, Caloocan, NCR, Philippines",0.7754,0.42,conditional,1,2026-04-23T20:08:38.436531,2026-04-23T20:09:20.894Z
821,274,821,gymshark,underwear,polyester,polyester,"{\"polyester\": 78.0, \"elastane\": 22.0}",0.0,7.12,low,international,GLOBAL,NCR,Caloocan,Bagong Silang,14.636484022630459,120.980382812211860,"Bagong Silang, Caloocan, NCR, Philippines",0.7754,0.579,decline,0,2026-04-23T20:08:38.436531,2026-04-23T20:09:20.894Z
822,274,822,forme,dress,cotton,cotton,"{\"cotton\": 60.0, \"polyester\": 40.0}",60.0,58.4,medium,philippine,PH,NCR,Caloocan,Bagong Silang,14.636484022630459,120.980382812211860,"Bagong Silang, Caloocan, NCR, Philippines",0.7754,0.373,conditional,1,2026-04-23T20:08:38.436531,2026-04-23T20:09:20.894Z
823,274,823,gymshark,top,polyester,polyester,"{\"polyester\": 92.0, \"elastane\": 8.0}",0.0,7.68,low,international,GLOBAL,NCR,Caloocan,Bagong Silang,14.636484022630459,120.980382812211860,"Bagong Silang, Caloocan, NCR, Philippines",0.7754,0.285,decline,0,2026-04-23T20:08:38.436531,2026-04-23T20:09:20.894Z
824,275,824,bench,dress,cotton,cotton,"{\"cotton\": 100.0}",100.0,92.0,high,philippine,PH,NCR,Muntinlupa,Alabang,14.382246714683331,121.031130894633730,"Alabang, Muntinlupa, NCR, Philippines",0.629,0.323,accept,2,2026-04-23T20:08:38.444135,2026-04-23T20:09:20.894Z
825,275,825,patton studio,jacket,polyester,polyester,"{\"polyester\": 100.0}",0.0,8.0,low,philippine,PH,NCR,Muntinlupa,Alabang,14.382246714683331,121.031130894633730,"Alabang, Muntinlupa, NCR, Philippines",0.629,1.24,decline,0,2026-04-23T20:08:38.444135,2026-04-23T20:09:20.894Z
826,275,826,old navy,top,rayon,rayon,"{\"rayon\": 74.0, \"nylon\": 26.0}",74.0,56.4,medium,philippine,PH,NCR,Muntinlupa,Alabang,14.382246714683331,121.031130894633730,"Alabang, Muntinlupa, NCR, Philippines",0.629,0.158,conditional,1,2026-04-23T20:08:38.444135,2026-04-23T20:09:20.894Z
827,275,827,patton studio,pants,polyester,polyester,"{\"polyester\": 98.0, \"elastane\": 2.0}",0.0,7.92,low,philippine,PH,NCR,Muntinlupa,Alabang,14.382246714683331,121.031130894633730,"Alabang, Muntinlupa, NCR, Philippines",0.629,0.504,decline,0,2026-04-23T20:08:38.444135,2026-04-23T20:09:20.894Z
828,275,828,tropa store,dress,viscose,viscose,"{\"viscose\": 95.0, \"elastane\": 5.0}",95.0,68.6,medium,philippine,PH,NCR,Muntinlupa,Alabang,14.382246714683331,121.031130894633730,"Alabang, Muntinlupa, NCR, Philippines",0.629,0.425,conditional,1,2026-04-23T20:08:38.444135,2026-04-23T20:09:20.894Z
829,276,829,memo,t-shirt,viscose,viscose,"{\"viscose\": 70.0, \"polyester\": 30.0}",70.0,52.8,medium,philippine,PH,NCR,Parañaque,BF Homes,14.514644021794437,121.007058685782980,"BF Homes, Parañaque, NCR, Philippines",0.6917,0.121,conditional,1,2026-04-23T20:08:38.453920,2026-04-23T20:09:20.894Z
830,276,830,coastal bloom,top,cotton,cotton,"{\"cotton\": 100.0}",100.0,92.0,high,international,GLOBAL,NCR,Parañaque,BF Homes,14.514644021794437,121.007058685782980,"BF Homes, Parañaque, NCR, Philippines",0.6917,0.364,accept,2,2026-04-23T20:08:38.453920,2026-04-23T20:09:20.894Z
831,277,831,gaui,pants,polyester,polyester,"{\"polyester\": 95.0, \"elastane\": 5.0}",0.0,7.8,low,philippine,PH,NCR,Parañaque,BF Homes,14.488089901940473,120.968660290882330,"BF Homes, Parañaque, NCR, Philippines",0.6467,0.509,decline,0,2026-04-23T20:08:38.454737,2026-04-23T20:09:20.894Z
832,277,832,gymshark,top,cotton,cotton,"{\"cotton\": 57.0, \"polyester\": 38.0, \"elastane\": 5.0}",57.0,55.68,medium,international,GLOBAL,NCR,Parañaque,BF Homes,14.488089901940473,120.968660290882330,"BF Homes, Parañaque, NCR, Philippines",0.6467,0.336,conditional,1,2026-04-23T20:08:38.454737,2026-04-23T20:09:20.894Z
833,277,833,patton studio,shirt,polyester,polyester,"{\"polyester\": 73.0, \"rayon\": 23.0, \"elastane\": 4.0}",23.0,22.56,low,philippine,PH,NCR,Parañaque,BF Homes,14.488089901940473,120.968660290882330,"BF Homes, Parañaque, NCR, Philippines",0.6467,0.185,decline,0,2026-04-23T20:08:38.454737,2026-04-23T20:09:20.894Z
834,277,834,oxgn,shirt,cotton,cotton,"{\"cotton\": 100.0}",100.0,92.0,high,philippine,PH,NCR,Parañaque,BF Homes,14.488089901940473,120.968660290882330,"BF Homes, Parañaque, NCR, Philippines",0.6467,0.315,accept,2,2026-04-23T20:08:38.454737,2026-04-23T20:09:20.894Z
835,278,835,old navy,dress,viscose,viscose,"{\"viscose\": 95.0, \"elastane\": 5.0}",95.0,68.6,medium,philippine,PH,NCR,Taguig,Bonifacio Global City,14.512121215952634,121.095972845778360,"Bonifacio Global City, Taguig, NCR, Philippines",0.6148,0.524,conditional,1,2026-04-23T20:08:38.461945,2026-04-23T20:09:20.894Z
836,278,836,memo,shirt,polyester,polyester,"{\"polyester\": 100.0}",0.0,8.0,low,philippine,PH,NCR,Taguig,Bonifacio Global City,14.512121215952634,121.095972845778360,"Bonifacio Global City, Taguig, NCR, Philippines",0.6148,0.34,decline,0,2026-04-23T20:08:38.461945,2026-04-23T20:09:20.894Z
837,278,837,oxgn,jeans,cotton,cotton,"{\"cotton\": 80.0, \"polyester\": 20.0}",80.0,75.2,medium,philippine,PH,NCR,Taguig,Bonifacio Global City,14.512121215952634,121.095972845778360,"Bonifacio Global City, Taguig, NCR, Philippines",0.6148,0.505,accept,2,2026-04-23T20:08:38.461945,2026-04-23T20:09:20.894Z
838,279,838,forme,shorts,cotton,cotton,"{\"cotton\": 100.0}",100.0,92.0,high,philippine,PH,NCR,Pasig,Kapitolyo,14.584026678628492,121.096729410940900,"Kapitolyo, Pasig, NCR, Philippines",0.6588,0.288,accept,2,2026-04-23T20:08:38.464923,2026-04-23T20:09:20.894Z
839,279,839,made by fade,t-shirt,cotton,cotton,"{\"cotton\": 95.0, \"elastane\": 5.0}",95.0,87.6,high,philippine,PH,NCR,Pasig,Kapitolyo,14.584026678628492,121.096729410940900,"Kapitolyo, Pasig, NCR, Philippines",0.6588,0.116,accept,2,2026-04-23T20:08:38.464923,2026-04-23T20:09:20.894Z
840,279,840,gymshark,hoodie,cotton,cotton,"{\"cotton\": 80.0, \"polyester\": 20.0}",80.0,75.2,medium,international,GLOBAL,NCR,Pasig,Kapitolyo,14.584026678628492,121.096729410940900,"Kapitolyo, Pasig, NCR, Philippines",0.6588,0.532,accept,2,2026-04-23T20:08:38.464923,2026-04-23T20:09:20.894Z
841,279,841,coastal bloom,t-shirt,cotton,cotton,"{\"cotton\": 100.0}",100.0,92.0,high,international,GLOBAL,NCR,Pasig,Kapitolyo,14.584026678628492,121.096729410940900,"Kapitolyo, Pasig, NCR, Philippines",0.6588,0.223,accept,2,2026-04-23T20:08:38.464923,2026-04-23T20:09:20.894Z
842,279,842,regatta,dress,cotton,cotton,"{\"cotton\": 100.0}",100.0,92.0,high,philippine,PH,NCR,Pasig,Kapitolyo,14.584026678628492,121.096729410940900,"Kapitolyo, Pasig, NCR, Philippines",0.6588,0.415,accept,2,2026-04-23T20:08:38.464923,2026-04-23T20:09:20.894Z
843,280,843,regatta,shirt,viscose,viscose,"{\"viscose\": 53.0, \"cotton\": 38.0, \"polyester\": 9.0}",91.0,73.84,medium,philippine,PH,NCR,Marikina,Concepcion Uno,14.636700498826055,121.082033088954300,"Concepcion Uno, Marikina, NCR, Philippines",0.6214,0.165,conditional,1,2026-04-23T20:08:38.466350,2026-04-23T20:09:20.894Z
844,280,844,oxgn,t-shirt,polyester,polyester,"{\"polyester\": 100.0}",0.0,8.0,low,philippine,PH,NCR,Marikina,Concepcion Uno,14.636700498826055,121.082033088954300,"Concepcion Uno, Marikina, NCR, Philippines",0.6214,0.246,decline,0,2026-04-23T20:08:38.466350,2026-04-23T20:09:20.894Z
845,280,845,just g,dress,cotton,cotton,"{\"cotton\": 100.0}",100.0,92.0,high,philippine,PH,NCR,Marikina,Concepcion Uno,14.636700498826055,121.082033088954300,"Concepcion Uno, Marikina, NCR, Philippines",0.6214,0.497,accept,2,2026-04-23T20:08:38.466350,2026-04-23T20:09:20.894Z
846,281,846,gaui,top,polyester,polyester,"{\"polyester\": 95.0, \"elastane\": 5.0}",0.0,7.8,low,philippine,PH,NCR,Muntinlupa,Alabang,14.389754918302854,121.035520813646100,"Alabang, Muntinlupa, NCR, Philippines",0.5767,0.48,decline,0,2026-04-23T20:08:38.473851,2026-04-23T20:09:20.894Z
847,281,847,just g,dress,polyester,polyester,"{\"polyester\": 100.0}",0.0,8.0,low,philippine,PH,NCR,Muntinlupa,Alabang,14.389754918302854,121.035520813646100,"Alabang, Muntinlupa, NCR, Philippines",0.5767,0.329,decline,0,2026-04-23T20:08:38.473851,2026-04-23T20:09:20.894Z
848,281,848,gymshark,underwear,nylon,nylon,"{\"nylon\": 96.0, \"elastane\": 4.0}",0.0,11.68,low,international,GLOBAL,NCR,Muntinlupa,Alabang,14.389754918302854,121.035520813646100,"Alabang, Muntinlupa, NCR, Philippines",0.5767,0.229,decline,0,2026-04-23T20:08:38.473851,2026-04-23T20:09:20.894Z
849,282,849,apara studio,pants,cotton,cotton,"{\"cotton\": 100.0}",100.0,92.0,high,international,GLOBAL,NCR,Las Piñas,Almanza Uno,14.479097314305502,121.003914520015710,"Almanza Uno, Las Piñas, NCR, Philippines",0.7017,0.425,accept,2,2026-04-23T20:08:38.480948,2026-04-23T20:09:20.894Z
850,282,850,regatta,knitwear,polyester,polyester,"{\"polyester\": 70.0, \"nylon\": 30.0}",0.0,9.2,low,philippine,PH,NCR,Las Piñas,Almanza Uno,14.479097314305502,121.003914520015710,"Almanza Uno, Las Piñas, NCR, Philippines",0.7017,0.537,decline,0,2026-04-23T20:08:38.480948,2026-04-23T20:09:20.894Z
851,283,851,coastal bloom,dress,cotton,cotton,"{\"cotton\": 100.0}",100.0,92.0,high,international,GLOBAL,NCR,Mandaluyong,Wack-Wack Greenhills,14.595025309137627,121.020982279899060,"Wack-Wack Greenhills, Mandaluyong, NCR, Philippines",0.6679,0.524,accept,2,2026-04-23T20:08:38.482212,2026-04-23T20:09:20.894Z
852,283,852,guess,knitwear,viscose,viscose,"{\"viscose\": 72.0, \"polyester\": 28.0}",72.0,54.08,medium,philippine,PH,NCR,Mandaluyong,Wack-Wack Greenhills,14.595025309137627,121.020982279899060,"Wack-Wack Greenhills, Mandaluyong, NCR, Philippines",0.6679,0.266,conditional,1,2026-04-23T20:08:38.482212,2026-04-23T20:09:20.894Z
853,283,853,old navy,top,cotton,cotton,"{\"cotton\": 100.0}",100.0,92.0,high,philippine,PH,NCR,Mandaluyong,Wack-Wack Greenhills,14.595025309137627,121.020982279899060,"Wack-Wack Greenhills, Mandaluyong, NCR, Philippines",0.6679,0.462,accept,2,2026-04-23T20:08:38.482212,2026-04-23T20:09:20.894Z
854,283,854,old navy,top,cotton,cotton,"{\"cotton\": 48.0, \"polyester\": 47.0, \"elastane\": 5.0}",48.0,48.12,low,philippine,PH,NCR,Mandaluyong,Wack-Wack Greenhills,14.595025309137627,121.020982279899060,"Wack-Wack Greenhills, Mandaluyong, NCR, Philippines",0.6679,0.594,conditional,1,2026-04-23T20:08:38.482212,2026-04-23T20:09:20.894Z
855,284,855,adored vintage,top,polyester,polyester,"{\"polyester\": 100.0}",0.0,8.0,low,international,GLOBAL,NCR,Caloocan,Bagong Silang,14.630764614535034,120.981093259622240,"Bagong Silang, Caloocan, NCR, Philippines",0.7636,0.182,decline,0,2026-04-23T20:08:38.486327,2026-04-23T20:09:20.894Z
856,284,856,regatta,shirt,cotton,cotton,"{\"cotton\": 50.0, \"modal\": 50.0}",100.0,84.0,high,philippine,PH,NCR,Caloocan,Bagong Silang,14.630764614535034,120.981093259622240,"Bagong Silang, Caloocan, NCR, Philippines",0.7636,0.245,accept,2,2026-04-23T20:08:38.486327,2026-04-23T20:09:20.894Z
857,284,857,levi's,shirt,lyocell,lyocell,"{\"lyocell\": 100.0}",100.0,91.0,high,philippine,PH,NCR,Caloocan,Bagong Silang,14.630764614535034,120.981093259622240,"Bagong Silang, Caloocan, NCR, Philippines",0.7636,0.301,accept,2,2026-04-23T20:08:38.486327,2026-04-23T20:09:20.894Z
858,285,858,just g,top,viscose,viscose,"{\"viscose\": 80.0, \"cotton\": 20.0}",100.0,76.0,medium,philippine,PH,NCR,Makati,Bel-Air,14.548547243875257,121.038407570032350,"Bel-Air, Makati, NCR, Philippines",0.7286,0.529,accept,2,2026-04-23T20:08:38.487275,2026-04-23T20:09:20.894Z
859,286,859,patton studio,jacket,polyester,polyester,"{\"polyester\": 100.0}",0.0,8.0,low,philippine,PH,NCR,Marikina,Concepcion Uno,14.655757158078005,121.106893829485880,"Concepcion Uno, Marikina, NCR, Philippines",0.6566,1.397,decline,0,2026-04-23T20:08:38.487798,2026-04-23T20:09:20.894Z
860,287,860,phoebe philo,pants,silk,silk,"{\"silk\": 93.0, \"elastane\": 7.0}",93.0,77.47,medium,international,GLOBAL,NCR,Muntinlupa,Alabang,14.371345348398647,121.027544606692060,"Alabang, Muntinlupa, NCR, Philippines",0.5706,0.367,accept,2,2026-04-23T20:08:38.488461,2026-04-23T20:09:20.894Z
861,287,861,phoebe philo,t-shirt,cotton,cotton,"{\"cotton\": 100.0}",100.0,92.0,high,international,GLOBAL,NCR,Muntinlupa,Alabang,14.371345348398647,121.027544606692060,"Alabang, Muntinlupa, NCR, Philippines",0.5706,0.157,accept,2,2026-04-23T20:08:38.488461,2026-04-23T20:09:20.894Z
862,287,862,just g,top,cotton,cotton,"{\"cotton\": 100.0}",100.0,92.0,high,philippine,PH,NCR,Muntinlupa,Alabang,14.371345348398647,121.027544606692060,"Alabang, Muntinlupa, NCR, Philippines",0.5706,0.213,accept,2,2026-04-23T20:08:38.488461,2026-04-23T20:09:20.894Z
863,287,863,patton studio,top,polyester,polyester,"{\"polyester\": 73.0, \"rayon\": 23.0, \"elastane\": 4.0}",23.0,22.56,low,philippine,PH,NCR,Muntinlupa,Alabang,14.371345348398647,121.027544606692060,"Alabang, Muntinlupa, NCR, Philippines",0.5706,0.348,decline,0,2026-04-23T20:08:38.488461,2026-04-23T20:09:20.894Z
864,288,864,oxgn,top,cotton,cotton,"{\"cotton\": 90.0, \"elastane\": 10.0}",90.0,83.2,high,philippine,PH,NCR,Marikina,Concepcion Uno,14.634202221734443,121.088335916455120,"Concepcion Uno, Marikina, NCR, Philippines",0.6842,0.426,accept,2,2026-04-23T20:08:38.489518,2026-04-23T20:09:20.894Z
865,288,865,adored vintage,pants,rayon,rayon,"{\"rayon\": 57.0, \"nylon\": 35.0, \"elastane\": 8.0}",57.0,45.56,low,international,GLOBAL,NCR,Marikina,Concepcion Uno,14.634202221734443,121.088335916455120,"Concepcion Uno, Marikina, NCR, Philippines",0.6842,0.481,conditional,1,2026-04-23T20:08:38.489518,2026-04-23T20:09:20.894Z
866,288,866,gaui,top,cotton,cotton,"{\"cotton\": 93.0, \"elastane\": 7.0}",93.0,85.84,high,philippine,PH,NCR,Marikina,Concepcion Uno,14.634202221734443,121.088335916455120,"Concepcion Uno, Marikina, NCR, Philippines",0.6842,0.443,accept,2,2026-04-23T20:08:38.489518,2026-04-23T20:09:20.894Z
867,288,867,levi's,hoodie,cotton,cotton,"{\"cotton\": 100.0}",100.0,92.0,high,philippine,PH,NCR,Marikina,Concepcion Uno,14.634202221734443,121.088335916455120,"Concepcion Uno, Marikina, NCR, Philippines",0.6842,0.199,accept,2,2026-04-23T20:08:38.489518,2026-04-23T20:09:20.894Z
868,289,868,gaui,top,cotton,cotton,"{\"cotton\": 93.0, \"elastane\": 7.0}",93.0,85.84,high,philippine,PH,NCR,Manila,Ermita,14.577863912394264,120.978189466149700,"Ermita, Manila, NCR, Philippines",0.9568,0.515,accept,2,2026-04-23T20:08:38.490546,2026-04-23T20:09:20.894Z
869,289,869,forme,skirt,polyester,polyester,"{\"polyester\": 95.0, \"elastane\": 5.0}",0.0,7.8,low,philippine,PH,NCR,Manila,Ermita,14.577863912394264,120.978189466149700,"Ermita, Manila, NCR, Philippines",0.9568,0.263,decline,0,2026-04-23T20:08:38.490546,2026-04-23T20:09:20.894Z
870,289,870,oxgn,dress,cotton,cotton,"{\"cotton\": 61.0, \"polyester\": 33.0, \"rayon\": 6.0}",67.0,63.08,medium,philippine,PH,NCR,Manila,Ermita,14.577863912394264,120.978189466149700,"Ermita, Manila, NCR, Philippines",0.9568,0.386,conditional,1,2026-04-23T20:08:38.490546,2026-04-23T20:09:20.894Z
871,290,871,levi's,dress,lyocell,lyocell,"{\"lyocell\": 60.0, \"cotton\": 40.0}",100.0,91.4,high,philippine,PH,NCR,Parañaque,BF Homes,14.476903169582291,120.992289368842310,"BF Homes, Parañaque, NCR, Philippines",0.6393,0.347,accept,2,2026-04-23T20:08:38.491432,2026-04-23T20:09:20.894Z
872,290,872,gymshark,polo,cotton,cotton,"{\"cotton\": 100.0}",100.0,92.0,high,international,GLOBAL,NCR,Parañaque,BF Homes,14.476903169582291,120.992289368842310,"BF Homes, Parañaque, NCR, Philippines",0.6393,0.195,accept,2,2026-04-23T20:08:38.491432,2026-04-23T20:09:20.894Z
873,291,873,made by fade,jeans,cotton,cotton,"{\"cotton\": 98.0, \"elastane\": 2.0}",98.0,90.24,high,philippine,PH,NCR,Pateros,San Pedro,14.566875712540426,121.043247441031480,"San Pedro, Pateros, NCR, Philippines",0.5886,0.806,accept,2,2026-04-23T20:08:38.492119,2026-04-23T20:09:20.894Z
874,292,874,just g,pants,polyester,polyester,"{\"polyester\": 100.0}",0.0,8.0,low,philippine,PH,NCR,Makati,Bel-Air,14.571172679243160,121.027740352538320,"Bel-Air, Makati, NCR, Philippines",0.6988,0.693,decline,0,2026-04-23T20:08:38.492639,2026-04-23T20:09:20.894Z
875,292,875,coastal bloom,top,cotton,cotton,"{\"cotton\": 95.0, \"elastane\": 5.0}",95.0,87.6,high,international,GLOBAL,NCR,Makati,Bel-Air,14.571172679243160,121.027740352538320,"Bel-Air, Makati, NCR, Philippines",0.6988,0.169,accept,2,2026-04-23T20:08:38.492639,2026-04-23T20:09:20.894Z
876,292,876,levi's,skirt,cotton,cotton,"{\"cotton\": 55.0, \"lyocell\": 45.0}",100.0,91.55,high,philippine,PH,NCR,Makati,Bel-Air,14.571172679243160,121.027740352538320,"Bel-Air, Makati, NCR, Philippines",0.6988,0.283,accept,2,2026-04-23T20:08:38.492639,2026-04-23T20:09:20.894Z
877,292,877,gymshark,t-shirt,polyester,polyester,"{\"polyester\": 96.0, \"elastane\": 4.0}",0.0,7.84,low,international,GLOBAL,NCR,Makati,Bel-Air,14.571172679243160,121.027740352538320,"Bel-Air, Makati, NCR, Philippines",0.6988,0.209,decline,0,2026-04-23T20:08:38.492639,2026-04-23T20:09:20.894Z
878,292,878,old navy,dress,cotton,cotton,"{\"cotton\": 100.0}",100.0,92.0,high,philippine,PH,NCR,Makati,Bel-Air,14.571172679243160,121.027740352538320,"Bel-Air, Makati, NCR, Philippines",0.6988,0.251,accept,2,2026-04-23T20:08:38.492639,2026-04-23T20:09:20.894Z
879,293,879,apara studio,top,cotton,cotton,"{\"cotton\": 100.0}",100.0,92.0,high,international,GLOBAL,NCR,Malabon,Acacia,14.682232772387822,120.926937622817120,"Acacia, Malabon, NCR, Philippines",0.7356,0.529,accept,2,2026-04-23T20:08:38.493882,2026-04-23T20:09:20.894Z
880,293,880,coastal bloom,knitwear,polyester,polyester,"{\"polyester\": 62.0, \"viscose\": 33.0, \"elastane\": 5.0}",33.0,28.92,low,international,GLOBAL,NCR,Malabon,Acacia,14.682232772387822,120.926937622817120,"Acacia, Malabon, NCR, Philippines",0.7356,0.296,decline,0,2026-04-23T20:08:38.493882,2026-04-23T20:09:20.894Z
881,293,881,oxgn,jeans,cotton,cotton,"{\"cotton\": 80.0, \"polyester\": 20.0}",80.0,75.2,medium,philippine,PH,NCR,Malabon,Acacia,14.682232772387822,120.926937622817120,"Acacia, Malabon, NCR, Philippines",0.7356,0.692,accept,2,2026-04-23T20:08:38.493882,2026-04-23T20:09:20.894Z
882,293,882,old navy,top,viscose,viscose,"{\"viscose\": 67.0, \"nylon\": 28.0, \"elastane\": 5.0}",67.0,51.8,medium,philippine,PH,NCR,Malabon,Acacia,14.682232772387822,120.926937622817120,"Acacia, Malabon, NCR, Philippines",0.7356,0.59,conditional,1,2026-04-23T20:08:38.493882,2026-04-23T20:09:20.894Z
883,294,883,adored vintage,shirt,cotton,cotton,"{\"cotton\": 100.0}",100.0,92.0,high,international,GLOBAL,NCR,Muntinlupa,Alabang,14.370809465607326,121.022496174583310,"Alabang, Muntinlupa, NCR, Philippines",0.6636,0.203,accept,2,2026-04-23T20:08:38.495020,2026-04-23T20:09:20.894Z
884,294,884,world balance,polo,nylon,nylon,"{\"nylon\": 87.0, \"elastane\": 13.0}",0.0,10.96,low,philippine,PH,NCR,Muntinlupa,Alabang,14.370809465607326,121.022496174583310,"Alabang, Muntinlupa, NCR, Philippines",0.6636,0.377,decline,0,2026-04-23T20:08:38.495020,2026-04-23T20:09:20.894Z
885,295,885,gaui,pants,cotton,cotton,"{\"cotton\": 100.0}",100.0,92.0,high,philippine,PH,NCR,Quezon City,Diliman,14.647237356027530,121.070130675962520,"Diliman, Quezon City, NCR, Philippines",0.8806,0.69,accept,2,2026-04-23T20:08:38.495723,2026-04-23T20:09:20.894Z
886,296,886,coastal bloom,skirt,linen,linen,"{\"linen\": 100.0}",100.0,95.0,high,international,GLOBAL,NCR,Makati,Bel-Air,14.557022161985197,121.039099139590460,"Bel-Air, Makati, NCR, Philippines",0.6611,0.234,accept,2,2026-04-23T20:08:38.496328,2026-04-23T20:09:20.894Z
887,296,887,forme,pants,cotton,cotton,"{\"cotton\": 98.0, \"elastane\": 2.0}",98.0,90.24,high,philippine,PH,NCR,Makati,Bel-Air,14.557022161985197,121.039099139590460,"Bel-Air, Makati, NCR, Philippines",0.6611,0.649,accept,2,2026-04-23T20:08:38.496328,2026-04-23T20:09:20.894Z
888,296,888,gymshark,top,nylon,nylon,"{\"nylon\": 79.0, \"polyester\": 15.0, \"elastane\": 6.0}",0.0,10.92,low,international,GLOBAL,NCR,Makati,Bel-Air,14.557022161985197,121.039099139590460,"Bel-Air, Makati, NCR, Philippines",0.6611,0.325,decline,0,2026-04-23T20:08:38.496328,2026-04-23T20:09:20.894Z
889,296,889,world balance,shorts,polyester,polyester,"{\"polyester\": 100.0}",0.0,8.0,low,philippine,PH,NCR,Makati,Bel-Air,14.557022161985197,121.039099139590460,"Bel-Air, Makati, NCR, Philippines",0.6611,0.283,decline,0,2026-04-23T20:08:38.496328,2026-04-23T20:09:20.894Z
890,296,890,old navy,knitwear,cotton,cotton,"{\"cotton\": 96.0, \"elastane\": 4.0}",96.0,88.48,high,philippine,PH,NCR,Makati,Bel-Air,14.557022161985197,121.039099139590460,"Bel-Air, Makati, NCR, Philippines",0.6611,0.589,accept,2,2026-04-23T20:08:38.496328,2026-04-23T20:09:20.894Z
891,297,891,patton studio,t-shirt,cotton,cotton,"{\"cotton\": 65.0, \"polyester\": 35.0}",65.0,62.6,medium,philippine,PH,NCR,Las Piñas,Almanza Uno,14.470971231836009,120.958339580003480,"Almanza Uno, Las Piñas, NCR, Philippines",0.6545,0.14,conditional,1,2026-04-23T20:08:38.497594,2026-04-23T20:09:20.894Z
892,297,892,regatta,t-shirt,cotton,cotton,"{\"cotton\": 60.0, \"polyester\": 40.0}",60.0,58.4,medium,philippine,PH,NCR,Las Piñas,Almanza Uno,14.470971231836009,120.958339580003480,"Almanza Uno, Las Piñas, NCR, Philippines",0.6545,0.236,conditional,1,2026-04-23T20:08:38.497594,2026-04-23T20:09:20.894Z
893,298,893,made by fade,pants,cotton,cotton,"{\"cotton\": 98.0, \"elastane\": 2.0}",98.0,90.24,high,philippine,PH,NCR,Las Piñas,Almanza Uno,14.489641837620294,120.969959871409460,"Almanza Uno, Las Piñas, NCR, Philippines",0.6869,0.472,accept,2,2026-04-23T20:08:38.498345,2026-04-23T20:09:20.894Z
894,298,894,guess,polo,rayon,rayon,"{\"rayon\": 78.0, \"nylon\": 22.0}",78.0,58.8,medium,philippine,PH,NCR,Las Piñas,Almanza Uno,14.489641837620294,120.969959871409460,"Almanza Uno, Las Piñas, NCR, Philippines",0.6869,0.473,conditional,1,2026-04-23T20:08:38.498345,2026-04-23T20:09:20.894Z
895,298,895,world balance,t-shirt,polyester,polyester,"{\"polyester\": 100.0}",0.0,8.0,low,philippine,PH,NCR,Las Piñas,Almanza Uno,14.489641837620294,120.969959871409460,"Almanza Uno, Las Piñas, NCR, Philippines",0.6869,0.193,decline,0,2026-04-23T20:08:38.498345,2026-04-23T20:09:20.894Z
896,299,896,old navy,dress,polyester,polyester,"{\"polyester\": 92.0, \"elastane\": 8.0}",0.0,7.68,low,philippine,PH,NCR,Mandaluyong,Wack-Wack Greenhills,14.595070335951974,121.037494831282060,"Wack-Wack Greenhills, Mandaluyong, NCR, Philippines",0.7199,0.515,decline,0,2026-04-23T20:08:38.499169,2026-04-23T20:09:20.894Z
897,299,897,coastal bloom,dress,polyester,polyester,"{\"polyester\": 100.0}",0.0,8.0,low,international,GLOBAL,NCR,Mandaluyong,Wack-Wack Greenhills,14.595070335951974,121.037494831282060,"Wack-Wack Greenhills, Mandaluyong, NCR, Philippines",0.7199,0.32,decline,0,2026-04-23T20:08:38.499169,2026-04-23T20:09:20.894Z
898,299,898,old navy,top,rayon,rayon,"{\"rayon\": 74.0, \"nylon\": 26.0}",74.0,56.4,medium,philippine,PH,NCR,Mandaluyong,Wack-Wack Greenhills,14.595070335951974,121.037494831282060,"Wack-Wack Greenhills, Mandaluyong, NCR, Philippines",0.7199,0.168,conditional,1,2026-04-23T20:08:38.499169,2026-04-23T20:09:20.894Z
899,299,899,phoebe philo,top,silk,silk,"{\"silk\": 92.0, \"elastane\": 8.0}",92.0,76.68,medium,international,GLOBAL,NCR,Mandaluyong,Wack-Wack Greenhills,14.595070335951974,121.037494831282060,"Wack-Wack Greenhills, Mandaluyong, NCR, Philippines",0.7199,0.373,accept,2,2026-04-23T20:08:38.499169,2026-04-23T20:09:20.894Z
900,300,900,guess,top,nylon,nylon,"{\"nylon\": 78.0, \"elastane\": 22.0}",0.0,10.24,low,philippine,PH,NCR,Caloocan,Bagong Silang,14.638267822185787,120.984739043634380,"Bagong Silang, Caloocan, NCR, Philippines",0.8022,0.513,decline,0,2026-04-23T20:08:38.500210,2026-04-23T20:09:20.894Z
901,300,901,phoebe philo,shirt,polyester,polyester,"{\"polyester\": 100.0}",0.0,8.0,low,international,GLOBAL,NCR,Caloocan,Bagong Silang,14.638267822185787,120.984739043634380,"Bagong Silang, Caloocan, NCR, Philippines",0.8022,0.337,decline,0,2026-04-23T20:08:38.500210,2026-04-23T20:09:20.894Z
902,300,902,memo,shirt,cotton,cotton,"{\"cotton\": 60.0, \"polyester\": 40.0}",60.0,58.4,medium,philippine,PH,NCR,Caloocan,Bagong Silang,14.638267822185787,120.984739043634380,"Bagong Silang, Caloocan, NCR, Philippines",0.8022,0.271,conditional,1,2026-04-23T20:08:38.500210,2026-04-23T20:09:20.894Z
903,301,903,coastal bloom,top,modal,modal,"{\"modal\": 50.0, \"polyester\": 47.0, \"elastane\": 3.0}",50.0,41.88,low,international,GLOBAL,NCR,Pasig,Kapitolyo,14.571195930495370,121.101074697863520,"Kapitolyo, Pasig, NCR, Philippines",0.7589,0.223,conditional,1,2026-04-23T20:08:38.501117,2026-04-23T20:09:20.894Z
904,302,904,gymshark,top,nylon,nylon,"{\"nylon\": 80.0, \"polyester\": 14.0, \"elastane\": 6.0}",0.0,10.96,low,international,GLOBAL,NCR,Muntinlupa,Alabang,14.390925890491586,121.028805724414810,"Alabang, Muntinlupa, NCR, Philippines",0.6386,0.156,decline,0,2026-04-23T20:08:38.501653,2026-04-23T20:09:20.894Z
905,303,905,regatta,knitwear,viscose,viscose,"{\"viscose\": 50.0, \"polyester\": 27.0, \"nylon\": 23.0}",50.0,40.92,low,philippine,PH,NCR,Taguig,Bonifacio Global City,14.515282513891062,121.051472210419520,"Bonifacio Global City, Taguig, NCR, Philippines",0.5637,0.258,conditional,1,2026-04-23T20:08:38.502199,2026-04-23T20:09:20.894Z
906,304,906,no emotions,shorts,linen,linen,"{\"linen\": 100.0}",100.0,95.0,high,philippine,PH,NCR,Makati,Bel-Air,14.533435399974886,121.010090340609680,"Bel-Air, Makati, NCR, Philippines",0.6686,0.245,accept,2,2026-04-23T20:08:38.502703,2026-04-23T20:09:20.894Z
907,304,907,patton studio,blazer,polyester,polyester,"{\"polyester\": 65.0, \"rayon\": 24.0, \"wool\": 9.0, \"elastane\": 2.0}",33.0,29.22,low,philippine,PH,NCR,Makati,Bel-Air,14.533435399974886,121.010090340609680,"Bel-Air, Makati, NCR, Philippines",0.6686,0.323,decline,0,2026-04-23T20:08:38.502703,2026-04-23T20:09:20.894Z
908,305,908,gymshark,top,nylon,nylon,"{\"nylon\": 79.0, \"polyester\": 14.0, \"elastane\": 7.0}",0.0,10.88,low,international,GLOBAL,NCR,Malabon,Acacia,14.649246594176534,120.930612663887060,"Acacia, Malabon, NCR, Philippines",0.7955,0.241,decline,0,2026-04-23T20:08:38.503447,2026-04-23T20:09:20.894Z
909,305,909,forme,t-shirt,cotton,cotton,"{\"cotton\": 100.0}",100.0,92.0,high,philippine,PH,NCR,Malabon,Acacia,14.649246594176534,120.930612663887060,"Acacia, Malabon, NCR, Philippines",0.7955,0.251,accept,2,2026-04-23T20:08:38.503447,2026-04-23T20:09:20.894Z
910,305,910,memo,shirt,polyester,polyester,"{\"polyester\": 67.0, \"viscose\": 28.0, \"elastane\": 5.0}",28.0,25.72,low,philippine,PH,NCR,Malabon,Acacia,14.649246594176534,120.930612663887060,"Acacia, Malabon, NCR, Philippines",0.7955,0.348,decline,0,2026-04-23T20:08:38.503447,2026-04-23T20:09:20.894Z
911,305,911,phoebe philo,shirt,viscose,viscose,"{\"viscose\": 100.0}",100.0,72.0,medium,international,GLOBAL,NCR,Malabon,Acacia,14.649246594176534,120.930612663887060,"Acacia, Malabon, NCR, Philippines",0.7955,0.336,conditional,1,2026-04-23T20:08:38.503447,2026-04-23T20:09:20.894Z
912,305,912,forme,knitwear,polyester,polyester,"{\"polyester\": 100.0}",0.0,8.0,low,philippine,PH,NCR,Malabon,Acacia,14.649246594176534,120.930612663887060,"Acacia, Malabon, NCR, Philippines",0.7955,0.377,decline,0,2026-04-23T20:08:38.503447,2026-04-23T20:09:20.894Z
913,306,913,forme,shorts,polyester,polyester,"{\"polyester\": 80.0, \"rayon\": 20.0}",20.0,20.8,low,philippine,PH,NCR,Navotas,Northbay Boulevard Norte,14.647915278451793,120.961666171931880,"Northbay Boulevard Norte, Navotas, NCR, Philippines",0.8278,0.361,decline,0,2026-04-23T20:08:38.504696,2026-04-23T20:09:20.894Z
914,306,914,coastal bloom,t-shirt,cotton,cotton,"{\"cotton\": 100.0}",100.0,92.0,high,international,GLOBAL,NCR,Navotas,Northbay Boulevard Norte,14.647915278451793,120.961666171931880,"Northbay Boulevard Norte, Navotas, NCR, Philippines",0.8278,0.279,accept,2,2026-04-23T20:08:38.504696,2026-04-23T20:09:20.894Z
915,306,915,memo,top,polyester,polyester,"{\"polyester\": 100.0}",0.0,8.0,low,philippine,PH,NCR,Navotas,Northbay Boulevard Norte,14.647915278451793,120.961666171931880,"Northbay Boulevard Norte, Navotas, NCR, Philippines",0.8278,0.345,decline,0,2026-04-23T20:08:38.504696,2026-04-23T20:09:20.894Z
916,306,916,made by fade,hoodie,cotton,cotton,"{\"cotton\": 75.0, \"polyester\": 20.0, \"elastane\": 5.0}",75.0,70.8,medium,philippine,PH,NCR,Navotas,Northbay Boulevard Norte,14.647915278451793,120.961666171931880,"Northbay Boulevard Norte, Navotas, NCR, Philippines",0.8278,0.495,conditional,1,2026-04-23T20:08:38.504696,2026-04-23T20:09:20.894Z
917,307,917,linya linya,top,cotton,cotton,"{\"cotton\": 60.0, \"polyester\": 40.0}",60.0,58.4,medium,philippine,PH,NCR,Pateros,San Pedro,14.535178481124888,121.088596112200300,"San Pedro, Pateros, NCR, Philippines",0.4777,0.597,conditional,1,2026-04-23T20:08:38.505744,2026-04-23T20:09:20.894Z
918,307,918,coastal bloom,t-shirt,cotton,cotton,"{\"cotton\": 60.0, \"polyester\": 40.0}",60.0,58.4,medium,international,GLOBAL,NCR,Pateros,San Pedro,14.535178481124888,121.088596112200300,"San Pedro, Pateros, NCR, Philippines",0.4777,0.254,conditional,1,2026-04-23T20:08:38.505744,2026-04-23T20:09:20.894Z
919,307,919,old navy,top,cotton,cotton,"{\"cotton\": 58.0, \"polyester\": 38.0, \"elastane\": 4.0}",58.0,56.56,medium,philippine,PH,NCR,Pateros,San Pedro,14.535178481124888,121.088596112200300,"San Pedro, Pateros, NCR, Philippines",0.4777,0.192,conditional,1,2026-04-23T20:08:38.505744,2026-04-23T20:09:20.894Z
920,307,920,regatta,t-shirt,cotton,cotton,"{\"cotton\": 60.0, \"polyester\": 40.0}",60.0,58.4,medium,philippine,PH,NCR,Pateros,San Pedro,14.535178481124888,121.088596112200300,"San Pedro, Pateros, NCR, Philippines",0.4777,0.231,conditional,1,2026-04-23T20:08:38.505744,2026-04-23T20:09:20.894Z
921,308,921,gymshark,top,nylon,nylon,"{\"nylon\": 72.0, \"polyester\": 23.0, \"elastane\": 5.0}",0.0,10.68,low,international,GLOBAL,NCR,Manila,Ermita,14.603958547472208,120.995323246082950,"Ermita, Manila, NCR, Philippines",1.0,0.536,decline,0,2026-04-23T20:08:38.506877,2026-04-23T20:09:20.894Z
922,309,922,coastal bloom,t-shirt,cotton,cotton,"{\"cotton\": 95.0, \"elastane\": 5.0}",95.0,87.6,high,international,GLOBAL,NCR,Quezon City,Diliman,14.639850792102040,121.044334276079640,"Diliman, Quezon City, NCR, Philippines",0.8999,0.19,accept,2,2026-04-23T20:08:38.507409,2026-04-23T20:09:20.894Z
923,309,923,gymshark,top,nylon,nylon,"{\"nylon\": 96.0, \"elastane\": 4.0}",0.0,11.68,low,international,GLOBAL,NCR,Quezon City,Diliman,14.639850792102040,121.044334276079640,"Diliman, Quezon City, NCR, Philippines",0.8999,0.269,decline,0,2026-04-23T20:08:38.507409,2026-04-23T20:09:20.894Z
924,310,924,gymshark,polo,cotton,cotton,"{\"cotton\": 100.0}",100.0,92.0,high,international,GLOBAL,NCR,Mandaluyong,Wack-Wack Greenhills,14.573694331599617,121.052867886674390,"Wack-Wack Greenhills, Mandaluyong, NCR, Philippines",0.7043,0.552,accept,2,2026-04-23T20:08:38.508192,2026-04-23T20:09:20.894Z
925,310,925,oxgn,t-shirt,polyester,polyester,"{\"polyester\": 65.0, \"cotton\": 35.0}",35.0,37.4,low,philippine,PH,NCR,Mandaluyong,Wack-Wack Greenhills,14.573694331599617,121.052867886674390,"Wack-Wack Greenhills, Mandaluyong, NCR, Philippines",0.7043,0.185,decline,0,2026-04-23T20:08:38.508192,2026-04-23T20:09:20.894Z
926,310,926,phoebe philo,top,lyocell,lyocell,"{\"cotton\": 33.0, \"lyocell\": 67.0}",100.0,91.33,high,international,GLOBAL,NCR,Mandaluyong,Wack-Wack Greenhills,14.573694331599617,121.052867886674390,"Wack-Wack Greenhills, Mandaluyong, NCR, Philippines",0.7043,0.298,accept,2,2026-04-23T20:08:38.508192,2026-04-23T20:09:20.894Z
927,310,927,just g,skirt,polyester,polyester,"{\"polyester\": 100.0}",0.0,8.0,low,philippine,PH,NCR,Mandaluyong,Wack-Wack Greenhills,14.573694331599617,121.052867886674390,"Wack-Wack Greenhills, Mandaluyong, NCR, Philippines",0.7043,0.301,decline,0,2026-04-23T20:08:38.508192,2026-04-23T20:09:20.894Z
928,310,928,forme,shirt,cotton,cotton,"{\"cotton\": 100.0}",100.0,92.0,high,philippine,PH,NCR,Mandaluyong,Wack-Wack Greenhills,14.573694331599617,121.052867886674390,"Wack-Wack Greenhills, Mandaluyong, NCR, Philippines",0.7043,0.234,accept,2,2026-04-23T20:08:38.508192,2026-04-23T20:09:20.894Z
929,311,929,oxgn,shirt,cotton,cotton,"{\"cotton\": 100.0}",100.0,92.0,high,philippine,PH,NCR,Makati,Bel-Air,14.556928866239803,121.003712686653940,"Bel-Air, Makati, NCR, Philippines",0.8083,0.263,accept,2,2026-04-23T20:08:38.509496,2026-04-23T20:09:20.894Z
930,311,930,made by fade,hoodie,cotton,cotton,"{\"cotton\": 85.0, \"polyester\": 15.0}",85.0,79.4,medium,philippine,PH,NCR,Makati,Bel-Air,14.556928866239803,121.003712686653940,"Bel-Air, Makati, NCR, Philippines",0.8083,0.336,accept,2,2026-04-23T20:08:38.509496,2026-04-23T20:09:20.894Z
931,311,931,tropa store,shirt,linen,linen,"{\"linen\": 100.0}",100.0,95.0,high,philippine,PH,NCR,Makati,Bel-Air,14.556928866239803,121.003712686653940,"Bel-Air, Makati, NCR, Philippines",0.8083,0.315,accept,2,2026-04-23T20:08:38.509496,2026-04-23T20:09:20.894Z
932,312,932,phoebe philo,shirt,cotton,cotton,"{\"cotton\": 100.0}",100.0,92.0,high,international,GLOBAL,NCR,Makati,Bel-Air,14.580283478941551,121.035358701042570,"Bel-Air, Makati, NCR, Philippines",0.733,0.318,accept,2,2026-04-23T20:08:38.510386,2026-04-23T20:09:20.894Z
933,312,933,forme,t-shirt,polyester,polyester,"{\"polyester\": 93.0, \"elastane\": 7.0}",0.0,7.72,low,philippine,PH,NCR,Makati,Bel-Air,14.580283478941551,121.035358701042570,"Bel-Air, Makati, NCR, Philippines",0.733,0.128,decline,0,2026-04-23T20:08:38.510386,2026-04-23T20:09:20.894Z
934,312,934,frank and eileen,t-shirt,cotton,cotton,"{\"cotton\": 100.0}",100.0,92.0,high,philippine,PH,NCR,Makati,Bel-Air,14.580283478941551,121.035358701042570,"Bel-Air, Makati, NCR, Philippines",0.733,0.205,accept,2,2026-04-23T20:08:38.510386,2026-04-23T20:09:20.894Z
935,312,935,levi's,shirt,cotton,cotton,"{\"cotton\": 100.0}",100.0,92.0,high,philippine,PH,NCR,Makati,Bel-Air,14.580283478941551,121.035358701042570,"Bel-Air, Makati, NCR, Philippines",0.733,0.184,accept,2,2026-04-23T20:08:38.510386,2026-04-23T20:09:20.894Z
936,312,936,just g,pants,cotton,cotton,"{\"cotton\": 90.0, \"linen\": 10.0}",100.0,92.3,high,philippine,PH,NCR,Makati,Bel-Air,14.580283478941551,121.035358701042570,"Bel-Air, Makati, NCR, Philippines",0.733,0.636,accept,2,2026-04-23T20:08:38.510386,2026-04-23T20:09:20.894Z
937,313,937,phoebe philo,shorts,cotton,cotton,"{\"cotton\": 100.0}",100.0,92.0,high,international,GLOBAL,NCR,Navotas,Northbay Boulevard Norte,14.645358665717845,120.969449148600360,"Northbay Boulevard Norte, Navotas, NCR, Philippines",0.9282,0.291,accept,2,2026-04-23T20:08:38.511633,2026-04-23T20:09:20.894Z
938,313,938,old navy,dress,polyester,polyester,"{\"polyester\": 100.0}",0.0,8.0,low,philippine,PH,NCR,Navotas,Northbay Boulevard Norte,14.645358665717845,120.969449148600360,"Northbay Boulevard Norte, Navotas, NCR, Philippines",0.9282,0.452,decline,0,2026-04-23T20:08:38.511633,2026-04-23T20:09:20.894Z
939,314,939,gymshark,activewear,nylon,nylon,"{\"nylon\": 78.0, \"elastane\": 22.0}",0.0,10.24,low,international,GLOBAL,NCR,Quezon City,Diliman,14.655947401660310,121.064420460773160,"Diliman, Quezon City, NCR, Philippines",0.8654,0.381,decline,0,2026-04-23T20:08:38.512385,2026-04-23T20:09:20.894Z
940,314,940,forme,t-shirt,cotton,cotton,"{\"cotton\": 60.0, \"polyester\": 40.0}",60.0,58.4,medium,philippine,PH,NCR,Quezon City,Diliman,14.655947401660310,121.064420460773160,"Diliman, Quezon City, NCR, Philippines",0.8654,0.152,conditional,1,2026-04-23T20:08:38.512385,2026-04-23T20:09:20.894Z
941,315,941,coastal bloom,top,cotton,cotton,"{\"cotton\": 100.0}",100.0,92.0,high,international,GLOBAL,NCR,Pasay,Malibay,14.524633368353943,121.016502871533530,"Malibay, Pasay, NCR, Philippines",0.759,0.234,accept,2,2026-04-23T20:08:38.513087,2026-04-23T20:09:20.894Z
942,316,942,world balance,top,nylon,nylon,"{\"nylon\": 87.0, \"elastane\": 13.0}",0.0,10.96,low,philippine,PH,NCR,Malabon,Acacia,14.662232148732650,120.962029216831710,"Acacia, Malabon, NCR, Philippines",0.7502,0.22,decline,0,2026-04-23T20:08:38.513610,2026-04-23T20:09:20.894Z
943,316,943,world balance,t-shirt,polyester,polyester,"{\"polyester\": 95.0, \"elastane\": 5.0}",0.0,7.8,low,philippine,PH,NCR,Malabon,Acacia,14.662232148732650,120.962029216831710,"Acacia, Malabon, NCR, Philippines",0.7502,0.121,decline,0,2026-04-23T20:08:38.513610,2026-04-23T20:09:20.894Z
944,317,944,gaui,top,rayon,rayon,"{\"rayon\": 94.0, \"elastane\": 6.0}",94.0,67.92,medium,philippine,PH,NCR,Valenzuela,Karuhatan,14.689457906072175,120.988079987457430,"Karuhatan, Valenzuela, NCR, Philippines",0.7553,0.565,conditional,1,2026-04-23T20:08:38.514335,2026-04-23T20:09:20.894Z
945,317,945,adored vintage,dress,polyester,polyester,"{\"polyester\": 83.0, \"elastane\": 17.0}",0.0,7.32,low,international,GLOBAL,NCR,Valenzuela,Karuhatan,14.689457906072175,120.988079987457430,"Karuhatan, Valenzuela, NCR, Philippines",0.7553,0.231,decline,0,2026-04-23T20:08:38.514335,2026-04-23T20:09:20.894Z
946,317,946,made by fade,t-shirt,cotton,cotton,"{\"cotton\": 95.0, \"elastane\": 5.0}",95.0,87.6,high,philippine,PH,NCR,Valenzuela,Karuhatan,14.689457906072175,120.988079987457430,"Karuhatan, Valenzuela, NCR, Philippines",0.7553,0.123,accept,2,2026-04-23T20:08:38.514335,2026-04-23T20:09:20.894Z
947,317,947,coastal bloom,hoodie,polyester,polyester,"{\"polyester\": 90.0, \"rayon\": 6.0, \"elastane\": 4.0}",6.0,11.68,low,international,GLOBAL,NCR,Valenzuela,Karuhatan,14.689457906072175,120.988079987457430,"Karuhatan, Valenzuela, NCR, Philippines",0.7553,0.568,decline,0,2026-04-23T20:08:38.514335,2026-04-23T20:09:20.894Z
948,318,948,tropa store,top,polyester,polyester,"{\"polyester\": 95.0, \"elastane\": 5.0}",0.0,7.8,low,philippine,PH,NCR,Valenzuela,Karuhatan,14.682426172373267,120.962211644349700,"Karuhatan, Valenzuela, NCR, Philippines",0.6869,0.337,decline,0,2026-04-23T20:08:38.515426,2026-04-23T20:09:20.894Z
949,318,949,gaui,hoodie,cotton,cotton,"{\"cotton\": 100.0}",100.0,92.0,high,philippine,PH,NCR,Valenzuela,Karuhatan,14.682426172373267,120.962211644349700,"Karuhatan, Valenzuela, NCR, Philippines",0.6869,0.236,accept,2,2026-04-23T20:08:38.515426,2026-04-23T20:09:20.894Z
950,318,950,gymshark,top,nylon,nylon,"{\"nylon\": 88.0, \"elastane\": 12.0}",0.0,11.04,low,international,GLOBAL,NCR,Valenzuela,Karuhatan,14.682426172373267,120.962211644349700,"Karuhatan, Valenzuela, NCR, Philippines",0.6869,0.554,decline,0,2026-04-23T20:08:38.515426,2026-04-23T20:09:20.894Z
951,318,951,levi's,blazer,cotton,cotton,"{\"cotton\": 100.0}",100.0,92.0,high,philippine,PH,NCR,Valenzuela,Karuhatan,14.682426172373267,120.962211644349700,"Karuhatan, Valenzuela, NCR, Philippines",0.6869,0.264,accept,2,2026-04-23T20:08:38.515426,2026-04-23T20:09:20.894Z
952,319,952,adored vintage,top,viscose,viscose,"{\"viscose\": 70.0, \"linen\": 30.0}",100.0,78.9,medium,international,GLOBAL,NCR,Pasay,Malibay,14.522057283886749,120.971587866576430,"Malibay, Pasay, NCR, Philippines",0.7351,0.303,accept,2,2026-04-23T20:08:38.516536,2026-04-23T20:09:20.894Z
953,319,953,levi's,shirt,cotton,cotton,"{\"cotton\": 100.0}",100.0,92.0,high,philippine,PH,NCR,Pasay,Malibay,14.522057283886749,120.971587866576430,"Malibay, Pasay, NCR, Philippines",0.7351,0.281,accept,2,2026-04-23T20:08:38.516536,2026-04-23T20:09:20.894Z
954,319,954,coastal bloom,top,cotton,cotton,"{\"cotton\": 88.0, \"polyester\": 12.0}",88.0,81.92,high,international,GLOBAL,NCR,Pasay,Malibay,14.522057283886749,120.971587866576430,"Malibay, Pasay, NCR, Philippines",0.7351,0.192,accept,2,2026-04-23T20:08:38.516536,2026-04-23T20:09:20.894Z
955,320,955,oxgn,polo,cotton,cotton,"{\"cotton\": 90.0, \"elastane\": 10.0}",90.0,83.2,high,philippine,PH,NCR,Valenzuela,Karuhatan,14.704116023344655,120.988266761651290,"Karuhatan, Valenzuela, NCR, Philippines",0.7251,0.294,accept,2,2026-04-23T20:08:38.519725,2026-04-23T20:09:20.894Z
956,320,956,regatta,polo,cotton,cotton,"{\"cotton\": 60.0, \"polyester\": 35.0, \"elastane\": 5.0}",60.0,58.2,medium,philippine,PH,NCR,Valenzuela,Karuhatan,14.704116023344655,120.988266761651290,"Karuhatan, Valenzuela, NCR, Philippines",0.7251,0.316,conditional,1,2026-04-23T20:08:38.519725,2026-04-23T20:09:20.894Z
957,320,957,levi's,shirt,cotton,cotton,"{\"cotton\": 100.0}",100.0,92.0,high,philippine,PH,NCR,Valenzuela,Karuhatan,14.704116023344655,120.988266761651290,"Karuhatan, Valenzuela, NCR, Philippines",0.7251,0.257,accept,2,2026-04-23T20:08:38.519725,2026-04-23T20:09:20.894Z
958,320,958,old navy,hoodie,cotton,cotton,"{\"cotton\": 95.0, \"elastane\": 5.0}",95.0,87.6,high,philippine,PH,NCR,Valenzuela,Karuhatan,14.704116023344655,120.988266761651290,"Karuhatan, Valenzuela, NCR, Philippines",0.7251,0.284,accept,2,2026-04-23T20:08:38.519725,2026-04-23T20:09:20.894Z
959,321,959,forme,t-shirt,cotton,cotton,"{\"cotton\": 60.0, \"polyester\": 40.0}",60.0,58.4,medium,philippine,PH,NCR,Quezon City,Diliman,14.644498519036874,121.036352865731370,"Diliman, Quezon City, NCR, Philippines",0.8869,0.139,conditional,1,2026-04-23T20:08:38.522244,2026-04-23T20:09:20.894Z
960,321,960,adored vintage,dress,cotton,cotton,"{\"cotton\": 100.0}",100.0,92.0,high,international,GLOBAL,NCR,Quezon City,Diliman,14.644498519036874,121.036352865731370,"Diliman, Quezon City, NCR, Philippines",0.8869,0.292,accept,2,2026-04-23T20:08:38.522244,2026-04-23T20:09:20.894Z
961,321,961,gymshark,top,nylon,nylon,"{\"nylon\": 82.0, \"polyester\": 13.0, \"elastane\": 5.0}",0.0,11.08,low,international,GLOBAL,NCR,Quezon City,Diliman,14.644498519036874,121.036352865731370,"Diliman, Quezon City, NCR, Philippines",0.8869,0.432,decline,0,2026-04-23T20:08:38.522244,2026-04-23T20:09:20.894Z
962,321,962,gaui,pants,linen,linen,"{\"linen\": 100.0}",100.0,95.0,high,philippine,PH,NCR,Quezon City,Diliman,14.644498519036874,121.036352865731370,"Diliman, Quezon City, NCR, Philippines",0.8869,0.486,accept,2,2026-04-23T20:08:38.522244,2026-04-23T20:09:20.894Z
963,321,963,gaui,hoodie,cotton,cotton,"{\"cotton\": 100.0}",100.0,92.0,high,philippine,PH,NCR,Quezon City,Diliman,14.644498519036874,121.036352865731370,"Diliman, Quezon City, NCR, Philippines",0.8869,0.305,accept,2,2026-04-23T20:08:38.522244,2026-04-23T20:09:20.894Z
964,322,964,patton studio,shorts,cotton,cotton,"{\"cotton\": 70.0, \"polyester\": 30.0}",70.0,66.8,medium,philippine,PH,NCR,Navotas,Northbay Boulevard Norte,14.670779227042196,120.941912597817400,"Northbay Boulevard Norte, Navotas, NCR, Philippines",0.8442,0.392,conditional,1,2026-04-23T20:08:38.525725,2026-04-23T20:09:20.894Z
965,322,965,patton studio,shirt,polyester,polyester,"{\"polyester\": 73.0, \"rayon\": 23.0, \"elastane\": 4.0}",23.0,22.56,low,philippine,PH,NCR,Navotas,Northbay Boulevard Norte,14.670779227042196,120.941912597817400,"Northbay Boulevard Norte, Navotas, NCR, Philippines",0.8442,0.254,decline,0,2026-04-23T20:08:38.525725,2026-04-23T20:09:20.894Z
966,322,966,just g,top,cotton,cotton,"{\"cotton\": 95.0, \"elastane\": 5.0}",95.0,87.6,high,philippine,PH,NCR,Navotas,Northbay Boulevard Norte,14.670779227042196,120.941912597817400,"Northbay Boulevard Norte, Navotas, NCR, Philippines",0.8442,0.559,accept,2,2026-04-23T20:08:38.525725,2026-04-23T20:09:20.894Z
967,322,967,memo,t-shirt,cotton,cotton,"{\"cotton\": 100.0}",100.0,92.0,high,philippine,PH,NCR,Navotas,Northbay Boulevard Norte,14.670779227042196,120.941912597817400,"Northbay Boulevard Norte, Navotas, NCR, Philippines",0.8442,0.259,accept,2,2026-04-23T20:08:38.525725,2026-04-23T20:09:20.894Z
968,323,968,frank and eileen,hoodie,cotton,cotton,"{\"cotton\": 100.0}",100.0,92.0,high,philippine,PH,NCR,Manila,Ermita,14.586904143573463,120.990278020393420,"Ermita, Manila, NCR, Philippines",0.9892,0.356,accept,2,2026-04-23T20:08:38.527263,2026-04-23T20:09:20.894Z
969,323,969,old navy,dress,cotton,cotton,"{\"cotton\": 100.0}",100.0,92.0,high,philippine,PH,NCR,Manila,Ermita,14.586904143573463,120.990278020393420,"Ermita, Manila, NCR, Philippines",0.9892,0.232,accept,2,2026-04-23T20:08:38.527263,2026-04-23T20:09:20.894Z
970,324,970,regatta,shorts,cotton,cotton,"{\"cotton\": 98.0, \"elastane\": 2.0}",98.0,90.24,high,philippine,PH,NCR,Navotas,Northbay Boulevard Norte,14.638514389606199,120.960545178013970,"Northbay Boulevard Norte, Navotas, NCR, Philippines",0.8161,0.331,accept,2,2026-04-23T20:08:38.528060,2026-04-23T20:09:20.894Z
971,324,971,old navy,dress,polyester,polyester,"{\"polyester\": 98.0, \"elastane\": 2.0}",0.0,7.92,low,philippine,PH,NCR,Navotas,Northbay Boulevard Norte,14.638514389606199,120.960545178013970,"Northbay Boulevard Norte, Navotas, NCR, Philippines",0.8161,0.504,decline,0,2026-04-23T20:08:38.528060,2026-04-23T20:09:20.894Z
972,324,972,oxgn,polo,polyester,polyester,"{\"polyester\": 100.0}",0.0,8.0,low,philippine,PH,NCR,Navotas,Northbay Boulevard Norte,14.638514389606199,120.960545178013970,"Northbay Boulevard Norte, Navotas, NCR, Philippines",0.8161,0.433,decline,0,2026-04-23T20:08:38.528060,2026-04-23T20:09:20.894Z
973,325,973,apara studio,top,cotton,cotton,"{\"cotton\": 100.0}",100.0,92.0,high,international,GLOBAL,NCR,Parañaque,BF Homes,14.513540114771983,121.008655450072620,"BF Homes, Parañaque, NCR, Philippines",0.626,0.166,accept,2,2026-04-23T20:08:38.531457,2026-04-23T20:09:20.894Z
974,325,974,old navy,knitwear,cotton,cotton,"{\"cotton\": 100.0}",100.0,92.0,high,philippine,PH,NCR,Parañaque,BF Homes,14.513540114771983,121.008655450072620,"BF Homes, Parañaque, NCR, Philippines",0.626,0.4,accept,2,2026-04-23T20:08:38.531457,2026-04-23T20:09:20.894Z
975,325,975,gymshark,top,cotton,cotton,"{\"cotton\": 57.0, \"polyester\": 38.0, \"elastane\": 5.0}",57.0,55.68,medium,international,GLOBAL,NCR,Parañaque,BF Homes,14.513540114771983,121.008655450072620,"BF Homes, Parañaque, NCR, Philippines",0.626,0.247,conditional,1,2026-04-23T20:08:38.531457,2026-04-23T20:09:20.894Z
976,325,976,coastal bloom,top,cotton,cotton,"{\"cotton\": 100.0}",100.0,92.0,high,international,GLOBAL,NCR,Parañaque,BF Homes,14.513540114771983,121.008655450072620,"BF Homes, Parañaque, NCR, Philippines",0.626,0.537,accept,2,2026-04-23T20:08:38.531457,2026-04-23T20:09:20.894Z
977,325,977,forme,shirt,polyester,polyester,"{\"polyester\": 100.0}",0.0,8.0,low,philippine,PH,NCR,Parañaque,BF Homes,14.513540114771983,121.008655450072620,"BF Homes, Parañaque, NCR, Philippines",0.626,0.28,decline,0,2026-04-23T20:08:38.531457,2026-04-23T20:09:20.894Z
978,326,978,gymshark,shorts,nylon,nylon,"{\"nylon\": 93.0, \"elastane\": 7.0}",0.0,11.44,low,international,GLOBAL,NCR,Marikina,Concepcion Uno,14.617513611406068,121.091305281295990,"Concepcion Uno, Marikina, NCR, Philippines",0.7433,0.201,decline,0,2026-04-23T20:08:38.533771,2026-04-23T20:09:20.894Z
979,326,979,levi's,hoodie,cotton,cotton,"{\"cotton\": 88.0, \"polyester\": 12.0}",88.0,81.92,high,philippine,PH,NCR,Marikina,Concepcion Uno,14.617513611406068,121.091305281295990,"Concepcion Uno, Marikina, NCR, Philippines",0.7433,0.192,accept,2,2026-04-23T20:08:38.533771,2026-04-23T20:09:20.894Z
980,326,980,phoebe philo,jacket,cotton,cotton,"{\"cotton\": 100.0}",100.0,92.0,high,international,GLOBAL,NCR,Marikina,Concepcion Uno,14.617513611406068,121.091305281295990,"Concepcion Uno, Marikina, NCR, Philippines",0.7433,1.399,accept,2,2026-04-23T20:08:38.533771,2026-04-23T20:09:20.894Z
981,327,981,regatta,shirt,rayon,rayon,"{\"rayon\": 56.0, \"polyester\": 44.0}",56.0,43.84,low,philippine,PH,NCR,Pasig,Kapitolyo,14.545506346532907,121.066049877171510,"Kapitolyo, Pasig, NCR, Philippines",0.7392,0.292,conditional,1,2026-04-23T20:08:38.534729,2026-04-23T20:09:20.894Z
982,327,982,patton studio,jacket,cotton,cotton,"{\"cotton\": 70.0, \"polyester\": 30.0}",70.0,66.8,medium,philippine,PH,NCR,Pasig,Kapitolyo,14.545506346532907,121.066049877171510,"Kapitolyo, Pasig, NCR, Philippines",0.7392,1.149,conditional,1,2026-04-23T20:08:38.534729,2026-04-23T20:09:20.894Z
983,327,983,gaui,top,rayon,rayon,"{\"rayon\": 94.0, \"elastane\": 6.0}",94.0,67.92,medium,philippine,PH,NCR,Pasig,Kapitolyo,14.545506346532907,121.066049877171510,"Kapitolyo, Pasig, NCR, Philippines",0.7392,0.288,conditional,1,2026-04-23T20:08:38.534729,2026-04-23T20:09:20.894Z
984,327,984,patton studio,jacket,polyester,polyester,"{\"polyester\": 100.0}",0.0,8.0,low,philippine,PH,NCR,Pasig,Kapitolyo,14.545506346532907,121.066049877171510,"Kapitolyo, Pasig, NCR, Philippines",0.7392,0.869,decline,0,2026-04-23T20:08:38.534729,2026-04-23T20:09:20.894Z
985,328,985,gymshark,t-shirt,nylon,nylon,"{\"nylon\": 88.0, \"elastane\": 12.0}",0.0,11.04,low,international,GLOBAL,NCR,Manila,Ermita,14.601873293345097,120.957520861252830,"Ermita, Manila, NCR, Philippines",0.9478,0.246,decline,0,2026-04-23T20:08:38.535844,2026-04-23T20:09:20.894Z
986,328,986,coastal bloom,hoodie,cotton,cotton,"{\"cotton\": 53.0, \"polyester\": 45.0, \"elastane\": 2.0}",53.0,52.44,medium,international,GLOBAL,NCR,Manila,Ermita,14.601873293345097,120.957520861252830,"Ermita, Manila, NCR, Philippines",0.9478,0.577,conditional,1,2026-04-23T20:08:38.535844,2026-04-23T20:09:20.894Z
987,328,987,gymshark,top,cotton,cotton,"{\"cotton\": 100.0}",100.0,92.0,high,international,GLOBAL,NCR,Manila,Ermita,14.601873293345097,120.957520861252830,"Ermita, Manila, NCR, Philippines",0.9478,0.49,accept,2,2026-04-23T20:08:38.535844,2026-04-23T20:09:20.894Z
988,328,988,memo,shirt,cotton,cotton,"{\"cotton\": 100.0}",100.0,92.0,high,philippine,PH,NCR,Manila,Ermita,14.601873293345097,120.957520861252830,"Ermita, Manila, NCR, Philippines",0.9478,0.244,accept,2,2026-04-23T20:08:38.535844,2026-04-23T20:09:20.894Z
989,329,989,princess polly,dress,polyester,polyester,"{\"polyester\": 100.0}",0.0,8.0,low,international,GLOBAL,NCR,Muntinlupa,Alabang,14.386070221132456,121.036142283355520,"Alabang, Muntinlupa, NCR, Philippines",0.6133,0.351,decline,0,2026-04-23T20:08:38.536980,2026-04-23T20:09:20.894Z
990,329,990,oxgn,jeans,cotton,cotton,"{\"cotton\": 75.0, \"polyester\": 25.0}",75.0,71.0,medium,philippine,PH,NCR,Muntinlupa,Alabang,14.386070221132456,121.036142283355520,"Alabang, Muntinlupa, NCR, Philippines",0.6133,0.739,conditional,1,2026-04-23T20:08:38.536980,2026-04-23T20:09:20.894Z
991,330,991,adored vintage,dress,polyester,polyester,"{\"polyester\": 65.0, \"cotton\": 35.0}",35.0,37.4,low,international,GLOBAL,NCR,Taguig,Bonifacio Global City,14.551804270866189,121.053431364494140,"Bonifacio Global City, Taguig, NCR, Philippines",0.6255,0.263,decline,0,2026-04-23T20:08:38.537702,2026-04-23T20:09:20.894Z
992,330,992,gaui,pants,polyester,polyester,"{\"polyester\": 95.0, \"elastane\": 5.0}",0.0,7.8,low,philippine,PH,NCR,Taguig,Bonifacio Global City,14.551804270866189,121.053431364494140,"Bonifacio Global City, Taguig, NCR, Philippines",0.6255,0.473,decline,0,2026-04-23T20:08:38.537702,2026-04-23T20:09:20.894Z
993,330,993,levi's,hoodie,cotton,cotton,"{\"cotton\": 100.0}",100.0,92.0,high,philippine,PH,NCR,Taguig,Bonifacio Global City,14.551804270866189,121.053431364494140,"Bonifacio Global City, Taguig, NCR, Philippines",0.6255,0.279,accept,2,2026-04-23T20:08:38.537702,2026-04-23T20:09:20.894Z
994,330,994,old navy,dress,rayon,rayon,"{\"rayon\": 74.0, \"nylon\": 26.0}",74.0,56.4,medium,philippine,PH,NCR,Taguig,Bonifacio Global City,14.551804270866189,121.053431364494140,"Bonifacio Global City, Taguig, NCR, Philippines",0.6255,0.261,conditional,1,2026-04-23T20:08:38.537702,2026-04-23T20:09:20.894Z
995,331,995,memo,top,polyester,polyester,"{\"polyester\": 100.0}",0.0,8.0,low,philippine,PH,NCR,Pasig,Kapitolyo,14.560331037141461,121.097396579110860,"Kapitolyo, Pasig, NCR, Philippines",0.7067,0.18,decline,0,2026-04-23T20:08:38.538948,2026-04-23T20:09:20.894Z
996,332,996,phoebe philo,pants,silk,silk,"{\"silk\": 100.0}",100.0,83.0,high,international,GLOBAL,NCR,Mandaluyong,Wack-Wack Greenhills,14.556453066020202,121.022033779820750,"Wack-Wack Greenhills, Mandaluyong, NCR, Philippines",0.5774,0.423,accept,2,2026-04-23T20:08:38.539497,2026-04-23T20:09:20.894Z
997,333,997,just g,t-shirt,polyester,polyester,"{\"polyester\": 95.0, \"elastane\": 5.0}",0.0,7.8,low,philippine,PH,NCR,Las Piñas,Almanza Uno,14.484583233439785,120.981686014539650,"Almanza Uno, Las Piñas, NCR, Philippines",0.6994,0.175,decline,0,2026-04-23T20:08:38.540052,2026-04-23T20:09:20.894Z
998,334,998,the big silence,t-shirt,cotton,cotton,"{\"cotton\": 100.0}",100.0,92.0,high,philippine,PH,NCR,San Juan,Greenhills,14.586365327572123,121.026366532292070,"Greenhills, San Juan, NCR, Philippines",0.5945,0.274,accept,2,2026-04-23T20:08:38.540581,2026-04-23T20:09:20.894Z
999,334,999,memo,jacket,viscose,viscose,"{\"viscose\": 100.0}",100.0,72.0,medium,philippine,PH,NCR,San Juan,Greenhills,14.586365327572123,121.026366532292070,"Greenhills, San Juan, NCR, Philippines",0.5945,0.933,conditional,1,2026-04-23T20:08:38.540581,2026-04-23T20:09:20.894Z
1000,335,1000,gaui,top,linen,linen,"{\"linen\": 100.0}",100.0,95.0,high,philippine,PH,NCR,Navotas,Northbay Boulevard Norte,14.635643197250364,120.931485154405590,"Northbay Boulevard Norte, Navotas, NCR, Philippines",0.8657,0.478,accept,2,2026-04-23T20:08:38.541365,2026-04-23T20:09:20.894Z
1001,335,1001,adored vintage,shorts,cotton,cotton,"{\"cotton\": 100.0}",100.0,92.0,high,international,GLOBAL,NCR,Navotas,Northbay Boulevard Norte,14.635643197250364,120.931485154405590,"Northbay Boulevard Norte, Navotas, NCR, Philippines",0.8657,0.222,accept,2,2026-04-23T20:08:38.541365,2026-04-23T20:09:20.894Z
1002,335,1002,coastal bloom,dress,polyester,polyester,"{\"polyester\": 100.0}",0.0,8.0,low,international,GLOBAL,NCR,Navotas,Northbay Boulevard Norte,14.635643197250364,120.931485154405590,"Northbay Boulevard Norte, Navotas, NCR, Philippines",0.8657,0.453,decline,0,2026-04-23T20:08:38.541365,2026-04-23T20:09:20.894Z
1003,336,1003,old navy,jacket,polyester,polyester,"{\"polyester\": 66.0, \"viscose\": 29.0, \"elastane\": 5.0}",29.0,26.36,low,philippine,PH,NCR,Quezon City,Diliman,14.669181990020416,121.065401909905560,"Diliman, Quezon City, NCR, Philippines",0.8597,0.621,decline,0,2026-04-23T20:08:38.542382,2026-04-23T20:09:20.894Z
1004,337,1004,forme,jeans,cotton,cotton,"{\"cotton\": 84.0, \"polyester\": 16.0}",84.0,78.56,medium,philippine,PH,NCR,Manila,Ermita,14.608130708657336,120.967097274452580,"Ermita, Manila, NCR, Philippines",0.9326,0.67,accept,2,2026-04-23T20:08:38.543003,2026-04-23T20:09:20.894Z
1005,337,1005,phoebe philo,top,wool,wool,"{\"wool\": 100.0}",100.0,74.0,medium,international,GLOBAL,NCR,Manila,Ermita,14.608130708657336,120.967097274452580,"Ermita, Manila, NCR, Philippines",0.9326,0.508,conditional,1,2026-04-23T20:08:38.543003,2026-04-23T20:09:20.894Z
1006,337,1006,old navy,dress,rayon,rayon,"{\"rayon\": 74.0, \"nylon\": 26.0}",74.0,56.4,medium,philippine,PH,NCR,Manila,Ermita,14.608130708657336,120.967097274452580,"Ermita, Manila, NCR, Philippines",0.9326,0.371,conditional,1,2026-04-23T20:08:38.543003,2026-04-23T20:09:20.894Z
1007,337,1007,just g,dress,cotton,cotton,"{\"cotton\": 100.0}",100.0,92.0,high,philippine,PH,NCR,Manila,Ermita,14.608130708657336,120.967097274452580,"Ermita, Manila, NCR, Philippines",0.9326,0.375,accept,2,2026-04-23T20:08:38.543003,2026-04-23T20:09:20.894Z
1008,337,1008,patton studio,top,polyester,polyester,"{\"polyester\": 100.0}",0.0,8.0,low,philippine,PH,NCR,Manila,Ermita,14.608130708657336,120.967097274452580,"Ermita, Manila, NCR, Philippines",0.9326,0.595,decline,0,2026-04-23T20:08:38.543003,2026-04-23T20:09:20.894Z
1009,338,1009,levi's,skirt,cotton,cotton,"{\"cotton\": 55.0, \"lyocell\": 45.0}",100.0,91.55,high,philippine,PH,NCR,Caloocan,Bagong Silang,14.667879696937296,120.949970987280200,"Bagong Silang, Caloocan, NCR, Philippines",0.8548,0.416,accept,2,2026-04-23T20:08:38.544211,2026-04-23T20:09:20.894Z
1010,338,1010,coastal bloom,knitwear,viscose,viscose,"{\"viscose\": 80.0, \"polyester\": 20.0}",80.0,59.2,medium,international,GLOBAL,NCR,Caloocan,Bagong Silang,14.667879696937296,120.949970987280200,"Bagong Silang, Caloocan, NCR, Philippines",0.8548,0.449,conditional,1,2026-04-23T20:08:38.544211,2026-04-23T20:09:20.894Z
1011,338,1011,gaui,pants,polyester,polyester,"{\"polyester\": 95.0, \"elastane\": 5.0}",0.0,7.8,low,philippine,PH,NCR,Caloocan,Bagong Silang,14.667879696937296,120.949970987280200,"Bagong Silang, Caloocan, NCR, Philippines",0.8548,0.59,decline,0,2026-04-23T20:08:38.544211,2026-04-23T20:09:20.894Z
1012,339,1012,levi's,jacket,cotton,cotton,"{\"cotton\": 99.0, \"elastane\": 1.0}",99.0,91.12,high,philippine,PH,NCR,Makati,Bel-Air,14.552723639568073,121.014451653174940,"Bel-Air, Makati, NCR, Philippines",0.7092,1.016,accept,2,2026-04-23T20:08:38.545171,2026-04-23T20:09:20.894Z
1013,339,1013,regatta,dress,cotton,cotton,"{\"cotton\": 70.0, \"polyester\": 30.0}",70.0,66.8,medium,philippine,PH,NCR,Makati,Bel-Air,14.552723639568073,121.014451653174940,"Bel-Air, Makati, NCR, Philippines",0.7092,0.314,conditional,1,2026-04-23T20:08:38.545171,2026-04-23T20:09:20.894Z
1014,339,1014,coastal bloom,dress,polyester,polyester,"{\"polyester\": 65.0, \"cotton\": 35.0}",35.0,37.4,low,international,GLOBAL,NCR,Makati,Bel-Air,14.552723639568073,121.014451653174940,"Bel-Air, Makati, NCR, Philippines",0.7092,0.307,decline,0,2026-04-23T20:08:38.545171,2026-04-23T20:09:20.894Z
1015,339,1015,forme,pants,cotton,cotton,"{\"cotton\": 97.0, \"elastane\": 3.0}",97.0,89.36,high,philippine,PH,NCR,Makati,Bel-Air,14.552723639568073,121.014451653174940,"Bel-Air, Makati, NCR, Philippines",0.7092,0.438,accept,2,2026-04-23T20:08:38.545171,2026-04-23T20:09:20.894Z
1016,340,1016,memo,shirt,cotton,cotton,"{\"cotton\": 97.0, \"elastane\": 3.0}",97.0,89.36,high,philippine,PH,NCR,Mandaluyong,Wack-Wack Greenhills,14.559936273896703,121.052502515100190,"Wack-Wack Greenhills, Mandaluyong, NCR, Philippines",0.7588,0.177,accept,2,2026-04-23T20:08:38.546397,2026-04-23T20:09:20.894Z
1017,340,1017,forme,knitwear,viscose,viscose,"{\"viscose\": 100.0}",100.0,72.0,medium,philippine,PH,NCR,Mandaluyong,Wack-Wack Greenhills,14.559936273896703,121.052502515100190,"Wack-Wack Greenhills, Mandaluyong, NCR, Philippines",0.7588,0.462,conditional,1,2026-04-23T20:08:38.546397,2026-04-23T20:09:20.894Z
1018,340,1018,linya linya,t-shirt,polyester,polyester,"{\"polyester\": 100.0}",0.0,8.0,low,philippine,PH,NCR,Mandaluyong,Wack-Wack Greenhills,14.559936273896703,121.052502515100190,"Wack-Wack Greenhills, Mandaluyong, NCR, Philippines",0.7588,0.27,decline,0,2026-04-23T20:08:38.546397,2026-04-23T20:09:20.894Z
1019,340,1019,gq,hoodie,cotton,cotton,"{\"cotton\": 100.0}",100.0,92.0,high,philippine,PH,NCR,Mandaluyong,Wack-Wack Greenhills,14.559936273896703,121.052502515100190,"Wack-Wack Greenhills, Mandaluyong, NCR, Philippines",0.7588,0.257,accept,2,2026-04-23T20:08:38.546397,2026-04-23T20:09:20.894Z
1020,340,1020,old navy,top,cotton,cotton,"{\"cotton\": 95.0, \"elastane\": 5.0}",95.0,87.6,high,philippine,PH,NCR,Mandaluyong,Wack-Wack Greenhills,14.559936273896703,121.052502515100190,"Wack-Wack Greenhills, Mandaluyong, NCR, Philippines",0.7588,0.218,accept,2,2026-04-23T20:08:38.546397,2026-04-23T20:09:20.894Z
1021,341,1021,regatta,polo,viscose,viscose,"{\"viscose\": 100.0}",100.0,72.0,medium,philippine,PH,NCR,Manila,Ermita,14.567811716942824,120.993474667415170,"Ermita, Manila, NCR, Philippines",1.0,0.17,conditional,1,2026-04-23T20:08:38.547592,2026-04-23T20:09:20.894Z
1022,341,1022,forme,t-shirt,cotton,cotton,"{\"cotton\": 60.0, \"polyester\": 40.0}",60.0,58.4,medium,philippine,PH,NCR,Manila,Ermita,14.567811716942824,120.993474667415170,"Ermita, Manila, NCR, Philippines",1.0,0.25,conditional,1,2026-04-23T20:08:38.547592,2026-04-23T20:09:20.894Z
1023,341,1023,oxgn,dress,cotton,cotton,"{\"cotton\": 60.0, \"polyester\": 40.0}",60.0,58.4,medium,philippine,PH,NCR,Manila,Ermita,14.567811716942824,120.993474667415170,"Ermita, Manila, NCR, Philippines",1.0,0.225,conditional,1,2026-04-23T20:08:38.547592,2026-04-23T20:09:20.894Z
1024,342,1024,gymshark,shorts,nylon,nylon,"{\"nylon\": 79.0, \"polyester\": 14.0, \"elastane\": 7.0}",0.0,10.88,low,international,GLOBAL,NCR,Parañaque,BF Homes,14.513615364121412,120.984492919863380,"BF Homes, Parañaque, NCR, Philippines",0.6625,0.299,decline,0,2026-04-23T20:08:38.548518,2026-04-23T20:09:20.894Z
1025,342,1025,adored vintage,top,polyester,polyester,"{\"polyester\": 97.0, \"elastane\": 3.0}",0.0,7.88,low,international,GLOBAL,NCR,Parañaque,BF Homes,14.513615364121412,120.984492919863380,"BF Homes, Parañaque, NCR, Philippines",0.6625,0.596,decline,0,2026-04-23T20:08:38.548518,2026-04-23T20:09:20.894Z
1026,342,1026,old navy,t-shirt,cotton,cotton,"{\"cotton\": 100.0}",100.0,92.0,high,philippine,PH,NCR,Parañaque,BF Homes,14.513615364121412,120.984492919863380,"BF Homes, Parañaque, NCR, Philippines",0.6625,0.152,accept,2,2026-04-23T20:08:38.548518,2026-04-23T20:09:20.894Z
1027,342,1027,memo,shirt,cotton,cotton,"{\"cotton\": 97.0, \"elastane\": 3.0}",97.0,89.36,high,philippine,PH,NCR,Parañaque,BF Homes,14.513615364121412,120.984492919863380,"BF Homes, Parañaque, NCR, Philippines",0.6625,0.188,accept,2,2026-04-23T20:08:38.548518,2026-04-23T20:09:20.894Z
1028,342,1028,old navy,knitwear,cotton,cotton,"{\"cotton\": 48.0, \"polyester\": 47.0, \"elastane\": 5.0}",48.0,48.12,low,philippine,PH,NCR,Parañaque,BF Homes,14.513615364121412,120.984492919863380,"BF Homes, Parañaque, NCR, Philippines",0.6625,0.206,conditional,1,2026-04-23T20:08:38.548518,2026-04-23T20:09:20.894Z
1029,343,1029,no emotions,jacket,cotton,cotton,"{\"cotton\": 90.0, \"elastane\": 10.0}",90.0,83.2,high,philippine,PH,NCR,Navotas,Northbay Boulevard Norte,14.662008454968014,120.962582741858530,"Northbay Boulevard Norte, Navotas, NCR, Philippines",0.8185,1.403,accept,2,2026-04-23T20:08:38.549761,2026-04-23T20:09:20.894Z
1030,343,1030,memo,shirt,cotton,cotton,"{\"cotton\": 70.0, \"polyester\": 30.0}",70.0,66.8,medium,philippine,PH,NCR,Navotas,Northbay Boulevard Norte,14.662008454968014,120.962582741858530,"Northbay Boulevard Norte, Navotas, NCR, Philippines",0.8185,0.311,conditional,1,2026-04-23T20:08:38.549761,2026-04-23T20:09:20.894Z
1031,344,1031,bench,shirt,cotton,cotton,"{\"cotton\": 100.0}",100.0,92.0,high,philippine,PH,NCR,Makati,Bel-Air,14.559588770243789,121.010993197954680,"Bel-Air, Makati, NCR, Philippines",0.7684,0.336,accept,2,2026-04-23T20:08:38.552671,2026-04-23T20:09:20.894Z
1032,344,1032,forme,knitwear,viscose,viscose,"{\"viscose\": 100.0}",100.0,72.0,medium,philippine,PH,NCR,Makati,Bel-Air,14.559588770243789,121.010993197954680,"Bel-Air, Makati, NCR, Philippines",0.7684,0.457,conditional,1,2026-04-23T20:08:38.552671,2026-04-23T20:09:20.894Z
1033,345,1033,apara studio,pants,cotton,cotton,"{\"cotton\": 100.0}",100.0,92.0,high,international,GLOBAL,NCR,Valenzuela,Karuhatan,14.687535926835936,120.971325278667700,"Karuhatan, Valenzuela, NCR, Philippines",0.8313,0.388,accept,2,2026-04-23T20:08:38.553532,2026-04-23T20:09:20.894Z
1034,345,1034,levi's,t-shirt,cotton,cotton,"{\"cotton\": 100.0}",100.0,92.0,high,philippine,PH,NCR,Valenzuela,Karuhatan,14.687535926835936,120.971325278667700,"Karuhatan, Valenzuela, NCR, Philippines",0.8313,0.147,accept,2,2026-04-23T20:08:38.553532,2026-04-23T20:09:20.894Z
1035,345,1035,bench,shirt,cotton,cotton,"{\"cotton\": 100.0}",100.0,92.0,high,philippine,PH,NCR,Valenzuela,Karuhatan,14.687535926835936,120.971325278667700,"Karuhatan, Valenzuela, NCR, Philippines",0.8313,0.256,accept,2,2026-04-23T20:08:38.553532,2026-04-23T20:09:20.894Z
1036,345,1036,gaui,top,rayon,rayon,"{\"rayon\": 94.0, \"elastane\": 6.0}",94.0,67.92,medium,philippine,PH,NCR,Valenzuela,Karuhatan,14.687535926835936,120.971325278667700,"Karuhatan, Valenzuela, NCR, Philippines",0.8313,0.18,conditional,1,2026-04-23T20:08:38.553532,2026-04-23T20:09:20.894Z
1037,345,1037,no emotions,jacket,polyester,polyester,"{\"polyester\": 100.0}",0.0,8.0,low,philippine,PH,NCR,Valenzuela,Karuhatan,14.687535926835936,120.971325278667700,"Karuhatan, Valenzuela, NCR, Philippines",0.8313,1.438,decline,0,2026-04-23T20:08:38.553532,2026-04-23T20:09:20.894Z
1038,346,1038,made by fade,jeans,cotton,cotton,"{\"cotton\": 98.0, \"elastane\": 2.0}",98.0,90.24,high,philippine,PH,NCR,Caloocan,Bagong Silang,14.636243537320846,120.985649561196940,"Bagong Silang, Caloocan, NCR, Philippines",0.8637,0.86,accept,2,2026-04-23T20:08:38.554826,2026-04-23T20:09:20.894Z
1039,346,1039,oxgn,top,cotton,cotton,"{\"cotton\": 50.0, \"polyester\": 50.0}",50.0,50.0,medium,philippine,PH,NCR,Caloocan,Bagong Silang,14.636243537320846,120.985649561196940,"Bagong Silang, Caloocan, NCR, Philippines",0.8637,0.477,conditional,1,2026-04-23T20:08:38.554826,2026-04-23T20:09:20.894Z
1040,346,1040,gymshark,underwear,nylon,nylon,"{\"nylon\": 86.0, \"elastane\": 14.0}",0.0,10.88,low,international,GLOBAL,NCR,Caloocan,Bagong Silang,14.636243537320846,120.985649561196940,"Bagong Silang, Caloocan, NCR, Philippines",0.8637,0.181,decline,0,2026-04-23T20:08:38.554826,2026-04-23T20:09:20.894Z
1041,346,1041,just g,dress,viscose,viscose,"{\"viscose\": 80.0, \"cotton\": 20.0}",100.0,76.0,medium,philippine,PH,NCR,Caloocan,Bagong Silang,14.636243537320846,120.985649561196940,"Bagong Silang, Caloocan, NCR, Philippines",0.8637,0.442,accept,2,2026-04-23T20:08:38.554826,2026-04-23T20:09:20.894Z
1042,347,1042,made by fade,jeans,cotton,cotton,"{\"cotton\": 98.0, \"elastane\": 2.0}",98.0,90.24,high,philippine,PH,NCR,Parañaque,BF Homes,14.513679071636997,121.007942592624460,"BF Homes, Parañaque, NCR, Philippines",0.7016,0.734,accept,2,2026-04-23T20:08:38.558201,2026-04-23T20:09:20.894Z
1043,347,1043,old navy,hoodie,cotton,cotton,"{\"cotton\": 95.0, \"elastane\": 5.0}",95.0,87.6,high,philippine,PH,NCR,Parañaque,BF Homes,14.513679071636997,121.007942592624460,"BF Homes, Parañaque, NCR, Philippines",0.7016,0.295,accept,2,2026-04-23T20:08:38.558201,2026-04-23T20:09:20.894Z
1044,347,1044,oxgn,dress,polyester,polyester,"{\"polyester\": 65.0, \"cotton\": 35.0}",35.0,37.4,low,philippine,PH,NCR,Parañaque,BF Homes,14.513679071636997,121.007942592624460,"BF Homes, Parañaque, NCR, Philippines",0.7016,0.444,decline,0,2026-04-23T20:08:38.558201,2026-04-23T20:09:20.894Z
1045,347,1045,just g,top,cotton,cotton,"{\"cotton\": 100.0}",100.0,92.0,high,philippine,PH,NCR,Parañaque,BF Homes,14.513679071636997,121.007942592624460,"BF Homes, Parañaque, NCR, Philippines",0.7016,0.581,accept,2,2026-04-23T20:08:38.558201,2026-04-23T20:09:20.894Z
1046,347,1046,levi's,shirt,cotton,cotton,"{\"cotton\": 100.0}",100.0,92.0,high,philippine,PH,NCR,Parañaque,BF Homes,14.513679071636997,121.007942592624460,"BF Homes, Parañaque, NCR, Philippines",0.7016,0.268,accept,2,2026-04-23T20:08:38.558201,2026-04-23T20:09:20.894Z
1047,348,1047,gymshark,top,nylon,nylon,"{\"nylon\": 90.0, \"elastane\": 10.0}",0.0,11.2,low,international,GLOBAL,NCR,Pasay,Malibay,14.540555902109991,121.007456340487150,"Malibay, Pasay, NCR, Philippines",0.6716,0.222,decline,0,2026-04-23T20:08:38.561945,2026-04-23T20:09:20.894Z
1048,349,1048,coastal bloom,pants,lyocell,lyocell,"{\"lyocell\": 100.0}",100.0,91.0,high,international,GLOBAL,NCR,Las Piñas,Almanza Uno,14.482873087933220,120.980854869863080,"Almanza Uno, Las Piñas, NCR, Philippines",0.6036,0.367,accept,2,2026-04-23T20:08:38.562575,2026-04-23T20:09:20.894Z
1049,350,1049,phoebe philo,pants,cotton,cotton,"{\"cotton\": 100.0}",100.0,92.0,high,international,GLOBAL,NCR,Mandaluyong,Wack-Wack Greenhills,14.581588113103278,121.038156867565250,"Wack-Wack Greenhills, Mandaluyong, NCR, Philippines",0.6822,0.602,accept,2,2026-04-23T20:08:38.563824,2026-04-23T20:09:20.894Z
1050,350,1050,just g,dress,polyester,polyester,"{\"polyester\": 100.0}",0.0,8.0,low,philippine,PH,NCR,Mandaluyong,Wack-Wack Greenhills,14.581588113103278,121.038156867565250,"Wack-Wack Greenhills, Mandaluyong, NCR, Philippines",0.6822,0.425,decline,0,2026-04-23T20:08:38.563824,2026-04-23T20:09:20.894Z
1051,350,1051,frank and eileen,t-shirt,cotton,cotton,"{\"cotton\": 100.0}",100.0,92.0,high,philippine,PH,NCR,Mandaluyong,Wack-Wack Greenhills,14.581588113103278,121.038156867565250,"Wack-Wack Greenhills, Mandaluyong, NCR, Philippines",0.6822,0.258,accept,2,2026-04-23T20:08:38.563824,2026-04-23T20:09:20.894Z
1052,351,1052,adored vintage,knitwear,wool,wool,"{\"wool\": 100.0}",100.0,74.0,medium,international,GLOBAL,NCR,Parañaque,BF Homes,14.502686983126860,120.996842521444380,"BF Homes, Parañaque, NCR, Philippines",0.6041,0.273,conditional,1,2026-04-23T20:08:38.564750,2026-04-23T20:09:20.894Z
1053,351,1053,levi's,t-shirt,cotton,cotton,"{\"cotton\": 100.0}",100.0,92.0,high,philippine,PH,NCR,Parañaque,BF Homes,14.502686983126860,120.996842521444380,"BF Homes, Parañaque, NCR, Philippines",0.6041,0.205,accept,2,2026-04-23T20:08:38.564750,2026-04-23T20:09:20.894Z
1054,351,1054,coastal bloom,knitwear,cotton,cotton,"{\"cotton\": 100.0}",100.0,92.0,high,international,GLOBAL,NCR,Parañaque,BF Homes,14.502686983126860,120.996842521444380,"BF Homes, Parañaque, NCR, Philippines",0.6041,0.543,accept,2,2026-04-23T20:08:38.564750,2026-04-23T20:09:20.894Z
1055,351,1055,levi's,t-shirt,cotton,cotton,"{\"cotton\": 100.0}",100.0,92.0,high,philippine,PH,NCR,Parañaque,BF Homes,14.502686983126860,120.996842521444380,"BF Homes, Parañaque, NCR, Philippines",0.6041,0.236,accept,2,2026-04-23T20:08:38.564750,2026-04-23T20:09:20.894Z
1056,352,1056,memo,jacket,polyester,polyester,"{\"polyester\": 100.0}",0.0,8.0,low,philippine,PH,NCR,Quezon City,Diliman,14.655668347522221,121.034712299381870,"Diliman, Quezon City, NCR, Philippines",0.8223,1.345,decline,0,2026-04-23T20:08:38.567542,2026-04-23T20:09:20.894Z
1057,352,1057,forme,shirt,polyester,polyester,"{\"polyester\": 100.0}",0.0,8.0,low,philippine,PH,NCR,Quezon City,Diliman,14.655668347522221,121.034712299381870,"Diliman, Quezon City, NCR, Philippines",0.8223,0.269,decline,0,2026-04-23T20:08:38.567542,2026-04-23T20:09:20.894Z
1058,353,1058,oxgn,jeans,cotton,cotton,"{\"cotton\": 70.0, \"polyester\": 28.0, \"elastane\": 2.0}",70.0,66.72,medium,philippine,PH,NCR,Parañaque,BF Homes,14.492741172160540,120.988845201058060,"BF Homes, Parañaque, NCR, Philippines",0.5769,0.789,conditional,1,2026-04-23T20:08:38.568223,2026-04-23T20:09:20.894Z
1059,353,1059,gymshark,top,nylon,nylon,"{\"nylon\": 92.0, \"elastane\": 8.0}",0.0,11.36,low,international,GLOBAL,NCR,Parañaque,BF Homes,14.492741172160540,120.988845201058060,"BF Homes, Parañaque, NCR, Philippines",0.5769,0.384,decline,0,2026-04-23T20:08:38.568223,2026-04-23T20:09:20.894Z
1060,353,1060,old navy,top,polyester,polyester,"{\"polyester\": 94.0, \"elastane\": 6.0}",0.0,7.76,low,philippine,PH,NCR,Parañaque,BF Homes,14.492741172160540,120.988845201058060,"BF Homes, Parañaque, NCR, Philippines",0.5769,0.316,decline,0,2026-04-23T20:08:38.568223,2026-04-23T20:09:20.894Z
1061,353,1061,frank and eileen,t-shirt,cotton,cotton,"{\"cotton\": 100.0}",100.0,92.0,high,philippine,PH,NCR,Parañaque,BF Homes,14.492741172160540,120.988845201058060,"BF Homes, Parañaque, NCR, Philippines",0.5769,0.11,accept,2,2026-04-23T20:08:38.568223,2026-04-23T20:09:20.894Z
1062,353,1062,regatta,shirt,viscose,viscose,"{\"viscose\": 80.0, \"polyester\": 20.0}",80.0,59.2,medium,philippine,PH,NCR,Parañaque,BF Homes,14.492741172160540,120.988845201058060,"BF Homes, Parañaque, NCR, Philippines",0.5769,0.179,conditional,1,2026-04-23T20:08:38.568223,2026-04-23T20:09:20.894Z
1063,354,1063,gaui,dress,cotton,cotton,"{\"cotton\": 96.0, \"elastane\": 4.0}",96.0,88.48,high,philippine,PH,NCR,Las Piñas,Almanza Uno,14.474570377162934,121.003993282353800,"Almanza Uno, Las Piñas, NCR, Philippines",0.6493,0.282,accept,2,2026-04-23T20:08:38.570056,2026-04-23T20:09:20.894Z
1064,354,1064,bench,t-shirt,polyester,polyester,"{\"polyester\": 88.0, \"elastane\": 12.0}",0.0,7.52,low,philippine,PH,NCR,Las Piñas,Almanza Uno,14.474570377162934,121.003993282353800,"Almanza Uno, Las Piñas, NCR, Philippines",0.6493,0.121,decline,0,2026-04-23T20:08:38.570056,2026-04-23T20:09:20.894Z
1065,355,1065,phoebe philo,t-shirt,silk,silk,"{\"silk\": 93.0, \"elastane\": 7.0}",93.0,77.47,medium,international,GLOBAL,NCR,Malabon,Acacia,14.673636931777551,120.945293239670520,"Acacia, Malabon, NCR, Philippines",0.7703,0.261,accept,2,2026-04-23T20:08:38.570784,2026-04-23T20:09:20.894Z
1066,355,1066,regatta,polo,rayon,rayon,"{\"rayon\": 70.0, \"polyester\": 30.0}",70.0,52.8,medium,philippine,PH,NCR,Malabon,Acacia,14.673636931777551,120.945293239670520,"Acacia, Malabon, NCR, Philippines",0.7703,0.2,conditional,1,2026-04-23T20:08:38.570784,2026-04-23T20:09:20.894Z
1067,356,1067,levi's,t-shirt,cotton,cotton,"{\"cotton\": 100.0}",100.0,92.0,high,philippine,PH,NCR,Parañaque,BF Homes,14.523766403168556,120.986639603745180,"BF Homes, Parañaque, NCR, Philippines",0.7098,0.285,accept,2,2026-04-23T20:08:38.572607,2026-04-23T20:09:20.894Z
1068,356,1068,oxgn,t-shirt,polyester,polyester,"{\"polyester\": 65.0, \"cotton\": 35.0}",35.0,37.4,low,philippine,PH,NCR,Parañaque,BF Homes,14.523766403168556,120.986639603745180,"BF Homes, Parañaque, NCR, Philippines",0.7098,0.277,decline,0,2026-04-23T20:08:38.572607,2026-04-23T20:09:20.894Z
1069,356,1069,world balance,t-shirt,cotton,cotton,"{\"cotton\": 95.0, \"elastane\": 5.0}",95.0,87.6,high,philippine,PH,NCR,Parañaque,BF Homes,14.523766403168556,120.986639603745180,"BF Homes, Parañaque, NCR, Philippines",0.7098,0.204,accept,2,2026-04-23T20:08:38.572607,2026-04-23T20:09:20.894Z
1070,356,1070,oxgn,shorts,nylon,nylon,"{\"nylon\": 100.0}",0.0,12.0,low,philippine,PH,NCR,Parañaque,BF Homes,14.523766403168556,120.986639603745180,"BF Homes, Parañaque, NCR, Philippines",0.7098,0.288,decline,0,2026-04-23T20:08:38.572607,2026-04-23T20:09:20.894Z
1071,356,1071,gaui,hoodie,cotton,cotton,"{\"cotton\": 100.0}",100.0,92.0,high,philippine,PH,NCR,Parañaque,BF Homes,14.523766403168556,120.986639603745180,"BF Homes, Parañaque, NCR, Philippines",0.7098,0.245,accept,2,2026-04-23T20:08:38.572607,2026-04-23T20:09:20.894Z
1072,357,1072,no emotions,pants,linen,linen,"{\"linen\": 100.0}",100.0,95.0,high,philippine,PH,NCR,Pateros,San Pedro,14.544685501919608,121.043827889757130,"San Pedro, Pateros, NCR, Philippines",0.5317,0.683,accept,2,2026-04-23T20:08:38.578806,2026-04-23T20:09:20.894Z
1073,357,1073,linya linya,t-shirt,cotton,cotton,"{\"cotton\": 60.0, \"polyester\": 40.0}",60.0,58.4,medium,philippine,PH,NCR,Pateros,San Pedro,14.544685501919608,121.043827889757130,"San Pedro, Pateros, NCR, Philippines",0.5317,0.266,conditional,1,2026-04-23T20:08:38.578806,2026-04-23T20:09:20.894Z
1074,357,1074,phoebe philo,t-shirt,silk,silk,"{\"silk\": 92.0, \"elastane\": 8.0}",92.0,76.68,medium,international,GLOBAL,NCR,Pateros,San Pedro,14.544685501919608,121.043827889757130,"San Pedro, Pateros, NCR, Philippines",0.5317,0.155,accept,2,2026-04-23T20:08:38.578806,2026-04-23T20:09:20.894Z
1075,357,1075,gaui,top,cotton,cotton,"{\"cotton\": 96.0, \"elastane\": 4.0}",96.0,88.48,high,philippine,PH,NCR,Pateros,San Pedro,14.544685501919608,121.043827889757130,"San Pedro, Pateros, NCR, Philippines",0.5317,0.174,accept,2,2026-04-23T20:08:38.578806,2026-04-23T20:09:20.894Z
1076,358,1076,forme,shirt,rayon,rayon,"{\"rayon\": 67.0, \"cotton\": 30.0, \"nylon\": 3.0}",97.0,76.2,medium,philippine,PH,NCR,Taguig,Bonifacio Global City,14.548906936243984,121.076114965985650,"Bonifacio Global City, Taguig, NCR, Philippines",0.6236,0.243,accept,2,2026-04-23T20:08:38.594336,2026-04-23T20:09:20.894Z
1077,358,1077,old navy,dress,polyester,polyester,"{\"polyester\": 100.0}",0.0,8.0,low,philippine,PH,NCR,Taguig,Bonifacio Global City,14.548906936243984,121.076114965985650,"Bonifacio Global City, Taguig, NCR, Philippines",0.6236,0.347,decline,0,2026-04-23T20:08:38.594336,2026-04-23T20:09:20.894Z
1078,358,1078,sola,top,modal,modal,"{\"modal\": 95.0, \"elastane\": 5.0}",95.0,72.4,medium,philippine,PH,NCR,Taguig,Bonifacio Global City,14.548906936243984,121.076114965985650,"Bonifacio Global City, Taguig, NCR, Philippines",0.6236,0.204,conditional,1,2026-04-23T20:08:38.594336,2026-04-23T20:09:20.894Z
1079,359,1079,levi's,shirt,lyocell,lyocell,"{\"lyocell\": 60.0, \"cotton\": 40.0}",100.0,91.4,high,philippine,PH,NCR,Quezon City,Diliman,14.637691207333809,121.065457437320330,"Diliman, Quezon City, NCR, Philippines",0.8738,0.195,accept,2,2026-04-23T20:08:38.608282,2026-04-23T20:09:20.894Z
1080,359,1080,old navy,t-shirt,polyester,polyester,"{\"polyester\": 93.0, \"elastane\": 7.0}",0.0,7.72,low,philippine,PH,NCR,Quezon City,Diliman,14.637691207333809,121.065457437320330,"Diliman, Quezon City, NCR, Philippines",0.8738,0.21,decline,0,2026-04-23T20:08:38.608282,2026-04-23T20:09:20.894Z
1081,360,1081,regatta,dress,viscose,viscose,"{\"viscose\": 55.0, \"linen\": 30.0, \"polyester\": 15.0}",85.0,69.3,medium,philippine,PH,NCR,Las Piñas,Almanza Uno,14.464061534235888,120.984951912084900,"Almanza Uno, Las Piñas, NCR, Philippines",0.6765,0.419,conditional,1,2026-04-23T20:08:38.612702,2026-04-23T20:09:20.894Z
1082,360,1082,the big silence,t-shirt,cotton,cotton,"{\"cotton\": 100.0}",100.0,92.0,high,philippine,PH,NCR,Las Piñas,Almanza Uno,14.464061534235888,120.984951912084900,"Almanza Uno, Las Piñas, NCR, Philippines",0.6765,0.282,accept,2,2026-04-23T20:08:38.612702,2026-04-23T20:09:20.894Z
1083,360,1083,gaui,blazer,cotton,cotton,"{\"cotton\": 100.0}",100.0,92.0,high,philippine,PH,NCR,Las Piñas,Almanza Uno,14.464061534235888,120.984951912084900,"Almanza Uno, Las Piñas, NCR, Philippines",0.6765,0.218,accept,2,2026-04-23T20:08:38.612702,2026-04-23T20:09:20.894Z
1084,360,1084,made by fade,t-shirt,cotton,cotton,"{\"cotton\": 100.0}",100.0,92.0,high,philippine,PH,NCR,Las Piñas,Almanza Uno,14.464061534235888,120.984951912084900,"Almanza Uno, Las Piñas, NCR, Philippines",0.6765,0.283,accept,2,2026-04-23T20:08:38.612702,2026-04-23T20:09:20.894Z
1085,360,1085,forme,t-shirt,polyester,polyester,"{\"polyester\": 93.0, \"elastane\": 7.0}",0.0,7.72,low,philippine,PH,NCR,Las Piñas,Almanza Uno,14.464061534235888,120.984951912084900,"Almanza Uno, Las Piñas, NCR, Philippines",0.6765,0.28,decline,0,2026-04-23T20:08:38.612702,2026-04-23T20:09:20.894Z
1086,361,1086,world balance,t-shirt,cotton,cotton,"{\"cotton\": 95.0, \"elastane\": 5.0}",95.0,87.6,high,philippine,PH,NCR,San Juan,Greenhills,14.611000595865304,121.035954232873280,"Greenhills, San Juan, NCR, Philippines",0.5885,0.238,accept,2,2026-04-23T20:08:38.621555,2026-04-23T20:09:20.894Z
1087,361,1087,forme,shirt,cotton,cotton,"{\"cotton\": 97.0, \"elastane\": 3.0}",97.0,89.36,high,philippine,PH,NCR,San Juan,Greenhills,14.611000595865304,121.035954232873280,"Greenhills, San Juan, NCR, Philippines",0.5885,0.153,accept,2,2026-04-23T20:08:38.621555,2026-04-23T20:09:20.894Z
1088,361,1088,coastal bloom,hoodie,cotton,cotton,"{\"cotton\": 100.0}",100.0,92.0,high,international,GLOBAL,NCR,San Juan,Greenhills,14.611000595865304,121.035954232873280,"Greenhills, San Juan, NCR, Philippines",0.5885,0.581,accept,2,2026-04-23T20:08:38.621555,2026-04-23T20:09:20.894Z
1089,361,1089,oxgn,t-shirt,cotton,cotton,"{\"cotton\": 90.0, \"elastane\": 10.0}",90.0,83.2,high,philippine,PH,NCR,San Juan,Greenhills,14.611000595865304,121.035954232873280,"Greenhills, San Juan, NCR, Philippines",0.5885,0.217,accept,2,2026-04-23T20:08:38.621555,2026-04-23T20:09:20.894Z
1090,361,1090,memo,dress,cotton,cotton,"{\"cotton\": 97.0, \"elastane\": 3.0}",97.0,89.36,high,philippine,PH,NCR,San Juan,Greenhills,14.611000595865304,121.035954232873280,"Greenhills, San Juan, NCR, Philippines",0.5885,0.474,accept,2,2026-04-23T20:08:38.621555,2026-04-23T20:09:20.894Z
1091,362,1091,gaui,top,cotton,cotton,"{\"cotton\": 93.0, \"elastane\": 7.0}",93.0,85.84,high,philippine,PH,NCR,Mandaluyong,Wack-Wack Greenhills,14.553059060695790,121.034384032993830,"Wack-Wack Greenhills, Mandaluyong, NCR, Philippines",0.7043,0.347,accept,2,2026-04-23T20:08:38.635817,2026-04-23T20:09:20.894Z
1092,363,1092,just g,top,cotton,cotton,"{\"cotton\": 100.0}",100.0,92.0,high,philippine,PH,NCR,Malabon,Acacia,14.645341704390486,120.952503343724860,"Acacia, Malabon, NCR, Philippines",0.7799,0.586,accept,2,2026-04-23T20:08:38.636725,2026-04-23T20:09:20.894Z
1093,363,1093,coastal bloom,jacket,cotton,cotton,"{\"cotton\": 97.0, \"elastane\": 3.0}",97.0,89.36,high,international,GLOBAL,NCR,Malabon,Acacia,14.645341704390486,120.952503343724860,"Acacia, Malabon, NCR, Philippines",0.7799,0.756,accept,2,2026-04-23T20:08:38.636725,2026-04-23T20:09:20.894Z
1094,363,1094,patton studio,top,cotton,cotton,"{\"cotton\": 65.0, \"polyester\": 35.0}",65.0,62.6,medium,philippine,PH,NCR,Malabon,Acacia,14.645341704390486,120.952503343724860,"Acacia, Malabon, NCR, Philippines",0.7799,0.294,conditional,1,2026-04-23T20:08:38.636725,2026-04-23T20:09:20.894Z
1095,364,1095,just g,dress,polyester,polyester,"{\"polyester\": 100.0}",0.0,8.0,low,philippine,PH,NCR,Makati,Bel-Air,14.558960358811797,121.021086612848700,"Bel-Air, Makati, NCR, Philippines",0.7151,0.533,decline,0,2026-04-23T20:08:38.648783,2026-04-23T20:09:20.894Z
1096,364,1096,coastal bloom,hoodie,cotton,cotton,"{\"cotton\": 100.0}",100.0,92.0,high,international,GLOBAL,NCR,Makati,Bel-Air,14.558960358811797,121.021086612848700,"Bel-Air, Makati, NCR, Philippines",0.7151,0.278,accept,2,2026-04-23T20:08:38.648783,2026-04-23T20:09:20.894Z
1097,364,1097,forme,shirt,polyester,polyester,"{\"polyester\": 94.0, \"elastane\": 6.0}",0.0,7.76,low,philippine,PH,NCR,Makati,Bel-Air,14.558960358811797,121.021086612848700,"Bel-Air, Makati, NCR, Philippines",0.7151,0.289,decline,0,2026-04-23T20:08:38.648783,2026-04-23T20:09:20.894Z
1098,364,1098,patton studio,shirt,polyester,polyester,"{\"polyester\": 73.0, \"rayon\": 23.0, \"elastane\": 4.0}",23.0,22.56,low,philippine,PH,NCR,Makati,Bel-Air,14.558960358811797,121.021086612848700,"Bel-Air, Makati, NCR, Philippines",0.7151,0.155,decline,0,2026-04-23T20:08:38.648783,2026-04-23T20:09:20.894Z
1099,364,1099,levi's,shirt,cotton,cotton,"{\"cotton\": 100.0}",100.0,92.0,high,philippine,PH,NCR,Makati,Bel-Air,14.558960358811797,121.021086612848700,"Bel-Air, Makati, NCR, Philippines",0.7151,0.202,accept,2,2026-04-23T20:08:38.648783,2026-04-23T20:09:20.894Z
1100,365,1100,regatta,knitwear,viscose,viscose,"{\"viscose\": 100.0}",100.0,72.0,medium,philippine,PH,NCR,Marikina,Concepcion Uno,14.609658139424056,121.105237573027680,"Concepcion Uno, Marikina, NCR, Philippines",0.7168,0.486,conditional,1,2026-04-23T20:08:38.652843,2026-04-23T20:09:20.894Z
1101,365,1101,linya linya,top,cotton,cotton,"{\"cotton\": 60.0, \"polyester\": 40.0}",60.0,58.4,medium,philippine,PH,NCR,Marikina,Concepcion Uno,14.609658139424056,121.105237573027680,"Concepcion Uno, Marikina, NCR, Philippines",0.7168,0.382,conditional,1,2026-04-23T20:08:38.652843,2026-04-23T20:09:20.894Z
1102,366,1102,gymshark,underwear,nylon,nylon,"{\"nylon\": 91.0, \"elastane\": 9.0}",0.0,11.28,low,international,GLOBAL,NCR,Parañaque,BF Homes,14.495614862563924,120.968595351625320,"BF Homes, Parañaque, NCR, Philippines",0.7383,0.445,decline,0,2026-04-23T20:08:38.655002,2026-04-23T20:09:20.894Z
1103,366,1103,gymshark,top,nylon,nylon,"{\"nylon\": 51.0, \"polyester\": 49.0}",0.0,10.04,low,international,GLOBAL,NCR,Parañaque,BF Homes,14.495614862563924,120.968595351625320,"BF Homes, Parañaque, NCR, Philippines",0.7383,0.598,decline,0,2026-04-23T20:08:38.655002,2026-04-23T20:09:20.894Z
1104,366,1104,regatta,jacket,polyester,polyester,"{\"polyester\": 100.0}",0.0,8.0,low,philippine,PH,NCR,Parañaque,BF Homes,14.495614862563924,120.968595351625320,"BF Homes, Parañaque, NCR, Philippines",0.7383,0.614,decline,0,2026-04-23T20:08:38.655002,2026-04-23T20:09:20.894Z
1105,366,1105,gymshark,t-shirt,cotton,cotton,"{\"cotton\": 100.0}",100.0,92.0,high,international,GLOBAL,NCR,Parañaque,BF Homes,14.495614862563924,120.968595351625320,"BF Homes, Parañaque, NCR, Philippines",0.7383,0.212,accept,2,2026-04-23T20:08:38.655002,2026-04-23T20:09:20.894Z
1106,367,1106,regatta,dress,cotton,cotton,"{\"cotton\": 97.0, \"elastane\": 3.0}",97.0,89.36,high,philippine,PH,NCR,Pasig,Kapitolyo,14.576855341400694,121.078694545061140,"Kapitolyo, Pasig, NCR, Philippines",0.6215,0.444,accept,2,2026-04-23T20:08:38.658518,2026-04-23T20:09:20.894Z
1107,367,1107,tropa store,top,polyester,polyester,"{\"polyester\": 95.0, \"elastane\": 5.0}",0.0,7.8,low,philippine,PH,NCR,Pasig,Kapitolyo,14.576855341400694,121.078694545061140,"Kapitolyo, Pasig, NCR, Philippines",0.6215,0.537,decline,0,2026-04-23T20:08:38.658518,2026-04-23T20:09:20.894Z
1108,367,1108,oxgn,t-shirt,polyester,polyester,"{\"polyester\": 65.0, \"cotton\": 35.0}",35.0,37.4,low,philippine,PH,NCR,Pasig,Kapitolyo,14.576855341400694,121.078694545061140,"Kapitolyo, Pasig, NCR, Philippines",0.6215,0.124,decline,0,2026-04-23T20:08:38.658518,2026-04-23T20:09:20.894Z
1109,367,1109,gymshark,top,nylon,nylon,"{\"nylon\": 90.0, \"elastane\": 10.0}",0.0,11.2,low,international,GLOBAL,NCR,Pasig,Kapitolyo,14.576855341400694,121.078694545061140,"Kapitolyo, Pasig, NCR, Philippines",0.6215,0.567,decline,0,2026-04-23T20:08:38.658518,2026-04-23T20:09:20.894Z
1110,368,1110,forme,shirt,polyester,polyester,"{\"polyester\": 100.0}",0.0,8.0,low,philippine,PH,NCR,Manila,Ermita,14.607259187547890,120.959199121327980,"Ermita, Manila, NCR, Philippines",0.9773,0.151,decline,0,2026-04-23T20:08:38.661894,2026-04-23T20:09:20.894Z
1111,368,1111,bench,shirt,cotton,cotton,"{\"cotton\": 100.0}",100.0,92.0,high,philippine,PH,NCR,Manila,Ermita,14.607259187547890,120.959199121327980,"Ermita, Manila, NCR, Philippines",0.9773,0.239,accept,2,2026-04-23T20:08:38.661894,2026-04-23T20:09:20.894Z
1112,369,1112,gymshark,shirt,nylon,nylon,"{\"nylon\": 90.0, \"elastane\": 10.0}",0.0,11.2,low,international,GLOBAL,NCR,Malabon,Acacia,14.641150045574351,120.948680608040190,"Acacia, Malabon, NCR, Philippines",0.8017,0.304,decline,0,2026-04-23T20:08:38.663005,2026-04-23T20:09:20.894Z
1113,369,1113,just g,t-shirt,polyester,polyester,"{\"polyester\": 98.0, \"elastane\": 2.0}",0.0,7.92,low,philippine,PH,NCR,Malabon,Acacia,14.641150045574351,120.948680608040190,"Acacia, Malabon, NCR, Philippines",0.8017,0.279,decline,0,2026-04-23T20:08:38.663005,2026-04-23T20:09:20.894Z
1114,369,1114,gymshark,activewear,nylon,nylon,"{\"nylon\": 78.0, \"elastane\": 22.0}",0.0,10.24,low,international,GLOBAL,NCR,Malabon,Acacia,14.641150045574351,120.948680608040190,"Acacia, Malabon, NCR, Philippines",0.8017,0.444,decline,0,2026-04-23T20:08:38.663005,2026-04-23T20:09:20.894Z
1115,369,1115,gaui,pants,cotton,cotton,"{\"cotton\": 100.0}",100.0,92.0,high,philippine,PH,NCR,Malabon,Acacia,14.641150045574351,120.948680608040190,"Acacia, Malabon, NCR, Philippines",0.8017,0.394,accept,2,2026-04-23T20:08:38.663005,2026-04-23T20:09:20.894Z
1116,369,1116,coastal bloom,top,polyester,polyester,"{\"polyester\": 96.0, \"elastane\": 4.0}",0.0,7.84,low,international,GLOBAL,NCR,Malabon,Acacia,14.641150045574351,120.948680608040190,"Acacia, Malabon, NCR, Philippines",0.8017,0.283,decline,0,2026-04-23T20:08:38.663005,2026-04-23T20:09:20.894Z
1117,370,1117,levi's,hoodie,cotton,cotton,"{\"cotton\": 58.0, \"polyester\": 42.0}",58.0,56.72,medium,philippine,PH,NCR,Taguig,Bonifacio Global City,14.506490524650394,121.069836991969540,"Bonifacio Global City, Taguig, NCR, Philippines",0.6452,0.578,conditional,1,2026-04-23T20:08:38.672877,2026-04-23T20:09:20.894Z
1118,370,1118,gq,hoodie,cotton,cotton,"{\"cotton\": 82.0, \"polyester\": 18.0}",82.0,76.88,medium,philippine,PH,NCR,Taguig,Bonifacio Global City,14.506490524650394,121.069836991969540,"Bonifacio Global City, Taguig, NCR, Philippines",0.6452,0.335,accept,2,2026-04-23T20:08:38.672877,2026-04-23T20:09:20.894Z
1119,370,1119,patton studio,jacket,polyester,polyester,"{\"polyester\": 100.0}",0.0,8.0,low,philippine,PH,NCR,Taguig,Bonifacio Global City,14.506490524650394,121.069836991969540,"Bonifacio Global City, Taguig, NCR, Philippines",0.6452,1.201,decline,0,2026-04-23T20:08:38.672877,2026-04-23T20:09:20.894Z
1120,370,1120,oxgn,t-shirt,cotton,cotton,"{\"cotton\": 90.0, \"elastane\": 10.0}",90.0,83.2,high,philippine,PH,NCR,Taguig,Bonifacio Global City,14.506490524650394,121.069836991969540,"Bonifacio Global City, Taguig, NCR, Philippines",0.6452,0.191,accept,2,2026-04-23T20:08:38.672877,2026-04-23T20:09:20.894Z
1121,371,1121,phoebe philo,pants,viscose,viscose,"{\"viscose\": 76.0, \"silk\": 24.0}",100.0,74.64,medium,international,GLOBAL,NCR,Pasig,Kapitolyo,14.537095666534650,121.058642157446070,"Kapitolyo, Pasig, NCR, Philippines",0.7708,0.431,conditional,1,2026-04-23T20:08:38.680630,2026-04-23T20:09:20.894Z
1122,371,1122,coastal bloom,hoodie,cotton,cotton,"{\"cotton\": 60.0, \"polyester\": 40.0}",60.0,58.4,medium,international,GLOBAL,NCR,Pasig,Kapitolyo,14.537095666534650,121.058642157446070,"Kapitolyo, Pasig, NCR, Philippines",0.7708,0.45,conditional,1,2026-04-23T20:08:38.680630,2026-04-23T20:09:20.894Z
1123,371,1123,patton studio,jacket,cotton,cotton,"{\"cotton\": 100.0}",100.0,92.0,high,philippine,PH,NCR,Pasig,Kapitolyo,14.537095666534650,121.058642157446070,"Kapitolyo, Pasig, NCR, Philippines",0.7708,0.916,accept,2,2026-04-23T20:08:38.680630,2026-04-23T20:09:20.894Z
1124,371,1124,oxgn,swimwear,nylon,nylon,"{\"nylon\": 100.0}",0.0,12.0,low,philippine,PH,NCR,Pasig,Kapitolyo,14.537095666534650,121.058642157446070,"Kapitolyo, Pasig, NCR, Philippines",0.7708,0.549,decline,0,2026-04-23T20:08:38.680630,2026-04-23T20:09:20.894Z
1125,372,1125,old navy,top,cotton,cotton,"{\"cotton\": 57.0, \"modal\": 37.0, \"elastane\": 6.0}",94.0,80.8,high,philippine,PH,NCR,Pateros,San Pedro,14.544397390003440,121.080778754354740,"San Pedro, Pateros, NCR, Philippines",0.5348,0.372,accept,2,2026-04-23T20:08:38.688808,2026-04-23T20:09:20.894Z
1126,372,1126,just g,pants,cotton,cotton,"{\"cotton\": 100.0}",100.0,92.0,high,philippine,PH,NCR,Pateros,San Pedro,14.544397390003440,121.080778754354740,"San Pedro, Pateros, NCR, Philippines",0.5348,0.419,accept,2,2026-04-23T20:08:38.688808,2026-04-23T20:09:20.894Z
1127,372,1127,regatta,shirt,viscose,viscose,"{\"viscose\": 80.0, \"polyester\": 20.0}",80.0,59.2,medium,philippine,PH,NCR,Pateros,San Pedro,14.544397390003440,121.080778754354740,"San Pedro, Pateros, NCR, Philippines",0.5348,0.322,conditional,1,2026-04-23T20:08:38.688808,2026-04-23T20:09:20.894Z
1128,372,1128,gymshark,pants,cotton,cotton,"{\"cotton\": 78.0, \"polyester\": 22.0}",78.0,73.52,medium,international,GLOBAL,NCR,Pateros,San Pedro,14.544397390003440,121.080778754354740,"San Pedro, Pateros, NCR, Philippines",0.5348,0.638,conditional,1,2026-04-23T20:08:38.688808,2026-04-23T20:09:20.894Z
1129,372,1129,coastal bloom,hoodie,cotton,cotton,"{\"cotton\": 100.0}",100.0,92.0,high,international,GLOBAL,NCR,Pateros,San Pedro,14.544397390003440,121.080778754354740,"San Pedro, Pateros, NCR, Philippines",0.5348,0.556,accept,2,2026-04-23T20:08:38.688808,2026-04-23T20:09:20.894Z
1130,373,1130,world balance,shorts,polyester,polyester,"{\"cotton\": 43.0, \"polyester\": 49.0, \"elastane\": 8.0}",43.0,43.8,low,philippine,PH,NCR,San Juan,Greenhills,14.627416113102974,121.016363711581590,"Greenhills, San Juan, NCR, Philippines",0.6253,0.293,conditional,1,2026-04-23T20:08:38.697361,2026-04-23T20:09:20.894Z
1131,373,1131,coastal bloom,top,viscose,viscose,"{\"viscose\": 100.0}",100.0,72.0,medium,international,GLOBAL,NCR,San Juan,Greenhills,14.627416113102974,121.016363711581590,"Greenhills, San Juan, NCR, Philippines",0.6253,0.34,conditional,1,2026-04-23T20:08:38.697361,2026-04-23T20:09:20.894Z
1132,374,1132,bench,shirt,cotton,cotton,"{\"cotton\": 100.0}",100.0,92.0,high,philippine,PH,NCR,Navotas,Northbay Boulevard Norte,14.649316317832513,120.937396850348050,"Northbay Boulevard Norte, Navotas, NCR, Philippines",0.9109,0.166,accept,2,2026-04-23T20:08:38.704957,2026-04-23T20:09:20.894Z
1133,374,1133,adored vintage,skirt,cotton,cotton,"{\"cotton\": 70.0, \"nylon\": 27.0, \"elastane\": 3.0}",70.0,67.76,medium,international,GLOBAL,NCR,Navotas,Northbay Boulevard Norte,14.649316317832513,120.937396850348050,"Northbay Boulevard Norte, Navotas, NCR, Philippines",0.9109,0.299,conditional,1,2026-04-23T20:08:38.704957,2026-04-23T20:09:20.894Z
1134,374,1134,gymshark,activewear,nylon,nylon,"{\"nylon\": 78.0, \"elastane\": 22.0}",0.0,10.24,low,international,GLOBAL,NCR,Navotas,Northbay Boulevard Norte,14.649316317832513,120.937396850348050,"Northbay Boulevard Norte, Navotas, NCR, Philippines",0.9109,0.549,decline,0,2026-04-23T20:08:38.704957,2026-04-23T20:09:20.894Z
1135,374,1135,princess polly,dress,polyester,polyester,"{\"polyester\": 100.0}",0.0,8.0,low,international,GLOBAL,NCR,Navotas,Northbay Boulevard Norte,14.649316317832513,120.937396850348050,"Northbay Boulevard Norte, Navotas, NCR, Philippines",0.9109,0.421,decline,0,2026-04-23T20:08:38.704957,2026-04-23T20:09:20.894Z
1136,375,1136,gq,shirt,cotton,cotton,"{\"cotton\": 100.0}",100.0,92.0,high,philippine,PH,NCR,Muntinlupa,Alabang,14.385693045912546,121.043130181315860,"Alabang, Muntinlupa, NCR, Philippines",0.6507,0.315,accept,2,2026-04-23T20:08:38.713135,2026-04-23T20:09:20.894Z
1137,375,1137,tropa store,skirt,viscose,viscose,"{\"viscose\": 95.0, \"elastane\": 5.0}",95.0,68.6,medium,philippine,PH,NCR,Muntinlupa,Alabang,14.385693045912546,121.043130181315860,"Alabang, Muntinlupa, NCR, Philippines",0.6507,0.21,conditional,1,2026-04-23T20:08:38.713135,2026-04-23T20:09:20.894Z
1138,375,1138,gaui,dress,cotton,cotton,"{\"cotton\": 96.0, \"elastane\": 4.0}",96.0,88.48,high,philippine,PH,NCR,Muntinlupa,Alabang,14.385693045912546,121.043130181315860,"Alabang, Muntinlupa, NCR, Philippines",0.6507,0.451,accept,2,2026-04-23T20:08:38.713135,2026-04-23T20:09:20.894Z
1139,375,1139,no emotions,skirt,polyester,polyester,"{\"polyester\": 100.0}",0.0,8.0,low,philippine,PH,NCR,Muntinlupa,Alabang,14.385693045912546,121.043130181315860,"Alabang, Muntinlupa, NCR, Philippines",0.6507,0.378,decline,0,2026-04-23T20:08:38.713135,2026-04-23T20:09:20.894Z
1140,376,1140,gymshark,knitwear,cotton,cotton,"{\"cotton\": 79.0, \"polyester\": 21.0}",79.0,74.36,medium,international,GLOBAL,NCR,Navotas,Northbay Boulevard Norte,14.675332518747740,120.937521717622530,"Northbay Boulevard Norte, Navotas, NCR, Philippines",0.8233,0.478,conditional,1,2026-04-23T20:08:38.721179,2026-04-23T20:09:20.894Z
1141,376,1141,made by fade,jeans,cotton,cotton,"{\"cotton\": 98.0, \"elastane\": 2.0}",98.0,90.24,high,philippine,PH,NCR,Navotas,Northbay Boulevard Norte,14.675332518747740,120.937521717622530,"Northbay Boulevard Norte, Navotas, NCR, Philippines",0.8233,0.819,accept,2,2026-04-23T20:08:38.721179,2026-04-23T20:09:20.894Z
1142,376,1142,gaui,t-shirt,polyester,polyester,"{\"polyester\": 95.0, \"elastane\": 5.0}",0.0,7.8,low,philippine,PH,NCR,Navotas,Northbay Boulevard Norte,14.675332518747740,120.937521717622530,"Northbay Boulevard Norte, Navotas, NCR, Philippines",0.8233,0.233,decline,0,2026-04-23T20:08:38.721179,2026-04-23T20:09:20.894Z
1143,376,1143,the big silence,t-shirt,cotton,cotton,"{\"cotton\": 100.0}",100.0,92.0,high,philippine,PH,NCR,Navotas,Northbay Boulevard Norte,14.675332518747740,120.937521717622530,"Northbay Boulevard Norte, Navotas, NCR, Philippines",0.8233,0.269,accept,2,2026-04-23T20:08:38.721179,2026-04-23T20:09:20.894Z
1144,376,1144,coastal bloom,knitwear,polyester,polyester,"{\"polyester\": 65.0, \"viscose\": 35.0}",35.0,30.4,low,international,GLOBAL,NCR,Navotas,Northbay Boulevard Norte,14.675332518747740,120.937521717622530,"Northbay Boulevard Norte, Navotas, NCR, Philippines",0.8233,0.597,decline,0,2026-04-23T20:08:38.721179,2026-04-23T20:09:20.894Z
1145,377,1145,regatta,polo,cotton,cotton,"{\"cotton\": 100.0}",100.0,92.0,high,philippine,PH,NCR,Marikina,Concepcion Uno,14.648804184185478,121.111583087975900,"Concepcion Uno, Marikina, NCR, Philippines",0.6471,0.567,accept,2,2026-04-23T20:08:38.728203,2026-04-23T20:09:20.894Z
1146,378,1146,gymshark,t-shirt,cotton,cotton,"{\"cotton\": 90.0, \"nylon\": 5.0, \"viscose\": 5.0}",95.0,87.0,high,international,GLOBAL,NCR,Mandaluyong,Wack-Wack Greenhills,14.580712495813813,121.014194417849550,"Wack-Wack Greenhills, Mandaluyong, NCR, Philippines",0.6782,0.268,accept,2,2026-04-23T20:08:38.733504,2026-04-23T20:09:20.894Z
1147,378,1147,gymshark,top,nylon,nylon,"{\"nylon\": 59.0, \"polyester\": 31.0, \"elastane\": 10.0}",0.0,9.96,low,international,GLOBAL,NCR,Mandaluyong,Wack-Wack Greenhills,14.580712495813813,121.014194417849550,"Wack-Wack Greenhills, Mandaluyong, NCR, Philippines",0.6782,0.328,decline,0,2026-04-23T20:08:38.733504,2026-04-23T20:09:20.894Z
1148,379,1148,memo,polo,polyester,polyester,"{\"polyester\": 55.0, \"cotton\": 39.0, \"elastane\": 6.0}",39.0,40.52,low,philippine,PH,NCR,Mandaluyong,Wack-Wack Greenhills,14.564738250909532,121.033477816714880,"Wack-Wack Greenhills, Mandaluyong, NCR, Philippines",0.6603,0.553,decline,0,2026-04-23T20:08:38.734737,2026-04-23T20:09:20.894Z
1149,379,1149,forme,dress,polyester,polyester,"{\"polyester\": 80.0, \"rayon\": 20.0}",20.0,20.8,low,philippine,PH,NCR,Mandaluyong,Wack-Wack Greenhills,14.564738250909532,121.033477816714880,"Wack-Wack Greenhills, Mandaluyong, NCR, Philippines",0.6603,0.225,decline,0,2026-04-23T20:08:38.734737,2026-04-23T20:09:20.894Z
1150,379,1150,adored vintage,top,polyester,polyester,"{\"polyester\": 65.0, \"cotton\": 35.0}",35.0,37.4,low,international,GLOBAL,NCR,Mandaluyong,Wack-Wack Greenhills,14.564738250909532,121.033477816714880,"Wack-Wack Greenhills, Mandaluyong, NCR, Philippines",0.6603,0.409,decline,0,2026-04-23T20:08:38.734737,2026-04-23T20:09:20.894Z
1151,379,1151,gymshark,t-shirt,cotton,cotton,"{\"cotton\": 100.0}",100.0,92.0,high,international,GLOBAL,NCR,Mandaluyong,Wack-Wack Greenhills,14.564738250909532,121.033477816714880,"Wack-Wack Greenhills, Mandaluyong, NCR, Philippines",0.6603,0.193,accept,2,2026-04-23T20:08:38.734737,2026-04-23T20:09:20.894Z
1152,379,1152,oxgn,dress,polyester,polyester,"{\"polyester\": 100.0}",0.0,8.0,low,philippine,PH,NCR,Mandaluyong,Wack-Wack Greenhills,14.564738250909532,121.033477816714880,"Wack-Wack Greenhills, Mandaluyong, NCR, Philippines",0.6603,0.415,decline,0,2026-04-23T20:08:38.734737,2026-04-23T20:09:20.894Z
1153,380,1153,memo,jacket,polyester,polyester,"{\"polyester\": 96.0, \"elastane\": 4.0}",0.0,7.84,low,philippine,PH,NCR,Marikina,Concepcion Uno,14.628040641042670,121.097948135621480,"Concepcion Uno, Marikina, NCR, Philippines",0.6528,1.051,decline,0,2026-04-23T20:08:38.745208,2026-04-23T20:09:20.894Z
1154,380,1154,phoebe philo,shirt,cotton,cotton,"{\"cotton\": 100.0}",100.0,92.0,high,international,GLOBAL,NCR,Marikina,Concepcion Uno,14.628040641042670,121.097948135621480,"Concepcion Uno, Marikina, NCR, Philippines",0.6528,0.244,accept,2,2026-04-23T20:08:38.745208,2026-04-23T20:09:20.894Z
1155,380,1155,patton studio,dress,polyester,polyester,"{\"polyester\": 65.0, \"rayon\": 24.0, \"wool\": 9.0, \"elastane\": 2.0}",33.0,29.22,low,philippine,PH,NCR,Marikina,Concepcion Uno,14.628040641042670,121.097948135621480,"Concepcion Uno, Marikina, NCR, Philippines",0.6528,0.486,decline,0,2026-04-23T20:08:38.745208,2026-04-23T20:09:20.894Z
1156,381,1156,coastal bloom,top,cotton,cotton,"{\"cotton\": 100.0}",100.0,92.0,high,international,GLOBAL,NCR,Pasig,Kapitolyo,14.552585524709059,121.091463155875770,"Kapitolyo, Pasig, NCR, Philippines",0.7515,0.219,accept,2,2026-04-23T20:08:38.746727,2026-04-23T20:09:20.894Z
1157,381,1157,gymshark,t-shirt,polyester,polyester,"{\"polyester\": 84.0, \"elastane\": 16.0}",0.0,7.36,low,international,GLOBAL,NCR,Pasig,Kapitolyo,14.552585524709059,121.091463155875770,"Kapitolyo, Pasig, NCR, Philippines",0.7515,0.217,decline,0,2026-04-23T20:08:38.746727,2026-04-23T20:09:20.894Z
1158,381,1158,oxgn,top,polyester,polyester,"{\"polyester\": 100.0}",0.0,8.0,low,philippine,PH,NCR,Pasig,Kapitolyo,14.552585524709059,121.091463155875770,"Kapitolyo, Pasig, NCR, Philippines",0.7515,0.278,decline,0,2026-04-23T20:08:38.746727,2026-04-23T20:09:20.894Z
1159,381,1159,just g,knitwear,cotton,cotton,"{\"cotton\": 70.0, \"polyester\": 30.0}",70.0,66.8,medium,philippine,PH,NCR,Pasig,Kapitolyo,14.552585524709059,121.091463155875770,"Kapitolyo, Pasig, NCR, Philippines",0.7515,0.483,conditional,1,2026-04-23T20:08:38.746727,2026-04-23T20:09:20.894Z
1160,382,1160,sola,top,modal,modal,"{\"modal\": 95.0, \"elastane\": 5.0}",95.0,72.4,medium,philippine,PH,NCR,Makati,Bel-Air,14.565365076208652,121.008878832802880,"Bel-Air, Makati, NCR, Philippines",0.7236,0.577,conditional,1,2026-04-23T20:08:38.752675,2026-04-23T20:09:20.894Z
1161,382,1161,regatta,t-shirt,polyester,polyester,"{\"polyester\": 70.0, \"cotton\": 30.0}",30.0,33.2,low,philippine,PH,NCR,Makati,Bel-Air,14.565365076208652,121.008878832802880,"Bel-Air, Makati, NCR, Philippines",0.7236,0.176,decline,0,2026-04-23T20:08:38.752675,2026-04-23T20:09:20.894Z
1162,383,1162,levi's,t-shirt,cotton,cotton,"{\"cotton\": 100.0}",100.0,92.0,high,philippine,PH,NCR,San Juan,Greenhills,14.628783529060195,121.048689442440260,"Greenhills, San Juan, NCR, Philippines",0.6075,0.264,accept,2,2026-04-23T20:08:38.755811,2026-04-23T20:09:20.894Z
1163,384,1163,gaui,top,rayon,rayon,"{\"rayon\": 94.0, \"elastane\": 6.0}",94.0,67.92,medium,philippine,PH,NCR,Manila,Ermita,14.585114294184965,120.998898768665880,"Ermita, Manila, NCR, Philippines",0.9266,0.39,conditional,1,2026-04-23T20:08:38.756527,2026-04-23T20:09:20.894Z
1164,384,1164,adored vintage,shirt,cotton,cotton,"{\"cotton\": 100.0}",100.0,92.0,high,international,GLOBAL,NCR,Manila,Ermita,14.585114294184965,120.998898768665880,"Ermita, Manila, NCR, Philippines",0.9266,0.228,accept,2,2026-04-23T20:08:38.756527,2026-04-23T20:09:20.894Z
1165,384,1165,made by fade,jeans,cotton,cotton,"{\"cotton\": 98.0, \"elastane\": 2.0}",98.0,90.24,high,philippine,PH,NCR,Manila,Ermita,14.585114294184965,120.998898768665880,"Ermita, Manila, NCR, Philippines",0.9266,0.825,accept,2,2026-04-23T20:08:38.756527,2026-04-23T20:09:20.894Z
1166,385,1166,coastal bloom,top,polyester,polyester,"{\"polyester\": 96.0, \"elastane\": 4.0}",0.0,7.84,low,international,GLOBAL,NCR,Pasig,Kapitolyo,14.558936865980783,121.096058516860480,"Kapitolyo, Pasig, NCR, Philippines",0.7556,0.227,decline,0,2026-04-23T20:08:38.759596,2026-04-23T20:09:20.894Z
1167,385,1167,forme,t-shirt,cotton,cotton,"{\"cotton\": 100.0}",100.0,92.0,high,philippine,PH,NCR,Pasig,Kapitolyo,14.558936865980783,121.096058516860480,"Kapitolyo, Pasig, NCR, Philippines",0.7556,0.229,accept,2,2026-04-23T20:08:38.759596,2026-04-23T20:09:20.894Z
1168,385,1168,levi's,polo,cotton,cotton,"{\"cotton\": 100.0}",100.0,92.0,high,philippine,PH,NCR,Pasig,Kapitolyo,14.558936865980783,121.096058516860480,"Kapitolyo, Pasig, NCR, Philippines",0.7556,0.587,accept,2,2026-04-23T20:08:38.759596,2026-04-23T20:09:20.894Z
1169,386,1169,gymshark,activewear,nylon,nylon,"{\"nylon\": 91.0, \"elastane\": 9.0}",0.0,11.28,low,international,GLOBAL,NCR,Makati,Bel-Air,14.544278418946691,121.003097542398110,"Bel-Air, Makati, NCR, Philippines",0.7715,0.252,decline,0,2026-04-23T20:08:38.760611,2026-04-23T20:09:20.894Z
1170,387,1170,levi's,t-shirt,cotton,cotton,"{\"cotton\": 100.0}",100.0,92.0,high,philippine,PH,NCR,Muntinlupa,Alabang,14.413807023900110,121.020517145046100,"Alabang, Muntinlupa, NCR, Philippines",0.562,0.202,accept,2,2026-04-23T20:08:38.761193,2026-04-23T20:09:20.894Z
1171,387,1171,memo,knitwear,viscose,viscose,"{\"viscose\": 100.0}",100.0,72.0,medium,philippine,PH,NCR,Muntinlupa,Alabang,14.413807023900110,121.020517145046100,"Alabang, Muntinlupa, NCR, Philippines",0.562,0.513,conditional,1,2026-04-23T20:08:38.761193,2026-04-23T20:09:20.894Z
1172,388,1172,regatta,shirt,polyester,polyester,"{\"polyester\": 100.0}",0.0,8.0,low,philippine,PH,NCR,Mandaluyong,Wack-Wack Greenhills,14.572956267944953,121.017294199029950,"Wack-Wack Greenhills, Mandaluyong, NCR, Philippines",0.6428,0.307,decline,0,2026-04-23T20:08:38.761948,2026-04-23T20:09:20.894Z
1173,388,1173,bench,top,polyester,polyester,"{\"polyester\": 88.0, \"elastane\": 12.0}",0.0,7.52,low,philippine,PH,NCR,Mandaluyong,Wack-Wack Greenhills,14.572956267944953,121.017294199029950,"Wack-Wack Greenhills, Mandaluyong, NCR, Philippines",0.6428,0.211,decline,0,2026-04-23T20:08:38.761948,2026-04-23T20:09:20.894Z
1174,389,1174,coastal bloom,dress,linen,linen,"{\"linen\": 100.0}",100.0,95.0,high,international,GLOBAL,NCR,Mandaluyong,Wack-Wack Greenhills,14.597084449768134,121.009032663683800,"Wack-Wack Greenhills, Mandaluyong, NCR, Philippines",0.6738,0.394,accept,2,2026-04-23T20:08:38.762691,2026-04-23T20:09:20.894Z
1175,390,1175,coastal bloom,top,polyester,polyester,"{\"polyester\": 96.0, \"elastane\": 4.0}",0.0,7.84,low,international,GLOBAL,NCR,Malabon,Acacia,14.646452659458882,120.949127974245160,"Acacia, Malabon, NCR, Philippines",0.7704,0.388,decline,0,2026-04-23T20:08:38.763263,2026-04-23T20:09:20.894Z
1176,391,1176,forme,shirt,cotton,cotton,"{\"cotton\": 97.0, \"elastane\": 3.0}",97.0,89.36,high,philippine,PH,NCR,Pasig,Kapitolyo,14.564281347631425,121.056089766542930,"Kapitolyo, Pasig, NCR, Philippines",0.7082,0.185,accept,2,2026-04-23T20:08:38.763813,2026-04-23T20:09:20.894Z
1177,391,1177,gaui,t-shirt,polyester,polyester,"{\"polyester\": 95.0, \"elastane\": 5.0}",0.0,7.8,low,philippine,PH,NCR,Pasig,Kapitolyo,14.564281347631425,121.056089766542930,"Kapitolyo, Pasig, NCR, Philippines",0.7082,0.253,decline,0,2026-04-23T20:08:38.763813,2026-04-23T20:09:20.894Z
1178,392,1178,regatta,dress,cotton,cotton,"{\"cotton\": 97.0, \"elastane\": 3.0}",97.0,89.36,high,philippine,PH,NCR,Mandaluyong,Wack-Wack Greenhills,14.591577267402807,121.019210945170270,"Wack-Wack Greenhills, Mandaluyong, NCR, Philippines",0.7056,0.374,accept,2,2026-04-23T20:08:38.764588,2026-04-23T20:09:20.894Z
1179,392,1179,linya linya,t-shirt,polyester,polyester,"{\"polyester\": 100.0}",0.0,8.0,low,philippine,PH,NCR,Mandaluyong,Wack-Wack Greenhills,14.591577267402807,121.019210945170270,"Wack-Wack Greenhills, Mandaluyong, NCR, Philippines",0.7056,0.107,decline,0,2026-04-23T20:08:38.764588,2026-04-23T20:09:20.894Z
1180,392,1180,gymshark,underwear,nylon,nylon,"{\"nylon\": 90.0, \"elastane\": 10.0}",0.0,11.2,low,international,GLOBAL,NCR,Mandaluyong,Wack-Wack Greenhills,14.591577267402807,121.019210945170270,"Wack-Wack Greenhills, Mandaluyong, NCR, Philippines",0.7056,0.251,decline,0,2026-04-23T20:08:38.764588,2026-04-23T20:09:20.894Z
1181,392,1181,memo,polo,viscose,viscose,"{\"viscose\": 100.0}",100.0,72.0,medium,philippine,PH,NCR,Mandaluyong,Wack-Wack Greenhills,14.591577267402807,121.019210945170270,"Wack-Wack Greenhills, Mandaluyong, NCR, Philippines",0.7056,0.476,conditional,1,2026-04-23T20:08:38.764588,2026-04-23T20:09:20.894Z
1182,392,1182,phoebe philo,shirt,cotton,cotton,"{\"cotton\": 100.0}",100.0,92.0,high,international,GLOBAL,NCR,Mandaluyong,Wack-Wack Greenhills,14.591577267402807,121.019210945170270,"Wack-Wack Greenhills, Mandaluyong, NCR, Philippines",0.7056,0.317,accept,2,2026-04-23T20:08:38.764588,2026-04-23T20:09:20.894Z
1183,393,1183,gaui,pants,polyester,polyester,"{\"polyester\": 95.0, \"elastane\": 5.0}",0.0,7.8,low,philippine,PH,NCR,Quezon City,Diliman,14.670158485471905,121.063501260202670,"Diliman, Quezon City, NCR, Philippines",0.936,0.594,decline,0,2026-04-23T20:08:38.765785,2026-04-23T20:09:20.894Z
1184,394,1184,coastal bloom,t-shirt,cotton,cotton,"{\"cotton\": 100.0}",100.0,92.0,high,international,GLOBAL,NCR,Pasay,Malibay,14.544954161667244,121.002289661224570,"Malibay, Pasay, NCR, Philippines",0.7155,0.12,accept,2,2026-04-23T20:08:38.766294,2026-04-23T20:09:20.894Z
1185,394,1185,bench,pants,cotton,cotton,"{\"cotton\": 70.0, \"polyester\": 30.0}",70.0,66.8,medium,philippine,PH,NCR,Pasay,Malibay,14.544954161667244,121.002289661224570,"Malibay, Pasay, NCR, Philippines",0.7155,0.461,conditional,1,2026-04-23T20:08:38.766294,2026-04-23T20:09:20.894Z
1186,394,1186,regatta,t-shirt,cotton,cotton,"{\"cotton\": 60.0, \"polyester\": 40.0}",60.0,58.4,medium,philippine,PH,NCR,Pasay,Malibay,14.544954161667244,121.002289661224570,"Malibay, Pasay, NCR, Philippines",0.7155,0.114,conditional,1,2026-04-23T20:08:38.766294,2026-04-23T20:09:20.894Z
1187,395,1187,patton studio,top,polyester,polyester,"{\"polyester\": 72.0, \"rayon\": 16.0, \"wool\": 10.0, \"elastane\": 2.0}",26.0,24.76,low,philippine,PH,NCR,Valenzuela,Karuhatan,14.688953573299969,120.978220623533820,"Karuhatan, Valenzuela, NCR, Philippines",0.746,0.596,decline,0,2026-04-23T20:08:38.769331,2026-04-23T20:09:20.894Z
1188,395,1188,gymshark,t-shirt,cotton,cotton,"{\"cotton\": 100.0}",100.0,92.0,high,international,GLOBAL,NCR,Valenzuela,Karuhatan,14.688953573299969,120.978220623533820,"Karuhatan, Valenzuela, NCR, Philippines",0.746,0.132,accept,2,2026-04-23T20:08:38.769331,2026-04-23T20:09:20.894Z
1189,395,1189,forme,t-shirt,cotton,cotton,"{\"cotton\": 100.0}",100.0,92.0,high,philippine,PH,NCR,Valenzuela,Karuhatan,14.688953573299969,120.978220623533820,"Karuhatan, Valenzuela, NCR, Philippines",0.746,0.26,accept,2,2026-04-23T20:08:38.769331,2026-04-23T20:09:20.894Z
1190,396,1190,memo,polo,viscose,viscose,"{\"viscose\": 100.0}",100.0,72.0,medium,philippine,PH,NCR,Taguig,Bonifacio Global City,14.504497568842543,121.087198728009280,"Bonifacio Global City, Taguig, NCR, Philippines",0.5744,0.442,conditional,1,2026-04-23T20:08:38.770309,2026-04-23T20:09:20.894Z
1191,396,1191,old navy,top,cotton,cotton,"{\"cotton\": 58.0, \"polyester\": 38.0, \"elastane\": 4.0}",58.0,56.56,medium,philippine,PH,NCR,Taguig,Bonifacio Global City,14.504497568842543,121.087198728009280,"Bonifacio Global City, Taguig, NCR, Philippines",0.5744,0.381,conditional,1,2026-04-23T20:08:38.770309,2026-04-23T20:09:20.894Z
1192,397,1192,just g,t-shirt,cotton,cotton,"{\"cotton\": 100.0}",100.0,92.0,high,philippine,PH,NCR,Makati,Bel-Air,14.538555968100200,121.001969961654450,"Bel-Air, Makati, NCR, Philippines",0.6766,0.228,accept,2,2026-04-23T20:08:38.771038,2026-04-23T20:09:20.894Z
1193,398,1193,patton studio,pants,polyester,polyester,"{\"polyester\": 65.0, \"rayon\": 24.0, \"wool\": 9.0, \"elastane\": 2.0}",33.0,29.22,low,philippine,PH,NCR,Malabon,Acacia,14.643682071910293,120.960720354635280,"Acacia, Malabon, NCR, Philippines",0.7566,0.539,decline,0,2026-04-23T20:08:38.771567,2026-04-23T20:09:20.894Z
1194,398,1194,gaui,t-shirt,cotton,cotton,"{\"cotton\": 95.0, \"elastane\": 5.0}",95.0,87.6,high,philippine,PH,NCR,Malabon,Acacia,14.643682071910293,120.960720354635280,"Acacia, Malabon, NCR, Philippines",0.7566,0.287,accept,2,2026-04-23T20:08:38.771567,2026-04-23T20:09:20.894Z
1195,399,1195,levi's,dress,cotton,cotton,"{\"cotton\": 100.0}",100.0,92.0,high,philippine,PH,NCR,Mandaluyong,Wack-Wack Greenhills,14.594232348563466,121.012654270396610,"Wack-Wack Greenhills, Mandaluyong, NCR, Philippines",0.6532,0.546,accept,2,2026-04-23T20:08:38.772287,2026-04-23T20:09:20.894Z
1196,399,1196,levi's,shirt,cotton,cotton,"{\"cotton\": 100.0}",100.0,92.0,high,philippine,PH,NCR,Mandaluyong,Wack-Wack Greenhills,14.594232348563466,121.012654270396610,"Wack-Wack Greenhills, Mandaluyong, NCR, Philippines",0.6532,0.319,accept,2,2026-04-23T20:08:38.772287,2026-04-23T20:09:20.894Z
1197,399,1197,princess polly,pants,polyester,polyester,"{\"polyester\": 94.0, \"elastane\": 6.0}",0.0,7.76,low,international,GLOBAL,NCR,Mandaluyong,Wack-Wack Greenhills,14.594232348563466,121.012654270396610,"Wack-Wack Greenhills, Mandaluyong, NCR, Philippines",0.6532,0.553,decline,0,2026-04-23T20:08:38.772287,2026-04-23T20:09:20.894Z
1198,400,1198,phoebe philo,shirt,silk,silk,"{\"silk\": 93.0, \"elastane\": 7.0}",93.0,77.47,medium,international,GLOBAL,NCR,Parañaque,BF Homes,14.493476077471847,121.000506960912900,"BF Homes, Parañaque, NCR, Philippines",0.6606,0.35,accept,2,2026-04-23T20:08:38.773154,2026-04-23T20:09:20.894Z
1199,400,1199,memo,shirt,cotton,cotton,"{\"cotton\": 100.0}",100.0,92.0,high,philippine,PH,NCR,Parañaque,BF Homes,14.493476077471847,121.000506960912900,"BF Homes, Parañaque, NCR, Philippines",0.6606,0.248,accept,2,2026-04-23T20:08:38.773154,2026-04-23T20:09:20.894Z
1200,400,1200,patton studio,pants,polyester,polyester,"{\"polyester\": 73.0, \"rayon\": 23.0, \"elastane\": 4.0}",23.0,22.56,low,philippine,PH,NCR,Parañaque,BF Homes,14.493476077471847,121.000506960912900,"BF Homes, Parañaque, NCR, Philippines",0.6606,0.371,decline,0,2026-04-23T20:08:38.773154,2026-04-23T20:09:20.894Z
1201,401,1201,frank and eileen,shirt,cotton,cotton,"{\"cotton\": 100.0}",100.0,92.0,high,philippine,PH,NCR,Parañaque,BF Homes,14.481762807499110,120.978770952177800,"BF Homes, Parañaque, NCR, Philippines",0.7108,0.296,accept,2,2026-04-23T20:08:38.774126,2026-04-23T20:09:20.894Z
1202,401,1202,levi's,shirt,viscose,viscose,"{\"linen\": 10.0, \"viscose\": 50.0, \"cotton\": 40.0}",100.0,82.3,high,philippine,PH,NCR,Parañaque,BF Homes,14.481762807499110,120.978770952177800,"BF Homes, Parañaque, NCR, Philippines",0.7108,0.187,accept,2,2026-04-23T20:08:38.774126,2026-04-23T20:09:20.894Z
1203,401,1203,coastal bloom,knitwear,cotton,cotton,"{\"cotton\": 100.0}",100.0,92.0,high,international,GLOBAL,NCR,Parañaque,BF Homes,14.481762807499110,120.978770952177800,"BF Homes, Parañaque, NCR, Philippines",0.7108,0.225,accept,2,2026-04-23T20:08:38.774126,2026-04-23T20:09:20.894Z
1204,402,1204,coastal bloom,top,polyester,polyester,"{\"polyester\": 96.0, \"elastane\": 4.0}",0.0,7.84,low,international,GLOBAL,NCR,Manila,Ermita,14.609111196817695,120.990037371217800,"Ermita, Manila, NCR, Philippines",0.9657,0.163,decline,0,2026-04-23T20:08:38.774970,2026-04-23T20:09:20.894Z
1205,403,1205,gymshark,underwear,nylon,nylon,"{\"nylon\": 59.0, \"polyester\": 31.0, \"elastane\": 10.0}",0.0,9.96,low,international,GLOBAL,NCR,Navotas,Northbay Boulevard Norte,14.646312920064336,120.952805517521600,"Northbay Boulevard Norte, Navotas, NCR, Philippines",0.7721,0.565,decline,0,2026-04-23T20:08:38.775488,2026-04-23T20:09:20.894Z
1206,403,1206,guess,dress,polyester,polyester,"{\"polyester\": 100.0}",0.0,8.0,low,philippine,PH,NCR,Navotas,Northbay Boulevard Norte,14.646312920064336,120.952805517521600,"Northbay Boulevard Norte, Navotas, NCR, Philippines",0.7721,0.301,decline,0,2026-04-23T20:08:38.775488,2026-04-23T20:09:20.894Z
1207,403,1207,made by fade,t-shirt,cotton,cotton,"{\"cotton\": 95.0, \"elastane\": 5.0}",95.0,87.6,high,philippine,PH,NCR,Navotas,Northbay Boulevard Norte,14.646312920064336,120.952805517521600,"Northbay Boulevard Norte, Navotas, NCR, Philippines",0.7721,0.236,accept,2,2026-04-23T20:08:38.775488,2026-04-23T20:09:20.894Z
1208,404,1208,patton studio,pants,cotton,cotton,"{\"cotton\": 70.0, \"polyester\": 30.0}",70.0,66.8,medium,philippine,PH,NCR,Manila,Ermita,14.613242226709446,121.004399973395410,"Ermita, Manila, NCR, Philippines",0.9287,0.513,conditional,1,2026-04-23T20:08:38.776395,2026-04-23T20:09:20.894Z
1209,404,1209,bench,shirt,cotton,cotton,"{\"cotton\": 100.0}",100.0,92.0,high,philippine,PH,NCR,Manila,Ermita,14.613242226709446,121.004399973395410,"Ermita, Manila, NCR, Philippines",0.9287,0.194,accept,2,2026-04-23T20:08:38.776395,2026-04-23T20:09:20.894Z
1210,404,1210,oxgn,t-shirt,polyester,polyester,"{\"polyester\": 65.0, \"cotton\": 35.0}",35.0,37.4,low,philippine,PH,NCR,Manila,Ermita,14.613242226709446,121.004399973395410,"Ermita, Manila, NCR, Philippines",0.9287,0.263,decline,0,2026-04-23T20:08:38.776395,2026-04-23T20:09:20.894Z
1211,404,1211,memo,shirt,polyester,polyester,"{\"polyester\": 98.0, \"elastane\": 2.0}",0.0,7.92,low,philippine,PH,NCR,Manila,Ermita,14.613242226709446,121.004399973395410,"Ermita, Manila, NCR, Philippines",0.9287,0.297,decline,0,2026-04-23T20:08:38.776395,2026-04-23T20:09:20.894Z
1212,405,1212,old navy,dress,rayon,rayon,"{\"rayon\": 74.0, \"nylon\": 26.0}",74.0,56.4,medium,philippine,PH,NCR,Las Piñas,Almanza Uno,14.478461964707863,120.979926046890840,"Almanza Uno, Las Piñas, NCR, Philippines",0.6887,0.439,conditional,1,2026-04-23T20:08:38.777442,2026-04-23T20:09:20.894Z
1213,406,1213,coastal bloom,top,cotton,cotton,"{\"cotton\": 100.0}",100.0,92.0,high,international,GLOBAL,NCR,Parañaque,BF Homes,14.508302971128165,120.980056203969110,"BF Homes, Parañaque, NCR, Philippines",0.7754,0.171,accept,2,2026-04-23T20:08:38.777984,2026-04-23T20:09:20.894Z
1214,406,1214,gaui,pants,polyester,polyester,"{\"polyester\": 95.0, \"elastane\": 5.0}",0.0,7.8,low,philippine,PH,NCR,Parañaque,BF Homes,14.508302971128165,120.980056203969110,"BF Homes, Parañaque, NCR, Philippines",0.7754,0.625,decline,0,2026-04-23T20:08:38.777984,2026-04-23T20:09:20.894Z
1215,407,1215,adored vintage,dress,cotton,cotton,"{\"cotton\": 100.0}",100.0,92.0,high,international,GLOBAL,NCR,Marikina,Concepcion Uno,14.630020317854378,121.086621913246670,"Concepcion Uno, Marikina, NCR, Philippines",0.6536,0.406,accept,2,2026-04-23T20:08:38.778723,2026-04-23T20:09:20.894Z
1216,407,1216,linya linya,t-shirt,polyester,polyester,"{\"polyester\": 100.0}",0.0,8.0,low,philippine,PH,NCR,Marikina,Concepcion Uno,14.630020317854378,121.086621913246670,"Concepcion Uno, Marikina, NCR, Philippines",0.6536,0.147,decline,0,2026-04-23T20:08:38.778723,2026-04-23T20:09:20.894Z
1217,408,1217,phoebe philo,jeans,cotton,cotton,"{\"cotton\": 100.0}",100.0,92.0,high,international,GLOBAL,NCR,Quezon City,Diliman,14.664429970799045,121.042448871720320,"Diliman, Quezon City, NCR, Philippines",0.8777,0.673,accept,2,2026-04-23T20:08:38.779473,2026-04-23T20:09:20.894Z
1218,408,1218,gymshark,t-shirt,polyester,polyester,"{\"polyester\": 69.0, \"nylon\": 31.0}",0.0,9.24,low,international,GLOBAL,NCR,Quezon City,Diliman,14.664429970799045,121.042448871720320,"Diliman, Quezon City, NCR, Philippines",0.8777,0.263,decline,0,2026-04-23T20:08:38.779473,2026-04-23T20:09:20.894Z
1219,408,1219,world balance,t-shirt,cotton,cotton,"{\"cotton\": 95.0, \"elastane\": 5.0}",95.0,87.6,high,philippine,PH,NCR,Quezon City,Diliman,14.664429970799045,121.042448871720320,"Diliman, Quezon City, NCR, Philippines",0.8777,0.164,accept,2,2026-04-23T20:08:38.779473,2026-04-23T20:09:20.894Z
1220,409,1220,coastal bloom,pants,cotton,cotton,"{\"cotton\": 64.0, \"polyester\": 32.0, \"viscose\": 3.0, \"elastane\": 1.0}",67.0,63.64,medium,international,GLOBAL,NCR,Pasig,Kapitolyo,14.582493842038977,121.084477709796250,"Kapitolyo, Pasig, NCR, Philippines",0.734,0.612,conditional,1,2026-04-23T20:08:38.780422,2026-04-23T20:09:20.894Z
1221,409,1221,levi's,shirt,cotton,cotton,"{\"cotton\": 100.0}",100.0,92.0,high,philippine,PH,NCR,Pasig,Kapitolyo,14.582493842038977,121.084477709796250,"Kapitolyo, Pasig, NCR, Philippines",0.734,0.242,accept,2,2026-04-23T20:08:38.780422,2026-04-23T20:09:20.894Z
1222,409,1222,bench,knitwear,acrylic,acrylic,"{\"acrylic\": 100.0}",0.0,5.0,low,philippine,PH,NCR,Pasig,Kapitolyo,14.582493842038977,121.084477709796250,"Kapitolyo, Pasig, NCR, Philippines",0.734,0.336,decline,0,2026-04-23T20:08:38.780422,2026-04-23T20:09:20.894Z
1223,410,1223,old navy,t-shirt,cotton,cotton,"{\"cotton\": 100.0}",100.0,92.0,high,philippine,PH,NCR,Muntinlupa,Alabang,14.380149516740465,121.025122610814000,"Alabang, Muntinlupa, NCR, Philippines",0.5896,0.125,accept,2,2026-04-23T20:08:38.781408,2026-04-23T20:09:20.894Z
1224,410,1224,gaui,top,polyester,polyester,"{\"polyester\": 95.0, \"elastane\": 5.0}",0.0,7.8,low,philippine,PH,NCR,Muntinlupa,Alabang,14.380149516740465,121.025122610814000,"Alabang, Muntinlupa, NCR, Philippines",0.5896,0.335,decline,0,2026-04-23T20:08:38.781408,2026-04-23T20:09:20.894Z
1225,410,1225,forme,polo,viscose,viscose,"{\"viscose\": 100.0}",100.0,72.0,medium,philippine,PH,NCR,Muntinlupa,Alabang,14.380149516740465,121.025122610814000,"Alabang, Muntinlupa, NCR, Philippines",0.5896,0.401,conditional,1,2026-04-23T20:08:38.781408,2026-04-23T20:09:20.894Z
1226,410,1226,forme,t-shirt,cotton,cotton,"{\"cotton\": 60.0, \"polyester\": 40.0}",60.0,58.4,medium,philippine,PH,NCR,Muntinlupa,Alabang,14.380149516740465,121.025122610814000,"Alabang, Muntinlupa, NCR, Philippines",0.5896,0.286,conditional,1,2026-04-23T20:08:38.781408,2026-04-23T20:09:20.894Z
1227,411,1227,coastal bloom,hoodie,cotton,cotton,"{\"cotton\": 85.0, \"polyester\": 15.0}",85.0,79.4,medium,international,GLOBAL,NCR,Manila,Ermita,14.596522120325098,120.978248859332500,"Ermita, Manila, NCR, Philippines",0.9611,0.262,accept,2,2026-04-23T20:08:38.782530,2026-04-23T20:09:20.894Z
1228,411,1228,coastal bloom,skirt,linen,linen,"{\"linen\": 100.0}",100.0,95.0,high,international,GLOBAL,NCR,Manila,Ermita,14.596522120325098,120.978248859332500,"Ermita, Manila, NCR, Philippines",0.9611,0.186,accept,2,2026-04-23T20:08:38.782530,2026-04-23T20:09:20.894Z
1229,412,1229,old navy,pants,linen,linen,"{\"linen\": 55.0, \"rayon\": 45.0}",100.0,84.65,high,philippine,PH,NCR,Las Piñas,Almanza Uno,14.469629712173045,120.976851416769110,"Almanza Uno, Las Piñas, NCR, Philippines",0.6286,0.35,accept,2,2026-04-23T20:08:38.783259,2026-04-23T20:09:20.894Z
1230,412,1230,bench,shorts,cotton,cotton,"{\"cotton\": 100.0}",100.0,92.0,high,philippine,PH,NCR,Las Piñas,Almanza Uno,14.469629712173045,120.976851416769110,"Almanza Uno, Las Piñas, NCR, Philippines",0.6286,0.19,accept,2,2026-04-23T20:08:38.783259,2026-04-23T20:09:20.894Z
1231,412,1231,just g,top,polyester,polyester,"{\"polyester\": 80.0, \"nylon\": 20.0}",0.0,8.8,low,philippine,PH,NCR,Las Piñas,Almanza Uno,14.469629712173045,120.976851416769110,"Almanza Uno, Las Piñas, NCR, Philippines",0.6286,0.192,decline,0,2026-04-23T20:08:38.783259,2026-04-23T20:09:20.894Z
1232,412,1232,forme,top,rayon,rayon,"{\"rayon\": 75.0, \"nylon\": 25.0}",75.0,57.0,medium,philippine,PH,NCR,Las Piñas,Almanza Uno,14.469629712173045,120.976851416769110,"Almanza Uno, Las Piñas, NCR, Philippines",0.6286,0.397,conditional,1,2026-04-23T20:08:38.783259,2026-04-23T20:09:20.894Z
1233,412,1233,world balance,t-shirt,polyester,polyester,"{\"polyester\": 87.0, \"elastane\": 13.0}",0.0,7.48,low,philippine,PH,NCR,Las Piñas,Almanza Uno,14.469629712173045,120.976851416769110,"Almanza Uno, Las Piñas, NCR, Philippines",0.6286,0.166,decline,0,2026-04-23T20:08:38.783259,2026-04-23T20:09:20.894Z
1234,413,1234,forme,dress,cotton,cotton,"{\"cotton\": 97.0, \"elastane\": 3.0}",97.0,89.36,high,philippine,PH,NCR,Navotas,Northbay Boulevard Norte,14.643277365108734,120.924180667704380,"Northbay Boulevard Norte, Navotas, NCR, Philippines",0.847,0.238,accept,2,2026-04-23T20:08:38.784640,2026-04-23T20:09:20.894Z
1235,413,1235,gymshark,top,nylon,nylon,"{\"nylon\": 96.0, \"elastane\": 4.0}",0.0,11.68,low,international,GLOBAL,NCR,Navotas,Northbay Boulevard Norte,14.643277365108734,120.924180667704380,"Northbay Boulevard Norte, Navotas, NCR, Philippines",0.847,0.207,decline,0,2026-04-23T20:08:38.784640,2026-04-23T20:09:20.894Z
1236,413,1236,gymshark,activewear,nylon,nylon,"{\"nylon\": 91.0, \"elastane\": 9.0}",0.0,11.28,low,international,GLOBAL,NCR,Navotas,Northbay Boulevard Norte,14.643277365108734,120.924180667704380,"Northbay Boulevard Norte, Navotas, NCR, Philippines",0.847,0.216,decline,0,2026-04-23T20:08:38.784640,2026-04-23T20:09:20.894Z
1237,414,1237,regatta,jeans,cotton,cotton,"{\"cotton\": 75.0, \"polyester\": 23.0, \"elastane\": 2.0}",75.0,70.92,medium,philippine,PH,NCR,Valenzuela,Karuhatan,14.697573312008500,120.974967897585200,"Karuhatan, Valenzuela, NCR, Philippines",0.8298,0.535,conditional,1,2026-04-23T20:08:38.785572,2026-04-23T20:09:20.894Z
1238,414,1238,sola,top,nylon,nylon,"{\"nylon\": 92.0, \"elastane\": 8.0}",0.0,11.36,low,philippine,PH,NCR,Valenzuela,Karuhatan,14.697573312008500,120.974967897585200,"Karuhatan, Valenzuela, NCR, Philippines",0.8298,0.589,decline,0,2026-04-23T20:08:38.785572,2026-04-23T20:09:20.894Z
1239,414,1239,forme,t-shirt,viscose,viscose,"{\"viscose\": 100.0}",100.0,72.0,medium,philippine,PH,NCR,Valenzuela,Karuhatan,14.697573312008500,120.974967897585200,"Karuhatan, Valenzuela, NCR, Philippines",0.8298,0.141,conditional,1,2026-04-23T20:08:38.785572,2026-04-23T20:09:20.894Z
1240,414,1240,gymshark,activewear,nylon,nylon,"{\"nylon\": 91.0, \"elastane\": 9.0}",0.0,11.28,low,international,GLOBAL,NCR,Valenzuela,Karuhatan,14.697573312008500,120.974967897585200,"Karuhatan, Valenzuela, NCR, Philippines",0.8298,0.43,decline,0,2026-04-23T20:08:38.785572,2026-04-23T20:09:20.894Z
1241,414,1241,old navy,knitwear,cotton,cotton,"{\"cotton\": 96.0, \"elastane\": 4.0}",96.0,88.48,high,philippine,PH,NCR,Valenzuela,Karuhatan,14.697573312008500,120.974967897585200,"Karuhatan, Valenzuela, NCR, Philippines",0.8298,0.339,accept,2,2026-04-23T20:08:38.785572,2026-04-23T20:09:20.894Z
1242,415,1242,coastal bloom,dress,linen,linen,"{\"linen\": 100.0}",100.0,95.0,high,international,GLOBAL,NCR,Mandaluyong,Wack-Wack Greenhills,14.599001366423973,121.016358686422020,"Wack-Wack Greenhills, Mandaluyong, NCR, Philippines",0.7479,0.333,accept,2,2026-04-23T20:08:38.786917,2026-04-23T20:09:20.894Z
1243,416,1243,regatta,dress,cotton,cotton,"{\"cotton\": 90.0, \"elastane\": 10.0}",90.0,83.2,high,philippine,PH,NCR,Pasay,Malibay,14.567094836574169,120.972530352518960,"Malibay, Pasay, NCR, Philippines",0.7793,0.399,accept,2,2026-04-23T20:08:38.787475,2026-04-23T20:09:20.894Z
1244,416,1244,memo,shirt,polyester,polyester,"{\"polyester\": 55.0, \"cotton\": 45.0}",45.0,45.8,low,philippine,PH,NCR,Pasay,Malibay,14.567094836574169,120.972530352518960,"Malibay, Pasay, NCR, Philippines",0.7793,0.291,conditional,1,2026-04-23T20:08:38.787475,2026-04-23T20:09:20.894Z
1245,416,1245,just g,top,cotton,cotton,"{\"cotton\": 100.0}",100.0,92.0,high,philippine,PH,NCR,Pasay,Malibay,14.567094836574169,120.972530352518960,"Malibay, Pasay, NCR, Philippines",0.7793,0.217,accept,2,2026-04-23T20:08:38.787475,2026-04-23T20:09:20.894Z
1246,416,1246,forme,shirt,cotton,cotton,"{\"cotton\": 100.0}",100.0,92.0,high,philippine,PH,NCR,Pasay,Malibay,14.567094836574169,120.972530352518960,"Malibay, Pasay, NCR, Philippines",0.7793,0.257,accept,2,2026-04-23T20:08:38.787475,2026-04-23T20:09:20.894Z
1247,417,1247,old navy,top,cotton,cotton,"{\"cotton\": 48.0, \"polyester\": 47.0, \"elastane\": 5.0}",48.0,48.12,low,philippine,PH,NCR,Pasay,Malibay,14.541511865369385,120.977399558905300,"Malibay, Pasay, NCR, Philippines",0.8072,0.534,conditional,1,2026-04-23T20:08:38.788545,2026-04-23T20:09:20.894Z
1248,418,1248,made by fade,hoodie,cotton,cotton,"{\"cotton\": 85.0, \"polyester\": 15.0}",85.0,79.4,medium,philippine,PH,NCR,Manila,Ermita,14.600892303922041,121.005331601825720,"Ermita, Manila, NCR, Philippines",0.9476,0.222,accept,2,2026-04-23T20:08:38.789082,2026-04-23T20:09:20.894Z
1249,418,1249,gaui,top,rayon,rayon,"{\"rayon\": 94.0, \"elastane\": 6.0}",94.0,67.92,medium,philippine,PH,NCR,Manila,Ermita,14.600892303922041,121.005331601825720,"Ermita, Manila, NCR, Philippines",0.9476,0.453,conditional,1,2026-04-23T20:08:38.789082,2026-04-23T20:09:20.894Z
1250,418,1250,just g,pants,cotton,cotton,"{\"cotton\": 100.0}",100.0,92.0,high,philippine,PH,NCR,Manila,Ermita,14.600892303922041,121.005331601825720,"Ermita, Manila, NCR, Philippines",0.9476,0.371,accept,2,2026-04-23T20:08:38.789082,2026-04-23T20:09:20.894Z
1251,418,1251,patton studio,jacket,cotton,cotton,"{\"cotton\": 97.0, \"elastane\": 3.0}",97.0,89.36,high,philippine,PH,NCR,Manila,Ermita,14.600892303922041,121.005331601825720,"Ermita, Manila, NCR, Philippines",0.9476,1.131,accept,2,2026-04-23T20:08:38.789082,2026-04-23T20:09:20.894Z
1252,418,1252,guess,dress,cotton,cotton,"{\"cotton\": 52.0, \"polyester\": 24.0, \"rayon\": 20.0, \"nylon\": 4.0}",72.0,64.64,medium,philippine,PH,NCR,Manila,Ermita,14.600892303922041,121.005331601825720,"Ermita, Manila, NCR, Philippines",0.9476,0.439,conditional,1,2026-04-23T20:08:38.789082,2026-04-23T20:09:20.894Z
1253,419,1253,old navy,jeans,cotton,cotton,"{\"cotton\": 98.0, \"elastane\": 2.0}",98.0,90.24,high,philippine,PH,NCR,Navotas,Northbay Boulevard Norte,14.650445435151052,120.957833314799330,"Northbay Boulevard Norte, Navotas, NCR, Philippines",0.7697,0.583,accept,2,2026-04-23T20:08:38.790317,2026-04-23T20:09:20.894Z
1254,419,1254,made by fade,pants,cotton,cotton,"{\"cotton\": 98.0, \"elastane\": 2.0}",98.0,90.24,high,philippine,PH,NCR,Navotas,Northbay Boulevard Norte,14.650445435151052,120.957833314799330,"Northbay Boulevard Norte, Navotas, NCR, Philippines",0.7697,0.547,accept,2,2026-04-23T20:08:38.790317,2026-04-23T20:09:20.894Z
1255,419,1255,phoebe philo,top,lyocell,lyocell,"{\"cotton\": 33.0, \"lyocell\": 67.0}",100.0,91.33,high,international,GLOBAL,NCR,Navotas,Northbay Boulevard Norte,14.650445435151052,120.957833314799330,"Northbay Boulevard Norte, Navotas, NCR, Philippines",0.7697,0.547,accept,2,2026-04-23T20:08:38.790317,2026-04-23T20:09:20.894Z
1256,420,1256,old navy,dress,cotton,cotton,"{\"cotton\": 100.0}",100.0,92.0,high,philippine,PH,NCR,Pasay,Malibay,14.542289075369693,120.985729505143480,"Malibay, Pasay, NCR, Philippines",0.7071,0.286,accept,2,2026-04-23T20:08:38.791246,2026-04-23T20:09:20.894Z
1257,420,1257,coastal bloom,knitwear,rayon,rayon,"{\"rayon\": 71.0, \"polyester\": 20.0, \"nylon\": 9.0}",71.0,53.8,medium,international,GLOBAL,NCR,Pasay,Malibay,14.542289075369693,120.985729505143480,"Malibay, Pasay, NCR, Philippines",0.7071,0.155,conditional,1,2026-04-23T20:08:38.791246,2026-04-23T20:09:20.894Z
1258,420,1258,linya linya,t-shirt,polyester,polyester,"{\"polyester\": 100.0}",0.0,8.0,low,philippine,PH,NCR,Pasay,Malibay,14.542289075369693,120.985729505143480,"Malibay, Pasay, NCR, Philippines",0.7071,0.297,decline,0,2026-04-23T20:08:38.791246,2026-04-23T20:09:20.894Z
1259,420,1259,just g,shirt,polyester,polyester,"{\"polyester\": 100.0}",0.0,8.0,low,philippine,PH,NCR,Pasay,Malibay,14.542289075369693,120.985729505143480,"Malibay, Pasay, NCR, Philippines",0.7071,0.194,decline,0,2026-04-23T20:08:38.791246,2026-04-23T20:09:20.894Z
1260,420,1260,bench,shirt,cotton,cotton,"{\"cotton\": 100.0}",100.0,92.0,high,philippine,PH,NCR,Pasay,Malibay,14.542289075369693,120.985729505143480,"Malibay, Pasay, NCR, Philippines",0.7071,0.313,accept,2,2026-04-23T20:08:38.791246,2026-04-23T20:09:20.894Z
1261,421,1261,forme,t-shirt,rayon,rayon,"{\"rayon\": 66.0, \"nylon\": 28.0, \"elastane\": 6.0}",66.0,51.12,medium,philippine,PH,NCR,Caloocan,Bagong Silang,14.640524557480280,120.968297365961420,"Bagong Silang, Caloocan, NCR, Philippines",0.8358,0.26,conditional,1,2026-04-23T20:08:38.792542,2026-04-23T20:09:20.894Z
1262,421,1262,gaui,pants,cotton,cotton,"{\"cotton\": 100.0}",100.0,92.0,high,philippine,PH,NCR,Caloocan,Bagong Silang,14.640524557480280,120.968297365961420,"Bagong Silang, Caloocan, NCR, Philippines",0.8358,0.685,accept,2,2026-04-23T20:08:38.792542,2026-04-23T20:09:20.894Z
1263,421,1263,old navy,top,nylon,nylon,"{\"nylon\": 86.0, \"elastane\": 14.0}",0.0,10.88,low,philippine,PH,NCR,Caloocan,Bagong Silang,14.640524557480280,120.968297365961420,"Bagong Silang, Caloocan, NCR, Philippines",0.8358,0.544,decline,0,2026-04-23T20:08:38.792542,2026-04-23T20:09:20.894Z
1264,421,1264,world balance,shorts,cotton,cotton,"{\"cotton\": 51.0, \"polyester\": 44.0, \"elastane\": 5.0}",51.0,50.64,medium,philippine,PH,NCR,Caloocan,Bagong Silang,14.640524557480280,120.968297365961420,"Bagong Silang, Caloocan, NCR, Philippines",0.8358,0.188,conditional,1,2026-04-23T20:08:38.792542,2026-04-23T20:09:20.894Z
1265,421,1265,memo,shirt,cotton,cotton,"{\"cotton\": 100.0}",100.0,92.0,high,philippine,PH,NCR,Caloocan,Bagong Silang,14.640524557480280,120.968297365961420,"Bagong Silang, Caloocan, NCR, Philippines",0.8358,0.305,accept,2,2026-04-23T20:08:38.792542,2026-04-23T20:09:20.894Z
1266,422,1266,gq,shirt,wool,wool,"{\"wool\": 50.0, \"cotton\": 50.0}",100.0,83.0,high,philippine,PH,NCR,Caloocan,Bagong Silang,14.672013555328105,120.973277428783430,"Bagong Silang, Caloocan, NCR, Philippines",0.7673,0.181,accept,2,2026-04-23T20:08:38.793902,2026-04-23T20:09:20.894Z
1267,423,1267,phoebe philo,t-shirt,cotton,cotton,"{\"cotton\": 100.0}",100.0,92.0,high,international,GLOBAL,NCR,Manila,Ermita,14.577846549583045,121.001063103164060,"Ermita, Manila, NCR, Philippines",0.9235,0.294,accept,2,2026-04-23T20:08:38.794679,2026-04-23T20:09:20.894Z
1268,423,1268,regatta,knitwear,viscose,viscose,"{\"viscose\": 100.0}",100.0,72.0,medium,philippine,PH,NCR,Manila,Ermita,14.577846549583045,121.001063103164060,"Ermita, Manila, NCR, Philippines",0.9235,0.195,conditional,1,2026-04-23T20:08:38.794679,2026-04-23T20:09:20.894Z
1269,423,1269,gymshark,top,nylon,nylon,"{\"nylon\": 59.0, \"polyester\": 31.0, \"elastane\": 10.0}",0.0,9.96,low,international,GLOBAL,NCR,Manila,Ermita,14.577846549583045,121.001063103164060,"Ermita, Manila, NCR, Philippines",0.9235,0.416,decline,0,2026-04-23T20:08:38.794679,2026-04-23T20:09:20.894Z
1270,424,1270,sola,shirt,nylon,nylon,"{\"nylon\": 76.0, \"elastane\": 24.0}",0.0,10.08,low,philippine,PH,NCR,Makati,Bel-Air,14.558941985288620,121.012145344278170,"Bel-Air, Makati, NCR, Philippines",0.6976,0.265,decline,0,2026-04-23T20:08:38.795843,2026-04-23T20:09:20.894Z
1271,425,1271,gaui,top,cotton,cotton,"{\"cotton\": 96.0, \"elastane\": 4.0}",96.0,88.48,high,philippine,PH,NCR,Las Piñas,Almanza Uno,14.479357871848606,120.989326713252200,"Almanza Uno, Las Piñas, NCR, Philippines",0.6516,0.569,accept,2,2026-04-23T20:08:38.796479,2026-04-23T20:09:20.894Z
1272,425,1272,old navy,t-shirt,polyester,polyester,"{\"polyester\": 93.0, \"elastane\": 7.0}",0.0,7.72,low,philippine,PH,NCR,Las Piñas,Almanza Uno,14.479357871848606,120.989326713252200,"Almanza Uno, Las Piñas, NCR, Philippines",0.6516,0.201,decline,0,2026-04-23T20:08:38.796479,2026-04-23T20:09:20.894Z
1273,425,1273,patton studio,pants,cotton,cotton,"{\"cotton\": 50.0, \"polyester\": 50.0}",50.0,50.0,medium,philippine,PH,NCR,Las Piñas,Almanza Uno,14.479357871848606,120.989326713252200,"Almanza Uno, Las Piñas, NCR, Philippines",0.6516,0.637,conditional,1,2026-04-23T20:08:38.796479,2026-04-23T20:09:20.894Z
1274,425,1274,memo,t-shirt,viscose,viscose,"{\"viscose\": 100.0}",100.0,72.0,medium,philippine,PH,NCR,Las Piñas,Almanza Uno,14.479357871848606,120.989326713252200,"Almanza Uno, Las Piñas, NCR, Philippines",0.6516,0.231,conditional,1,2026-04-23T20:08:38.796479,2026-04-23T20:09:20.894Z
1275,425,1275,just g,skirt,cotton,cotton,"{\"cotton\": 100.0}",100.0,92.0,high,philippine,PH,NCR,Las Piñas,Almanza Uno,14.479357871848606,120.989326713252200,"Almanza Uno, Las Piñas, NCR, Philippines",0.6516,0.363,accept,2,2026-04-23T20:08:38.796479,2026-04-23T20:09:20.894Z
1276,426,1276,oxgn,t-shirt,cotton,cotton,"{\"cotton\": 90.0, \"elastane\": 10.0}",90.0,83.2,high,philippine,PH,NCR,Pasig,Kapitolyo,14.579271594853074,121.082114571752340,"Kapitolyo, Pasig, NCR, Philippines",0.7043,0.12,accept,2,2026-04-23T20:08:38.799995,2026-04-23T20:09:20.894Z
1277,426,1277,just g,t-shirt,cotton,cotton,"{\"cotton\": 100.0}",100.0,92.0,high,philippine,PH,NCR,Pasig,Kapitolyo,14.579271594853074,121.082114571752340,"Kapitolyo, Pasig, NCR, Philippines",0.7043,0.221,accept,2,2026-04-23T20:08:38.799995,2026-04-23T20:09:20.894Z
1278,427,1278,patton studio,jacket,cotton,cotton,"{\"cotton\": 65.0, \"polyester\": 35.0}",65.0,62.6,medium,philippine,PH,NCR,Quezon City,Diliman,14.638119272584477,121.026660759230100,"Diliman, Quezon City, NCR, Philippines",0.8511,0.744,conditional,1,2026-04-23T20:08:38.800833,2026-04-23T20:09:20.894Z
1279,428,1279,guess,top,cotton,cotton,"{\"cotton\": 95.0, \"elastane\": 5.0}",95.0,87.6,high,philippine,PH,NCR,Parañaque,BF Homes,14.515354856543164,121.007626736038590,"BF Homes, Parañaque, NCR, Philippines",0.7059,0.397,accept,2,2026-04-23T20:08:38.801468,2026-04-23T20:09:20.894Z
1280,428,1280,levi's,top,cotton,cotton,"{\"cotton\": 57.0, \"elastane\": 5.0, \"modal\": 38.0}",95.0,81.52,high,philippine,PH,NCR,Parañaque,BF Homes,14.515354856543164,121.007626736038590,"BF Homes, Parañaque, NCR, Philippines",0.7059,0.403,accept,2,2026-04-23T20:08:38.801468,2026-04-23T20:09:20.894Z
1281,429,1281,phoebe philo,shirt,cotton,cotton,"{\"cotton\": 100.0}",100.0,92.0,high,international,GLOBAL,NCR,Muntinlupa,Alabang,14.397019094571238,121.030414456191170,"Alabang, Muntinlupa, NCR, Philippines",0.6348,0.17,accept,2,2026-04-23T20:08:38.802251,2026-04-23T20:09:20.894Z
1282,430,1282,guess,jeans,cotton,cotton,"{\"cotton\": 100.0}",100.0,92.0,high,philippine,PH,NCR,San Juan,Greenhills,14.609141099347559,121.017189637359680,"Greenhills, San Juan, NCR, Philippines",0.5093,0.534,accept,2,2026-04-23T20:08:38.802790,2026-04-23T20:09:20.894Z
1283,430,1283,forme,dress,polyester,polyester,"{\"polyester\": 100.0}",0.0,8.0,low,philippine,PH,NCR,San Juan,Greenhills,14.609141099347559,121.017189637359680,"Greenhills, San Juan, NCR, Philippines",0.5093,0.471,decline,0,2026-04-23T20:08:38.802790,2026-04-23T20:09:20.894Z
1284,430,1284,gymshark,pants,nylon,nylon,"{\"nylon\": 100.0}",0.0,12.0,low,international,GLOBAL,NCR,San Juan,Greenhills,14.609141099347559,121.017189637359680,"Greenhills, San Juan, NCR, Philippines",0.5093,0.556,decline,0,2026-04-23T20:08:38.802790,2026-04-23T20:09:20.894Z
1285,430,1285,gymshark,top,nylon,nylon,"{\"nylon\": 86.0, \"elastane\": 14.0}",0.0,10.88,low,international,GLOBAL,NCR,San Juan,Greenhills,14.609141099347559,121.017189637359680,"Greenhills, San Juan, NCR, Philippines",0.5093,0.2,decline,0,2026-04-23T20:08:38.802790,2026-04-23T20:09:20.894Z
1286,431,1286,bench,pants,cotton,cotton,"{\"cotton\": 90.0, \"polyester\": 10.0}",90.0,83.6,high,philippine,PH,NCR,Quezon City,Diliman,14.663596416671822,121.038272195325190,"Diliman, Quezon City, NCR, Philippines",0.8747,0.617,accept,2,2026-04-23T20:08:38.803965,2026-04-23T20:09:20.894Z
1287,431,1287,gymshark,shorts,nylon,nylon,"{\"nylon\": 59.0, \"polyester\": 31.0, \"elastane\": 10.0}",0.0,9.96,low,international,GLOBAL,NCR,Quezon City,Diliman,14.663596416671822,121.038272195325190,"Diliman, Quezon City, NCR, Philippines",0.8747,0.325,decline,0,2026-04-23T20:08:38.803965,2026-04-23T20:09:20.894Z
1288,432,1288,regatta,skirt,polyester,polyester,"{\"polyester\": 38.0, \"viscose\": 34.0, \"linen\": 26.0, \"cotton\": 2.0}",62.0,54.06,medium,philippine,PH,NCR,Makati,Bel-Air,14.567242125951081,121.043529984225740,"Bel-Air, Makati, NCR, Philippines",0.6732,0.248,conditional,1,2026-04-23T20:08:38.804657,2026-04-23T20:09:20.894Z
1289,432,1289,oxgn,top,polyester,polyester,"{\"polyester\": 64.0, \"cotton\": 33.0, \"elastane\": 3.0}",33.0,35.6,low,philippine,PH,NCR,Makati,Bel-Air,14.567242125951081,121.043529984225740,"Bel-Air, Makati, NCR, Philippines",0.6732,0.256,decline,0,2026-04-23T20:08:38.804657,2026-04-23T20:09:20.894Z
1290,432,1290,oxgn,t-shirt,cotton,cotton,"{\"cotton\": 60.0, \"polyester\": 40.0}",60.0,58.4,medium,philippine,PH,NCR,Makati,Bel-Air,14.567242125951081,121.043529984225740,"Bel-Air, Makati, NCR, Philippines",0.6732,0.179,conditional,1,2026-04-23T20:08:38.804657,2026-04-23T20:09:20.894Z
1291,433,1291,gymshark,shorts,nylon,nylon,"{\"nylon\": 78.0, \"elastane\": 22.0}",0.0,10.24,low,international,GLOBAL,NCR,Pasig,Kapitolyo,14.559228729071268,121.079970830306010,"Kapitolyo, Pasig, NCR, Philippines",0.7112,0.185,decline,0,2026-04-23T20:08:38.805536,2026-04-23T20:09:20.894Z
1292,433,1292,gymshark,top,nylon,nylon,"{\"nylon\": 79.0, \"polyester\": 15.0, \"elastane\": 6.0}",0.0,10.92,low,international,GLOBAL,NCR,Pasig,Kapitolyo,14.559228729071268,121.079970830306010,"Kapitolyo, Pasig, NCR, Philippines",0.7112,0.27,decline,0,2026-04-23T20:08:38.805536,2026-04-23T20:09:20.894Z
1293,434,1293,regatta,dress,polyester,polyester,"{\"polyester\": 97.0, \"nylon\": 3.0}",0.0,8.12,low,philippine,PH,NCR,San Juan,Greenhills,14.609557148107670,121.023846333659860,"Greenhills, San Juan, NCR, Philippines",0.5922,0.223,decline,0,2026-04-23T20:08:38.806275,2026-04-23T20:09:20.894Z
1294,434,1294,guess,top,cotton,cotton,"{\"cotton\": 100.0}",100.0,92.0,high,philippine,PH,NCR,San Juan,Greenhills,14.609557148107670,121.023846333659860,"Greenhills, San Juan, NCR, Philippines",0.5922,0.264,accept,2,2026-04-23T20:08:38.806275,2026-04-23T20:09:20.894Z
1295,434,1295,patton studio,polo,polyester,polyester,"{\"polyester\": 73.0, \"rayon\": 23.0, \"elastane\": 4.0}",23.0,22.56,low,philippine,PH,NCR,San Juan,Greenhills,14.609557148107670,121.023846333659860,"Greenhills, San Juan, NCR, Philippines",0.5922,0.254,decline,0,2026-04-23T20:08:38.806275,2026-04-23T20:09:20.894Z
1296,434,1296,old navy,dress,polyester,polyester,"{\"polyester\": 100.0}",0.0,8.0,low,philippine,PH,NCR,San Juan,Greenhills,14.609557148107670,121.023846333659860,"Greenhills, San Juan, NCR, Philippines",0.5922,0.545,decline,0,2026-04-23T20:08:38.806275,2026-04-23T20:09:20.894Z
1297,434,1297,patton studio,shorts,cotton,cotton,"{\"cotton\": 100.0}",100.0,92.0,high,philippine,PH,NCR,San Juan,Greenhills,14.609557148107670,121.023846333659860,"Greenhills, San Juan, NCR, Philippines",0.5922,0.327,accept,2,2026-04-23T20:08:38.806275,2026-04-23T20:09:20.894Z
1298,435,1298,old navy,t-shirt,cotton,cotton,"{\"cotton\": 100.0}",100.0,92.0,high,philippine,PH,NCR,Parañaque,BF Homes,14.476060848264725,120.975748200104490,"BF Homes, Parañaque, NCR, Philippines",0.6679,0.176,accept,2,2026-04-23T20:08:38.807623,2026-04-23T20:09:20.894Z
1299,435,1299,gymshark,t-shirt,nylon,nylon,"{\"nylon\": 100.0}",0.0,12.0,low,international,GLOBAL,NCR,Parañaque,BF Homes,14.476060848264725,120.975748200104490,"BF Homes, Parañaque, NCR, Philippines",0.6679,0.285,decline,0,2026-04-23T20:08:38.807623,2026-04-23T20:09:20.894Z
1300,435,1300,made by fade,jeans,cotton,cotton,"{\"cotton\": 98.0, \"elastane\": 2.0}",98.0,90.24,high,philippine,PH,NCR,Parañaque,BF Homes,14.476060848264725,120.975748200104490,"BF Homes, Parañaque, NCR, Philippines",0.6679,0.806,accept,2,2026-04-23T20:08:38.807623,2026-04-23T20:09:20.894Z
1301,435,1301,levi's,shirt,viscose,viscose,"{\"viscose\": 55.0, \"linen\": 45.0}",100.0,82.35,high,philippine,PH,NCR,Parañaque,BF Homes,14.476060848264725,120.975748200104490,"BF Homes, Parañaque, NCR, Philippines",0.6679,0.239,accept,2,2026-04-23T20:08:38.807623,2026-04-23T20:09:20.894Z
1302,436,1302,old navy,shirt,linen,linen,"{\"linen\": 55.0, \"rayon\": 45.0}",100.0,84.65,high,philippine,PH,NCR,Pasig,Kapitolyo,14.584286816191310,121.074483341235080,"Kapitolyo, Pasig, NCR, Philippines",0.685,0.334,accept,2,2026-04-23T20:08:38.808765,2026-04-23T20:09:20.894Z
1303,436,1303,levi's,t-shirt,cotton,cotton,"{\"cotton\": 95.0, \"elastane\": 5.0}",95.0,87.6,high,philippine,PH,NCR,Pasig,Kapitolyo,14.584286816191310,121.074483341235080,"Kapitolyo, Pasig, NCR, Philippines",0.685,0.15,accept,2,2026-04-23T20:08:38.808765,2026-04-23T20:09:20.894Z
1304,437,1304,just g,top,cotton,cotton,"{\"cotton\": 100.0}",100.0,92.0,high,philippine,PH,NCR,Taguig,Bonifacio Global City,14.506931035338650,121.081916608529380,"Bonifacio Global City, Taguig, NCR, Philippines",0.6304,0.427,accept,2,2026-04-23T20:08:38.809530,2026-04-23T20:09:20.894Z
1305,437,1305,coastal bloom,dress,linen,linen,"{\"linen\": 100.0}",100.0,95.0,high,international,GLOBAL,NCR,Taguig,Bonifacio Global City,14.506931035338650,121.081916608529380,"Bonifacio Global City, Taguig, NCR, Philippines",0.6304,0.373,accept,2,2026-04-23T20:08:38.809530,2026-04-23T20:09:20.894Z
1306,438,1306,regatta,skirt,cotton,cotton,"{\"cotton\": 100.0}",100.0,92.0,high,philippine,PH,NCR,Parañaque,BF Homes,14.483394785438973,120.977311235516510,"BF Homes, Parañaque, NCR, Philippines",0.6789,0.329,accept,2,2026-04-23T20:08:38.810322,2026-04-23T20:09:20.894Z
1307,438,1307,coastal bloom,dress,cotton,cotton,"{\"cotton\": 85.0, \"polyester\": 15.0}",85.0,79.4,medium,international,GLOBAL,NCR,Parañaque,BF Homes,14.483394785438973,120.977311235516510,"BF Homes, Parañaque, NCR, Philippines",0.6789,0.355,accept,2,2026-04-23T20:08:38.810322,2026-04-23T20:09:20.894Z
1308,438,1308,no emotions,skirt,polyester,polyester,"{\"polyester\": 100.0}",0.0,8.0,low,philippine,PH,NCR,Parañaque,BF Homes,14.483394785438973,120.977311235516510,"BF Homes, Parañaque, NCR, Philippines",0.6789,0.223,decline,0,2026-04-23T20:08:38.810322,2026-04-23T20:09:20.894Z
1309,439,1309,levi's,shirt,cotton,cotton,"{\"cotton\": 55.0, \"viscose\": 45.0}",100.0,83.0,high,philippine,PH,NCR,Taguig,Bonifacio Global City,14.520749892014660,121.071795785961500,"Bonifacio Global City, Taguig, NCR, Philippines",0.5893,0.186,accept,2,2026-04-23T20:08:38.811317,2026-04-23T20:09:20.894Z
1310,440,1310,just g,dress,cotton,cotton,"{\"cotton\": 55.0, \"viscose\": 45.0}",100.0,83.0,high,philippine,PH,NCR,Pasig,Kapitolyo,14.557939513113443,121.052247155494640,"Kapitolyo, Pasig, NCR, Philippines",0.74,0.486,accept,2,2026-04-23T20:08:38.811906,2026-04-23T20:09:20.894Z
1311,441,1311,patton studio,skirt,polyester,polyester,"{\"polyester\": 73.0, \"rayon\": 23.0, \"elastane\": 4.0}",23.0,22.56,low,philippine,PH,NCR,Pasig,Kapitolyo,14.578971193525927,121.096774662680280,"Kapitolyo, Pasig, NCR, Philippines",0.6715,0.333,decline,0,2026-04-23T20:08:38.812457,2026-04-23T20:09:20.894Z
1312,441,1312,tropa store,dress,viscose,viscose,"{\"viscose\": 95.0, \"elastane\": 5.0}",95.0,68.6,medium,philippine,PH,NCR,Pasig,Kapitolyo,14.578971193525927,121.096774662680280,"Kapitolyo, Pasig, NCR, Philippines",0.6715,0.413,conditional,1,2026-04-23T20:08:38.812457,2026-04-23T20:09:20.894Z
1313,441,1313,old navy,polo,cotton,cotton,"{\"cotton\": 55.0, \"polyester\": 45.0}",55.0,54.2,medium,philippine,PH,NCR,Pasig,Kapitolyo,14.578971193525927,121.096774662680280,"Kapitolyo, Pasig, NCR, Philippines",0.6715,0.27,conditional,1,2026-04-23T20:08:38.812457,2026-04-23T20:09:20.894Z
1314,442,1314,phoebe philo,top,silk,silk,"{\"silk\": 93.0, \"elastane\": 7.0}",93.0,77.47,medium,international,GLOBAL,NCR,Las Piñas,Almanza Uno,14.461596562740950,120.989751809795820,"Almanza Uno, Las Piñas, NCR, Philippines",0.6332,0.492,accept,2,2026-04-23T20:08:38.813437,2026-04-23T20:09:20.894Z
1315,442,1315,old navy,dress,cotton,cotton,"{\"cotton\": 100.0}",100.0,92.0,high,philippine,PH,NCR,Las Piñas,Almanza Uno,14.461596562740950,120.989751809795820,"Almanza Uno, Las Piñas, NCR, Philippines",0.6332,0.311,accept,2,2026-04-23T20:08:38.813437,2026-04-23T20:09:20.894Z
1316,443,1316,gymshark,t-shirt,polyester,polyester,"{\"polyester\": 100.0}",0.0,8.0,low,international,GLOBAL,NCR,Las Piñas,Almanza Uno,14.478581908922731,120.984126773012020,"Almanza Uno, Las Piñas, NCR, Philippines",0.6651,0.275,decline,0,2026-04-23T20:08:38.814233,2026-04-23T20:09:20.894Z
1317,443,1317,forme,t-shirt,cotton,cotton,"{\"cotton\": 60.0, \"polyester\": 40.0}",60.0,58.4,medium,philippine,PH,NCR,Las Piñas,Almanza Uno,14.478581908922731,120.984126773012020,"Almanza Uno, Las Piñas, NCR, Philippines",0.6651,0.283,conditional,1,2026-04-23T20:08:38.814233,2026-04-23T20:09:20.894Z
1318,443,1318,just g,t-shirt,cotton,cotton,"{\"cotton\": 100.0}",100.0,92.0,high,philippine,PH,NCR,Las Piñas,Almanza Uno,14.478581908922731,120.984126773012020,"Almanza Uno, Las Piñas, NCR, Philippines",0.6651,0.27,accept,2,2026-04-23T20:08:38.814233,2026-04-23T20:09:20.894Z
1319,443,1319,just g,jeans,cotton,cotton,"{\"cotton\": 100.0}",100.0,92.0,high,philippine,PH,NCR,Las Piñas,Almanza Uno,14.478581908922731,120.984126773012020,"Almanza Uno, Las Piñas, NCR, Philippines",0.6651,0.886,accept,2,2026-04-23T20:08:38.814233,2026-04-23T20:09:20.894Z
1320,443,1320,gymshark,t-shirt,cotton,cotton,"{\"cotton\": 100.0}",100.0,92.0,high,international,GLOBAL,NCR,Las Piñas,Almanza Uno,14.478581908922731,120.984126773012020,"Almanza Uno, Las Piñas, NCR, Philippines",0.6651,0.193,accept,2,2026-04-23T20:08:38.814233,2026-04-23T20:09:20.894Z
1321,444,1321,patton studio,jacket,polyester,polyester,"{\"polyester\": 65.0, \"rayon\": 24.0, \"wool\": 9.0, \"elastane\": 2.0}",33.0,29.22,low,philippine,PH,NCR,Manila,Ermita,14.569627301607424,120.974875907088620,"Ermita, Manila, NCR, Philippines",0.9505,1.458,decline,0,2026-04-23T20:08:38.815574,2026-04-23T20:09:20.894Z
1322,444,1322,oxgn,shorts,cotton,cotton,"{\"cotton\": 80.0, \"polyester\": 20.0}",80.0,75.2,medium,philippine,PH,NCR,Manila,Ermita,14.569627301607424,120.974875907088620,"Ermita, Manila, NCR, Philippines",0.9505,0.199,accept,2,2026-04-23T20:08:38.815574,2026-04-23T20:09:20.894Z
1323,444,1323,old navy,hoodie,polyester,polyester,"{\"polyester\": 66.0, \"viscose\": 29.0, \"elastane\": 5.0}",29.0,26.36,low,philippine,PH,NCR,Manila,Ermita,14.569627301607424,120.974875907088620,"Ermita, Manila, NCR, Philippines",0.9505,0.582,decline,0,2026-04-23T20:08:38.815574,2026-04-23T20:09:20.894Z
1324,444,1324,regatta,polo,cotton,cotton,"{\"cotton\": 50.0, \"polyester\": 50.0}",50.0,50.0,medium,philippine,PH,NCR,Manila,Ermita,14.569627301607424,120.974875907088620,"Ermita, Manila, NCR, Philippines",0.9505,0.492,conditional,1,2026-04-23T20:08:38.815574,2026-04-23T20:09:20.894Z
1325,444,1325,coastal bloom,dress,cotton,cotton,"{\"cotton\": 100.0}",100.0,92.0,high,international,GLOBAL,NCR,Manila,Ermita,14.569627301607424,120.974875907088620,"Ermita, Manila, NCR, Philippines",0.9505,0.424,accept,2,2026-04-23T20:08:38.815574,2026-04-23T20:09:20.894Z
1326,445,1326,memo,shirt,viscose,viscose,"{\"viscose\": 70.0, \"linen\": 30.0}",100.0,78.9,medium,philippine,PH,NCR,Pasay,Malibay,14.535273216182956,121.001971651902920,"Malibay, Pasay, NCR, Philippines",0.7937,0.338,accept,2,2026-04-23T20:08:38.816960,2026-04-23T20:09:20.894Z
1327,446,1327,gaui,top,rayon,rayon,"{\"rayon\": 94.0, \"elastane\": 6.0}",94.0,67.92,medium,philippine,PH,NCR,Malabon,Acacia,14.645609725614676,120.961684239909700,"Acacia, Malabon, NCR, Philippines",0.7771,0.353,conditional,1,2026-04-23T20:08:38.817551,2026-04-23T20:09:20.894Z
1328,446,1328,forme,shirt,rayon,rayon,"{\"rayon\": 65.0, \"cotton\": 30.0, \"nylon\": 5.0}",95.0,75.0,medium,philippine,PH,NCR,Malabon,Acacia,14.645609725614676,120.961684239909700,"Acacia, Malabon, NCR, Philippines",0.7771,0.276,accept,2,2026-04-23T20:08:38.817551,2026-04-23T20:09:20.894Z
1329,447,1329,old navy,hoodie,cotton,cotton,"{\"cotton\": 60.0, \"polyester\": 40.0}",60.0,58.4,medium,philippine,PH,NCR,Caloocan,Bagong Silang,14.660010915370098,120.960914034759770,"Bagong Silang, Caloocan, NCR, Philippines",0.7851,0.223,conditional,1,2026-04-23T20:08:38.818286,2026-04-23T20:09:20.894Z
1330,448,1330,levi's,shirt,lyocell,lyocell,"{\"modal\": 17.0, \"cotton\": 16.0, \"lyocell\": 67.0}",100.0,88.61,high,philippine,PH,NCR,Malabon,Acacia,14.649412953015565,120.948835050585100,"Acacia, Malabon, NCR, Philippines",0.8198,0.189,accept,2,2026-04-23T20:08:38.818791,2026-04-23T20:09:20.894Z
1331,448,1331,oxgn,top,polyester,polyester,"{\"polyester\": 100.0}",0.0,8.0,low,philippine,PH,NCR,Malabon,Acacia,14.649412953015565,120.948835050585100,"Acacia, Malabon, NCR, Philippines",0.8198,0.394,decline,0,2026-04-23T20:08:38.818791,2026-04-23T20:09:20.894Z
1332,448,1332,levi's,jacket,cotton,cotton,"{\"cotton\": 98.0, \"elastane\": 2.0}",98.0,90.24,high,philippine,PH,NCR,Malabon,Acacia,14.649412953015565,120.948835050585100,"Acacia, Malabon, NCR, Philippines",0.8198,0.716,accept,2,2026-04-23T20:08:38.818791,2026-04-23T20:09:20.894Z
1333,448,1333,forme,jacket,viscose,viscose,"{\"viscose\": 89.0, \"nylon\": 11.0}",89.0,65.4,medium,philippine,PH,NCR,Malabon,Acacia,14.649412953015565,120.948835050585100,"Acacia, Malabon, NCR, Philippines",0.8198,1.22,conditional,1,2026-04-23T20:08:38.818791,2026-04-23T20:09:20.894Z
1334,448,1334,guess,dress,polyester,polyester,"{\"polyester\": 100.0}",0.0,8.0,low,philippine,PH,NCR,Malabon,Acacia,14.649412953015565,120.948835050585100,"Acacia, Malabon, NCR, Philippines",0.8198,0.53,decline,0,2026-04-23T20:08:38.818791,2026-04-23T20:09:20.894Z
1335,449,1335,coastal bloom,top,cotton,cotton,"{\"cotton\": 95.0, \"elastane\": 5.0}",95.0,87.6,high,international,GLOBAL,NCR,Marikina,Concepcion Uno,14.653163665657534,121.079269929556290,"Concepcion Uno, Marikina, NCR, Philippines",0.6674,0.475,accept,2,2026-04-23T20:08:38.820013,2026-04-23T20:09:20.894Z
1336,450,1336,tropa store,jacket,cotton,cotton,"{\"cotton\": 100.0}",100.0,92.0,high,philippine,PH,NCR,Pasig,Kapitolyo,14.577669512048287,121.054275183920000,"Kapitolyo, Pasig, NCR, Philippines",0.6784,0.939,accept,2,2026-04-23T20:08:38.820559,2026-04-23T20:09:20.894Z
1337,450,1337,made by fade,t-shirt,cotton,cotton,"{\"cotton\": 95.0, \"elastane\": 5.0}",95.0,87.6,high,philippine,PH,NCR,Pasig,Kapitolyo,14.577669512048287,121.054275183920000,"Kapitolyo, Pasig, NCR, Philippines",0.6784,0.161,accept,2,2026-04-23T20:08:38.820559,2026-04-23T20:09:20.894Z
1338,450,1338,oxgn,polo,polyester,polyester,"{\"polyester\": 100.0}",0.0,8.0,low,philippine,PH,NCR,Pasig,Kapitolyo,14.577669512048287,121.054275183920000,"Kapitolyo, Pasig, NCR, Philippines",0.6784,0.228,decline,0,2026-04-23T20:08:38.820559,2026-04-23T20:09:20.894Z
1339,451,1339,bench,shorts,nylon,nylon,"{\"nylon\": 76.0, \"elastane\": 24.0}",0.0,10.08,low,philippine,PH,NCR,Valenzuela,Karuhatan,14.669873479465943,120.985803800730410,"Karuhatan, Valenzuela, NCR, Philippines",0.7383,0.334,decline,0,2026-04-23T20:08:38.821532,2026-04-23T20:09:20.894Z
1340,451,1340,gymshark,activewear,nylon,nylon,"{\"nylon\": 59.0, \"polyester\": 31.0, \"elastane\": 10.0}",0.0,9.96,low,international,GLOBAL,NCR,Valenzuela,Karuhatan,14.669873479465943,120.985803800730410,"Karuhatan, Valenzuela, NCR, Philippines",0.7383,0.47,decline,0,2026-04-23T20:08:38.821532,2026-04-23T20:09:20.894Z
1341,451,1341,no emotions,pants,viscose,viscose,"{\"silk\": 35.0, \"viscose\": 65.0}",100.0,75.85,medium,philippine,PH,NCR,Valenzuela,Karuhatan,14.669873479465943,120.985803800730410,"Karuhatan, Valenzuela, NCR, Philippines",0.7383,0.65,accept,2,2026-04-23T20:08:38.821532,2026-04-23T20:09:20.894Z
1342,452,1342,coastal bloom,top,linen,linen,"{\"linen\": 100.0}",100.0,95.0,high,international,GLOBAL,NCR,Las Piñas,Almanza Uno,14.455942430841734,120.986712524452160,"Almanza Uno, Las Piñas, NCR, Philippines",0.5996,0.206,accept,2,2026-04-23T20:08:38.822459,2026-04-23T20:09:20.894Z
1343,452,1343,forme,top,cotton,cotton,"{\"cotton\": 97.0, \"elastane\": 3.0}",97.0,89.36,high,philippine,PH,NCR,Las Piñas,Almanza Uno,14.455942430841734,120.986712524452160,"Almanza Uno, Las Piñas, NCR, Philippines",0.5996,0.234,accept,2,2026-04-23T20:08:38.822459,2026-04-23T20:09:20.894Z
1344,453,1344,coastal bloom,hoodie,viscose,viscose,"{\"viscose\": 70.0, \"nylon\": 30.0}",70.0,54.0,medium,international,GLOBAL,NCR,Malabon,Acacia,14.636362068544335,120.928971760106420,"Acacia, Malabon, NCR, Philippines",0.7612,0.29,conditional,1,2026-04-23T20:08:38.823211,2026-04-23T20:09:20.894Z
1345,453,1345,world balance,t-shirt,polyester,polyester,"{\"polyester\": 95.0, \"elastane\": 5.0}",0.0,7.8,low,philippine,PH,NCR,Malabon,Acacia,14.636362068544335,120.928971760106420,"Acacia, Malabon, NCR, Philippines",0.7612,0.296,decline,0,2026-04-23T20:08:38.823211,2026-04-23T20:09:20.894Z
1346,453,1346,gaui,shorts,cotton,cotton,"{\"cotton\": 96.0, \"elastane\": 4.0}",96.0,88.48,high,philippine,PH,NCR,Malabon,Acacia,14.636362068544335,120.928971760106420,"Acacia, Malabon, NCR, Philippines",0.7612,0.391,accept,2,2026-04-23T20:08:38.823211,2026-04-23T20:09:20.894Z
1347,454,1347,patton studio,hoodie,cotton,cotton,"{\"cotton\": 100.0}",100.0,92.0,high,philippine,PH,NCR,Caloocan,Bagong Silang,14.662090715144810,120.977423744456360,"Bagong Silang, Caloocan, NCR, Philippines",0.7734,0.193,accept,2,2026-04-23T20:08:38.824333,2026-04-23T20:09:20.894Z
1348,454,1348,just g,top,cotton,cotton,"{\"cotton\": 100.0}",100.0,92.0,high,philippine,PH,NCR,Caloocan,Bagong Silang,14.662090715144810,120.977423744456360,"Bagong Silang, Caloocan, NCR, Philippines",0.7734,0.235,accept,2,2026-04-23T20:08:38.824333,2026-04-23T20:09:20.894Z
1349,454,1349,old navy,dress,cotton,cotton,"{\"cotton\": 100.0}",100.0,92.0,high,philippine,PH,NCR,Caloocan,Bagong Silang,14.662090715144810,120.977423744456360,"Bagong Silang, Caloocan, NCR, Philippines",0.7734,0.227,accept,2,2026-04-23T20:08:38.824333,2026-04-23T20:09:20.894Z
1350,454,1350,regatta,polo,viscose,viscose,"{\"viscose\": 70.0, \"polyester\": 30.0}",70.0,52.8,medium,philippine,PH,NCR,Caloocan,Bagong Silang,14.662090715144810,120.977423744456360,"Bagong Silang, Caloocan, NCR, Philippines",0.7734,0.422,conditional,1,2026-04-23T20:08:38.824333,2026-04-23T20:09:20.894Z
1351,454,1351,gymshark,t-shirt,nylon,nylon,"{\"nylon\": 86.0, \"elastane\": 14.0}",0.0,10.88,low,international,GLOBAL,NCR,Caloocan,Bagong Silang,14.662090715144810,120.977423744456360,"Bagong Silang, Caloocan, NCR, Philippines",0.7734,0.297,decline,0,2026-04-23T20:08:38.824333,2026-04-23T20:09:20.894Z
1352,455,1352,regatta,shirt,viscose,viscose,"{\"viscose\": 55.0, \"linen\": 30.0, \"polyester\": 15.0}",85.0,69.3,medium,philippine,PH,NCR,Pasay,Malibay,14.554237576751097,121.018879552077170,"Malibay, Pasay, NCR, Philippines",0.7094,0.158,conditional,1,2026-04-23T20:08:38.825684,2026-04-23T20:09:20.894Z
1353,455,1353,made by fade,hoodie,cotton,cotton,"{\"cotton\": 75.0, \"polyester\": 20.0, \"elastane\": 5.0}",75.0,70.8,medium,philippine,PH,NCR,Pasay,Malibay,14.554237576751097,121.018879552077170,"Malibay, Pasay, NCR, Philippines",0.7094,0.54,conditional,1,2026-04-23T20:08:38.825684,2026-04-23T20:09:20.894Z
1354,455,1354,old navy,top,polyester,polyester,"{\"polyester\": 88.0, \"elastane\": 12.0}",0.0,7.52,low,philippine,PH,NCR,Pasay,Malibay,14.554237576751097,121.018879552077170,"Malibay, Pasay, NCR, Philippines",0.7094,0.314,decline,0,2026-04-23T20:08:38.825684,2026-04-23T20:09:20.894Z
1355,455,1355,levi's,polo,cotton,cotton,"{\"cotton\": 100.0}",100.0,92.0,high,philippine,PH,NCR,Pasay,Malibay,14.554237576751097,121.018879552077170,"Malibay, Pasay, NCR, Philippines",0.7094,0.152,accept,2,2026-04-23T20:08:38.825684,2026-04-23T20:09:20.894Z
1356,456,1356,oxgn,t-shirt,polyester,polyester,"{\"polyester\": 65.0, \"cotton\": 35.0}",35.0,37.4,low,philippine,PH,NCR,Muntinlupa,Alabang,14.411114150043813,121.032776634359750,"Alabang, Muntinlupa, NCR, Philippines",0.5483,0.135,decline,0,2026-04-23T20:08:38.826880,2026-04-23T20:09:20.894Z
1357,457,1357,coastal bloom,knitwear,rayon,rayon,"{\"rayon\": 71.0, \"polyester\": 20.0, \"nylon\": 9.0}",71.0,53.8,medium,international,GLOBAL,NCR,Manila,Ermita,14.569476447335656,120.991712645298070,"Ermita, Manila, NCR, Philippines",0.9812,0.214,conditional,1,2026-04-23T20:08:38.827418,2026-04-23T20:09:20.894Z
1358,458,1358,regatta,pants,cotton,cotton,"{\"cotton\": 98.0, \"elastane\": 2.0}",98.0,90.24,high,philippine,PH,NCR,Makati,Bel-Air,14.541546373382241,120.997465388846320,"Bel-Air, Makati, NCR, Philippines",0.687,0.595,accept,2,2026-04-23T20:08:38.827939,2026-04-23T20:09:20.894Z
1359,458,1359,gymshark,activewear,polyester,polyester,"{\"polyester\": 78.0, \"elastane\": 22.0}",0.0,7.12,low,international,GLOBAL,NCR,Makati,Bel-Air,14.541546373382241,120.997465388846320,"Bel-Air, Makati, NCR, Philippines",0.687,0.442,decline,0,2026-04-23T20:08:38.827939,2026-04-23T20:09:20.894Z
1360,458,1360,levi's,skirt,cotton,cotton,"{\"cotton\": 100.0}",100.0,92.0,high,philippine,PH,NCR,Makati,Bel-Air,14.541546373382241,120.997465388846320,"Bel-Air, Makati, NCR, Philippines",0.687,0.266,accept,2,2026-04-23T20:08:38.827939,2026-04-23T20:09:20.894Z
1361,459,1361,gaui,t-shirt,polyester,polyester,"{\"polyester\": 95.0, \"elastane\": 5.0}",0.0,7.8,low,philippine,PH,NCR,Navotas,Northbay Boulevard Norte,14.636891165331810,120.930684385936130,"Northbay Boulevard Norte, Navotas, NCR, Philippines",0.8423,0.252,decline,0,2026-04-23T20:08:38.828786,2026-04-23T20:09:20.894Z
1362,459,1362,adored vintage,dress,polyester,polyester,"{\"polyester\": 100.0}",0.0,8.0,low,international,GLOBAL,NCR,Navotas,Northbay Boulevard Norte,14.636891165331810,120.930684385936130,"Northbay Boulevard Norte, Navotas, NCR, Philippines",0.8423,0.523,decline,0,2026-04-23T20:08:38.828786,2026-04-23T20:09:20.894Z
1363,460,1363,guess,dress,polyester,polyester,"{\"polyester\": 100.0}",0.0,8.0,low,philippine,PH,NCR,Taguig,Bonifacio Global City,14.534523430855387,121.095906132405620,"Bonifacio Global City, Taguig, NCR, Philippines",0.5932,0.201,decline,0,2026-04-23T20:08:38.829554,2026-04-23T20:09:20.894Z
1364,460,1364,gq,pants,cotton,cotton,"{\"cotton\": 100.0}",100.0,92.0,high,philippine,PH,NCR,Taguig,Bonifacio Global City,14.534523430855387,121.095906132405620,"Bonifacio Global City, Taguig, NCR, Philippines",0.5932,0.372,accept,2,2026-04-23T20:08:38.829554,2026-04-23T20:09:20.894Z
1365,460,1365,levi's,hoodie,cotton,cotton,"{\"cotton\": 100.0}",100.0,92.0,high,philippine,PH,NCR,Taguig,Bonifacio Global City,14.534523430855387,121.095906132405620,"Bonifacio Global City, Taguig, NCR, Philippines",0.5932,0.199,accept,2,2026-04-23T20:08:38.829554,2026-04-23T20:09:20.894Z
1366,460,1366,old navy,hoodie,cotton,cotton,"{\"cotton\": 95.0, \"elastane\": 5.0}",95.0,87.6,high,philippine,PH,NCR,Taguig,Bonifacio Global City,14.534523430855387,121.095906132405620,"Bonifacio Global City, Taguig, NCR, Philippines",0.5932,0.193,accept,2,2026-04-23T20:08:38.829554,2026-04-23T20:09:20.894Z
1367,460,1367,coastal bloom,top,cotton,cotton,"{\"cotton\": 100.0}",100.0,92.0,high,international,GLOBAL,NCR,Taguig,Bonifacio Global City,14.534523430855387,121.095906132405620,"Bonifacio Global City, Taguig, NCR, Philippines",0.5932,0.308,accept,2,2026-04-23T20:08:38.829554,2026-04-23T20:09:20.894Z
1368,461,1368,memo,top,viscose,viscose,"{\"viscose\": 100.0}",100.0,72.0,medium,philippine,PH,NCR,Pasay,Malibay,14.558231940330025,120.999160963717230,"Malibay, Pasay, NCR, Philippines",0.7424,0.487,conditional,1,2026-04-23T20:08:38.830950,2026-04-23T20:09:20.894Z
1369,462,1369,made by fade,jeans,cotton,cotton,"{\"cotton\": 98.0, \"elastane\": 2.0}",98.0,90.24,high,philippine,PH,NCR,Mandaluyong,Wack-Wack Greenhills,14.553088867433590,121.022926731026640,"Wack-Wack Greenhills, Mandaluyong, NCR, Philippines",0.6841,0.61,accept,2,2026-04-23T20:08:38.831499,2026-04-23T20:09:20.894Z
1370,462,1370,gymshark,t-shirt,cotton,cotton,"{\"cotton\": 100.0}",100.0,92.0,high,international,GLOBAL,NCR,Mandaluyong,Wack-Wack Greenhills,14.553088867433590,121.022926731026640,"Wack-Wack Greenhills, Mandaluyong, NCR, Philippines",0.6841,0.262,accept,2,2026-04-23T20:08:38.831499,2026-04-23T20:09:20.894Z
1371,463,1371,memo,shirt,cotton,cotton,"{\"cotton\": 100.0}",100.0,92.0,high,philippine,PH,NCR,Pasig,Kapitolyo,14.570294201520632,121.058384553925620,"Kapitolyo, Pasig, NCR, Philippines",0.7008,0.285,accept,2,2026-04-23T20:08:38.832205,2026-04-23T20:09:20.894Z
1372,464,1372,levi's,shirt,cotton,cotton,"{\"cotton\": 100.0}",100.0,92.0,high,philippine,PH,NCR,Las Piñas,Almanza Uno,14.488305896514076,120.980961682050180,"Almanza Uno, Las Piñas, NCR, Philippines",0.6189,0.172,accept,2,2026-04-23T20:08:38.832731,2026-04-23T20:09:20.894Z
1373,464,1373,linya linya,top,cotton,cotton,"{\"cotton\": 60.0, \"polyester\": 40.0}",60.0,58.4,medium,philippine,PH,NCR,Las Piñas,Almanza Uno,14.488305896514076,120.980961682050180,"Almanza Uno, Las Piñas, NCR, Philippines",0.6189,0.383,conditional,1,2026-04-23T20:08:38.832731,2026-04-23T20:09:20.894Z
1374,464,1374,regatta,shirt,cotton,cotton,"{\"cotton\": 100.0}",100.0,92.0,high,philippine,PH,NCR,Las Piñas,Almanza Uno,14.488305896514076,120.980961682050180,"Almanza Uno, Las Piñas, NCR, Philippines",0.6189,0.17,accept,2,2026-04-23T20:08:38.832731,2026-04-23T20:09:20.894Z
1375,465,1375,memo,shirt,polyester,polyester,"{\"polyester\": 38.0, \"viscose\": 34.0, \"linen\": 26.0, \"cotton\": 2.0}",62.0,54.06,medium,philippine,PH,NCR,Caloocan,Bagong Silang,14.632971815713738,120.995088913953510,"Bagong Silang, Caloocan, NCR, Philippines",0.8222,0.221,conditional,1,2026-04-23T20:08:38.833644,2026-04-23T20:09:20.894Z
1376,465,1376,just g,pants,cotton,cotton,"{\"cotton\": 100.0}",100.0,92.0,high,philippine,PH,NCR,Caloocan,Bagong Silang,14.632971815713738,120.995088913953510,"Bagong Silang, Caloocan, NCR, Philippines",0.8222,0.463,accept,2,2026-04-23T20:08:38.833644,2026-04-23T20:09:20.894Z
1377,465,1377,gymshark,top,cotton,cotton,"{\"cotton\": 100.0}",100.0,92.0,high,international,GLOBAL,NCR,Caloocan,Bagong Silang,14.632971815713738,120.995088913953510,"Bagong Silang, Caloocan, NCR, Philippines",0.8222,0.554,accept,2,2026-04-23T20:08:38.833644,2026-04-23T20:09:20.894Z
1378,466,1378,gymshark,t-shirt,cotton,cotton,"{\"cotton\": 100.0}",100.0,92.0,high,international,GLOBAL,NCR,Navotas,Northbay Boulevard Norte,14.678144194946665,120.937965445291400,"Northbay Boulevard Norte, Navotas, NCR, Philippines",0.7725,0.211,accept,2,2026-04-23T20:08:38.834542,2026-04-23T20:09:20.894Z
1379,466,1379,coastal bloom,knitwear,polyester,polyester,"{\"polyester\": 62.0, \"viscose\": 33.0, \"elastane\": 5.0}",33.0,28.92,low,international,GLOBAL,NCR,Navotas,Northbay Boulevard Norte,14.678144194946665,120.937965445291400,"Northbay Boulevard Norte, Navotas, NCR, Philippines",0.7725,0.305,decline,0,2026-04-23T20:08:38.834542,2026-04-23T20:09:20.894Z
1380,466,1380,made by fade,hoodie,cotton,cotton,"{\"cotton\": 75.0, \"polyester\": 20.0, \"elastane\": 5.0}",75.0,70.8,medium,philippine,PH,NCR,Navotas,Northbay Boulevard Norte,14.678144194946665,120.937965445291400,"Northbay Boulevard Norte, Navotas, NCR, Philippines",0.7725,0.511,conditional,1,2026-04-23T20:08:38.834542,2026-04-23T20:09:20.894Z
1381,466,1381,gymshark,t-shirt,polyester,polyester,"{\"polyester\": 84.0, \"elastane\": 16.0}",0.0,7.36,low,international,GLOBAL,NCR,Navotas,Northbay Boulevard Norte,14.678144194946665,120.937965445291400,"Northbay Boulevard Norte, Navotas, NCR, Philippines",0.7725,0.276,decline,0,2026-04-23T20:08:38.834542,2026-04-23T20:09:20.894Z
